nohup: ignoring input

╔══════════════════════════════════════════════════════════╗
║          Stage 0: Full Body AMP Walking                 ║
║          Official IsaacGymEnvs HumanoidAMP              ║
╠══════════════════════════════════════════════════════════╣
║  开始时间:    2026-03-04 16:25:49
║  最大迭代:    10000
║  工作目录:    /home/user/Workspace/ProKnee/ProKnee-HoraStyle/IsaacGymEnvs/isaacgymenvs
║  dt:          0.00556 (180Hz sim, 90Hz control)
║  motion_file: amp_humanoid_walk.npy
║  num_envs:    4096
║  恢复训练:    runs/HumanoidAMP_04-15-54-50/nn/HumanoidAMP_04-15-54-51_750.pth
║  额外参数:    
╠══════════════════════════════════════════════════════════╣
║  TensorBoard: tensorboard --logdir=/home/user/Workspace/ProKnee/ProKnee-HoraStyle/IsaacGymEnvs/isaacgymenvs/runs/ --port=6006
║  中断训练:    kill $$ (PID: 397834) 或 Ctrl-C
╚══════════════════════════════════════════════════════════╝

[16:25:49] >>> 训练开始 <<<

Importing module 'gym_38' (/home/user/Workspace/isaacgym/python/isaacgym/_bindings/linux-x86_64/gym_38.so)
Setting GYM_USD_PLUG_INFO_PATH to /home/user/Workspace/isaacgym/python/isaacgym/_bindings/linux-x86_64/usd/plugInfo.json
PyTorch version 2.4.1+cu124
Device count 1
/home/user/Workspace/isaacgym/python/isaacgym/_bindings/src/gymtorch
/home/user/anaconda3/envs/proknee_tc/lib/python3.8/site-packages/hydra/_internal/hydra.py:119: UserWarning: Future Hydra versions will no longer change working directory at job runtime by default.
See https://hydra.cc/docs/1.2/upgrades/1.1_to_1.2/changes_to_job_working_dir/ for more information.
  ret = run_job(
Gym has been unmaintained since 2022 and does not support NumPy 2.0 amongst other critical functionality.
Please upgrade to Gymnasium, the maintained drop-in replacement of Gym, or contact the authors of your software and request that they upgrade.
See the migration guide at https://gymnasium.farama.org/introduction/migration_guide/ for additional information.
Using /home/user/.cache/torch_extensions/py38_cu124 as PyTorch extensions root...
Emitting ninja build file /home/user/.cache/torch_extensions/py38_cu124/gymtorch/build.ninja...
Building extension module gymtorch...
Allowing ninja to set a default number of workers... (overridable by setting the environment variable MAX_JOBS=N)
ninja: no work to do.
Loading extension module gymtorch...
2026-03-04 16:25:50,893 - INFO - logger - logger initialized
Error: FBX library failed to load - importing FBX data will not succeed. Message: No module named 'fbx'
FBX tools must be installed from https://help.autodesk.com/view/FBX/2020/ENU/?guid=FBX_Developer_Help_scripting_with_python_fbx_installing_python_fbx_html
task: 
    name: HumanoidAMP
    physics_engine: physx
    env: 
        numEnvs: 4096
        envSpacing: 5
        episodeLength: 300
        cameraFollow: True
        enableDebugVis: False
        pdControl: True
        powerScale: 1.0
        controlFrequencyInv: 2
        stateInit: Random
        hybridInitProb: 0.5
        numAMPObsSteps: 2
        localRootObs: False
        contactBodies: ['right_foot', 'left_foot']
        terminationHeight: 0.5
        enableEarlyTermination: True
        motion_file: amp_humanoid_walk.npy
        asset: 
            assetFileName: mjcf/amp_humanoid.xml
        plane: 
            staticFriction: 1.0
            dynamicFriction: 1.0
            restitution: 0.0
    sim: 
        dt: 0.00556
        substeps: 2
        up_axis: z
        use_gpu_pipeline: True
        gravity: [0.0, 0.0, -9.81]
        physx: 
            num_threads: 4
            solver_type: 1
            use_gpu: True
            num_position_iterations: 4
            num_velocity_iterations: 0
            contact_offset: 0.02
            rest_offset: 0.0
            bounce_threshold_velocity: 0.2
            max_depenetration_velocity: 10.0
            default_buffer_size_multiplier: 5.0
            max_gpu_contact_pairs: 8388608
            num_subscenes: 4
            contact_collection: 2
    task: 
        randomize: False
        randomization_params: 
            frequency: 600
            observations: 
                range: [0, 0.002]
                operation: additive
                distribution: gaussian
            actions: 
                range: [0.0, 0.02]
                operation: additive
                distribution: gaussian
            sim_params: 
                gravity: 
                    range: [0, 0.4]
                    operation: additive
                    distribution: gaussian
                    schedule: linear
                    schedule_steps: 3000
            actor_params: 
                humanoid: 
                    color: True
                    rigid_body_properties: 
                        mass: 
                            range: [0.5, 1.5]
                            operation: scaling
                            distribution: uniform
                            setup_only: True
                            schedule: linear
                            schedule_steps: 3000
                    rigid_shape_properties: 
                        friction: 
                            num_buckets: 500
                            range: [0.7, 1.3]
                            operation: scaling
                            distribution: uniform
                            schedule: linear
                            schedule_steps: 3000
                        restitution: 
                            range: [0.0, 0.7]
                            operation: scaling
                            distribution: uniform
                            schedule: linear
                            schedule_steps: 3000
                    dof_properties: 
                        damping: 
                            range: [0.5, 1.5]
                            operation: scaling
                            distribution: uniform
                            schedule: linear
                            schedule_steps: 3000
                        stiffness: 
                            range: [0.5, 1.5]
                            operation: scaling
                            distribution: uniform
                            schedule: linear
                            schedule_steps: 3000
                        lower: 
                            range: [0, 0.01]
                            operation: additive
                            distribution: gaussian
                            schedule: linear
                            schedule_steps: 3000
                        upper: 
                            range: [0, 0.01]
                            operation: additive
                            distribution: gaussian
                            schedule: linear
                            schedule_steps: 3000
train: 
    params: 
        seed: 42
        algo: 
            name: amp_continuous
        model: 
            name: continuous_amp
        network: 
            name: amp
            separate: True
            space: 
                continuous: 
                    mu_activation: None
                    sigma_activation: None
                    mu_init: 
                        name: default
                    sigma_init: 
                        name: const_initializer
                        val: -2.9
                    fixed_sigma: True
                    learn_sigma: False
            mlp: 
                units: [1024, 512]
                activation: relu
                d2rl: False
                initializer: 
                    name: default
                regularizer: 
                    name: None
            disc: 
                units: [1024, 512]
                activation: relu
                initializer: 
                    name: default
        load_checkpoint: True
        load_path: /home/user/Workspace/ProKnee/ProKnee-HoraStyle/IsaacGymEnvs/isaacgymenvs/runs/HumanoidAMP_04-15-54-50/nn/HumanoidAMP_04-15-54-51_750.pth
        config: 
            name: HumanoidAMP
            full_experiment_name: HumanoidAMP
            env_name: rlgpu
            ppo: True
            multi_gpu: False
            mixed_precision: False
            normalize_input: True
            normalize_value: True
            value_bootstrap: True
            num_actors: 4096
            reward_shaper: 
                scale_value: 1
            normalize_advantage: True
            gamma: 0.99
            tau: 0.95
            learning_rate: 5e-05
            lr_schedule: constant
            kl_threshold: 0.008
            score_to_win: 20000
            max_epochs: 10000
            save_best_after: 100
            save_frequency: 50
            print_stats: True
            grad_norm: 1.0
            entropy_coef: 0.0
            truncate_grads: False
            e_clip: 0.2
            horizon_length: 16
            minibatch_size: 32768
            mini_epochs: 6
            critic_coef: 5
            clip_value: False
            seq_len: 4
            bounds_loss_coef: 10
            amp_obs_demo_buffer_size: 200000
            amp_replay_buffer_size: 1000000
            amp_replay_keep_prob: 0.01
            amp_batch_size: 512
            amp_minibatch_size: 4096
            disc_coef: 5
            disc_logit_reg: 0.05
            disc_grad_penalty: 5
            disc_reward_scale: 2
            disc_weight_decay: 0.0001
            normalize_amp_input: True
            task_reward_w: 0.0
            disc_reward_w: 1.0
pbt: 
    enabled: False
task_name: HumanoidAMP
experiment: 
num_envs: 4096
seed: 42
torch_deterministic: False
max_iterations: 10000
physics_engine: physx
pipeline: gpu
sim_device: cuda:0
rl_device: cuda:0
graphics_device_id: 0
num_threads: 4
solver_type: 1
num_subscenes: 4
test: False
checkpoint: /home/user/Workspace/ProKnee/ProKnee-HoraStyle/IsaacGymEnvs/isaacgymenvs/runs/HumanoidAMP_04-15-54-50/nn/HumanoidAMP_04-15-54-51_750.pth
sigma: 
multi_gpu: False
wandb_activate: False
wandb_group: 
wandb_name: HumanoidAMP
wandb_entity: 
wandb_project: isaacgymenvs
wandb_tags: []
wandb_logcode_dir: 
capture_video: False
capture_video_freq: 1464
capture_video_len: 100
force_render: True
headless: True
Setting seed: 42
Using rl_device: cuda:0
Using sim_device: cuda:0
[Warning] [carb.gym.plugin] useGpu is set, forcing single scene (0 subscenes)
Not connected to PVD
+++ Using GPU PhysX
Physics Engine: PhysX
Physics Device: cuda:0
GPU Pipeline: enabled
{'name': 'HumanoidAMP', 'full_experiment_name': None, 'env_name': 'rlgpu', 'ppo': True, 'multi_gpu': False, 'mixed_precision': False, 'normalize_input': True, 'normalize_value': True, 'value_bootstrap': True, 'num_actors': 4096, 'reward_shaper': {'scale_value': 1}, 'normalize_advantage': True, 'gamma': 0.99, 'tau': 0.95, 'learning_rate': 5e-05, 'lr_schedule': 'constant', 'kl_threshold': 0.008, 'score_to_win': 20000, 'max_epochs': 10000, 'save_best_after': 100, 'save_frequency': 50, 'print_stats': True, 'grad_norm': 1.0, 'entropy_coef': 0.0, 'truncate_grads': False, 'e_clip': 0.2, 'horizon_length': 16, 'minibatch_size': 32768, 'mini_epochs': 6, 'critic_coef': 5, 'clip_value': False, 'seq_len': 4, 'bounds_loss_coef': 10, 'amp_obs_demo_buffer_size': 200000, 'amp_replay_buffer_size': 1000000, 'amp_replay_keep_prob': 0.01, 'amp_batch_size': 512, 'amp_minibatch_size': 4096, 'disc_coef': 5, 'disc_logit_reg': 0.05, 'disc_grad_penalty': 5, 'disc_reward_scale': 2, 'disc_weight_decay': 0.0001, 'normalize_amp_input': True, 'task_reward_w': 0.0, 'disc_reward_w': 1.0, 'device': 'cuda:0', 'population_based_training': False, 'pbt_idx': None}
self.seed = 42
Started to train
Loading 1/1 motion files: /home/user/Workspace/ProKnee/ProKnee-HoraStyle/IsaacGymEnvs/isaacgymenvs/tasks/../../assets/amp/motions/amp_humanoid_walk.npy
Loaded 1 motions with a total length of 2.550s.
Box(-1.0, 1.0, (28,), float32) Box(-inf, inf, (105,), float32)
WARNING: seq_len is deprecated, use seq_length instead
seq_length: 4
current training device: cuda:0
build mlp: 105
build mlp: 105
build mlp: 210
sigma
actor_mlp.0.weight
actor_mlp.0.bias
actor_mlp.2.weight
actor_mlp.2.bias
critic_mlp.0.weight
critic_mlp.0.bias
critic_mlp.2.weight
critic_mlp.2.bias
value.weight
value.bias
mu.weight
mu.bias
_disc_mlp.0.weight
_disc_mlp.0.bias
_disc_mlp.2.weight
_disc_mlp.2.bias
_disc_logits.weight
_disc_logits.bias
RunningMeanStd:  (1,)
RunningMeanStd:  (105,)
RunningMeanStd:  (210,)
=> loading checkpoint '/home/user/Workspace/ProKnee/ProKnee-HoraStyle/IsaacGymEnvs/isaacgymenvs/runs/HumanoidAMP_04-15-54-50/nn/HumanoidAMP_04-15-54-51_750.pth'
fps step: 147751.8 fps total: 97277.1
fps step: 193259.8 fps total: 126538.9
fps step: 203361.4 fps total: 133599.2
fps step: 175143.7 fps total: 118402.3
fps step: 181477.1 fps total: 121352.7
fps step: 181673.9 fps total: 121165.3
fps step: 162984.5 fps total: 114942.9
fps step: 184690.7 fps total: 123908.6
fps step: 188774.7 fps total: 127718.6
fps step: 179800.1 fps total: 120119.6
fps step: 191814.3 fps total: 124996.7
fps step: 194179.2 fps total: 126526.0
fps step: 176823.2 fps total: 119990.5
fps step: 203342.6 fps total: 130923.4
fps step: 192154.6 fps total: 127762.0
fps step: 215900.2 fps total: 133176.0
fps step: 231748.4 fps total: 139690.8
fps step: 256764.0 fps total: 154340.1
fps step: 214163.1 fps total: 136734.1
fps step: 210900.9 fps total: 136089.5
fps step: 225800.6 fps total: 142369.6
fps step: 176584.5 fps total: 121175.5
fps step: 150603.9 fps total: 106673.0
fps step: 158152.4 fps total: 109615.7
fps step: 172303.2 fps total: 114172.7
fps step: 173159.4 fps total: 118479.2
fps step: 180919.6 fps total: 121020.7
fps step: 182490.8 fps total: 122604.6
fps step: 182444.7 fps total: 122446.0
fps step: 171352.7 fps total: 116706.0
fps step: 176039.6 fps total: 118394.5
fps step: 173114.5 fps total: 116594.7
fps step: 175905.1 fps total: 117143.8
fps step: 195530.2 fps total: 129534.4
fps step: 204469.9 fps total: 134250.2
fps step: 223265.8 fps total: 140724.2
fps step: 195532.4 fps total: 129386.6
fps step: 165776.5 fps total: 114549.7
fps step: 208691.9 fps total: 132425.1
fps step: 188505.3 fps total: 124403.3
fps step: 172992.8 fps total: 119340.2
fps step: 181685.8 fps total: 121866.5
fps step: 184582.9 fps total: 123666.9
fps step: 183775.5 fps total: 124009.1
fps step: 166779.3 fps total: 115282.7
fps step: 171099.0 fps total: 118684.0
fps step: 183203.2 fps total: 125137.2
fps step: 189227.5 fps total: 127344.1
fps step: 186079.5 fps total: 125294.6
fps step: 185991.3 fps total: 126223.9
=> saving checkpoint 'runs/HumanoidAMP_04-16-25-51/nn/HumanoidAMP_04-16-25-52_800.pth'
fps step: 185686.0 fps total: 126350.1
fps step: 186603.2 fps total: 126751.6
fps step: 185954.1 fps total: 126587.0
fps step: 181577.9 fps total: 123449.5
fps step: 191301.3 fps total: 127698.7
fps step: 185701.7 fps total: 123961.9
fps step: 164011.4 fps total: 112681.0
fps step: 183318.8 fps total: 122618.3
fps step: 182243.3 fps total: 122188.3
fps step: 144381.8 fps total: 104165.7
fps step: 177587.4 fps total: 119059.1
fps step: 173485.7 fps total: 117679.7
fps step: 182309.8 fps total: 124680.4
fps step: 181032.2 fps total: 123647.4
fps step: 183913.2 fps total: 123717.5
fps step: 172456.8 fps total: 116970.5
fps step: 163584.1 fps total: 114491.6
fps step: 185636.6 fps total: 122443.0
fps step: 179210.9 fps total: 119433.0
fps step: 175413.3 fps total: 118655.9
fps step: 180312.0 fps total: 123507.5
fps step: 184659.7 fps total: 122625.7
fps step: 184071.3 fps total: 124580.0
fps step: 189248.1 fps total: 127407.5
fps step: 182568.3 fps total: 124347.7
fps step: 189089.0 fps total: 127328.6
fps step: 187800.5 fps total: 125044.9
fps step: 176267.5 fps total: 120141.1
fps step: 163631.5 fps total: 113018.6
fps step: 176840.0 fps total: 120130.9
fps step: 173627.6 fps total: 118753.2
fps step: 165604.6 fps total: 115814.4
fps step: 149485.5 fps total: 106250.2
fps step: 174237.8 fps total: 119241.5
fps step: 167976.8 fps total: 117739.9
fps step: 171541.3 fps total: 119624.2
fps step: 185729.3 fps total: 126670.0
fps step: 185200.4 fps total: 126177.9
fps step: 186760.4 fps total: 126481.8
fps step: 181857.6 fps total: 124383.2
fps step: 189709.3 fps total: 128043.6
fps step: 189226.6 fps total: 127597.8
fps step: 190919.4 fps total: 128731.5
fps step: 184085.5 fps total: 124175.0
fps step: 170524.4 fps total: 116533.5
fps step: 177708.0 fps total: 119334.1
fps step: 144150.7 fps total: 101821.7
fps step: 158232.1 fps total: 109160.2
fps step: 169390.6 fps total: 114457.7
fps step: 166298.6 fps total: 112943.3
=> saving checkpoint 'runs/HumanoidAMP_04-16-25-51/nn/HumanoidAMP_04-16-25-52_850.pth'
fps step: 172690.9 fps total: 115840.1
fps step: 157463.2 fps total: 109612.1
fps step: 158229.5 fps total: 107255.4
fps step: 161606.2 fps total: 112043.2
fps step: 177424.0 fps total: 120486.6
fps step: 172322.2 fps total: 117855.3
fps step: 166074.8 fps total: 112375.9
fps step: 178150.5 fps total: 120356.0
fps step: 174180.6 fps total: 118567.7
fps step: 178004.3 fps total: 120398.8
fps step: 171149.6 fps total: 117690.6
fps step: 166751.4 fps total: 113406.2
fps step: 162521.9 fps total: 109139.9
fps step: 165223.3 fps total: 112322.0
fps step: 161028.3 fps total: 109053.5
fps step: 151748.6 fps total: 107134.6
fps step: 159963.2 fps total: 109350.7
fps step: 154881.2 fps total: 108635.8
fps step: 157244.7 fps total: 110167.2
fps step: 167540.0 fps total: 116354.0
fps step: 166416.5 fps total: 114282.5
fps step: 155437.7 fps total: 108064.1
fps step: 168225.1 fps total: 114463.5
fps step: 156906.6 fps total: 112146.7
fps step: 186668.5 fps total: 127120.2
fps step: 185945.0 fps total: 126615.4
fps step: 188024.5 fps total: 124906.1
fps step: 181988.7 fps total: 122665.3
fps step: 168123.9 fps total: 116092.4
fps step: 171862.0 fps total: 119378.1
fps step: 181825.7 fps total: 124201.2
fps step: 184994.8 fps total: 126049.3
fps step: 155641.0 fps total: 108935.2
fps step: 171495.8 fps total: 116054.9
fps step: 166756.0 fps total: 115803.1
fps step: 170336.9 fps total: 116704.5
fps step: 174926.9 fps total: 121066.3
fps step: 182856.7 fps total: 123866.1
fps step: 184635.6 fps total: 125952.0
fps step: 183936.1 fps total: 125080.2
fps step: 179981.7 fps total: 123245.3
fps step: 185512.2 fps total: 125989.1
fps step: 184687.3 fps total: 124417.1
fps step: 170278.5 fps total: 116624.8
fps step: 177443.5 fps total: 121011.2
fps step: 177523.4 fps total: 114268.9
fps step: 163469.4 fps total: 112001.5
fps step: 174461.7 fps total: 119491.0
fps step: 185679.1 fps total: 125940.7
fps step: 176850.4 fps total: 119320.9
=> saving checkpoint 'runs/HumanoidAMP_04-16-25-51/nn/HumanoidAMP_04-16-25-52_900.pth'
fps step: 174639.4 fps total: 119224.2
fps step: 173954.3 fps total: 118122.6
fps step: 160713.2 fps total: 110234.0
fps step: 182634.3 fps total: 119819.8
fps step: 171046.0 fps total: 113219.1
fps step: 157191.1 fps total: 110074.8
fps step: 167016.6 fps total: 115676.7
fps step: 158673.5 fps total: 110352.5
fps step: 168074.3 fps total: 116385.7
fps step: 174572.3 fps total: 120732.2
fps step: 184678.5 fps total: 124438.1
fps step: 183091.1 fps total: 124794.9
fps step: 181896.3 fps total: 124041.2
fps step: 183018.2 fps total: 122693.6
fps step: 174756.4 fps total: 119329.0
fps step: 171269.0 fps total: 116171.9
fps step: 160591.6 fps total: 106935.4
fps step: 175339.0 fps total: 119885.6
fps step: 163333.2 fps total: 111964.4
fps step: 170765.1 fps total: 116857.9
fps step: 180523.5 fps total: 122882.6
fps step: 177468.8 fps total: 120691.1
fps step: 175448.0 fps total: 117900.4
fps step: 162693.5 fps total: 110438.8
fps step: 167474.2 fps total: 113439.1
fps step: 163665.2 fps total: 111783.0
fps step: 154048.0 fps total: 103930.6
fps step: 163251.7 fps total: 110402.6
fps step: 170515.2 fps total: 114998.3
fps step: 164355.7 fps total: 111670.2
fps step: 163436.3 fps total: 111219.9
fps step: 168582.1 fps total: 112907.7
fps step: 165965.3 fps total: 111869.7
fps step: 147330.3 fps total: 103077.5
fps step: 165206.1 fps total: 110704.5
fps step: 166632.7 fps total: 113145.8
fps step: 164566.7 fps total: 111132.6
fps step: 164588.1 fps total: 113427.5
fps step: 171862.0 fps total: 116866.4
fps step: 171183.2 fps total: 116340.4
fps step: 159319.0 fps total: 109594.1
fps step: 157628.1 fps total: 108675.4
fps step: 167237.4 fps total: 113877.1
fps step: 172979.1 fps total: 117864.0
fps step: 176064.5 fps total: 118452.2
fps step: 170060.3 fps total: 115601.2
fps step: 173828.4 fps total: 117714.9
fps step: 173332.1 fps total: 117878.6
fps step: 170852.7 fps total: 116788.8
fps step: 172300.8 fps total: 116341.7
=> saving checkpoint 'runs/HumanoidAMP_04-16-25-51/nn/HumanoidAMP_04-16-25-52_950.pth'
fps step: 173311.3 fps total: 118217.9
fps step: 166958.4 fps total: 114436.4
fps step: 158491.6 fps total: 109631.2
fps step: 164348.5 fps total: 112029.5
fps step: 173683.9 fps total: 115134.8
fps step: 171082.5 fps total: 114821.3
fps step: 173834.7 fps total: 116548.7
fps step: 172081.9 fps total: 115607.5
fps step: 159491.3 fps total: 108536.5
fps step: 154666.2 fps total: 109006.1
fps step: 173709.4 fps total: 118561.4
fps step: 168045.6 fps total: 114941.7
fps step: 169817.3 fps total: 115910.9
fps step: 172851.9 fps total: 111428.5
fps step: 171283.9 fps total: 117719.0
fps step: 174371.8 fps total: 119213.3
fps step: 175895.3 fps total: 117756.6
fps step: 178258.3 fps total: 118403.6
fps step: 178991.9 fps total: 119875.9
fps step: 169458.5 fps total: 113296.8
fps step: 170144.4 fps total: 117850.4
fps step: 183346.3 fps total: 124124.9
fps step: 175659.9 fps total: 119640.3
fps step: 172910.0 fps total: 116380.6
fps step: 177147.7 fps total: 117748.2
fps step: 165705.2 fps total: 115502.6
fps step: 182399.4 fps total: 123746.4
fps step: 173869.4 fps total: 118578.0
fps step: 165063.1 fps total: 113679.5
fps step: 164994.8 fps total: 112882.7
fps step: 172539.0 fps total: 119749.3
fps step: 172638.1 fps total: 116097.7
fps step: 174906.5 fps total: 116794.7
fps step: 172468.6 fps total: 117907.7
fps step: 172507.9 fps total: 116430.0
fps step: 175226.7 fps total: 117933.7
fps step: 165508.2 fps total: 115942.2
fps step: 169759.7 fps total: 115976.5
fps step: 167439.3 fps total: 115942.1
fps step: 180623.3 fps total: 123752.4
fps step: 185903.8 fps total: 123502.8
fps step: 186144.4 fps total: 126314.3
fps step: 185692.3 fps total: 124533.8
fps step: 167423.2 fps total: 112880.8
fps step: 160238.6 fps total: 112379.3
fps step: 161796.9 fps total: 111386.5
fps step: 166933.0 fps total: 115689.1
fps step: 179671.4 fps total: 118680.2
fps step: 172805.0 fps total: 118612.5
fps step: 161746.3 fps total: 111242.2
=> saving checkpoint 'runs/HumanoidAMP_04-16-25-51/nn/HumanoidAMP_04-16-25-52_1000.pth'
fps step: 173952.6 fps total: 117467.9
fps step: 155304.9 fps total: 105789.2
fps step: 160141.4 fps total: 107955.1
fps step: 161550.1 fps total: 107624.2
fps step: 177189.5 fps total: 118748.8
fps step: 169257.7 fps total: 118083.0
fps step: 173228.1 fps total: 114716.5
fps step: 159634.8 fps total: 111724.4
fps step: 156524.6 fps total: 111671.0
fps step: 184557.7 fps total: 123422.3
fps step: 172811.1 fps total: 115970.3
fps step: 162452.5 fps total: 109494.7
fps step: 151277.9 fps total: 104990.8
fps step: 151834.5 fps total: 105498.3
fps step: 166925.5 fps total: 116019.6
fps step: 161313.9 fps total: 111332.6
fps step: 170914.0 fps total: 117317.4
fps step: 175595.4 fps total: 117996.2
fps step: 168050.5 fps total: 113926.8
fps step: 164234.8 fps total: 113011.5
fps step: 168053.2 fps total: 116846.3
fps step: 173559.2 fps total: 120066.0
fps step: 174325.3 fps total: 115807.9
fps step: 180976.7 fps total: 119946.5
fps step: 175815.2 fps total: 118852.6
fps step: 165309.9 fps total: 115896.0
fps step: 165333.1 fps total: 116329.7
fps step: 172370.0 fps total: 119072.1
fps step: 167745.2 fps total: 115827.7
fps step: 180327.9 fps total: 120627.4
fps step: 181816.8 fps total: 121575.1
fps step: 177113.3 fps total: 116409.4
fps step: 165026.6 fps total: 115068.7
fps step: 161373.1 fps total: 114582.2
fps step: 173865.4 fps total: 120555.8
fps step: 180982.2 fps total: 124056.7
fps step: 183959.4 fps total: 124852.3
fps step: 187117.0 fps total: 126287.0
fps step: 172265.7 fps total: 114248.4
fps step: 176799.8 fps total: 121119.1
fps step: 174287.8 fps total: 119317.7
fps step: 169528.9 fps total: 110829.1
fps step: 156890.5 fps total: 101360.9
fps step: 131093.0 fps total: 93097.9
fps step: 152992.4 fps total: 107249.8
fps step: 175276.1 fps total: 118596.2
fps step: 177095.5 fps total: 119451.7
fps step: 167420.4 fps total: 114171.3
fps step: 168223.9 fps total: 112408.6
fps step: 168994.8 fps total: 114528.5
=> saving checkpoint 'runs/HumanoidAMP_04-16-25-51/nn/HumanoidAMP_04-16-25-52_1050.pth'
fps step: 162282.9 fps total: 111155.9
fps step: 144229.2 fps total: 95470.5
fps step: 147505.8 fps total: 102574.5
fps step: 144919.2 fps total: 104371.0
fps step: 169452.7 fps total: 112943.9
fps step: 154029.9 fps total: 107830.7
fps step: 147374.7 fps total: 103411.8
fps step: 164150.8 fps total: 111430.7
fps step: 144171.2 fps total: 97354.3
fps step: 135348.6 fps total: 97810.3
fps step: 162909.4 fps total: 111476.3
fps step: 159383.7 fps total: 109244.5
fps step: 155816.4 fps total: 103651.4
fps step: 128384.4 fps total: 87827.6
fps step: 143173.3 fps total: 100422.4
fps step: 145568.3 fps total: 102934.9
fps step: 158035.8 fps total: 109356.8
fps step: 169768.8 fps total: 114652.7
fps step: 160471.4 fps total: 112680.2
fps step: 164067.1 fps total: 110056.9
fps step: 133240.9 fps total: 90682.1
fps step: 134937.6 fps total: 98322.5
fps step: 161550.9 fps total: 110835.9
fps step: 169901.5 fps total: 110603.1
fps step: 136934.3 fps total: 94494.6
fps step: 143392.5 fps total: 101162.5
fps step: 177095.3 fps total: 119571.0
fps step: 182564.2 fps total: 124151.6
fps step: 178344.3 fps total: 122489.5
fps step: 183776.2 fps total: 123291.7
fps step: 181137.1 fps total: 118855.4
fps step: 167407.1 fps total: 115953.3
fps step: 173704.8 fps total: 118011.2
fps step: 177891.4 fps total: 121751.0
fps step: 183074.4 fps total: 124609.9
fps step: 183154.5 fps total: 123854.1
fps step: 173775.3 fps total: 117994.5
fps step: 176042.8 fps total: 119201.8
fps step: 177148.1 fps total: 120205.4
fps step: 167623.1 fps total: 115541.7
fps step: 167448.3 fps total: 114371.7
fps step: 176463.5 fps total: 117876.2
fps step: 170608.2 fps total: 116572.1
fps step: 174177.1 fps total: 119010.4
fps step: 178912.7 fps total: 120512.2
fps step: 177265.7 fps total: 119567.1
fps step: 171989.4 fps total: 118480.1
fps step: 162017.2 fps total: 111825.8
fps step: 177945.4 fps total: 122902.6
fps step: 183299.0 fps total: 125395.9
=> saving checkpoint 'runs/HumanoidAMP_04-16-25-51/nn/HumanoidAMP_04-16-25-52_1100.pth'
fps step: 186619.0 fps total: 127299.1
fps step: 178493.5 fps total: 121872.9
fps step: 173889.5 fps total: 117014.6
fps step: 176980.9 fps total: 120742.0
fps step: 179873.8 fps total: 123004.8
fps step: 166572.9 fps total: 113585.2
fps step: 164941.7 fps total: 112888.2
fps step: 164749.7 fps total: 112656.9
fps step: 165253.9 fps total: 111978.8
fps step: 170180.9 fps total: 115558.3
fps step: 153268.4 fps total: 107008.7
fps step: 173348.1 fps total: 118660.3
fps step: 159855.9 fps total: 111805.8
fps step: 152312.8 fps total: 105893.9
fps step: 163871.7 fps total: 112714.8
fps step: 140069.5 fps total: 97689.0
fps step: 124574.1 fps total: 90886.7
fps step: 167672.9 fps total: 112127.2
fps step: 173573.0 fps total: 110038.2
fps step: 131971.4 fps total: 90980.0
fps step: 146726.6 fps total: 102725.7
fps step: 152950.3 fps total: 106225.7
fps step: 165724.3 fps total: 114307.1
fps step: 173668.4 fps total: 119950.1
fps step: 163270.2 fps total: 112799.5
fps step: 166424.8 fps total: 116501.5
fps step: 171624.1 fps total: 118592.0
fps step: 182061.7 fps total: 121502.3
fps step: 169264.3 fps total: 114652.0
fps step: 158096.3 fps total: 104665.3
fps step: 158687.2 fps total: 110351.7
fps step: 164846.5 fps total: 112318.5
fps step: 175779.0 fps total: 118884.7
fps step: 159403.1 fps total: 109946.0
fps step: 154758.3 fps total: 107911.0
fps step: 169179.2 fps total: 117659.8
fps step: 179959.6 fps total: 122209.0
fps step: 180288.6 fps total: 123590.1
fps step: 162339.7 fps total: 113860.2
fps step: 177615.9 fps total: 121063.1
fps step: 189541.7 fps total: 126315.3
fps step: 185319.1 fps total: 123833.1
fps step: 186628.9 fps total: 125427.9
fps step: 183725.2 fps total: 120540.6
fps step: 157351.6 fps total: 109087.1
fps step: 160214.6 fps total: 111468.1
fps step: 158593.2 fps total: 112157.3
fps step: 172284.6 fps total: 116564.0
fps step: 171078.3 fps total: 116945.4
fps step: 175301.0 fps total: 118000.4
=> saving checkpoint 'runs/HumanoidAMP_04-16-25-51/nn/HumanoidAMP_04-16-25-52_1150.pth'
fps step: 181308.1 fps total: 119563.6
fps step: 175566.0 fps total: 118308.1
fps step: 160249.2 fps total: 112598.8
fps step: 190181.1 fps total: 128263.7
fps step: 186224.2 fps total: 126749.3
fps step: 163271.5 fps total: 113837.6
fps step: 149889.4 fps total: 107174.7
fps step: 184637.5 fps total: 125043.8
fps step: 190121.4 fps total: 128824.2
fps step: 187123.0 fps total: 127186.7
fps step: 183328.8 fps total: 123148.3
fps step: 177568.3 fps total: 118658.7
fps step: 179156.1 fps total: 120619.9
fps step: 181875.6 fps total: 122950.6
fps step: 170900.4 fps total: 114995.2
fps step: 169778.1 fps total: 117535.6
fps step: 168482.4 fps total: 116566.8
fps step: 162651.7 fps total: 115176.6
fps step: 170200.1 fps total: 115293.5
fps step: 165318.8 fps total: 114532.2
fps step: 178625.3 fps total: 120641.4
fps step: 163753.4 fps total: 112525.9
fps step: 176665.7 fps total: 117656.2
fps step: 174879.7 fps total: 118023.6
fps step: 161962.9 fps total: 112484.5
fps step: 168792.9 fps total: 115225.8
fps step: 158418.8 fps total: 108940.5
fps step: 164076.1 fps total: 111802.0
fps step: 150451.8 fps total: 104312.1
fps step: 161425.0 fps total: 108834.4
fps step: 173219.5 fps total: 116315.1
fps step: 165379.3 fps total: 113102.7
fps step: 157911.4 fps total: 107515.4
fps step: 167621.8 fps total: 112063.1
fps step: 163507.3 fps total: 109273.4
fps step: 156105.4 fps total: 107330.6
fps step: 163500.0 fps total: 110833.6
fps step: 157959.8 fps total: 110462.1
fps step: 177247.0 fps total: 119302.0
fps step: 173688.1 fps total: 117761.4
fps step: 175105.6 fps total: 118841.0
fps step: 176153.9 fps total: 119409.8
fps step: 161818.2 fps total: 110375.9
fps step: 159958.4 fps total: 110890.9
fps step: 156565.7 fps total: 107628.9
fps step: 171577.9 fps total: 115912.7
fps step: 175188.1 fps total: 118225.6
fps step: 172477.3 fps total: 115104.2
fps step: 164423.4 fps total: 110856.1
fps step: 163876.5 fps total: 114106.4
=> saving checkpoint 'runs/HumanoidAMP_04-16-25-51/nn/HumanoidAMP_04-16-25-52_1200.pth'
fps step: 182780.7 fps total: 124723.1
fps step: 164712.2 fps total: 114508.9
fps step: 171251.5 fps total: 119532.2
fps step: 161152.6 fps total: 113958.2
fps step: 183790.8 fps total: 125269.8
fps step: 187152.6 fps total: 126725.5
fps step: 186147.0 fps total: 126845.6
fps step: 184012.5 fps total: 122296.3
fps step: 183531.8 fps total: 124576.4
fps step: 165552.2 fps total: 113872.4
fps step: 187595.3 fps total: 123474.6
fps step: 181791.4 fps total: 119479.2
fps step: 163151.6 fps total: 112211.5
fps step: 186247.3 fps total: 124392.7
fps step: 174345.4 fps total: 118426.4
fps step: 183789.2 fps total: 124958.8
fps step: 174991.0 fps total: 120505.4
fps step: 186499.3 fps total: 126953.2
fps step: 182092.4 fps total: 122146.4
fps step: 177535.5 fps total: 121988.9
fps step: 186237.1 fps total: 125523.2
fps step: 183574.4 fps total: 122463.0
fps step: 165505.9 fps total: 113283.9
fps step: 164838.0 fps total: 113061.5
fps step: 174702.9 fps total: 121027.5
fps step: 184954.4 fps total: 122057.3
fps step: 159120.6 fps total: 111153.3
fps step: 163990.2 fps total: 112148.7
fps step: 168492.9 fps total: 115357.0
fps step: 175204.3 fps total: 118461.8
fps step: 183424.7 fps total: 120233.6
fps step: 176598.2 fps total: 120672.7
fps step: 189167.3 fps total: 127858.7
fps step: 172482.6 fps total: 115931.5
fps step: 173808.9 fps total: 119000.3
fps step: 171336.9 fps total: 116818.1
fps step: 175847.4 fps total: 119488.7
fps step: 177057.6 fps total: 121244.6
fps step: 187952.9 fps total: 124620.5
fps step: 177398.6 fps total: 121046.8
fps step: 158217.5 fps total: 109354.4
fps step: 177198.3 fps total: 120937.3
fps step: 178026.5 fps total: 119920.6
fps step: 187879.7 fps total: 127271.4
fps step: 185057.2 fps total: 123875.6
fps step: 177998.0 fps total: 121949.5
fps step: 175579.2 fps total: 116011.0
fps step: 177176.6 fps total: 119229.4
fps step: 164146.9 fps total: 113609.0
fps step: 163907.6 fps total: 113684.4
=> saving checkpoint 'runs/HumanoidAMP_04-16-25-51/nn/HumanoidAMP_04-16-25-52_1250.pth'
fps step: 154993.1 fps total: 109802.5
fps step: 185636.2 fps total: 126548.7
fps step: 187394.5 fps total: 127421.4
fps step: 183534.6 fps total: 123995.8
fps step: 161036.2 fps total: 113184.9
fps step: 174399.8 fps total: 118408.4
fps step: 167812.3 fps total: 114820.3
fps step: 158327.3 fps total: 109774.9
fps step: 177136.5 fps total: 120200.6
fps step: 184801.4 fps total: 125017.5
fps step: 177484.7 fps total: 121076.9
fps step: 154319.8 fps total: 106999.5
fps step: 174025.0 fps total: 113521.8
fps step: 167073.3 fps total: 113398.0
fps step: 162544.3 fps total: 114328.8
fps step: 171242.5 fps total: 119449.9
fps step: 182947.3 fps total: 124689.2
fps step: 186578.0 fps total: 126669.7
fps step: 180240.8 fps total: 123495.2
fps step: 185809.5 fps total: 125008.4
fps step: 183208.1 fps total: 122057.9
fps step: 172986.1 fps total: 115117.7
fps step: 181093.5 fps total: 123804.0
fps step: 182671.4 fps total: 124339.5
fps step: 181265.3 fps total: 122330.1
fps step: 186170.0 fps total: 124887.1
fps step: 168584.3 fps total: 116483.4
fps step: 182241.1 fps total: 124142.0
fps step: 174886.3 fps total: 118217.1
fps step: 166675.2 fps total: 115265.5
fps step: 181530.9 fps total: 123587.0
fps step: 187176.8 fps total: 123379.4
fps step: 176958.0 fps total: 119343.0
fps step: 176015.7 fps total: 119985.6
fps step: 180983.6 fps total: 121518.6
fps step: 163973.6 fps total: 113053.0
fps step: 183240.9 fps total: 125058.2
fps step: 184629.4 fps total: 126204.8
fps step: 185271.4 fps total: 126353.7
fps step: 178246.7 fps total: 121534.5
fps step: 187613.7 fps total: 126429.5
fps step: 181405.7 fps total: 124294.9
fps step: 185871.0 fps total: 125816.1
fps step: 185427.4 fps total: 124356.2
fps step: 168926.5 fps total: 114279.8
fps step: 173893.2 fps total: 119538.6
fps step: 185651.3 fps total: 125521.4
fps step: 186372.6 fps total: 123890.6
fps step: 160600.3 fps total: 112908.1
fps step: 169921.3 fps total: 117899.7
=> saving checkpoint 'runs/HumanoidAMP_04-16-25-51/nn/HumanoidAMP_04-16-25-52_1300.pth'
fps step: 183957.8 fps total: 124152.5
fps step: 176542.6 fps total: 119744.5
fps step: 179293.8 fps total: 121134.1
fps step: 159864.4 fps total: 111684.6
fps step: 178443.7 fps total: 120474.8
fps step: 177976.0 fps total: 121096.4
fps step: 167994.1 fps total: 115234.9
fps step: 180575.3 fps total: 119403.2
fps step: 172948.3 fps total: 116552.7
fps step: 180826.5 fps total: 120132.1
fps step: 177031.4 fps total: 118167.0
fps step: 175050.9 fps total: 119967.6
fps step: 160749.0 fps total: 112832.9
fps step: 167262.7 fps total: 113547.2
fps step: 156106.6 fps total: 106863.2
fps step: 165091.5 fps total: 113216.5
fps step: 170421.8 fps total: 115984.7
fps step: 183991.3 fps total: 121883.2
fps step: 161604.7 fps total: 111690.6
fps step: 173772.9 fps total: 119990.8
fps step: 175269.6 fps total: 116379.2
fps step: 163677.9 fps total: 111743.1
fps step: 166109.0 fps total: 112405.4
fps step: 163085.1 fps total: 111153.7
fps step: 162341.9 fps total: 110410.1
fps step: 164882.0 fps total: 111643.7
fps step: 165741.0 fps total: 107538.8
fps step: 145630.2 fps total: 102575.4
fps step: 166323.0 fps total: 113215.2
fps step: 149056.4 fps total: 105053.9
fps step: 167299.2 fps total: 113586.1
fps step: 158158.1 fps total: 109161.7
fps step: 151099.1 fps total: 106804.4
fps step: 142134.5 fps total: 100199.6
fps step: 160590.2 fps total: 111472.6
fps step: 173848.6 fps total: 116992.9
fps step: 172794.1 fps total: 117306.2
fps step: 148864.8 fps total: 103753.6
fps step: 155079.0 fps total: 106416.6
fps step: 154580.7 fps total: 105725.9
fps step: 153026.1 fps total: 104198.4
fps step: 160898.3 fps total: 109963.7
fps step: 153521.1 fps total: 103880.3
fps step: 149870.5 fps total: 104676.8
fps step: 164262.5 fps total: 112025.4
fps step: 136501.5 fps total: 97354.7
fps step: 142704.8 fps total: 100068.5
fps step: 140266.2 fps total: 94634.3
fps step: 147722.8 fps total: 102299.9
fps step: 158416.3 fps total: 110477.2
=> saving checkpoint 'runs/HumanoidAMP_04-16-25-51/nn/HumanoidAMP_04-16-25-52_1350.pth'
fps step: 173315.2 fps total: 117287.9
fps step: 164257.4 fps total: 110652.2
fps step: 170984.3 fps total: 114791.3
fps step: 173264.0 fps total: 112424.2
fps step: 163889.6 fps total: 111094.2
fps step: 163402.3 fps total: 109070.5
fps step: 164893.9 fps total: 113358.4
fps step: 170374.5 fps total: 114439.8
fps step: 165564.5 fps total: 110584.9
fps step: 157333.2 fps total: 108233.0
fps step: 157101.8 fps total: 108689.5
fps step: 150214.2 fps total: 105514.4
fps step: 154522.9 fps total: 104496.1
fps step: 139590.1 fps total: 97257.2
fps step: 146255.6 fps total: 103636.3
fps step: 156231.8 fps total: 107230.8
fps step: 163164.1 fps total: 110460.0
fps step: 160082.3 fps total: 107604.7
fps step: 159279.6 fps total: 106928.8
fps step: 154786.2 fps total: 102718.9
fps step: 158606.5 fps total: 108200.6
fps step: 173721.8 fps total: 115334.9
fps step: 154331.5 fps total: 106961.3
fps step: 157771.3 fps total: 108453.2
fps step: 160386.1 fps total: 107157.7
fps step: 163429.9 fps total: 111119.5
fps step: 156827.9 fps total: 105887.1
fps step: 149494.0 fps total: 103270.0
fps step: 164892.7 fps total: 110931.8
fps step: 163102.3 fps total: 110473.4
fps step: 160246.8 fps total: 111205.1
fps step: 151006.1 fps total: 106142.6
fps step: 159150.5 fps total: 108943.9
fps step: 168049.7 fps total: 113720.5
fps step: 155733.7 fps total: 107686.7
fps step: 173265.6 fps total: 115051.7
fps step: 174823.5 fps total: 116623.2
fps step: 176247.6 fps total: 119559.9
fps step: 174592.9 fps total: 117474.9
fps step: 164865.2 fps total: 111954.7
fps step: 155410.4 fps total: 106200.0
fps step: 174148.8 fps total: 116215.4
fps step: 166502.8 fps total: 111631.9
fps step: 158655.2 fps total: 109505.5
fps step: 167115.5 fps total: 111687.9
fps step: 159417.3 fps total: 107592.9
fps step: 165401.1 fps total: 110288.6
fps step: 169863.2 fps total: 115194.8
fps step: 159748.5 fps total: 107724.6
fps step: 162825.2 fps total: 112508.1
=> saving checkpoint 'runs/HumanoidAMP_04-16-25-51/nn/HumanoidAMP_04-16-25-52_1400.pth'
fps step: 163463.9 fps total: 106931.0
fps step: 138078.8 fps total: 93143.5
fps step: 144157.3 fps total: 102589.9
fps step: 172650.6 fps total: 115350.7
fps step: 169675.7 fps total: 113361.8
fps step: 182556.5 fps total: 121157.8
fps step: 182432.7 fps total: 119343.8
fps step: 173936.3 fps total: 117505.2
fps step: 186259.3 fps total: 121435.7
fps step: 173381.7 fps total: 118519.7
fps step: 175853.7 fps total: 118236.3
fps step: 173995.6 fps total: 119324.7
fps step: 169288.3 fps total: 114251.0
fps step: 173658.1 fps total: 118139.8
fps step: 182646.0 fps total: 122734.5
fps step: 178977.8 fps total: 120734.5
fps step: 161242.5 fps total: 111637.6
fps step: 171227.1 fps total: 114762.6
fps step: 180493.4 fps total: 121013.8
fps step: 163804.3 fps total: 112810.6
fps step: 155579.5 fps total: 109377.8
fps step: 169176.2 fps total: 115716.9
fps step: 173398.8 fps total: 116831.4
fps step: 172450.8 fps total: 117935.3
fps step: 168970.1 fps total: 115031.5
fps step: 164799.1 fps total: 113411.8
fps step: 174443.0 fps total: 118364.6
fps step: 173095.5 fps total: 117377.1
fps step: 176306.6 fps total: 118349.3
fps step: 162346.3 fps total: 111812.3
fps step: 174607.6 fps total: 118567.7
fps step: 157654.6 fps total: 109129.8
fps step: 159132.9 fps total: 111136.2
fps step: 160762.4 fps total: 111840.0
fps step: 158438.9 fps total: 109402.7
fps step: 174887.3 fps total: 116661.0
fps step: 185149.0 fps total: 122729.1
fps step: 162518.0 fps total: 113043.8
fps step: 156332.7 fps total: 110228.2
fps step: 182833.9 fps total: 124349.8
fps step: 182842.9 fps total: 124216.7
fps step: 182773.3 fps total: 123599.8
fps step: 183950.0 fps total: 124262.4
fps step: 183337.3 fps total: 124248.2
fps step: 167664.1 fps total: 112996.4
fps step: 166313.3 fps total: 114397.4
fps step: 175221.2 fps total: 118400.9
fps step: 183821.5 fps total: 123174.7
fps step: 181138.5 fps total: 122500.6
fps step: 174017.9 fps total: 116233.8
=> saving checkpoint 'runs/HumanoidAMP_04-16-25-51/nn/HumanoidAMP_04-16-25-52_1450.pth'
fps step: 175273.4 fps total: 119555.7
fps step: 171635.5 fps total: 117260.3
fps step: 175517.5 fps total: 119469.3
fps step: 181526.0 fps total: 120372.5
fps step: 179221.6 fps total: 118176.7
fps step: 168849.8 fps total: 114644.4
fps step: 181120.0 fps total: 121894.8
fps step: 172709.7 fps total: 116650.8
fps step: 162411.9 fps total: 112931.1
fps step: 174216.2 fps total: 117637.6
fps step: 170062.0 fps total: 116839.9
fps step: 167790.4 fps total: 115502.2
fps step: 181306.2 fps total: 121313.0
fps step: 180191.6 fps total: 121049.8
fps step: 169907.8 fps total: 113186.4
fps step: 170512.5 fps total: 115880.8
fps step: 170829.1 fps total: 116705.4
fps step: 169967.6 fps total: 116418.4
fps step: 175029.5 fps total: 117564.4
fps step: 168504.4 fps total: 116526.0
fps step: 153199.0 fps total: 108040.2
fps step: 181894.2 fps total: 123705.0
fps step: 179720.0 fps total: 120528.0
fps step: 177000.2 fps total: 119064.8
fps step: 170644.5 fps total: 116098.7
fps step: 152045.4 fps total: 108529.9
fps step: 179916.9 fps total: 120288.7
fps step: 182291.9 fps total: 122436.6
fps step: 184968.7 fps total: 124714.3
fps step: 184901.5 fps total: 123912.4
fps step: 154744.7 fps total: 108434.0
fps step: 165124.4 fps total: 112390.0
fps step: 183200.2 fps total: 124193.0
fps step: 181027.7 fps total: 122768.2
fps step: 181073.3 fps total: 122697.3
fps step: 183569.6 fps total: 123910.2
fps step: 182970.0 fps total: 123093.6
fps step: 166768.7 fps total: 114559.3
fps step: 153358.0 fps total: 107940.7
fps step: 168588.5 fps total: 114718.1
fps step: 165614.1 fps total: 114682.1
fps step: 159088.1 fps total: 110247.2
fps step: 179143.0 fps total: 121828.4
fps step: 181623.3 fps total: 122631.6
fps step: 169953.0 fps total: 115876.2
fps step: 167807.7 fps total: 114382.8
fps step: 180005.6 fps total: 121864.0
fps step: 181116.7 fps total: 120315.7
fps step: 184275.2 fps total: 124017.7
fps step: 183238.5 fps total: 124253.8
=> saving checkpoint 'runs/HumanoidAMP_04-16-25-51/nn/HumanoidAMP_04-16-25-52_1500.pth'
fps step: 162969.4 fps total: 112962.2
fps step: 172835.5 fps total: 118879.6
fps step: 173577.4 fps total: 118729.3
fps step: 163900.8 fps total: 113756.5
fps step: 175701.3 fps total: 118441.4
fps step: 177029.2 fps total: 118071.8
fps step: 179279.1 fps total: 120500.8
fps step: 184220.9 fps total: 121786.3
fps step: 180099.6 fps total: 120490.6
fps step: 180079.9 fps total: 121503.3
fps step: 164349.5 fps total: 114690.1
fps step: 163761.3 fps total: 112382.7
fps step: 171764.9 fps total: 116987.7
fps step: 178542.5 fps total: 118527.5
fps step: 155302.8 fps total: 109958.6
fps step: 176054.9 fps total: 118413.9
fps step: 182155.2 fps total: 123444.7
fps step: 178549.8 fps total: 120578.1
fps step: 172991.6 fps total: 115185.9
fps step: 164557.9 fps total: 111511.4
fps step: 157005.1 fps total: 106673.6
fps step: 169012.2 fps total: 116693.3
fps step: 179405.4 fps total: 120578.8
fps step: 162294.9 fps total: 111431.5
fps step: 155870.7 fps total: 109968.9
fps step: 176885.1 fps total: 120676.1
fps step: 162741.8 fps total: 112393.2
fps step: 174191.4 fps total: 115974.3
fps step: 169368.8 fps total: 114174.2
fps step: 167741.2 fps total: 114804.7
fps step: 169173.6 fps total: 116497.2
fps step: 163070.6 fps total: 110414.4
fps step: 154710.2 fps total: 107842.8
fps step: 160689.6 fps total: 111872.4
fps step: 163454.0 fps total: 112260.5
fps step: 161515.0 fps total: 111899.1
fps step: 174880.3 fps total: 115060.3
fps step: 167281.1 fps total: 113091.9
fps step: 171741.9 fps total: 115039.8
fps step: 180711.6 fps total: 115819.2
fps step: 158572.3 fps total: 108475.8
fps step: 162285.8 fps total: 111068.7
fps step: 173029.4 fps total: 113878.6
fps step: 162556.9 fps total: 111015.6
fps step: 152643.0 fps total: 106361.1
fps step: 181716.6 fps total: 122563.8
fps step: 182479.6 fps total: 122959.8
fps step: 182985.8 fps total: 122831.7
fps step: 171691.0 fps total: 114224.1
fps step: 181599.4 fps total: 120680.7
=> saving checkpoint 'runs/HumanoidAMP_04-16-25-51/nn/HumanoidAMP_04-16-25-52_1550.pth'
fps step: 172738.8 fps total: 115453.0
fps step: 184112.5 fps total: 120858.1
fps step: 168162.3 fps total: 116230.0
fps step: 185402.0 fps total: 123834.6
fps step: 181826.8 fps total: 123278.7
fps step: 180670.3 fps total: 122242.3
fps step: 182006.9 fps total: 121896.9
fps step: 185705.6 fps total: 123407.3
fps step: 177141.6 fps total: 117753.8
fps step: 179195.4 fps total: 120544.9
fps step: 159131.1 fps total: 110643.3
fps step: 158598.9 fps total: 110191.7
fps step: 159228.7 fps total: 108821.7
fps step: 165701.7 fps total: 114452.3
fps step: 168177.3 fps total: 113855.6
fps step: 180195.2 fps total: 122374.1
fps step: 179927.1 fps total: 120544.9
fps step: 180473.5 fps total: 122330.6
fps step: 171494.2 fps total: 116971.2
fps step: 166237.6 fps total: 112206.7
fps step: 173050.2 fps total: 118416.4
fps step: 182437.5 fps total: 121708.6
fps step: 182529.0 fps total: 122394.9
fps step: 181639.3 fps total: 120249.4
fps step: 184457.8 fps total: 124559.4
fps step: 179128.4 fps total: 122118.5
fps step: 180998.0 fps total: 122377.3
fps step: 180970.1 fps total: 121559.1
fps step: 165917.9 fps total: 113279.4
fps step: 181811.5 fps total: 119920.8
fps step: 161371.1 fps total: 112474.9
fps step: 162389.0 fps total: 113047.8
fps step: 163128.1 fps total: 113836.1
fps step: 175356.9 fps total: 116272.3
fps step: 160006.1 fps total: 111239.8
fps step: 179089.7 fps total: 121310.7
fps step: 173652.8 fps total: 116123.3
fps step: 161202.2 fps total: 109346.7
fps step: 158416.3 fps total: 108240.7
fps step: 164087.1 fps total: 112429.7
fps step: 157382.5 fps total: 110581.9
fps step: 164572.7 fps total: 115061.9
fps step: 161330.8 fps total: 110429.0
fps step: 167836.3 fps total: 114646.6
fps step: 178722.9 fps total: 118998.5
fps step: 169761.6 fps total: 113263.5
fps step: 161060.4 fps total: 109415.9
fps step: 162800.3 fps total: 109979.6
fps step: 172762.5 fps total: 117302.3
fps step: 177251.7 fps total: 116528.3
=> saving checkpoint 'runs/HumanoidAMP_04-16-25-51/nn/HumanoidAMP_04-16-25-52_1600.pth'
fps step: 178246.7 fps total: 119782.5
fps step: 179091.2 fps total: 120614.0
fps step: 170975.1 fps total: 117405.7
fps step: 175947.9 fps total: 120147.0
fps step: 171048.0 fps total: 116837.7
fps step: 170048.7 fps total: 117539.7
fps step: 175879.4 fps total: 118070.6
fps step: 169806.1 fps total: 113720.0
fps step: 176802.8 fps total: 117832.7
fps step: 173851.8 fps total: 114849.3
fps step: 161618.6 fps total: 109904.3
fps step: 172477.1 fps total: 117973.8
fps step: 170913.3 fps total: 115510.8
fps step: 167842.9 fps total: 115036.0
fps step: 162917.6 fps total: 112807.5
fps step: 174046.6 fps total: 117747.0
fps step: 160455.7 fps total: 112471.2
fps step: 165606.4 fps total: 113682.8
fps step: 181096.5 fps total: 122884.5
fps step: 175013.5 fps total: 119896.7
fps step: 166240.1 fps total: 113875.8
fps step: 165128.8 fps total: 112842.5
fps step: 178959.8 fps total: 118677.2
fps step: 167812.6 fps total: 114515.6
fps step: 163795.4 fps total: 113000.0
fps step: 173688.8 fps total: 117512.5
fps step: 169384.4 fps total: 116324.1
fps step: 177842.6 fps total: 120660.9
fps step: 169901.1 fps total: 116851.6
fps step: 173923.3 fps total: 117724.2
fps step: 177529.9 fps total: 118515.0
fps step: 176310.1 fps total: 119341.4
fps step: 175626.1 fps total: 118383.8
fps step: 171374.3 fps total: 117030.5
fps step: 163958.7 fps total: 111073.3
fps step: 163110.4 fps total: 114107.1
fps step: 178313.9 fps total: 120383.1
fps step: 178919.0 fps total: 121602.4
fps step: 179943.9 fps total: 122424.0
fps step: 178895.6 fps total: 118762.9
fps step: 182968.9 fps total: 120612.5
fps step: 152750.5 fps total: 107072.4
fps step: 160579.1 fps total: 111462.6
fps step: 152489.3 fps total: 109122.4
fps step: 174605.1 fps total: 117258.7
fps step: 177001.3 fps total: 116474.9
fps step: 174255.4 fps total: 117324.3
fps step: 165456.3 fps total: 112846.3
fps step: 169436.1 fps total: 116019.7
fps step: 175752.6 fps total: 118026.3
=> saving checkpoint 'runs/HumanoidAMP_04-16-25-51/nn/HumanoidAMP_04-16-25-52_1650.pth'
fps step: 169507.1 fps total: 116062.4
fps step: 173381.7 fps total: 118061.1
fps step: 172547.7 fps total: 115013.9
fps step: 161748.9 fps total: 110697.1
fps step: 159465.5 fps total: 108774.1
fps step: 169259.1 fps total: 113438.7
fps step: 160982.3 fps total: 110981.4
fps step: 174493.9 fps total: 117022.3
fps step: 174972.0 fps total: 117965.7
fps step: 170741.5 fps total: 116322.6
fps step: 180752.6 fps total: 117404.0
fps step: 167901.2 fps total: 114698.4
fps step: 164487.3 fps total: 112181.6
fps step: 169876.1 fps total: 114902.7
fps step: 177444.1 fps total: 118144.0
fps step: 161567.1 fps total: 110995.0
fps step: 163884.1 fps total: 111117.8
fps step: 153774.5 fps total: 107486.7
fps step: 163809.7 fps total: 113683.8
fps step: 158367.5 fps total: 111872.9
fps step: 179380.8 fps total: 121785.8
fps step: 174713.2 fps total: 118268.4
fps step: 180753.0 fps total: 122926.0
fps step: 180787.1 fps total: 119758.5
fps step: 169144.5 fps total: 117343.5
fps step: 168408.8 fps total: 114624.6
fps step: 179867.6 fps total: 121031.7
fps step: 181104.9 fps total: 122547.4
fps step: 183172.2 fps total: 122667.0
fps step: 180655.2 fps total: 122854.0
fps step: 183535.2 fps total: 123832.3
fps step: 183053.3 fps total: 123944.1
fps step: 181275.4 fps total: 121147.4
fps step: 181890.2 fps total: 123690.7
fps step: 182690.7 fps total: 123816.8
fps step: 178820.6 fps total: 122006.5
fps step: 182051.2 fps total: 119781.1
fps step: 181017.0 fps total: 122647.9
fps step: 179932.2 fps total: 118912.2
fps step: 176709.9 fps total: 118619.5
fps step: 169591.6 fps total: 116950.1
fps step: 176594.8 fps total: 119403.7
fps step: 182397.0 fps total: 123541.9
fps step: 183268.2 fps total: 123433.3
fps step: 179739.4 fps total: 121135.0
fps step: 182774.0 fps total: 123534.1
fps step: 183634.6 fps total: 124131.3
fps step: 179252.1 fps total: 121472.8
fps step: 183622.5 fps total: 122808.9
fps step: 178187.4 fps total: 120567.2
=> saving checkpoint 'runs/HumanoidAMP_04-16-25-51/nn/HumanoidAMP_04-16-25-52_1700.pth'
fps step: 183376.0 fps total: 123837.6
fps step: 179703.0 fps total: 122165.2
fps step: 184050.2 fps total: 124207.4
fps step: 182452.4 fps total: 124027.6
fps step: 181603.5 fps total: 122881.3
fps step: 185028.2 fps total: 124736.9
fps step: 168192.7 fps total: 114365.1
fps step: 170812.8 fps total: 117224.6
fps step: 163335.6 fps total: 113655.7
fps step: 181159.5 fps total: 120254.5
fps step: 182871.4 fps total: 120294.9
fps step: 180508.0 fps total: 122711.2
fps step: 177475.9 fps total: 120838.3
fps step: 164954.8 fps total: 114942.4
fps step: 166661.5 fps total: 114734.8
fps step: 176105.9 fps total: 119549.8
fps step: 184071.7 fps total: 124339.0
fps step: 182135.1 fps total: 123547.2
fps step: 180138.1 fps total: 122184.6
fps step: 170083.5 fps total: 116294.9
fps step: 164961.0 fps total: 113715.4
fps step: 172239.2 fps total: 116193.5
fps step: 176713.2 fps total: 118707.7
fps step: 168237.9 fps total: 113846.4
fps step: 165734.7 fps total: 112880.5
fps step: 175084.1 fps total: 118013.0
fps step: 162560.1 fps total: 111744.4
fps step: 157102.5 fps total: 109225.3
fps step: 167159.1 fps total: 115989.3
fps step: 166739.5 fps total: 115097.0
fps step: 182794.2 fps total: 123138.0
fps step: 177642.9 fps total: 119186.3
fps step: 160665.8 fps total: 111264.2
fps step: 169470.6 fps total: 115434.1
fps step: 163168.1 fps total: 111516.7
fps step: 159389.9 fps total: 111085.4
fps step: 177669.1 fps total: 115601.6
fps step: 176701.6 fps total: 117782.8
fps step: 181686.4 fps total: 122524.3
fps step: 165325.7 fps total: 114489.2
fps step: 178724.8 fps total: 120095.3
fps step: 181827.9 fps total: 121268.2
fps step: 182779.6 fps total: 121281.2
fps step: 176030.7 fps total: 120416.2
fps step: 179682.7 fps total: 118572.3
fps step: 174408.8 fps total: 118062.7
fps step: 178111.4 fps total: 117930.8
fps step: 181210.7 fps total: 121351.7
fps step: 162479.3 fps total: 113359.0
fps step: 181555.4 fps total: 123102.6
=> saving checkpoint 'runs/HumanoidAMP_04-16-25-51/nn/HumanoidAMP_04-16-25-52_1750.pth'
fps step: 182520.4 fps total: 122412.2
fps step: 161128.7 fps total: 111704.8
fps step: 182282.7 fps total: 123793.4
fps step: 181248.3 fps total: 122114.4
fps step: 178583.1 fps total: 119948.6
fps step: 180550.5 fps total: 122626.6
fps step: 182948.4 fps total: 122672.9
fps step: 179659.8 fps total: 119936.4
fps step: 178579.5 fps total: 119461.7
fps step: 181908.4 fps total: 122513.8
fps step: 179290.6 fps total: 120088.6
fps step: 156607.7 fps total: 109060.8
fps step: 172047.9 fps total: 116842.4
fps step: 171648.1 fps total: 117546.7
fps step: 158113.7 fps total: 108849.8
fps step: 173526.3 fps total: 119330.6
fps step: 182142.7 fps total: 123321.0
fps step: 161014.5 fps total: 113101.7
fps step: 183738.7 fps total: 124394.1
fps step: 181291.0 fps total: 122710.2
fps step: 182068.0 fps total: 123576.8
fps step: 180430.8 fps total: 122522.8
fps step: 180629.0 fps total: 123008.8
fps step: 182437.5 fps total: 123706.6
fps step: 182105.9 fps total: 122617.7
fps step: 178654.4 fps total: 121692.1
fps step: 183122.0 fps total: 121406.4
fps step: 175971.0 fps total: 118220.1
fps step: 167271.4 fps total: 115169.3
fps step: 173540.2 fps total: 118760.8
fps step: 174083.4 fps total: 119703.5
fps step: 151771.7 fps total: 107129.9
fps step: 166685.6 fps total: 113259.5
fps step: 172015.5 fps total: 116551.5
fps step: 165496.6 fps total: 114340.3
fps step: 156324.3 fps total: 106318.5
fps step: 164119.2 fps total: 112126.6
fps step: 171890.3 fps total: 116979.9
fps step: 172735.1 fps total: 116279.3
fps step: 179533.3 fps total: 120440.8
fps step: 176958.0 fps total: 117912.3
fps step: 163549.8 fps total: 114057.4
fps step: 173101.3 fps total: 118536.3
fps step: 165246.6 fps total: 115153.7
fps step: 174000.0 fps total: 116588.8
fps step: 165833.5 fps total: 114704.0
fps step: 174033.3 fps total: 118695.3
fps step: 156620.1 fps total: 110761.9
fps step: 163658.5 fps total: 112868.0
fps step: 166083.8 fps total: 114413.2
=> saving checkpoint 'runs/HumanoidAMP_04-16-25-51/nn/HumanoidAMP_04-16-25-52_1800.pth'
fps step: 175933.5 fps total: 118903.3
fps step: 169992.5 fps total: 117785.5
fps step: 175038.1 fps total: 118861.4
fps step: 170567.6 fps total: 116340.9
fps step: 176507.8 fps total: 118349.0
fps step: 168286.2 fps total: 113046.8
fps step: 168075.9 fps total: 112910.4
fps step: 163543.6 fps total: 112647.2
fps step: 164663.4 fps total: 109418.7
fps step: 160804.8 fps total: 112208.4
fps step: 152877.4 fps total: 103786.5
fps step: 151548.2 fps total: 106695.5
fps step: 154648.6 fps total: 106360.6
fps step: 161891.2 fps total: 108635.2
fps step: 157672.4 fps total: 109681.2
fps step: 156683.8 fps total: 110095.0
fps step: 179674.9 fps total: 122559.4
fps step: 158355.7 fps total: 111058.7
fps step: 177214.5 fps total: 120882.5
fps step: 182722.5 fps total: 123818.2
fps step: 179555.1 fps total: 121499.8
fps step: 163248.9 fps total: 113636.8
fps step: 175298.6 fps total: 117691.6
fps step: 180685.8 fps total: 121632.7
fps step: 182196.3 fps total: 123153.2
fps step: 179775.1 fps total: 122329.4
fps step: 181391.1 fps total: 122990.3
fps step: 175915.7 fps total: 119248.3
fps step: 169425.5 fps total: 114573.2
fps step: 175592.7 fps total: 120642.9
fps step: 180396.4 fps total: 121369.9
fps step: 182778.3 fps total: 122426.7
fps step: 172009.0 fps total: 117828.3
fps step: 156714.7 fps total: 110197.6
fps step: 152866.6 fps total: 108694.9
fps step: 160957.7 fps total: 113290.0
fps step: 178902.3 fps total: 120250.5
fps step: 179161.1 fps total: 119969.5
fps step: 167863.1 fps total: 114812.4
fps step: 171894.7 fps total: 116691.4
fps step: 173012.4 fps total: 117616.0
fps step: 179696.6 fps total: 121886.2
fps step: 175181.9 fps total: 118552.7
fps step: 169598.7 fps total: 114408.4
fps step: 172233.7 fps total: 116316.4
fps step: 167475.7 fps total: 113384.6
fps step: 176041.5 fps total: 114846.5
fps step: 166774.8 fps total: 114118.5
fps step: 174422.6 fps total: 119765.0
fps step: 183241.3 fps total: 123750.3
=> saving checkpoint 'runs/HumanoidAMP_04-16-25-51/nn/HumanoidAMP_04-16-25-52_1850.pth'
fps step: 180755.0 fps total: 122858.0
fps step: 183023.8 fps total: 124115.0
fps step: 182613.6 fps total: 124173.8
fps step: 180806.8 fps total: 122633.7
fps step: 183938.8 fps total: 123400.7
fps step: 179064.7 fps total: 122508.7
fps step: 181734.2 fps total: 123415.5
fps step: 180752.7 fps total: 122336.0
fps step: 181687.4 fps total: 123398.6
fps step: 178392.9 fps total: 122014.5
fps step: 185033.2 fps total: 125226.0
fps step: 179207.1 fps total: 121967.4
fps step: 182273.0 fps total: 122748.5
fps step: 181747.7 fps total: 121550.7
fps step: 181252.7 fps total: 122836.6
fps step: 174203.0 fps total: 118349.7
fps step: 173572.3 fps total: 118117.5
fps step: 171229.8 fps total: 116914.5
fps step: 182738.8 fps total: 123423.3
fps step: 180242.5 fps total: 122129.6
fps step: 177396.3 fps total: 118148.1
fps step: 162571.9 fps total: 110711.8
fps step: 169155.9 fps total: 114599.5
fps step: 174957.8 fps total: 118958.1
fps step: 157042.8 fps total: 109597.6
fps step: 176964.5 fps total: 121137.2
fps step: 181639.9 fps total: 123580.0
fps step: 181001.4 fps total: 120297.8
fps step: 178934.3 fps total: 120726.1
fps step: 178661.3 fps total: 119026.9
fps step: 183497.0 fps total: 124221.3
fps step: 181942.8 fps total: 122931.1
fps step: 180473.8 fps total: 122909.4
fps step: 182654.4 fps total: 123941.6
fps step: 179691.3 fps total: 122301.4
fps step: 182876.6 fps total: 123298.2
fps step: 181130.9 fps total: 121956.7
fps step: 179128.2 fps total: 120354.0
fps step: 167949.6 fps total: 113617.3
fps step: 178056.9 fps total: 119563.9
fps step: 169569.0 fps total: 116147.3
fps step: 171058.4 fps total: 116793.1
fps step: 182615.9 fps total: 124249.7
fps step: 181734.8 fps total: 123161.9
fps step: 177289.7 fps total: 120915.0
fps step: 178473.4 fps total: 121496.6
fps step: 181988.9 fps total: 122793.9
fps step: 162944.7 fps total: 113612.9
fps step: 174574.5 fps total: 119553.1
fps step: 182337.5 fps total: 121268.0
=> saving checkpoint 'runs/HumanoidAMP_04-16-25-51/nn/HumanoidAMP_04-16-25-52_1900.pth'
fps step: 181272.3 fps total: 123158.3
fps step: 181003.9 fps total: 122407.3
fps step: 181888.5 fps total: 121538.2
fps step: 171837.5 fps total: 116671.1
fps step: 180556.9 fps total: 121488.7
fps step: 157992.2 fps total: 111430.9
fps step: 159797.0 fps total: 111268.6
fps step: 167512.0 fps total: 114865.9
fps step: 162780.7 fps total: 113327.6
fps step: 158122.0 fps total: 108761.7
fps step: 165580.9 fps total: 113372.2
fps step: 162265.9 fps total: 112367.3
fps step: 168456.3 fps total: 114818.7
fps step: 172014.6 fps total: 117584.5
fps step: 174695.4 fps total: 117635.0
fps step: 182314.2 fps total: 120337.8
fps step: 178450.5 fps total: 119116.4
fps step: 181728.4 fps total: 119693.8
fps step: 180988.3 fps total: 119494.3
fps step: 180552.1 fps total: 123027.7
fps step: 181540.3 fps total: 120656.9
fps step: 145856.5 fps total: 104751.0
fps step: 175000.9 fps total: 118086.5
fps step: 156425.0 fps total: 109844.4
fps step: 180790.7 fps total: 122783.5
fps step: 181168.6 fps total: 122845.8
fps step: 180357.4 fps total: 120065.8
fps step: 171058.3 fps total: 116494.4
fps step: 170134.0 fps total: 116454.6
fps step: 170188.1 fps total: 113715.7
fps step: 177780.6 fps total: 119408.6
fps step: 175522.7 fps total: 118827.4
fps step: 171043.4 fps total: 114660.6
fps step: 177457.4 fps total: 118801.2
fps step: 168441.3 fps total: 115245.9
fps step: 157919.5 fps total: 110485.6
fps step: 160250.9 fps total: 110643.3
fps step: 167045.2 fps total: 116131.0
fps step: 177697.9 fps total: 118210.0
fps step: 150137.6 fps total: 106515.8
fps step: 179502.6 fps total: 121305.0
fps step: 161021.2 fps total: 112254.4
fps step: 177372.2 fps total: 119591.9
fps step: 180150.3 fps total: 121288.9
fps step: 176522.5 fps total: 118376.1
fps step: 177134.2 fps total: 119905.5
fps step: 177566.7 fps total: 118505.9
fps step: 176140.3 fps total: 119401.2
fps step: 168785.7 fps total: 115454.1
fps step: 168755.8 fps total: 116350.6
=> saving checkpoint 'runs/HumanoidAMP_04-16-25-51/nn/HumanoidAMP_04-16-25-52_1950.pth'
fps step: 160900.5 fps total: 111787.0
fps step: 158016.2 fps total: 110072.8
fps step: 179590.6 fps total: 122492.3
fps step: 159868.8 fps total: 111750.6
fps step: 159036.0 fps total: 110778.5
fps step: 168677.5 fps total: 116704.3
fps step: 181108.7 fps total: 120863.2
fps step: 140082.7 fps total: 101233.8
fps step: 168145.9 fps total: 115861.7
fps step: 177172.1 fps total: 119588.1
fps step: 180190.0 fps total: 121580.1
fps step: 158228.2 fps total: 110351.5
fps step: 174390.5 fps total: 119718.2
fps step: 177334.4 fps total: 121430.7
fps step: 165024.8 fps total: 113535.1
fps step: 172002.0 fps total: 114913.1
fps step: 162961.1 fps total: 112010.9
fps step: 175707.1 fps total: 120033.8
fps step: 178976.1 fps total: 120928.3
fps step: 162055.5 fps total: 113168.6
fps step: 177675.8 fps total: 120184.3
fps step: 176620.9 fps total: 117445.2
fps step: 174245.3 fps total: 119028.8
fps step: 167246.8 fps total: 113805.9
fps step: 181626.9 fps total: 122439.9
fps step: 169049.1 fps total: 117119.8
fps step: 172897.0 fps total: 117473.0
fps step: 167322.1 fps total: 113581.5
fps step: 182014.8 fps total: 119648.4
fps step: 171644.2 fps total: 117276.4
fps step: 158556.9 fps total: 109880.1
fps step: 162196.8 fps total: 110882.2
fps step: 172274.9 fps total: 117644.7
fps step: 155084.1 fps total: 110205.5
fps step: 176316.7 fps total: 119710.3
fps step: 151846.7 fps total: 108027.7
fps step: 162242.8 fps total: 112410.0
fps step: 165550.3 fps total: 115446.7
fps step: 175202.8 fps total: 117320.4
fps step: 163943.5 fps total: 113044.6
fps step: 184150.1 fps total: 122459.2
fps step: 181876.9 fps total: 120387.4
fps step: 181216.3 fps total: 120576.7
fps step: 168486.5 fps total: 114984.1
fps step: 168744.0 fps total: 115469.9
fps step: 157717.6 fps total: 107994.8
fps step: 181070.6 fps total: 122750.3
fps step: 182458.1 fps total: 120217.1
fps step: 183220.9 fps total: 120680.1
fps step: 183881.1 fps total: 124191.6
=> saving checkpoint 'runs/HumanoidAMP_04-16-25-51/nn/HumanoidAMP_04-16-25-52_2000.pth'
fps step: 183812.7 fps total: 124452.2
fps step: 163569.2 fps total: 111375.0
fps step: 164833.5 fps total: 113439.3
fps step: 175651.2 fps total: 117190.5
fps step: 169854.6 fps total: 116114.6
fps step: 172556.9 fps total: 118031.1
fps step: 170448.3 fps total: 114853.5
fps step: 173903.7 fps total: 118250.4
fps step: 163944.9 fps total: 113098.0
fps step: 172325.4 fps total: 117447.2
fps step: 157623.6 fps total: 109697.0
fps step: 178242.3 fps total: 119241.4
fps step: 158602.4 fps total: 110373.7
fps step: 167049.3 fps total: 114707.2
fps step: 171003.2 fps total: 116873.4
fps step: 164825.7 fps total: 114386.8
fps step: 177787.2 fps total: 121009.4
fps step: 165156.9 fps total: 114810.0
fps step: 162948.0 fps total: 109752.8
fps step: 162128.8 fps total: 110542.5
fps step: 179967.5 fps total: 120043.2
fps step: 179229.3 fps total: 118324.3
fps step: 164853.8 fps total: 112219.6
fps step: 169873.2 fps total: 116125.0
fps step: 181157.0 fps total: 119781.7
fps step: 176242.5 fps total: 118840.3
fps step: 164215.4 fps total: 114040.2
fps step: 161872.6 fps total: 111325.5
fps step: 169686.1 fps total: 116386.8
fps step: 170188.9 fps total: 116798.3
fps step: 176133.0 fps total: 116977.9
fps step: 170574.1 fps total: 116577.2
fps step: 172654.6 fps total: 116318.9
fps step: 170585.2 fps total: 115232.4
fps step: 172342.4 fps total: 116532.6
fps step: 168280.4 fps total: 114119.4
fps step: 171687.8 fps total: 118406.6
fps step: 184249.1 fps total: 123086.8
fps step: 182073.1 fps total: 121401.4
fps step: 180182.6 fps total: 118161.6
fps step: 172611.4 fps total: 114482.8
fps step: 173719.7 fps total: 118861.5
fps step: 179353.7 fps total: 120171.5
fps step: 180508.5 fps total: 121226.3
fps step: 173809.3 fps total: 118571.6
fps step: 162852.6 fps total: 111626.6
fps step: 165096.4 fps total: 110895.8
fps step: 155678.2 fps total: 109077.4
fps step: 184358.7 fps total: 124884.3
fps step: 174422.6 fps total: 119119.4
=> saving checkpoint 'runs/HumanoidAMP_04-16-25-51/nn/HumanoidAMP_04-16-25-52_2050.pth'
fps step: 181505.4 fps total: 120368.2
fps step: 181377.3 fps total: 120067.1
fps step: 182341.3 fps total: 123609.4
fps step: 180564.2 fps total: 120037.3
fps step: 169830.9 fps total: 117061.1
fps step: 168303.0 fps total: 115408.0
fps step: 171439.6 fps total: 115305.2
fps step: 153975.6 fps total: 104332.8
fps step: 158117.3 fps total: 109641.5
fps step: 162098.6 fps total: 108441.4
fps step: 164295.4 fps total: 113500.6
fps step: 183089.5 fps total: 121911.8
fps step: 181026.4 fps total: 118999.5
fps step: 180706.6 fps total: 122606.5
fps step: 184303.5 fps total: 123300.5
fps step: 172498.7 fps total: 118937.8
fps step: 180818.2 fps total: 122847.0
fps step: 182689.3 fps total: 123999.6
fps step: 182332.4 fps total: 123838.2
fps step: 186402.8 fps total: 125299.4
fps step: 183163.3 fps total: 124301.8
fps step: 181040.3 fps total: 122257.6
fps step: 166477.5 fps total: 113809.1
fps step: 166648.4 fps total: 113488.8
fps step: 169458.6 fps total: 114881.0
fps step: 166719.7 fps total: 111870.5
fps step: 167974.8 fps total: 112062.2
fps step: 156620.1 fps total: 108788.3
fps step: 171887.9 fps total: 117328.1
fps step: 176940.4 fps total: 120403.7
fps step: 183288.0 fps total: 122651.0
fps step: 176802.5 fps total: 120115.7
fps step: 179229.4 fps total: 119487.0
fps step: 178900.6 fps total: 122200.5
fps step: 169008.6 fps total: 117375.0
fps step: 180663.9 fps total: 122314.4
fps step: 169842.2 fps total: 114112.7
fps step: 169147.7 fps total: 113710.9
fps step: 169745.4 fps total: 116110.7
fps step: 181283.2 fps total: 122404.3
fps step: 182338.7 fps total: 123172.7
fps step: 184700.9 fps total: 124361.7
fps step: 168229.4 fps total: 116696.3
fps step: 181329.1 fps total: 122335.3
fps step: 183487.3 fps total: 123290.3
fps step: 181979.9 fps total: 123332.8
fps step: 175336.1 fps total: 117832.0
fps step: 180406.8 fps total: 118911.9
fps step: 175720.2 fps total: 118993.4
fps step: 177791.4 fps total: 121550.8
=> saving checkpoint 'runs/HumanoidAMP_04-16-25-51/nn/HumanoidAMP_04-16-25-52_2100.pth'
fps step: 175176.8 fps total: 119066.2
fps step: 183519.4 fps total: 123603.7
fps step: 182036.1 fps total: 122747.3
fps step: 184354.1 fps total: 122417.1
fps step: 165138.7 fps total: 113776.3
fps step: 183727.1 fps total: 124243.0
fps step: 182810.4 fps total: 123638.1
fps step: 184219.0 fps total: 123134.1
fps step: 173623.0 fps total: 117298.4
fps step: 164209.1 fps total: 114230.5
fps step: 181494.2 fps total: 119030.7
fps step: 181458.3 fps total: 123403.1
fps step: 165633.7 fps total: 116063.2
fps step: 160399.3 fps total: 113296.9
fps step: 178015.2 fps total: 122263.0
fps step: 174375.1 fps total: 119844.6
fps step: 174582.4 fps total: 119132.3
fps step: 177511.2 fps total: 119659.2
fps step: 167341.2 fps total: 114064.0
fps step: 163408.5 fps total: 113681.2
fps step: 165568.3 fps total: 113469.5
fps step: 174907.7 fps total: 119463.8
fps step: 172225.9 fps total: 116691.3
fps step: 170666.0 fps total: 116956.9
fps step: 175117.2 fps total: 117306.3
fps step: 180202.8 fps total: 118568.4
fps step: 169120.8 fps total: 114276.0
fps step: 183420.6 fps total: 122449.4
fps step: 180712.8 fps total: 121167.0
fps step: 180272.9 fps total: 122329.5
fps step: 181903.9 fps total: 123719.3
fps step: 178625.9 fps total: 121337.0
fps step: 175210.7 fps total: 120211.3
fps step: 169540.2 fps total: 115388.7
fps step: 173072.8 fps total: 117576.7
fps step: 164841.9 fps total: 112663.1
fps step: 175488.1 fps total: 117498.4
fps step: 177281.2 fps total: 118347.3
fps step: 169703.9 fps total: 115366.8
fps step: 175567.6 fps total: 119426.0
fps step: 163160.5 fps total: 111528.6
fps step: 154653.9 fps total: 108163.5
fps step: 156187.3 fps total: 105469.5
fps step: 165884.3 fps total: 115684.0
fps step: 170835.5 fps total: 117263.0
fps step: 175628.7 fps total: 119377.9
fps step: 161293.4 fps total: 111059.9
fps step: 162720.3 fps total: 112046.7
fps step: 172187.6 fps total: 117975.2
fps step: 173620.1 fps total: 117776.6
=> saving checkpoint 'runs/HumanoidAMP_04-16-25-51/nn/HumanoidAMP_04-16-25-52_2150.pth'
fps step: 170334.3 fps total: 116912.3
fps step: 176596.8 fps total: 119499.7
fps step: 164467.4 fps total: 111382.7
fps step: 165707.1 fps total: 112709.3
fps step: 165832.9 fps total: 113193.3
fps step: 178194.9 fps total: 121705.7
fps step: 184070.3 fps total: 124635.8
fps step: 181873.3 fps total: 123545.7
fps step: 182259.7 fps total: 122792.3
fps step: 185090.0 fps total: 125490.3
fps step: 176764.1 fps total: 119978.9
fps step: 182141.2 fps total: 121973.3
fps step: 183806.9 fps total: 124669.7
fps step: 178579.6 fps total: 119756.9
fps step: 171182.5 fps total: 117551.3
fps step: 151782.1 fps total: 106203.7
fps step: 182134.4 fps total: 123033.7
fps step: 165119.2 fps total: 112392.6
fps step: 157247.2 fps total: 109942.9
fps step: 171950.4 fps total: 113988.0
fps step: 174108.1 fps total: 117579.0
fps step: 183769.4 fps total: 123213.4
fps step: 180835.5 fps total: 121308.9
fps step: 177625.4 fps total: 121041.3
fps step: 177431.5 fps total: 118291.7
fps step: 173510.0 fps total: 117530.8
fps step: 161687.7 fps total: 110757.3
fps step: 169535.4 fps total: 111882.8
fps step: 169457.3 fps total: 112472.2
fps step: 167053.9 fps total: 114395.9
fps step: 169580.3 fps total: 115446.8
fps step: 156406.4 fps total: 109365.3
fps step: 152372.4 fps total: 106419.1
fps step: 176525.6 fps total: 115859.3
fps step: 175105.8 fps total: 116023.5
fps step: 177730.6 fps total: 119325.8
fps step: 177803.1 fps total: 120720.2
fps step: 167637.2 fps total: 114123.2
fps step: 178874.4 fps total: 118666.7
fps step: 146417.6 fps total: 103799.1
fps step: 170623.2 fps total: 116063.9
fps step: 168363.2 fps total: 115661.8
fps step: 156887.5 fps total: 109887.3
fps step: 170452.4 fps total: 117432.2
fps step: 180070.6 fps total: 121375.5
fps step: 167429.0 fps total: 114511.8
fps step: 171724.4 fps total: 116624.8
fps step: 176306.9 fps total: 120247.4
fps step: 177299.6 fps total: 121359.1
fps step: 182598.0 fps total: 123817.1
=> saving checkpoint 'runs/HumanoidAMP_04-16-25-51/nn/HumanoidAMP_04-16-25-52_2200.pth'
fps step: 184917.7 fps total: 124549.9
fps step: 179203.7 fps total: 119429.6
fps step: 171169.6 fps total: 115204.4
fps step: 181470.3 fps total: 122722.1
fps step: 182622.0 fps total: 123726.6
fps step: 182464.8 fps total: 123325.7
fps step: 173186.2 fps total: 115653.9
fps step: 183422.5 fps total: 123586.2
fps step: 181614.5 fps total: 120999.6
fps step: 176927.3 fps total: 118425.5
fps step: 178367.5 fps total: 119574.4
fps step: 177767.0 fps total: 118320.0
fps step: 167127.3 fps total: 114324.2
fps step: 177129.9 fps total: 119689.2
fps step: 180034.7 fps total: 121423.2
fps step: 177241.2 fps total: 118789.5
fps step: 165247.9 fps total: 114251.1
fps step: 170956.0 fps total: 116203.6
fps step: 161440.9 fps total: 112786.0
fps step: 176178.8 fps total: 120667.6
fps step: 169762.6 fps total: 115402.6
fps step: 164481.3 fps total: 113340.1
fps step: 162688.8 fps total: 111378.0
fps step: 160178.5 fps total: 109815.4
fps step: 166190.9 fps total: 113554.9
fps step: 166360.8 fps total: 113601.1
fps step: 171403.7 fps total: 115998.5
fps step: 175235.1 fps total: 117380.7
fps step: 162073.7 fps total: 111930.5
fps step: 173568.5 fps total: 118672.6
fps step: 180513.3 fps total: 122956.7
fps step: 165544.1 fps total: 114086.7
fps step: 170920.8 fps total: 116198.7
fps step: 173397.9 fps total: 115505.3
fps step: 150341.6 fps total: 105978.4
fps step: 171728.4 fps total: 115848.6
fps step: 164633.5 fps total: 113592.8
fps step: 180957.6 fps total: 119642.0
fps step: 182218.8 fps total: 118889.1
fps step: 173899.1 fps total: 116038.0
fps step: 178882.8 fps total: 122070.0
fps step: 176327.0 fps total: 120705.5
fps step: 170531.4 fps total: 117582.6
fps step: 181546.7 fps total: 123049.3
fps step: 179177.2 fps total: 122448.3
fps step: 180169.8 fps total: 121951.4
fps step: 178702.5 fps total: 120097.1
fps step: 181775.4 fps total: 123452.3
fps step: 179624.8 fps total: 122432.4
fps step: 180368.1 fps total: 122763.4
=> saving checkpoint 'runs/HumanoidAMP_04-16-25-51/nn/HumanoidAMP_04-16-25-52_2250.pth'
fps step: 178095.7 fps total: 121256.2
fps step: 180159.0 fps total: 121416.4
fps step: 166454.8 fps total: 115589.9
fps step: 166930.9 fps total: 112283.1
fps step: 173049.7 fps total: 116630.0
fps step: 177707.4 fps total: 119356.2
fps step: 168566.3 fps total: 116575.4
fps step: 162255.1 fps total: 112408.7
fps step: 167784.7 fps total: 114549.7
fps step: 169377.2 fps total: 115230.1
fps step: 180835.7 fps total: 121932.2
fps step: 180539.4 fps total: 122185.0
fps step: 178882.9 fps total: 121747.0
fps step: 181139.1 fps total: 122943.9
fps step: 181248.2 fps total: 122718.4
fps step: 178991.7 fps total: 119673.4
fps step: 173731.0 fps total: 119571.6
fps step: 165301.4 fps total: 115193.5
fps step: 179948.8 fps total: 120218.4
fps step: 167458.5 fps total: 114392.0
fps step: 169669.0 fps total: 114765.4
fps step: 161498.6 fps total: 111420.0
fps step: 174093.6 fps total: 118431.3
fps step: 175267.2 fps total: 117185.4
fps step: 181399.0 fps total: 122119.5
fps step: 173429.9 fps total: 118850.3
fps step: 182171.4 fps total: 120200.6
fps step: 180718.5 fps total: 121201.9
fps step: 177832.3 fps total: 121120.3
fps step: 181757.3 fps total: 123549.7
fps step: 184637.1 fps total: 124710.3
fps step: 182100.5 fps total: 123518.2
fps step: 182324.3 fps total: 124049.0
fps step: 182457.6 fps total: 123644.5
fps step: 181708.3 fps total: 123090.2
fps step: 181055.3 fps total: 122247.9
fps step: 182375.2 fps total: 122342.9
fps step: 183248.2 fps total: 123576.6
fps step: 179529.1 fps total: 122088.7
fps step: 180296.0 fps total: 121747.3
fps step: 182067.5 fps total: 123671.1
fps step: 172232.9 fps total: 116432.8
fps step: 174960.8 fps total: 118151.3
fps step: 179802.5 fps total: 121793.1
fps step: 171462.7 fps total: 118659.7
fps step: 173948.4 fps total: 118627.1
fps step: 160612.5 fps total: 112089.0
fps step: 172983.0 fps total: 118403.6
fps step: 167691.5 fps total: 115955.1
fps step: 176758.0 fps total: 120226.6
=> saving checkpoint 'runs/HumanoidAMP_04-16-25-51/nn/HumanoidAMP_04-16-25-52_2300.pth'
fps step: 173346.6 fps total: 118096.8
fps step: 171244.7 fps total: 118106.9
fps step: 181682.6 fps total: 121602.7
fps step: 169626.5 fps total: 116132.1
fps step: 174745.1 fps total: 117508.0
fps step: 180389.5 fps total: 121325.3
fps step: 180702.1 fps total: 118914.9
fps step: 176896.4 fps total: 118989.4
fps step: 178833.6 fps total: 119904.2
fps step: 181493.4 fps total: 120029.3
fps step: 163150.4 fps total: 111803.5
fps step: 175966.6 fps total: 116860.1
fps step: 175009.2 fps total: 119319.5
fps step: 162626.8 fps total: 112116.1
fps step: 167275.3 fps total: 113609.4
fps step: 161768.6 fps total: 111809.3
fps step: 179510.2 fps total: 120401.2
fps step: 181412.4 fps total: 119681.3
fps step: 172755.7 fps total: 116109.5
fps step: 179823.1 fps total: 122061.2
fps step: 183001.0 fps total: 123881.2
fps step: 179886.9 fps total: 122400.1
fps step: 180455.0 fps total: 122987.9
fps step: 181195.3 fps total: 123349.9
fps step: 181842.5 fps total: 123125.2
fps step: 164638.2 fps total: 113202.1
fps step: 155252.6 fps total: 109298.9
fps step: 160348.8 fps total: 111547.7
fps step: 165472.3 fps total: 114218.5
fps step: 179116.1 fps total: 118983.4
fps step: 178180.6 fps total: 121774.4
fps step: 160413.7 fps total: 110731.9
fps step: 164317.2 fps total: 112167.3
fps step: 167707.0 fps total: 112937.0
fps step: 166503.0 fps total: 113385.4
fps step: 163703.7 fps total: 113964.6
fps step: 159861.6 fps total: 111581.1
fps step: 167218.2 fps total: 115702.5
fps step: 166986.8 fps total: 113590.3
fps step: 167287.8 fps total: 115357.0
fps step: 174004.9 fps total: 118219.5
fps step: 167534.5 fps total: 113549.8
fps step: 171317.4 fps total: 116071.1
fps step: 173613.4 fps total: 117986.7
fps step: 166244.0 fps total: 111186.8
fps step: 156541.2 fps total: 110177.8
fps step: 165375.2 fps total: 113892.8
fps step: 161350.3 fps total: 112723.5
fps step: 166045.0 fps total: 115823.7
fps step: 171115.4 fps total: 116571.9
=> saving checkpoint 'runs/HumanoidAMP_04-16-25-51/nn/HumanoidAMP_04-16-25-52_2350.pth'
fps step: 175994.3 fps total: 118581.3
fps step: 170253.9 fps total: 117012.8
fps step: 164994.6 fps total: 114817.8
fps step: 177563.3 fps total: 118770.5
fps step: 180024.0 fps total: 121772.2
fps step: 181835.4 fps total: 122956.4
fps step: 178682.8 fps total: 118307.7
fps step: 158131.8 fps total: 110586.0
fps step: 167069.1 fps total: 113703.2
fps step: 152076.6 fps total: 106439.1
fps step: 175280.1 fps total: 118025.2
fps step: 169154.6 fps total: 115469.1
fps step: 159146.4 fps total: 112063.3
fps step: 151818.5 fps total: 108502.6
fps step: 176132.0 fps total: 120902.0
fps step: 177895.0 fps total: 121657.1
fps step: 178856.9 fps total: 120555.7
fps step: 178302.8 fps total: 121743.7
fps step: 178592.5 fps total: 122170.3
fps step: 178399.7 fps total: 121597.3
fps step: 177450.3 fps total: 121268.3
fps step: 183006.7 fps total: 124353.4
fps step: 181003.9 fps total: 122982.3
fps step: 177687.2 fps total: 121228.3
fps step: 180918.9 fps total: 122920.5
fps step: 180590.9 fps total: 121892.2
fps step: 180793.4 fps total: 122985.3
fps step: 181104.2 fps total: 122356.4
fps step: 172810.2 fps total: 119005.7
fps step: 174783.4 fps total: 117434.5
fps step: 163877.5 fps total: 112738.0
fps step: 144653.7 fps total: 102261.1
fps step: 172237.8 fps total: 114341.4
fps step: 161290.2 fps total: 111632.8
fps step: 170959.6 fps total: 116192.8
fps step: 158693.5 fps total: 108009.9
fps step: 162113.1 fps total: 111113.9
fps step: 172397.8 fps total: 114430.4
fps step: 164048.0 fps total: 113972.4
fps step: 167500.2 fps total: 112035.7
fps step: 164361.4 fps total: 112135.0
fps step: 167177.9 fps total: 112814.8
fps step: 170841.2 fps total: 115673.0
fps step: 165940.8 fps total: 114380.9
fps step: 181627.5 fps total: 120938.8
fps step: 176266.0 fps total: 118361.5
fps step: 169862.3 fps total: 115453.8
fps step: 151199.5 fps total: 106219.0
fps step: 163183.2 fps total: 111461.9
fps step: 163977.6 fps total: 114009.7
=> saving checkpoint 'runs/HumanoidAMP_04-16-25-51/nn/HumanoidAMP_04-16-25-52_2400.pth'
fps step: 169389.1 fps total: 114734.3
fps step: 166724.8 fps total: 113964.1
fps step: 181035.2 fps total: 121222.0
fps step: 168818.4 fps total: 115985.3
fps step: 181189.5 fps total: 121356.3
fps step: 182275.9 fps total: 121281.5
fps step: 181655.2 fps total: 123657.7
fps step: 181801.0 fps total: 123143.4
fps step: 183893.0 fps total: 124352.6
fps step: 186859.3 fps total: 124768.1
fps step: 182433.4 fps total: 123867.5
fps step: 182808.9 fps total: 124056.1
fps step: 182019.9 fps total: 123422.1
fps step: 178080.7 fps total: 121082.4
fps step: 181909.7 fps total: 121924.6
fps step: 183706.1 fps total: 124464.5
fps step: 185953.7 fps total: 125187.5
fps step: 168203.8 fps total: 113604.8
fps step: 179089.4 fps total: 119298.8
fps step: 183957.4 fps total: 121780.4
fps step: 177534.0 fps total: 119902.4
fps step: 178367.8 fps total: 118559.4
fps step: 181369.1 fps total: 122785.4
fps step: 178891.5 fps total: 122288.2
fps step: 177844.6 fps total: 119392.1
fps step: 174874.3 fps total: 118540.1
fps step: 153902.1 fps total: 107909.8
fps step: 177126.3 fps total: 120896.4
fps step: 183819.2 fps total: 122214.6
fps step: 179471.8 fps total: 121164.0
fps step: 176584.1 fps total: 119769.3
fps step: 165782.6 fps total: 113565.6
fps step: 182501.5 fps total: 121405.6
fps step: 177449.2 fps total: 120276.1
fps step: 170683.4 fps total: 114685.6
fps step: 179657.8 fps total: 121876.5
fps step: 177849.9 fps total: 120938.8
fps step: 179772.0 fps total: 122357.4
fps step: 181752.8 fps total: 123609.5
fps step: 173544.9 fps total: 119219.7
fps step: 181353.5 fps total: 123179.3
fps step: 182787.8 fps total: 123670.5
fps step: 179886.3 fps total: 120836.7
fps step: 173710.5 fps total: 118960.5
fps step: 172699.3 fps total: 118596.6
fps step: 179822.7 fps total: 121815.7
fps step: 179988.7 fps total: 119881.9
fps step: 181260.3 fps total: 121297.2
fps step: 169921.8 fps total: 116624.3
fps step: 161260.8 fps total: 113356.4
=> saving checkpoint 'runs/HumanoidAMP_04-16-25-51/nn/HumanoidAMP_04-16-25-52_2450.pth'
fps step: 168845.1 fps total: 117232.8
fps step: 170945.5 fps total: 118462.0
fps step: 171181.7 fps total: 118045.7
fps step: 167216.4 fps total: 115610.9
fps step: 170947.5 fps total: 115882.2
fps step: 181209.1 fps total: 119975.1
fps step: 181068.9 fps total: 122893.0
fps step: 169854.2 fps total: 111220.8
fps step: 156996.0 fps total: 109019.6
fps step: 158671.3 fps total: 110450.0
fps step: 161944.9 fps total: 109216.8
fps step: 153625.5 fps total: 109218.6
fps step: 170559.5 fps total: 112117.7
fps step: 161085.4 fps total: 111943.8
fps step: 162615.9 fps total: 113217.3
fps step: 152006.9 fps total: 106430.8
fps step: 167704.9 fps total: 115651.4
fps step: 156169.6 fps total: 110030.7
fps step: 167884.8 fps total: 116048.3
fps step: 174480.1 fps total: 119576.9
fps step: 165905.1 fps total: 112303.3
fps step: 180135.1 fps total: 118831.3
fps step: 164727.8 fps total: 113514.0
fps step: 170676.7 fps total: 116095.4
fps step: 175513.7 fps total: 120970.7
fps step: 183220.9 fps total: 121621.4
fps step: 171172.6 fps total: 115523.8
fps step: 158489.4 fps total: 108325.8
fps step: 157748.3 fps total: 108980.5
fps step: 172008.0 fps total: 117682.5
fps step: 152010.4 fps total: 107840.3
fps step: 181871.3 fps total: 124865.6
fps step: 179418.1 fps total: 123101.1
fps step: 181614.1 fps total: 123906.2
fps step: 183575.8 fps total: 125445.1
fps step: 182062.8 fps total: 124643.1
fps step: 181362.4 fps total: 124289.7
fps step: 182409.9 fps total: 124716.7
fps step: 183531.0 fps total: 125434.5
fps step: 180449.9 fps total: 121571.2
fps step: 152643.8 fps total: 108694.5
fps step: 175084.9 fps total: 117773.0
fps step: 155489.2 fps total: 109497.7
fps step: 162128.2 fps total: 111560.2
fps step: 167910.7 fps total: 114532.6
fps step: 183220.9 fps total: 124108.1
fps step: 179723.8 fps total: 123763.3
fps step: 181264.7 fps total: 108591.1
fps step: 171006.8 fps total: 117483.4
fps step: 175218.9 fps total: 119387.1
=> saving checkpoint 'runs/HumanoidAMP_04-16-25-51/nn/HumanoidAMP_04-16-25-52_2500.pth'
fps step: 176772.2 fps total: 120557.4
fps step: 170596.3 fps total: 118137.1
fps step: 172908.9 fps total: 119724.8
fps step: 181442.7 fps total: 122836.0
fps step: 184535.7 fps total: 121756.3
fps step: 184993.6 fps total: 122085.8
fps step: 181502.4 fps total: 118841.0
fps step: 162439.0 fps total: 111692.4
fps step: 166115.5 fps total: 113797.6
fps step: 171594.5 fps total: 117638.6
fps step: 167848.3 fps total: 114471.7
fps step: 179933.2 fps total: 119957.8
fps step: 177074.5 fps total: 119395.4
fps step: 177523.4 fps total: 119970.2
fps step: 173909.8 fps total: 119428.4
fps step: 179168.7 fps total: 121784.6
fps step: 166740.5 fps total: 115132.6
fps step: 180861.0 fps total: 120073.9
fps step: 170505.2 fps total: 118916.2
fps step: 168110.4 fps total: 114608.5
fps step: 171648.8 fps total: 117389.2
fps step: 174820.6 fps total: 119169.1
fps step: 182569.5 fps total: 122206.7
fps step: 175499.8 fps total: 117692.8
fps step: 166372.5 fps total: 114928.5
fps step: 181945.9 fps total: 122879.2
fps step: 179754.2 fps total: 119563.1
fps step: 175880.2 fps total: 120607.8
fps step: 185004.8 fps total: 122932.4
fps step: 181376.3 fps total: 122180.2
fps step: 170427.3 fps total: 118087.0
fps step: 173195.7 fps total: 118959.3
fps step: 176277.0 fps total: 120446.2
fps step: 181001.2 fps total: 122888.1
fps step: 168021.2 fps total: 117453.4
fps step: 162607.9 fps total: 114891.0
fps step: 163128.2 fps total: 113342.6
fps step: 181834.5 fps total: 122479.3
fps step: 173430.1 fps total: 118816.3
fps step: 174862.1 fps total: 121167.5
fps step: 167857.9 fps total: 116341.3
fps step: 170947.8 fps total: 118778.8
fps step: 176542.6 fps total: 115298.2
fps step: 176890.6 fps total: 119683.7
fps step: 179818.8 fps total: 119557.4
fps step: 178817.7 fps total: 123343.8
fps step: 183668.1 fps total: 125670.7
fps step: 156800.4 fps total: 112187.2
fps step: 168251.3 fps total: 117929.3
fps step: 186361.7 fps total: 125992.1
=> saving checkpoint 'runs/HumanoidAMP_04-16-25-51/nn/HumanoidAMP_04-16-25-52_2550.pth'
fps step: 177978.1 fps total: 120692.6
fps step: 165315.3 fps total: 112336.8
fps step: 168201.2 fps total: 114823.6
fps step: 182516.2 fps total: 124945.0
fps step: 167037.9 fps total: 116981.9
fps step: 172683.3 fps total: 119144.2
fps step: 172055.6 fps total: 120104.1
fps step: 186535.7 fps total: 126241.7
fps step: 184293.3 fps total: 124270.1
fps step: 184330.0 fps total: 125178.0
fps step: 183724.0 fps total: 124312.6
fps step: 170889.5 fps total: 118016.9
fps step: 170835.8 fps total: 114248.1
fps step: 179758.3 fps total: 121389.6
fps step: 184444.3 fps total: 124998.1
fps step: 186433.7 fps total: 126331.2
fps step: 184511.9 fps total: 125436.8
fps step: 159718.1 fps total: 112929.8
fps step: 174439.8 fps total: 120896.1
fps step: 176460.0 fps total: 120649.0
fps step: 161811.6 fps total: 113251.5
fps step: 188714.7 fps total: 127280.3
fps step: 181538.0 fps total: 121945.5
fps step: 184224.4 fps total: 125012.8
fps step: 185088.5 fps total: 125251.3
fps step: 183781.0 fps total: 125893.7
fps step: 180718.3 fps total: 124061.2
fps step: 186882.4 fps total: 126822.6
fps step: 185476.3 fps total: 126255.5
fps step: 176426.5 fps total: 119846.7
fps step: 167994.5 fps total: 116146.1
fps step: 144541.7 fps total: 101237.9
fps step: 149779.5 fps total: 104237.1
fps step: 168709.2 fps total: 114290.2
fps step: 161881.5 fps total: 112375.6
fps step: 171325.4 fps total: 116422.6
fps step: 150781.6 fps total: 105985.5
fps step: 164018.1 fps total: 113516.3
fps step: 157669.8 fps total: 110209.0
fps step: 173211.9 fps total: 117108.2
fps step: 162537.4 fps total: 109018.9
fps step: 161209.7 fps total: 107701.7
fps step: 143929.7 fps total: 102040.4
fps step: 173502.6 fps total: 115745.4
fps step: 163976.2 fps total: 111111.1
fps step: 175278.1 fps total: 117806.3
fps step: 166628.3 fps total: 113559.8
fps step: 167462.0 fps total: 113702.5
fps step: 166211.7 fps total: 112021.7
fps step: 172466.8 fps total: 117259.7
=> saving checkpoint 'runs/HumanoidAMP_04-16-25-51/nn/HumanoidAMP_04-16-25-52_2600.pth'
fps step: 179967.1 fps total: 120780.2
fps step: 176578.7 fps total: 119347.9
fps step: 163780.2 fps total: 111445.5
fps step: 153723.5 fps total: 108550.4
fps step: 160108.9 fps total: 109965.6
fps step: 163557.8 fps total: 114146.8
fps step: 176366.4 fps total: 119345.2
fps step: 163220.8 fps total: 114332.9
fps step: 164213.9 fps total: 113531.6
fps step: 147457.8 fps total: 102607.2
fps step: 173922.7 fps total: 116052.8
fps step: 174302.2 fps total: 115631.3
fps step: 170615.8 fps total: 117111.9
fps step: 183434.4 fps total: 125101.4
fps step: 182033.9 fps total: 124676.4
fps step: 184522.6 fps total: 125237.9
fps step: 185106.5 fps total: 125941.4
fps step: 185868.2 fps total: 124384.3
fps step: 185923.7 fps total: 126563.7
fps step: 180270.6 fps total: 119646.3
fps step: 183635.4 fps total: 124810.5
fps step: 184550.8 fps total: 125889.0
fps step: 185036.9 fps total: 124745.8
fps step: 188484.8 fps total: 127698.4
fps step: 188212.6 fps total: 126077.8
fps step: 186792.5 fps total: 123609.5
fps step: 188239.9 fps total: 127265.1
fps step: 187025.9 fps total: 127275.2
fps step: 188839.7 fps total: 128240.6
fps step: 188343.5 fps total: 127683.0
fps step: 185752.7 fps total: 124666.8
fps step: 174031.7 fps total: 118141.4
fps step: 174298.7 fps total: 117771.8
fps step: 185868.6 fps total: 126068.2
fps step: 182360.0 fps total: 121943.3
fps step: 165712.0 fps total: 114665.6
fps step: 176592.9 fps total: 120992.2
fps step: 169367.5 fps total: 117148.7
fps step: 171284.5 fps total: 115334.7
fps step: 183738.4 fps total: 124093.1
fps step: 171727.7 fps total: 118386.8
fps step: 169259.7 fps total: 116556.6
fps step: 188354.1 fps total: 123491.6
fps step: 178185.1 fps total: 121340.0
fps step: 184747.8 fps total: 123606.2
fps step: 182228.3 fps total: 123686.6
fps step: 164914.1 fps total: 111588.7
fps step: 176158.3 fps total: 119395.3
fps step: 170554.1 fps total: 114557.0
fps step: 158649.3 fps total: 108186.0
=> saving checkpoint 'runs/HumanoidAMP_04-16-25-51/nn/HumanoidAMP_04-16-25-52_2650.pth'
fps step: 172524.5 fps total: 116097.3
fps step: 151393.2 fps total: 105719.1
fps step: 183672.4 fps total: 122656.1
fps step: 165367.0 fps total: 116460.8
fps step: 181856.6 fps total: 121990.6
fps step: 186292.6 fps total: 126237.6
fps step: 175276.5 fps total: 118943.7
fps step: 167652.6 fps total: 111606.7
fps step: 158434.3 fps total: 111787.0
fps step: 165229.9 fps total: 114098.4
fps step: 176416.2 fps total: 121087.4
fps step: 178574.5 fps total: 122651.0
fps step: 165856.8 fps total: 115193.9
fps step: 180838.0 fps total: 120999.7
fps step: 180236.2 fps total: 123499.2
fps step: 181517.2 fps total: 121893.3
fps step: 167765.6 fps total: 114855.0
fps step: 175523.2 fps total: 118168.5
fps step: 183149.1 fps total: 122272.5
fps step: 186701.2 fps total: 124238.5
fps step: 187480.1 fps total: 125974.9
fps step: 188732.2 fps total: 126505.5
fps step: 185870.7 fps total: 123323.9
fps step: 182877.8 fps total: 120470.4
fps step: 177814.9 fps total: 122144.1
fps step: 179983.1 fps total: 123164.1
fps step: 170965.7 fps total: 119223.9
fps step: 182723.3 fps total: 124369.6
fps step: 186549.8 fps total: 123912.4
fps step: 185649.7 fps total: 124569.4
fps step: 187611.1 fps total: 125803.1
fps step: 181239.9 fps total: 121541.5
fps step: 167226.5 fps total: 112640.1
fps step: 162303.8 fps total: 112942.0
fps step: 174841.6 fps total: 119010.3
fps step: 168170.9 fps total: 116794.1
fps step: 181390.0 fps total: 123149.9
fps step: 164180.5 fps total: 115869.7
fps step: 187447.6 fps total: 126022.6
fps step: 189144.7 fps total: 128319.1
fps step: 187082.6 fps total: 125180.9
fps step: 188477.5 fps total: 126470.3
fps step: 185683.8 fps total: 126122.4
fps step: 182819.5 fps total: 122556.6
fps step: 187530.3 fps total: 125719.2
fps step: 188299.9 fps total: 126135.5
fps step: 165278.1 fps total: 112898.4
fps step: 179434.4 fps total: 120596.5
fps step: 183309.7 fps total: 121361.9
fps step: 182971.6 fps total: 124084.0
=> saving checkpoint 'runs/HumanoidAMP_04-16-25-51/nn/HumanoidAMP_04-16-25-52_2700.pth'
fps step: 188926.9 fps total: 127703.8
fps step: 186407.4 fps total: 123748.8
fps step: 172518.1 fps total: 115956.1
fps step: 182071.4 fps total: 122575.8
fps step: 184821.1 fps total: 125279.4
fps step: 181473.1 fps total: 123427.4
fps step: 191300.5 fps total: 128508.4
fps step: 187385.2 fps total: 126352.6
fps step: 185231.2 fps total: 124760.8
fps step: 188240.7 fps total: 126393.9
fps step: 188504.4 fps total: 125729.7
fps step: 181008.6 fps total: 122446.6
fps step: 189020.6 fps total: 125074.0
fps step: 170649.7 fps total: 117103.6
fps step: 177037.9 fps total: 120484.1
fps step: 187394.0 fps total: 124440.5
fps step: 158640.5 fps total: 107510.0
fps step: 165047.1 fps total: 113815.5
fps step: 169718.5 fps total: 112750.1
fps step: 171596.9 fps total: 115055.0
fps step: 161826.7 fps total: 109383.1
fps step: 169116.3 fps total: 114516.3
fps step: 174431.5 fps total: 118366.8
fps step: 179911.5 fps total: 119871.7
fps step: 171548.7 fps total: 115852.7
fps step: 152717.3 fps total: 106874.7
fps step: 165403.5 fps total: 110598.8
fps step: 161856.2 fps total: 108624.0
fps step: 164867.4 fps total: 110171.8
fps step: 154712.4 fps total: 106114.6
fps step: 160945.2 fps total: 111936.7
fps step: 174063.5 fps total: 116512.6
fps step: 160191.0 fps total: 109855.6
fps step: 161827.5 fps total: 109715.8
fps step: 158164.1 fps total: 110107.0
fps step: 175533.6 fps total: 115646.8
fps step: 177781.0 fps total: 118087.8
fps step: 177760.7 fps total: 118380.6
fps step: 173104.2 fps total: 114877.2
fps step: 167051.4 fps total: 111388.7
fps step: 165983.4 fps total: 113167.5
fps step: 167459.7 fps total: 112974.9
fps step: 165444.2 fps total: 114264.2
fps step: 173714.9 fps total: 118468.5
fps step: 180167.5 fps total: 121680.2
fps step: 176592.3 fps total: 119317.4
fps step: 172285.9 fps total: 117514.4
fps step: 176645.5 fps total: 118672.6
fps step: 176031.9 fps total: 118592.8
fps step: 163233.5 fps total: 110754.2
=> saving checkpoint 'runs/HumanoidAMP_04-16-25-51/nn/HumanoidAMP_04-16-25-52_2750.pth'
fps step: 167072.8 fps total: 112701.5
fps step: 153660.3 fps total: 107544.0
fps step: 167824.8 fps total: 112393.2
fps step: 156465.6 fps total: 108712.4
fps step: 169599.9 fps total: 115533.9
fps step: 176321.4 fps total: 119538.3
fps step: 164013.7 fps total: 110473.3
fps step: 162343.3 fps total: 111337.6
fps step: 163080.1 fps total: 111846.7
fps step: 160163.2 fps total: 111593.7
fps step: 173099.5 fps total: 117760.0
fps step: 173072.5 fps total: 115733.7
fps step: 175483.1 fps total: 117551.1
fps step: 170064.2 fps total: 114901.2
fps step: 168875.3 fps total: 115098.8
fps step: 170546.3 fps total: 115264.5
fps step: 172241.8 fps total: 113776.1
fps step: 161193.8 fps total: 108586.7
fps step: 162787.2 fps total: 110422.4
fps step: 172087.5 fps total: 114817.5
fps step: 172257.7 fps total: 114334.6
fps step: 149267.4 fps total: 101979.0
fps step: 153502.1 fps total: 108831.8
fps step: 174803.9 fps total: 117763.5
fps step: 175055.4 fps total: 116347.6
fps step: 161612.9 fps total: 111413.4
fps step: 162631.4 fps total: 110671.5
fps step: 156387.7 fps total: 108678.9
fps step: 171625.0 fps total: 115275.6
fps step: 172293.7 fps total: 114529.1
fps step: 171097.2 fps total: 115490.1
fps step: 171215.4 fps total: 114868.0
fps step: 175578.5 fps total: 116741.8
fps step: 156537.0 fps total: 108259.2
fps step: 171948.1 fps total: 115960.8
fps step: 168307.2 fps total: 113817.8
fps step: 165558.4 fps total: 110501.7
fps step: 166073.2 fps total: 111777.1
fps step: 167772.1 fps total: 109053.7
fps step: 171388.0 fps total: 115066.8
fps step: 169063.5 fps total: 115110.7
fps step: 162776.3 fps total: 112214.2
fps step: 147638.4 fps total: 104154.9
fps step: 169693.9 fps total: 113432.4
fps step: 160724.7 fps total: 108844.3
fps step: 165398.3 fps total: 112362.0
fps step: 162710.1 fps total: 111737.6
fps step: 156148.9 fps total: 108162.0
fps step: 166049.7 fps total: 111555.0
fps step: 157787.8 fps total: 108974.0
=> saving checkpoint 'runs/HumanoidAMP_04-16-25-51/nn/HumanoidAMP_04-16-25-52_2800.pth'
fps step: 163003.6 fps total: 111080.5
fps step: 163219.0 fps total: 110103.9
fps step: 156514.8 fps total: 108701.8
fps step: 160684.3 fps total: 110053.0
fps step: 159158.3 fps total: 109804.4
fps step: 161672.5 fps total: 110684.9
fps step: 168228.1 fps total: 114806.7
fps step: 171994.0 fps total: 115406.9
fps step: 174634.2 fps total: 117023.5
fps step: 172545.8 fps total: 115596.5
fps step: 175090.2 fps total: 119134.2
fps step: 177836.0 fps total: 119153.6
fps step: 179632.6 fps total: 119499.9
fps step: 176485.0 fps total: 119624.3
fps step: 170745.8 fps total: 113101.4
fps step: 164080.2 fps total: 112762.7
fps step: 177069.2 fps total: 116505.2
fps step: 162976.5 fps total: 110974.9
fps step: 157487.5 fps total: 106602.5
fps step: 168893.5 fps total: 114666.7
fps step: 171343.0 fps total: 115927.6
fps step: 179091.4 fps total: 116896.6
fps step: 165132.3 fps total: 111646.6
fps step: 181164.1 fps total: 121150.3
fps step: 184438.7 fps total: 122367.8
fps step: 172387.4 fps total: 117343.3
fps step: 175676.0 fps total: 119834.7
fps step: 170427.3 fps total: 117182.6
fps step: 168326.2 fps total: 116024.3
fps step: 163858.7 fps total: 111217.9
fps step: 171136.9 fps total: 112294.6
fps step: 161330.6 fps total: 110858.1
fps step: 155535.3 fps total: 108268.3
fps step: 171102.0 fps total: 115872.1
fps step: 170540.1 fps total: 116486.9
fps step: 175590.3 fps total: 117048.0
fps step: 160660.9 fps total: 112609.3
fps step: 174861.3 fps total: 117435.4
fps step: 167940.2 fps total: 114173.8
fps step: 165111.6 fps total: 112574.0
fps step: 156708.6 fps total: 106849.9
fps step: 170800.7 fps total: 116009.7
fps step: 164098.8 fps total: 108803.6
fps step: 170290.9 fps total: 115194.4
fps step: 165003.7 fps total: 112806.9
fps step: 163459.0 fps total: 111514.5
fps step: 175056.2 fps total: 115299.5
fps step: 184239.0 fps total: 123666.5
fps step: 176102.5 fps total: 120824.3
fps step: 171618.5 fps total: 117762.3
=> saving checkpoint 'runs/HumanoidAMP_04-16-25-51/nn/HumanoidAMP_04-16-25-52_2850.pth'
fps step: 177011.7 fps total: 119896.1
fps step: 171990.4 fps total: 116238.7
fps step: 167202.9 fps total: 115803.1
fps step: 171856.9 fps total: 116907.8
fps step: 166699.6 fps total: 115199.0
fps step: 177500.6 fps total: 120418.9
fps step: 172172.8 fps total: 117684.8
fps step: 185410.1 fps total: 125098.2
fps step: 183822.8 fps total: 124322.7
fps step: 181096.9 fps total: 122184.1
fps step: 167070.8 fps total: 114353.0
fps step: 172044.0 fps total: 116392.4
fps step: 170146.6 fps total: 115561.5
fps step: 170347.2 fps total: 116200.7
fps step: 151373.2 fps total: 106239.5
fps step: 180074.9 fps total: 119546.4
fps step: 185190.8 fps total: 122984.5
fps step: 182392.3 fps total: 123400.2
fps step: 181286.8 fps total: 121043.0
fps step: 187599.4 fps total: 125232.0
fps step: 186178.5 fps total: 123665.9
fps step: 186090.4 fps total: 124105.4
fps step: 171117.9 fps total: 114701.5
fps step: 185133.6 fps total: 119961.1
fps step: 178710.2 fps total: 120565.8
fps step: 168097.7 fps total: 112158.3
fps step: 172369.5 fps total: 117783.4
fps step: 178146.6 fps total: 118017.9
fps step: 171553.6 fps total: 115525.5
fps step: 172476.7 fps total: 117285.0
fps step: 173322.2 fps total: 118313.7
fps step: 161634.9 fps total: 110880.7
fps step: 172027.8 fps total: 119035.9
fps step: 175351.2 fps total: 118444.8
fps step: 176697.6 fps total: 118207.2
fps step: 185477.5 fps total: 123912.9
fps step: 184935.7 fps total: 123416.2
fps step: 184092.8 fps total: 120926.3
fps step: 172401.0 fps total: 116260.8
fps step: 172723.6 fps total: 118458.8
fps step: 183002.6 fps total: 124394.6
fps step: 183788.5 fps total: 124052.3
fps step: 179705.6 fps total: 120788.8
fps step: 185014.9 fps total: 125296.7
fps step: 186247.3 fps total: 124157.6
fps step: 181145.1 fps total: 123015.0
fps step: 185171.5 fps total: 125656.4
fps step: 185751.3 fps total: 124925.6
fps step: 182646.3 fps total: 123980.8
fps step: 180544.6 fps total: 121982.7
=> saving checkpoint 'runs/HumanoidAMP_04-16-25-51/nn/HumanoidAMP_04-16-25-52_2900.pth'
fps step: 176699.2 fps total: 119712.4
fps step: 175029.4 fps total: 119915.2
fps step: 166462.0 fps total: 112255.2
fps step: 174449.7 fps total: 117068.6
fps step: 184691.4 fps total: 123280.8
fps step: 170267.7 fps total: 114135.6
fps step: 170429.0 fps total: 110688.7
fps step: 144808.9 fps total: 101194.3
fps step: 167558.6 fps total: 112642.4
fps step: 166993.5 fps total: 113437.6
fps step: 165263.0 fps total: 108215.9
fps step: 160345.4 fps total: 109040.8
fps step: 166851.6 fps total: 111203.1
fps step: 168026.8 fps total: 112959.5
fps step: 178707.2 fps total: 119088.7
fps step: 167038.6 fps total: 112781.6
fps step: 168625.7 fps total: 113829.8
fps step: 163098.4 fps total: 107947.1
fps step: 171730.6 fps total: 112671.6
fps step: 164422.5 fps total: 110957.2
fps step: 170790.8 fps total: 113522.4
fps step: 162044.2 fps total: 109114.6
fps step: 156525.1 fps total: 108627.3
fps step: 170499.5 fps total: 116556.9
fps step: 170874.7 fps total: 112467.1
fps step: 167085.2 fps total: 109832.9
fps step: 159760.0 fps total: 107773.9
fps step: 164929.0 fps total: 112921.2
fps step: 171840.1 fps total: 116913.6
fps step: 153944.1 fps total: 107359.3
fps step: 169418.5 fps total: 115362.5
fps step: 164580.6 fps total: 111256.6
fps step: 176577.4 fps total: 117252.4
fps step: 174072.4 fps total: 117636.7
fps step: 164846.7 fps total: 113464.8
fps step: 149936.8 fps total: 105665.5
fps step: 175666.7 fps total: 118662.3
fps step: 172458.3 fps total: 116811.0
fps step: 169112.0 fps total: 114992.1
fps step: 166526.3 fps total: 114304.5
fps step: 175900.8 fps total: 116909.6
fps step: 173608.1 fps total: 117468.0
fps step: 170061.0 fps total: 114666.1
fps step: 176004.8 fps total: 115376.3
fps step: 163493.3 fps total: 110344.2
fps step: 177999.6 fps total: 118701.4
fps step: 159137.8 fps total: 108319.3
fps step: 173070.8 fps total: 115917.9
fps step: 163940.2 fps total: 110738.4
fps step: 164658.7 fps total: 111965.8
=> saving checkpoint 'runs/HumanoidAMP_04-16-25-51/nn/HumanoidAMP_04-16-25-52_2950.pth'
fps step: 170580.7 fps total: 114274.7
fps step: 173249.1 fps total: 116382.0
fps step: 177934.3 fps total: 119315.5
fps step: 176423.4 fps total: 116919.7
fps step: 170180.1 fps total: 116503.0
fps step: 173728.1 fps total: 116998.2
fps step: 169772.9 fps total: 114986.7
fps step: 174185.0 fps total: 116378.7
fps step: 167075.9 fps total: 111539.6
fps step: 165895.3 fps total: 113891.8
fps step: 155952.9 fps total: 109262.4
fps step: 160538.8 fps total: 110423.0
fps step: 154448.8 fps total: 106844.7
fps step: 161889.6 fps total: 110799.4
fps step: 177173.6 fps total: 116681.0
fps step: 177159.1 fps total: 118123.8
fps step: 171244.1 fps total: 117099.0
fps step: 157792.8 fps total: 109698.0
fps step: 178583.6 fps total: 119654.7
fps step: 179532.3 fps total: 120113.5
fps step: 180568.1 fps total: 121278.1
fps step: 177713.1 fps total: 118881.3
fps step: 164286.9 fps total: 108635.7
fps step: 159900.3 fps total: 108844.3
fps step: 170339.6 fps total: 110660.7
fps step: 139111.0 fps total: 95714.0
fps step: 147056.5 fps total: 104401.3
fps step: 170471.4 fps total: 115699.8
fps step: 166268.9 fps total: 110839.9
fps step: 171689.3 fps total: 114816.2
fps step: 186571.4 fps total: 122339.5
fps step: 168428.7 fps total: 114113.9
fps step: 178162.7 fps total: 120291.3
fps step: 175049.5 fps total: 118941.8
fps step: 173095.0 fps total: 116913.6
fps step: 165141.6 fps total: 114764.1
fps step: 178887.8 fps total: 121447.9
fps step: 163940.7 fps total: 113393.6
fps step: 163164.8 fps total: 113813.7
fps step: 182222.6 fps total: 122453.1
fps step: 184842.6 fps total: 122866.5
fps step: 185108.1 fps total: 124757.1
fps step: 182102.9 fps total: 122974.5
fps step: 177155.0 fps total: 120099.8
fps step: 179987.7 fps total: 122435.1
fps step: 183282.9 fps total: 124363.8
fps step: 167342.1 fps total: 114184.2
fps step: 175650.5 fps total: 118024.2
fps step: 176420.5 fps total: 116806.2
fps step: 171660.7 fps total: 116860.5
=> saving checkpoint 'runs/HumanoidAMP_04-16-25-51/nn/HumanoidAMP_04-16-25-52_3000.pth'
fps step: 170830.7 fps total: 116333.7
fps step: 179250.6 fps total: 122558.8
fps step: 181430.6 fps total: 122600.4
fps step: 184165.2 fps total: 123656.2
fps step: 181280.1 fps total: 123492.0
fps step: 183975.7 fps total: 124242.4
fps step: 180501.3 fps total: 119784.9
fps step: 175387.0 fps total: 119561.0
fps step: 177633.4 fps total: 118597.4
fps step: 179575.5 fps total: 121114.6
fps step: 170498.1 fps total: 118638.2
fps step: 185488.8 fps total: 125631.8
fps step: 188876.4 fps total: 127642.8
fps step: 190881.1 fps total: 128236.1
fps step: 188534.9 fps total: 124693.2
fps step: 164224.5 fps total: 111855.4
fps step: 170067.3 fps total: 112716.2
fps step: 161648.8 fps total: 111168.2
fps step: 168906.9 fps total: 114603.3
fps step: 165092.5 fps total: 112653.9
fps step: 162076.7 fps total: 109875.6
fps step: 169172.9 fps total: 115662.4
fps step: 161593.1 fps total: 108154.2
fps step: 171521.7 fps total: 117958.2
fps step: 176725.6 fps total: 120253.5
fps step: 178249.0 fps total: 121532.1
fps step: 189122.7 fps total: 126374.4
fps step: 173214.5 fps total: 117609.9
fps step: 179584.8 fps total: 122050.7
fps step: 175345.6 fps total: 120436.8
fps step: 188105.0 fps total: 126120.5
fps step: 182886.3 fps total: 124900.3
fps step: 185391.6 fps total: 126334.4
fps step: 190017.7 fps total: 127953.5
fps step: 181488.6 fps total: 123519.4
fps step: 172640.1 fps total: 117022.9
fps step: 168315.5 fps total: 115558.1
fps step: 175996.4 fps total: 121470.8
fps step: 188134.0 fps total: 124504.1
fps step: 178226.4 fps total: 121337.3
fps step: 177436.3 fps total: 119707.4
fps step: 159933.7 fps total: 111159.2
fps step: 179463.6 fps total: 119101.9
fps step: 176142.0 fps total: 118672.6
fps step: 186702.3 fps total: 123602.4
fps step: 189741.1 fps total: 125105.8
fps step: 189308.8 fps total: 126937.4
fps step: 190357.6 fps total: 127482.9
fps step: 177558.4 fps total: 118517.5
fps step: 161669.9 fps total: 109491.8
=> saving checkpoint 'runs/HumanoidAMP_04-16-25-51/nn/HumanoidAMP_04-16-25-52_3050.pth'
fps step: 164177.8 fps total: 112586.9
fps step: 173578.7 fps total: 118805.3
fps step: 189622.9 fps total: 126613.5
fps step: 180827.0 fps total: 120581.6
fps step: 191350.3 fps total: 126277.0
fps step: 190282.6 fps total: 127825.6
fps step: 176170.6 fps total: 119950.6
fps step: 169007.9 fps total: 113528.6
fps step: 157880.6 fps total: 108183.1
fps step: 179024.3 fps total: 117871.0
fps step: 175142.8 fps total: 119792.2
fps step: 191268.5 fps total: 125918.4
fps step: 189460.2 fps total: 126951.3
fps step: 184430.0 fps total: 124666.6
fps step: 170579.8 fps total: 114869.7
fps step: 169613.2 fps total: 117196.3
fps step: 170850.9 fps total: 119095.7
fps step: 180956.3 fps total: 123146.0
fps step: 190156.1 fps total: 125973.4
fps step: 190671.5 fps total: 126548.4
fps step: 182438.0 fps total: 120380.8
fps step: 184936.0 fps total: 122702.6
fps step: 174938.8 fps total: 118086.9
fps step: 180487.1 fps total: 123719.1
fps step: 177673.9 fps total: 116774.6
fps step: 173655.7 fps total: 117467.2
fps step: 185752.7 fps total: 122025.2
fps step: 172993.3 fps total: 118312.8
fps step: 161647.8 fps total: 111704.9
fps step: 180748.3 fps total: 120640.0
fps step: 156200.8 fps total: 110607.8
fps step: 193533.5 fps total: 129180.3
fps step: 188946.7 fps total: 125510.1
fps step: 194058.0 fps total: 129905.2
fps step: 191280.5 fps total: 128541.4
fps step: 182460.9 fps total: 122371.3
fps step: 175780.1 fps total: 119336.6
fps step: 184255.4 fps total: 124596.2
fps step: 192294.0 fps total: 128957.5
fps step: 187775.1 fps total: 125722.3
fps step: 175808.9 fps total: 117917.1
fps step: 159691.9 fps total: 108498.6
fps step: 175087.4 fps total: 118998.7
fps step: 188154.5 fps total: 125418.2
fps step: 191288.6 fps total: 128974.9
fps step: 194264.0 fps total: 130629.0
fps step: 190653.9 fps total: 128893.8
fps step: 192030.4 fps total: 127249.9
fps step: 181729.0 fps total: 121476.5
fps step: 184816.1 fps total: 125537.6
=> saving checkpoint 'runs/HumanoidAMP_04-16-25-51/nn/HumanoidAMP_04-16-25-52_3100.pth'
fps step: 185422.0 fps total: 122818.8
fps step: 167521.0 fps total: 113239.5
fps step: 165113.7 fps total: 111687.7
fps step: 168439.2 fps total: 115428.5
fps step: 194547.4 fps total: 130531.2
fps step: 190357.7 fps total: 128768.3
fps step: 191756.7 fps total: 129086.5
fps step: 193684.3 fps total: 130323.2
fps step: 193044.6 fps total: 130031.4
fps step: 181770.5 fps total: 123545.5
fps step: 169887.5 fps total: 114811.9
fps step: 170700.9 fps total: 116739.5
fps step: 190222.1 fps total: 125092.3
fps step: 175353.3 fps total: 117257.0
fps step: 145979.5 fps total: 102069.6
fps step: 159399.5 fps total: 104044.2
fps step: 169630.7 fps total: 114112.2
fps step: 176201.2 fps total: 119907.3
fps step: 178942.1 fps total: 119217.8
fps step: 180811.7 fps total: 119915.1
fps step: 187874.3 fps total: 125592.3
fps step: 172850.6 fps total: 118577.2
fps step: 161764.0 fps total: 113833.1
fps step: 181060.3 fps total: 119629.4
fps step: 177160.0 fps total: 116912.1
fps step: 178465.4 fps total: 118983.2
fps step: 174336.7 fps total: 117476.4
fps step: 191448.9 fps total: 126969.0
fps step: 191872.2 fps total: 126928.3
fps step: 188823.5 fps total: 125618.6
fps step: 166331.1 fps total: 113361.3
fps step: 164496.9 fps total: 112555.4
fps step: 165462.9 fps total: 113428.5
fps step: 171678.0 fps total: 116612.7
fps step: 172374.0 fps total: 116003.5
fps step: 194277.7 fps total: 130358.8
fps step: 184479.7 fps total: 123951.9
fps step: 191187.6 fps total: 127918.1
fps step: 174604.8 fps total: 116498.6
fps step: 165799.2 fps total: 115025.1
fps step: 189717.1 fps total: 128093.1
fps step: 193363.0 fps total: 129738.9
fps step: 170729.3 fps total: 115172.5
fps step: 180983.8 fps total: 122888.5
fps step: 193080.2 fps total: 128984.9
fps step: 194322.6 fps total: 129060.3
fps step: 189935.6 fps total: 126184.7
fps step: 193006.5 fps total: 129098.0
fps step: 182388.0 fps total: 123337.4
fps step: 191404.2 fps total: 123905.1
=> saving checkpoint 'runs/HumanoidAMP_04-16-25-51/nn/HumanoidAMP_04-16-25-52_3150.pth'
fps step: 188842.0 fps total: 125154.2
fps step: 190938.8 fps total: 128877.6
fps step: 192498.1 fps total: 129257.2
fps step: 189198.1 fps total: 125900.0
fps step: 180603.9 fps total: 124166.7
fps step: 185404.9 fps total: 124916.9
fps step: 187212.4 fps total: 123997.6
fps step: 191434.1 fps total: 126460.6
fps step: 195914.3 fps total: 129132.6
fps step: 185539.9 fps total: 126427.0
fps step: 168317.7 fps total: 118213.1
fps step: 190573.3 fps total: 128265.9
fps step: 193892.0 fps total: 128951.1
fps step: 178307.9 fps total: 121412.7
fps step: 178110.1 fps total: 119700.3
fps step: 171878.3 fps total: 112109.0
fps step: 170223.7 fps total: 113951.5
fps step: 180385.1 fps total: 121402.7
fps step: 176824.4 fps total: 117584.7
fps step: 169332.2 fps total: 116141.4
fps step: 178532.4 fps total: 117375.6
fps step: 169239.2 fps total: 116842.2
fps step: 191088.3 fps total: 126389.5
fps step: 180217.6 fps total: 121534.0
fps step: 185078.7 fps total: 124893.9
fps step: 173580.7 fps total: 117029.4
fps step: 163856.8 fps total: 112958.9
fps step: 193191.1 fps total: 129741.3
fps step: 187784.4 fps total: 126918.4
fps step: 176900.8 fps total: 122421.6
fps step: 165030.0 fps total: 115656.4
fps step: 176006.9 fps total: 118966.5
fps step: 175612.7 fps total: 116186.3
fps step: 172611.4 fps total: 118562.7
fps step: 193290.3 fps total: 130181.0
fps step: 190648.2 fps total: 128727.9
fps step: 184214.3 fps total: 124461.1
fps step: 179984.6 fps total: 123093.1
fps step: 189174.9 fps total: 124696.2
fps step: 191748.3 fps total: 128328.2
fps step: 171254.3 fps total: 116740.3
fps step: 183557.5 fps total: 122636.8
fps step: 179424.2 fps total: 119351.1
fps step: 165445.8 fps total: 113837.5
fps step: 178254.2 fps total: 122469.5
fps step: 177292.1 fps total: 117914.9
fps step: 168379.3 fps total: 115294.9
fps step: 175227.6 fps total: 119388.2
fps step: 177361.3 fps total: 115546.8
fps step: 174111.7 fps total: 116305.0
=> saving checkpoint 'runs/HumanoidAMP_04-16-25-51/nn/HumanoidAMP_04-16-25-52_3200.pth'
fps step: 168958.3 fps total: 115751.8
fps step: 180189.3 fps total: 121529.0
fps step: 171391.7 fps total: 117008.8
fps step: 192074.6 fps total: 128021.9
fps step: 186226.6 fps total: 121829.9
fps step: 169871.8 fps total: 114352.5
fps step: 173451.0 fps total: 118715.7
fps step: 174687.3 fps total: 118688.4
fps step: 184892.4 fps total: 123498.0
fps step: 180375.9 fps total: 121345.1
fps step: 184357.6 fps total: 124888.7
fps step: 172196.6 fps total: 116875.1
fps step: 186109.0 fps total: 126195.6
fps step: 193036.7 fps total: 128790.0
fps step: 191802.5 fps total: 127892.8
fps step: 192688.4 fps total: 129866.4
fps step: 187549.6 fps total: 127267.2
fps step: 191572.7 fps total: 128216.7
fps step: 184482.1 fps total: 125849.8
fps step: 185142.6 fps total: 124874.2
fps step: 192239.0 fps total: 128530.4
fps step: 189653.0 fps total: 123113.6
fps step: 182195.8 fps total: 120732.7
fps step: 174144.4 fps total: 120944.9
fps step: 190396.8 fps total: 128058.4
fps step: 174716.5 fps total: 117307.5
fps step: 155684.0 fps total: 109081.6
fps step: 166894.0 fps total: 113344.7
fps step: 166780.4 fps total: 113766.5
fps step: 171364.5 fps total: 115900.0
fps step: 163696.4 fps total: 112775.3
fps step: 168232.9 fps total: 113854.9
fps step: 161933.3 fps total: 113084.0
fps step: 192114.3 fps total: 127220.8
fps step: 189021.8 fps total: 124493.6
fps step: 184428.2 fps total: 124568.9
fps step: 184045.3 fps total: 123190.4
fps step: 184112.6 fps total: 122829.3
fps step: 173819.2 fps total: 115444.8
fps step: 165789.2 fps total: 111274.8
fps step: 163843.6 fps total: 111648.4
fps step: 163314.4 fps total: 110773.8
fps step: 171193.0 fps total: 115633.3
fps step: 169128.6 fps total: 114013.8
fps step: 170067.0 fps total: 115456.4
fps step: 173812.3 fps total: 118077.7
fps step: 181022.8 fps total: 119164.1
fps step: 188283.9 fps total: 127081.6
fps step: 181126.1 fps total: 122552.4
fps step: 180472.1 fps total: 121912.5
=> saving checkpoint 'runs/HumanoidAMP_04-16-25-51/nn/HumanoidAMP_04-16-25-52_3250.pth'
fps step: 185824.5 fps total: 124151.9
fps step: 184644.4 fps total: 121564.9
fps step: 175248.9 fps total: 119687.2
fps step: 167962.1 fps total: 116909.4
fps step: 187625.5 fps total: 124799.7
fps step: 192932.2 fps total: 129880.9
fps step: 192762.2 fps total: 127721.9
fps step: 182537.2 fps total: 123766.5
fps step: 184811.5 fps total: 125853.0
fps step: 183769.2 fps total: 122628.0
fps step: 186385.7 fps total: 126938.2
fps step: 182986.1 fps total: 123381.4
fps step: 185683.1 fps total: 119517.6
fps step: 184811.1 fps total: 122826.9
fps step: 193309.3 fps total: 127579.1
fps step: 188866.3 fps total: 125796.5
fps step: 165679.0 fps total: 114195.0
fps step: 171094.9 fps total: 116376.1
fps step: 157902.6 fps total: 108802.3
fps step: 176103.0 fps total: 119072.8
fps step: 168524.9 fps total: 116150.2
fps step: 169769.7 fps total: 115525.6
fps step: 171837.5 fps total: 117991.2
fps step: 172976.0 fps total: 120184.6
fps step: 177068.8 fps total: 121477.3
fps step: 181782.6 fps total: 121500.5
fps step: 168577.5 fps total: 116879.5
fps step: 176017.2 fps total: 119905.2
fps step: 177802.6 fps total: 119237.2
fps step: 157326.3 fps total: 111731.6
fps step: 180427.9 fps total: 123675.1
fps step: 174083.9 fps total: 120737.7
fps step: 171950.3 fps total: 119509.8
fps step: 191778.0 fps total: 126244.8
fps step: 185863.3 fps total: 126080.4
fps step: 183292.0 fps total: 120737.7
fps step: 181691.0 fps total: 121573.3
fps step: 162584.5 fps total: 110743.5
fps step: 172774.0 fps total: 118708.5
fps step: 185382.2 fps total: 123508.2
fps step: 188090.8 fps total: 124570.2
fps step: 176173.4 fps total: 120229.7
fps step: 172606.5 fps total: 119005.5
fps step: 176307.8 fps total: 119450.5
fps step: 176103.0 fps total: 120471.0
fps step: 183672.2 fps total: 122966.7
fps step: 165736.2 fps total: 115447.2
fps step: 189406.8 fps total: 128179.8
fps step: 193432.6 fps total: 128553.0
fps step: 177168.0 fps total: 120975.8
=> saving checkpoint 'runs/HumanoidAMP_04-16-25-51/nn/HumanoidAMP_04-16-25-52_3300.pth'
fps step: 185331.7 fps total: 123695.8
fps step: 168416.1 fps total: 117382.7
fps step: 163806.8 fps total: 112725.2
fps step: 169676.0 fps total: 116622.0
fps step: 163468.1 fps total: 115245.5
fps step: 179540.9 fps total: 122536.9
fps step: 186901.9 fps total: 126549.5
fps step: 190716.2 fps total: 125959.0
fps step: 176010.5 fps total: 121500.5
fps step: 179552.3 fps total: 120227.9
fps step: 161021.3 fps total: 111493.0
fps step: 179587.3 fps total: 121224.5
fps step: 183695.5 fps total: 120930.4
fps step: 162842.5 fps total: 112382.0
fps step: 172700.9 fps total: 118398.1
fps step: 176947.0 fps total: 121728.3
fps step: 189195.2 fps total: 127251.2
fps step: 190832.4 fps total: 128295.9
fps step: 178328.8 fps total: 121623.5
fps step: 168796.5 fps total: 118363.1
fps step: 175871.0 fps total: 121734.5
fps step: 179238.8 fps total: 123557.5
fps step: 165832.6 fps total: 116556.2
fps step: 174886.6 fps total: 121771.1
fps step: 171215.9 fps total: 117547.8
fps step: 180870.5 fps total: 121757.3
fps step: 186493.2 fps total: 118900.6
fps step: 178808.8 fps total: 121050.5
fps step: 188262.7 fps total: 124219.8
fps step: 195228.1 fps total: 128344.0
fps step: 189313.0 fps total: 128243.7
fps step: 185145.5 fps total: 125238.3
fps step: 184109.6 fps total: 122155.4
fps step: 166992.4 fps total: 114733.5
fps step: 176718.3 fps total: 119482.6
fps step: 185233.9 fps total: 123729.6
fps step: 191573.5 fps total: 127836.5
fps step: 171021.0 fps total: 117159.7
fps step: 179997.6 fps total: 117298.4
fps step: 188112.1 fps total: 126072.9
fps step: 170470.4 fps total: 116117.4
fps step: 185570.3 fps total: 124072.6
fps step: 189958.4 fps total: 125884.7
fps step: 174649.5 fps total: 118989.1
fps step: 173499.6 fps total: 116860.7
fps step: 184744.8 fps total: 123426.4
fps step: 177422.8 fps total: 118732.8
fps step: 167118.0 fps total: 113200.5
fps step: 176788.4 fps total: 114801.1
fps step: 169206.2 fps total: 112714.8
=> saving checkpoint 'runs/HumanoidAMP_04-16-25-51/nn/HumanoidAMP_04-16-25-52_3350.pth'
fps step: 165037.1 fps total: 111256.6
fps step: 184184.0 fps total: 125538.2
fps step: 190557.4 fps total: 127788.1
fps step: 195461.6 fps total: 130455.9
fps step: 187375.3 fps total: 126659.7
fps step: 188476.5 fps total: 127331.5
fps step: 189729.7 fps total: 125173.9
fps step: 179725.2 fps total: 120313.3
fps step: 192365.3 fps total: 127391.0
fps step: 188738.7 fps total: 128026.6
fps step: 168467.5 fps total: 117261.8
fps step: 189112.7 fps total: 125291.6
fps step: 172268.6 fps total: 119214.9
fps step: 174439.3 fps total: 121092.9
fps step: 172327.1 fps total: 118227.1
fps step: 186711.6 fps total: 121287.0
fps step: 173409.4 fps total: 118498.4
fps step: 181490.9 fps total: 123477.4
fps step: 173027.3 fps total: 119618.0
fps step: 190794.4 fps total: 125777.8
fps step: 190905.2 fps total: 127972.6
fps step: 174009.0 fps total: 119343.6
fps step: 192534.1 fps total: 126903.3
fps step: 191818.8 fps total: 126250.8
fps step: 193521.5 fps total: 127309.6
fps step: 185072.6 fps total: 122817.1
fps step: 167462.0 fps total: 113897.1
fps step: 185200.6 fps total: 123285.3
fps step: 171116.4 fps total: 118432.0
fps step: 179747.3 fps total: 120756.6
fps step: 189413.4 fps total: 124289.3
fps step: 187972.6 fps total: 127282.6
fps step: 188807.7 fps total: 125709.3
fps step: 189995.2 fps total: 126050.4
fps step: 176326.5 fps total: 119960.6
fps step: 180739.7 fps total: 123808.9
fps step: 189582.5 fps total: 125355.7
fps step: 185339.6 fps total: 125150.9
fps step: 166211.6 fps total: 112691.5
fps step: 169820.9 fps total: 111793.6
fps step: 184643.5 fps total: 121650.5
fps step: 182730.7 fps total: 122358.7
fps step: 190330.7 fps total: 126049.9
fps step: 178723.4 fps total: 120453.5
fps step: 186386.2 fps total: 125541.0
fps step: 182215.5 fps total: 122889.1
fps step: 185596.4 fps total: 124122.4
fps step: 192543.3 fps total: 129770.1
fps step: 193648.7 fps total: 129940.2
fps step: 186443.2 fps total: 122057.3
=> saving checkpoint 'runs/HumanoidAMP_04-16-25-51/nn/HumanoidAMP_04-16-25-52_3400.pth'
fps step: 181416.4 fps total: 123536.0
fps step: 186535.8 fps total: 126450.6
fps step: 181876.6 fps total: 123395.7
fps step: 192470.8 fps total: 128822.1
fps step: 162721.1 fps total: 110205.8
fps step: 165465.0 fps total: 112441.7
fps step: 180317.9 fps total: 118708.8
fps step: 178495.2 fps total: 120770.6
fps step: 166216.9 fps total: 113170.1
fps step: 183418.2 fps total: 123420.2
fps step: 189855.0 fps total: 125997.5
fps step: 193591.4 fps total: 129305.6
fps step: 192101.3 fps total: 128552.0
fps step: 193741.9 fps total: 129982.7
fps step: 192963.5 fps total: 127243.3
fps step: 176836.7 fps total: 121361.3
fps step: 169917.5 fps total: 118180.3
fps step: 184646.6 fps total: 124086.1
fps step: 168682.9 fps total: 117511.2
fps step: 191507.3 fps total: 128248.6
fps step: 196432.0 fps total: 131791.1
fps step: 174218.4 fps total: 116808.7
fps step: 189432.0 fps total: 125256.2
fps step: 171230.3 fps total: 117384.2
fps step: 184565.3 fps total: 125258.0
fps step: 183637.3 fps total: 124890.8
fps step: 185932.2 fps total: 126029.8
fps step: 180241.4 fps total: 123942.4
fps step: 179079.9 fps total: 122664.7
fps step: 190825.4 fps total: 127274.1
fps step: 182412.4 fps total: 124915.1
fps step: 176404.8 fps total: 121409.5
fps step: 167160.4 fps total: 117384.6
fps step: 192695.3 fps total: 129344.8
fps step: 188794.3 fps total: 127881.5
fps step: 192728.8 fps total: 129858.6
fps step: 184818.7 fps total: 123265.9
fps step: 188314.7 fps total: 124289.8
fps step: 187855.7 fps total: 125723.6
fps step: 184019.5 fps total: 118741.4
fps step: 178181.4 fps total: 122423.3
fps step: 177627.4 fps total: 122347.3
fps step: 173572.5 fps total: 118042.0
fps step: 172993.0 fps total: 118608.1
fps step: 164834.6 fps total: 113328.3
fps step: 188360.0 fps total: 124531.2
fps step: 161632.7 fps total: 111441.5
fps step: 175070.9 fps total: 114605.7
fps step: 143244.2 fps total: 103911.2
fps step: 144298.8 fps total: 103288.8
=> saving checkpoint 'runs/HumanoidAMP_04-16-25-51/nn/HumanoidAMP_04-16-25-52_3450.pth'
fps step: 174431.2 fps total: 118130.2
fps step: 177475.2 fps total: 118573.2
fps step: 179401.5 fps total: 122942.9
fps step: 167302.4 fps total: 115276.7
fps step: 192283.0 fps total: 125559.0
fps step: 192139.7 fps total: 127926.2
fps step: 190138.5 fps total: 128427.8
fps step: 191331.5 fps total: 128849.3
fps step: 192752.7 fps total: 129567.5
fps step: 180129.5 fps total: 120868.8
fps step: 161934.1 fps total: 113187.2
fps step: 175976.5 fps total: 120391.9
fps step: 192554.6 fps total: 129407.2
fps step: 189606.1 fps total: 124944.3
fps step: 195874.5 fps total: 128552.0
fps step: 190224.6 fps total: 128197.6
fps step: 190869.4 fps total: 127967.8
fps step: 193046.3 fps total: 128436.5
fps step: 193482.5 fps total: 128587.0
fps step: 194950.4 fps total: 130257.3
fps step: 197075.0 fps total: 130806.2
fps step: 188820.6 fps total: 127821.2
fps step: 194346.4 fps total: 130467.6
fps step: 192601.2 fps total: 129804.0
fps step: 191430.4 fps total: 125618.6
fps step: 179874.1 fps total: 119646.4
fps step: 192864.8 fps total: 128216.7
fps step: 176815.3 fps total: 120409.6
fps step: 192552.3 fps total: 127915.3
fps step: 169392.3 fps total: 117669.4
fps step: 185149.0 fps total: 124534.1
fps step: 164413.8 fps total: 114160.9
fps step: 163293.1 fps total: 113944.7
fps step: 167996.4 fps total: 116918.9
fps step: 193163.5 fps total: 129457.3
fps step: 189623.4 fps total: 125690.9
fps step: 189048.3 fps total: 126128.8
fps step: 189152.0 fps total: 128150.9
fps step: 191308.4 fps total: 128712.5
fps step: 192681.5 fps total: 129183.5
fps step: 192775.4 fps total: 129384.6
fps step: 191616.2 fps total: 129331.9
fps step: 191564.7 fps total: 129297.7
fps step: 193601.9 fps total: 129239.5
fps step: 190970.2 fps total: 128844.8
fps step: 192219.4 fps total: 129330.8
fps step: 181506.8 fps total: 120934.4
fps step: 186498.9 fps total: 125187.8
fps step: 178395.7 fps total: 120460.4
fps step: 168257.1 fps total: 117280.4
=> saving checkpoint 'runs/HumanoidAMP_04-16-25-51/nn/HumanoidAMP_04-16-25-52_3500.pth'
fps step: 172595.0 fps total: 119094.2
fps step: 182731.0 fps total: 119758.1
fps step: 162220.8 fps total: 111538.8
fps step: 172640.7 fps total: 119129.4
fps step: 161762.3 fps total: 113377.0
fps step: 172037.3 fps total: 118173.1
fps step: 188802.3 fps total: 127466.1
fps step: 156781.1 fps total: 111070.1
fps step: 174430.1 fps total: 119743.1
fps step: 178970.5 fps total: 121749.2
fps step: 178521.1 fps total: 121330.0
fps step: 186811.2 fps total: 126957.9
fps step: 193376.6 fps total: 130070.1
fps step: 193052.0 fps total: 129500.6
fps step: 189936.4 fps total: 128443.3
fps step: 191127.4 fps total: 129134.5
fps step: 187464.8 fps total: 127276.1
fps step: 192964.8 fps total: 129817.2
fps step: 175271.6 fps total: 117418.8
fps step: 168564.8 fps total: 114982.6
fps step: 182829.0 fps total: 124763.5
fps step: 193018.4 fps total: 127724.8
fps step: 187315.9 fps total: 125585.1
fps step: 190023.0 fps total: 127074.8
fps step: 184445.2 fps total: 122677.2
fps step: 188026.7 fps total: 122789.5
fps step: 179543.1 fps total: 120002.6
fps step: 180805.5 fps total: 121288.2
fps step: 192198.5 fps total: 129771.7
fps step: 193376.9 fps total: 130050.4
fps step: 194992.8 fps total: 129754.8
fps step: 178784.7 fps total: 120259.3
fps step: 182132.9 fps total: 119768.3
fps step: 182137.6 fps total: 121607.5
fps step: 170489.2 fps total: 115162.7
fps step: 180605.7 fps total: 123511.5
fps step: 176841.2 fps total: 117963.0
fps step: 179083.7 fps total: 120032.3
fps step: 166315.3 fps total: 113989.9
fps step: 168205.4 fps total: 115515.2
fps step: 187449.4 fps total: 123666.3
fps step: 173495.4 fps total: 117159.6
fps step: 179805.8 fps total: 123152.6
fps step: 179334.8 fps total: 122895.6
fps step: 193422.1 fps total: 129710.2
fps step: 184318.9 fps total: 120784.5
fps step: 178959.1 fps total: 121350.4
fps step: 184268.7 fps total: 123046.6
fps step: 165434.3 fps total: 114480.8
fps step: 190613.7 fps total: 125187.3
=> saving checkpoint 'runs/HumanoidAMP_04-16-25-51/nn/HumanoidAMP_04-16-25-52_3550.pth'
fps step: 176769.9 fps total: 118101.1
fps step: 180948.8 fps total: 123146.2
fps step: 187940.6 fps total: 127775.6
fps step: 179776.1 fps total: 122666.4
fps step: 183072.4 fps total: 125254.5
fps step: 183487.2 fps total: 123247.7
fps step: 177142.4 fps total: 121269.9
fps step: 184017.7 fps total: 125471.1
fps step: 180347.6 fps total: 122786.4
fps step: 182825.6 fps total: 123557.9
fps step: 193631.6 fps total: 125997.9
fps step: 190114.6 fps total: 127553.0
fps step: 190718.4 fps total: 127660.7
fps step: 165758.0 fps total: 116009.3
fps step: 188896.4 fps total: 127152.9
fps step: 178885.2 fps total: 122325.9
fps step: 186263.4 fps total: 125168.7
fps step: 190494.3 fps total: 128650.8
fps step: 193776.6 fps total: 129591.8
fps step: 191237.5 fps total: 128523.1
fps step: 193086.1 fps total: 129831.8
fps step: 186682.5 fps total: 121555.3
fps step: 174415.9 fps total: 119602.8
fps step: 182287.9 fps total: 120653.3
fps step: 182135.8 fps total: 123532.4
fps step: 184850.4 fps total: 121696.5
fps step: 184421.7 fps total: 122167.6
fps step: 169775.5 fps total: 111725.0
fps step: 174416.9 fps total: 116123.3
fps step: 177448.5 fps total: 118970.2
fps step: 166914.3 fps total: 114582.5
fps step: 184082.6 fps total: 121148.3
fps step: 170487.5 fps total: 116193.9
fps step: 180331.1 fps total: 120693.9
fps step: 188813.2 fps total: 126981.2
fps step: 193070.9 fps total: 129828.0
fps step: 192033.5 fps total: 129092.3
fps step: 193887.7 fps total: 129766.1
fps step: 188084.5 fps total: 127015.7
fps step: 191853.5 fps total: 128467.6
fps step: 187113.2 fps total: 127211.9
fps step: 191480.1 fps total: 127640.6
fps step: 189457.8 fps total: 126050.4
fps step: 179115.8 fps total: 122054.7
fps step: 187544.1 fps total: 126331.6
fps step: 193117.0 fps total: 129490.9
fps step: 189540.4 fps total: 128731.4
fps step: 191848.1 fps total: 129362.3
fps step: 190023.1 fps total: 127091.3
fps step: 191783.9 fps total: 129436.3
=> saving checkpoint 'runs/HumanoidAMP_04-16-25-51/nn/HumanoidAMP_04-16-25-52_3600.pth'
fps step: 195206.5 fps total: 130605.0
fps step: 191742.0 fps total: 129063.3
fps step: 193572.3 fps total: 129507.3
fps step: 192873.1 fps total: 129089.0
fps step: 183157.6 fps total: 123770.4
fps step: 186385.1 fps total: 124695.3
fps step: 162628.5 fps total: 112869.7
fps step: 175310.3 fps total: 121671.2
fps step: 188954.7 fps total: 127765.6
fps step: 188080.1 fps total: 126895.1
fps step: 187956.0 fps total: 126943.3
fps step: 186161.9 fps total: 125907.3
fps step: 178593.0 fps total: 122970.2
fps step: 174932.5 fps total: 121415.2
fps step: 191146.4 fps total: 126916.6
fps step: 181036.4 fps total: 122170.9
fps step: 176069.3 fps total: 119247.8
fps step: 187648.5 fps total: 124906.4
fps step: 184689.1 fps total: 125091.2
fps step: 175937.2 fps total: 119223.7
fps step: 184436.0 fps total: 125307.2
fps step: 185815.1 fps total: 124464.6
fps step: 170872.2 fps total: 118772.2
fps step: 189703.0 fps total: 127382.3
fps step: 183943.8 fps total: 124873.2
fps step: 171732.8 fps total: 117996.4
fps step: 190946.0 fps total: 127829.6
fps step: 187813.7 fps total: 127281.2
fps step: 191539.5 fps total: 129086.2
fps step: 175799.1 fps total: 119708.3
fps step: 189333.7 fps total: 124171.0
fps step: 195177.1 fps total: 130736.5
fps step: 191052.5 fps total: 128663.5
fps step: 191692.0 fps total: 128531.8
fps step: 191399.2 fps total: 128079.5
fps step: 189675.9 fps total: 128074.2
fps step: 191558.4 fps total: 129260.3
fps step: 192586.7 fps total: 129064.7
fps step: 189093.2 fps total: 126951.3
fps step: 191637.5 fps total: 125974.1
fps step: 191719.3 fps total: 126395.5
fps step: 165865.1 fps total: 113818.4
fps step: 179421.2 fps total: 123332.5
fps step: 168806.7 fps total: 118090.3
fps step: 180991.0 fps total: 123703.8
fps step: 185802.4 fps total: 126315.5
fps step: 165750.2 fps total: 115308.9
fps step: 174552.0 fps total: 116836.6
fps step: 173874.8 fps total: 116390.1
fps step: 190575.6 fps total: 124659.4
=> saving checkpoint 'runs/HumanoidAMP_04-16-25-51/nn/HumanoidAMP_04-16-25-52_3650.pth'
fps step: 171986.0 fps total: 115159.2
fps step: 170162.8 fps total: 118155.1
fps step: 193494.6 fps total: 129189.9
fps step: 193668.3 fps total: 127646.1
fps step: 192962.5 fps total: 127503.1
fps step: 192529.1 fps total: 129761.5
fps step: 191943.7 fps total: 129030.2
fps step: 189419.6 fps total: 126852.2
fps step: 186164.7 fps total: 124352.6
fps step: 183377.5 fps total: 123107.6
fps step: 172533.7 fps total: 117768.2
fps step: 168989.8 fps total: 115597.5
fps step: 175112.1 fps total: 115313.3
fps step: 172772.0 fps total: 117625.1
fps step: 188004.6 fps total: 125838.1
fps step: 192543.3 fps total: 126163.5
fps step: 187601.0 fps total: 126054.9
fps step: 173011.3 fps total: 119129.6
fps step: 192507.6 fps total: 127129.1
fps step: 188262.0 fps total: 127249.4
fps step: 192939.3 fps total: 129914.4
fps step: 184419.3 fps total: 120658.2
fps step: 153036.9 fps total: 106417.2
fps step: 183850.1 fps total: 123300.8
fps step: 185508.8 fps total: 125120.1
fps step: 187173.7 fps total: 126556.5
fps step: 189246.6 fps total: 128139.8
fps step: 177433.4 fps total: 122478.9
fps step: 175935.3 fps total: 120015.0
fps step: 182681.1 fps total: 123242.0
fps step: 178437.1 fps total: 121888.8
fps step: 159389.2 fps total: 109716.2
fps step: 187374.4 fps total: 121836.0
fps step: 173765.3 fps total: 118840.5
fps step: 171823.9 fps total: 114478.2
fps step: 175366.7 fps total: 119622.2
fps step: 170295.9 fps total: 117698.7
fps step: 178599.7 fps total: 121956.1
fps step: 191644.2 fps total: 128435.6
fps step: 192201.5 fps total: 128137.2
fps step: 193441.3 fps total: 130121.1
fps step: 191816.5 fps total: 128915.6
fps step: 192888.8 fps total: 130082.8
fps step: 190775.5 fps total: 128139.6
fps step: 179259.9 fps total: 121767.5
fps step: 190055.4 fps total: 128546.6
fps step: 192108.0 fps total: 129263.4
fps step: 190314.5 fps total: 127564.3
fps step: 188895.0 fps total: 127623.4
fps step: 189776.8 fps total: 126860.4
=> saving checkpoint 'runs/HumanoidAMP_04-16-25-51/nn/HumanoidAMP_04-16-25-52_3700.pth'
fps step: 158883.7 fps total: 111974.1
fps step: 169541.7 fps total: 117532.5
fps step: 164721.6 fps total: 112314.3
fps step: 185833.0 fps total: 124498.9
fps step: 189206.4 fps total: 122842.3
fps step: 179234.3 fps total: 120545.7
fps step: 186978.4 fps total: 125067.8
fps step: 189327.2 fps total: 126551.0
fps step: 192870.5 fps total: 127747.3
fps step: 190261.4 fps total: 127968.4
fps step: 193623.4 fps total: 125086.5
fps step: 191599.7 fps total: 128793.0
fps step: 185531.8 fps total: 123174.8
fps step: 175104.6 fps total: 119660.4
fps step: 174046.5 fps total: 117139.2
fps step: 188776.5 fps total: 124942.7
fps step: 174562.7 fps total: 117746.4
fps step: 172682.3 fps total: 116507.3
fps step: 166846.1 fps total: 114242.2
fps step: 181745.1 fps total: 121970.0
fps step: 164712.5 fps total: 113251.8
fps step: 187539.2 fps total: 123593.6
fps step: 181983.5 fps total: 123261.4
fps step: 160586.4 fps total: 113004.0
fps step: 170638.7 fps total: 117991.9
fps step: 171495.9 fps total: 117024.6
fps step: 181798.0 fps total: 119839.8
fps step: 182159.5 fps total: 123014.1
fps step: 184587.9 fps total: 123775.1
fps step: 173834.6 fps total: 117848.0
fps step: 175881.0 fps total: 120485.1
fps step: 168875.7 fps total: 118124.3
fps step: 191469.6 fps total: 127592.8
fps step: 178314.1 fps total: 118395.5
fps step: 187165.2 fps total: 124999.8
fps step: 182898.3 fps total: 122603.5
fps step: 169074.1 fps total: 115046.6
fps step: 173439.1 fps total: 116251.8
fps step: 170870.5 fps total: 115058.3
fps step: 184349.3 fps total: 122144.2
fps step: 179262.5 fps total: 121585.3
fps step: 174087.7 fps total: 118705.7
fps step: 157136.5 fps total: 107649.5
fps step: 180802.0 fps total: 121836.5
fps step: 179251.6 fps total: 119037.6
fps step: 177964.0 fps total: 120683.4
fps step: 193956.1 fps total: 130721.6
fps step: 192901.9 fps total: 129956.2
fps step: 193241.5 fps total: 130174.6
fps step: 191219.0 fps total: 129269.6
=> saving checkpoint 'runs/HumanoidAMP_04-16-25-51/nn/HumanoidAMP_04-16-25-52_3750.pth'
fps step: 194069.6 fps total: 130325.8
fps step: 191056.2 fps total: 129274.2
fps step: 190321.4 fps total: 125530.8
fps step: 190368.8 fps total: 126730.7
fps step: 188807.8 fps total: 127857.3
fps step: 188383.5 fps total: 127019.2
fps step: 178886.9 fps total: 121890.2
fps step: 183824.0 fps total: 124430.3
fps step: 179096.4 fps total: 121395.3
fps step: 177592.8 fps total: 119327.1
fps step: 190351.9 fps total: 125334.9
fps step: 190689.5 fps total: 127514.4
fps step: 169695.5 fps total: 112919.5
fps step: 161883.7 fps total: 111157.0
fps step: 162961.6 fps total: 114096.8
fps step: 176461.0 fps total: 119547.3
fps step: 159588.2 fps total: 108147.2
fps step: 191190.3 fps total: 125858.0
fps step: 189786.7 fps total: 126946.8
fps step: 183316.3 fps total: 121212.4
fps step: 169658.3 fps total: 116032.1
fps step: 182819.0 fps total: 123544.4
fps step: 191882.6 fps total: 128473.4
fps step: 182142.0 fps total: 119688.2
fps step: 188049.1 fps total: 121087.5
fps step: 191730.5 fps total: 128064.4
fps step: 187506.8 fps total: 123361.4
fps step: 193142.6 fps total: 125999.5
fps step: 189841.7 fps total: 123875.3
fps step: 169509.6 fps total: 115342.1
fps step: 177561.7 fps total: 118050.8
fps step: 187415.3 fps total: 123525.0
fps step: 180270.7 fps total: 121183.8
fps step: 182868.8 fps total: 122796.5
fps step: 183540.8 fps total: 124116.0
fps step: 189177.5 fps total: 123986.9
fps step: 172561.2 fps total: 118553.1
fps step: 170784.1 fps total: 118252.8
fps step: 179731.6 fps total: 120483.5
fps step: 180470.5 fps total: 120199.6
fps step: 179141.6 fps total: 118022.5
fps step: 177017.5 fps total: 118271.2
fps step: 170618.4 fps total: 117505.2
fps step: 172176.4 fps total: 118214.7
fps step: 172433.4 fps total: 116889.0
fps step: 184604.5 fps total: 123838.2
fps step: 190973.2 fps total: 128862.4
fps step: 192995.1 fps total: 129810.3
fps step: 192058.1 fps total: 129235.8
fps step: 189990.3 fps total: 128707.3
=> saving checkpoint 'runs/HumanoidAMP_04-16-25-51/nn/HumanoidAMP_04-16-25-52_3800.pth'
fps step: 191761.9 fps total: 129281.6
fps step: 192353.6 fps total: 128471.6
fps step: 191878.8 fps total: 128786.9
fps step: 178993.6 fps total: 119715.4
fps step: 166958.8 fps total: 112500.3
fps step: 161631.3 fps total: 112195.0
fps step: 180946.3 fps total: 117197.0
fps step: 180087.1 fps total: 123969.5
fps step: 190987.3 fps total: 128888.5
fps step: 172455.5 fps total: 118546.1
fps step: 180541.6 fps total: 122012.9
fps step: 169206.3 fps total: 116003.1
fps step: 169611.4 fps total: 118697.9
fps step: 176468.7 fps total: 120582.1
fps step: 172885.8 fps total: 118153.8
fps step: 191224.1 fps total: 127764.9
fps step: 190000.5 fps total: 128615.2
fps step: 193075.1 fps total: 128756.6
fps step: 192205.8 fps total: 127766.8
fps step: 189988.3 fps total: 126704.1
fps step: 192209.0 fps total: 128628.4
fps step: 189724.6 fps total: 128412.0
fps step: 193889.4 fps total: 127483.3
fps step: 175210.4 fps total: 120005.0
fps step: 171466.6 fps total: 118779.1
fps step: 176274.5 fps total: 116266.0
fps step: 173513.9 fps total: 117631.4
fps step: 177532.2 fps total: 121625.7
fps step: 183749.7 fps total: 122382.3
fps step: 190421.6 fps total: 128010.1
fps step: 185428.6 fps total: 121821.0
fps step: 171641.5 fps total: 115093.1
fps step: 186296.1 fps total: 126894.1
fps step: 192401.1 fps total: 129779.1
fps step: 195281.5 fps total: 131293.3
fps step: 185790.6 fps total: 126571.1
fps step: 192968.4 fps total: 129958.4
fps step: 191764.0 fps total: 128349.6
fps step: 192537.8 fps total: 126050.5
fps step: 192376.2 fps total: 129502.0
fps step: 188694.6 fps total: 123897.2
fps step: 162617.6 fps total: 109078.0
fps step: 176529.3 fps total: 120254.6
fps step: 171062.1 fps total: 116313.5
fps step: 177726.2 fps total: 117997.4
fps step: 157691.2 fps total: 110323.0
fps step: 161418.7 fps total: 110172.1
fps step: 165996.6 fps total: 112947.4
fps step: 169486.7 fps total: 115977.8
fps step: 178108.6 fps total: 120669.6
=> saving checkpoint 'runs/HumanoidAMP_04-16-25-51/nn/HumanoidAMP_04-16-25-52_3850.pth'
fps step: 190803.4 fps total: 128633.4
fps step: 186682.7 fps total: 123765.7
fps step: 178552.3 fps total: 120042.5
fps step: 160486.7 fps total: 112130.3
fps step: 171593.5 fps total: 112658.6
fps step: 179586.2 fps total: 118417.9
fps step: 168225.9 fps total: 115492.3
fps step: 171345.6 fps total: 117075.6
fps step: 188294.5 fps total: 125458.9
fps step: 169933.1 fps total: 114994.0
fps step: 179158.4 fps total: 120944.7
fps step: 178341.7 fps total: 118653.5
fps step: 187597.2 fps total: 121334.3
fps step: 185932.8 fps total: 121032.2
fps step: 179336.9 fps total: 119797.1
fps step: 170522.4 fps total: 116138.1
fps step: 184130.4 fps total: 123734.6
fps step: 179746.4 fps total: 121433.0
fps step: 186360.1 fps total: 123952.9
fps step: 188963.8 fps total: 126345.1
fps step: 176684.5 fps total: 115933.5
fps step: 178010.5 fps total: 122093.1
fps step: 193372.4 fps total: 126922.7
fps step: 192057.3 fps total: 127814.0
fps step: 183384.0 fps total: 123854.0
fps step: 193326.4 fps total: 129704.3
fps step: 192167.8 fps total: 128566.3
fps step: 192421.6 fps total: 129581.9
fps step: 186126.5 fps total: 126628.7
fps step: 182225.8 fps total: 123714.7
fps step: 185134.9 fps total: 123331.7
fps step: 192003.1 fps total: 126698.3
fps step: 162345.5 fps total: 113665.9
fps step: 170960.3 fps total: 118076.2
fps step: 188921.1 fps total: 126245.2
fps step: 171831.1 fps total: 118680.0
fps step: 188875.5 fps total: 126847.7
fps step: 183851.2 fps total: 125504.0
fps step: 189071.6 fps total: 127277.1
fps step: 188797.0 fps total: 127559.8
fps step: 192974.5 fps total: 129979.4
fps step: 183929.0 fps total: 122966.8
fps step: 171081.0 fps total: 117738.6
fps step: 178319.6 fps total: 120991.6
fps step: 169808.7 fps total: 116224.3
fps step: 163846.2 fps total: 114267.3
fps step: 178241.7 fps total: 119532.5
fps step: 170761.7 fps total: 115734.2
fps step: 188225.6 fps total: 127909.1
fps step: 193012.7 fps total: 130002.1
=> saving checkpoint 'runs/HumanoidAMP_04-16-25-51/nn/HumanoidAMP_04-16-25-52_3900.pth'
fps step: 193132.9 fps total: 130329.0
fps step: 194258.2 fps total: 130340.2
fps step: 186082.6 fps total: 122267.7
fps step: 172800.6 fps total: 118267.0
fps step: 165096.2 fps total: 115303.0
fps step: 180490.6 fps total: 122381.3
fps step: 192155.5 fps total: 128170.3
fps step: 191016.8 fps total: 127271.7
fps step: 177463.3 fps total: 120218.2
fps step: 174891.8 fps total: 119473.2
fps step: 163980.4 fps total: 113943.1
fps step: 191409.8 fps total: 127482.4
fps step: 172946.2 fps total: 118315.4
fps step: 178729.8 fps total: 118762.0
fps step: 185095.7 fps total: 124696.2
fps step: 189713.2 fps total: 128056.1
fps step: 188987.1 fps total: 124880.5
fps step: 183506.4 fps total: 122875.6
fps step: 186131.6 fps total: 125595.5
fps step: 185186.6 fps total: 126002.8
fps step: 174447.9 fps total: 120845.7
fps step: 182014.8 fps total: 123060.9
fps step: 188202.2 fps total: 127192.6
fps step: 178463.1 fps total: 121925.2
fps step: 178286.3 fps total: 120430.8
fps step: 179291.0 fps total: 121294.2
fps step: 176447.0 fps total: 120128.2
fps step: 171588.9 fps total: 116605.0
fps step: 188388.5 fps total: 125550.3
fps step: 184584.8 fps total: 123639.7
fps step: 180682.7 fps total: 123071.5
fps step: 183904.4 fps total: 124616.0
fps step: 175961.6 fps total: 118924.5
fps step: 187171.3 fps total: 124345.7
fps step: 187228.7 fps total: 122042.5
fps step: 173769.2 fps total: 115840.0
fps step: 178774.9 fps total: 120157.0
fps step: 189323.0 fps total: 123098.6
fps step: 182787.4 fps total: 120482.2
fps step: 178090.2 fps total: 119464.9
fps step: 178266.7 fps total: 120340.4
fps step: 179816.7 fps total: 119962.4
fps step: 183835.2 fps total: 124153.1
fps step: 177978.4 fps total: 120824.6
fps step: 182683.9 fps total: 123311.2
fps step: 190088.8 fps total: 124610.6
fps step: 186959.2 fps total: 123425.5
fps step: 179768.4 fps total: 121634.9
fps step: 184006.6 fps total: 124174.5
fps step: 179742.4 fps total: 122571.1
=> saving checkpoint 'runs/HumanoidAMP_04-16-25-51/nn/HumanoidAMP_04-16-25-52_3950.pth'
fps step: 178587.9 fps total: 120224.3
fps step: 156716.8 fps total: 110084.4
fps step: 188469.5 fps total: 124156.8
fps step: 185431.2 fps total: 124212.8
fps step: 189393.5 fps total: 126659.9
fps step: 179120.9 fps total: 119749.7
fps step: 178976.8 fps total: 120974.2
fps step: 185070.6 fps total: 124592.6
fps step: 173551.8 fps total: 117824.4
fps step: 178089.6 fps total: 119283.4
fps step: 170014.2 fps total: 115924.8
fps step: 169348.2 fps total: 115952.0
fps step: 177130.7 fps total: 118663.5
fps step: 176665.6 fps total: 117501.5
fps step: 165727.8 fps total: 111913.0
fps step: 170155.3 fps total: 113299.2
fps step: 153943.8 fps total: 109026.8
fps step: 171877.6 fps total: 116956.2
fps step: 170653.8 fps total: 117697.8
fps step: 176436.5 fps total: 116476.5
fps step: 170914.1 fps total: 116008.2
fps step: 173719.5 fps total: 116253.5
fps step: 161978.8 fps total: 108016.5
fps step: 169412.5 fps total: 110378.1
fps step: 149317.5 fps total: 105051.3
fps step: 165804.8 fps total: 112842.0
fps step: 173241.7 fps total: 118486.1
fps step: 161947.0 fps total: 111517.2
fps step: 165538.8 fps total: 112523.6
fps step: 170943.7 fps total: 117281.3
fps step: 188349.4 fps total: 126761.9
fps step: 182508.2 fps total: 123338.6
fps step: 168275.7 fps total: 116867.2
fps step: 171574.6 fps total: 118831.0
fps step: 180971.7 fps total: 120493.7
fps step: 169763.7 fps total: 117502.3
fps step: 189427.1 fps total: 125816.9
fps step: 174535.4 fps total: 117909.1
fps step: 191816.0 fps total: 126106.6
fps step: 179906.9 fps total: 120457.4
fps step: 191703.4 fps total: 126524.9
fps step: 190649.7 fps total: 129050.8
fps step: 190436.9 fps total: 127383.1
fps step: 191639.6 fps total: 127732.0
fps step: 190468.9 fps total: 128285.7
fps step: 192441.9 fps total: 129835.9
fps step: 184695.1 fps total: 125451.8
fps step: 190320.8 fps total: 127524.3
fps step: 187673.9 fps total: 126600.3
fps step: 185323.7 fps total: 124987.7
=> saving checkpoint 'runs/HumanoidAMP_04-16-25-51/nn/HumanoidAMP_04-16-25-52_4000.pth'
fps step: 174971.7 fps total: 120213.8
fps step: 168384.5 fps total: 114381.0
fps step: 192454.6 fps total: 129250.8
fps step: 192161.3 fps total: 128406.2
fps step: 190474.5 fps total: 126111.7
fps step: 193163.8 fps total: 126392.2
fps step: 190651.5 fps total: 127997.7
fps step: 187062.7 fps total: 126600.7
fps step: 178153.1 fps total: 117850.1
fps step: 187507.2 fps total: 124213.5
fps step: 182655.4 fps total: 123197.0
fps step: 184693.0 fps total: 123355.0
fps step: 173237.6 fps total: 117995.1
fps step: 167708.0 fps total: 115548.8
fps step: 189571.9 fps total: 124480.2
fps step: 185367.6 fps total: 126147.6
fps step: 191304.9 fps total: 128347.7
fps step: 187562.4 fps total: 126315.0
fps step: 180616.4 fps total: 123922.8
fps step: 191102.0 fps total: 128648.8
fps step: 189013.1 fps total: 127250.7
fps step: 187666.6 fps total: 124969.4
fps step: 172719.7 fps total: 119505.1
fps step: 182498.8 fps total: 122424.2
fps step: 180219.9 fps total: 122166.9
fps step: 177862.2 fps total: 121834.6
fps step: 186327.0 fps total: 125676.9
fps step: 187000.4 fps total: 125103.7
fps step: 189379.1 fps total: 127661.4
fps step: 188250.9 fps total: 126375.4
fps step: 175866.7 fps total: 117819.7
fps step: 178244.2 fps total: 120527.1
fps step: 167883.7 fps total: 113540.1
fps step: 177470.8 fps total: 119612.8
fps step: 190516.5 fps total: 126370.1
fps step: 189163.6 fps total: 126986.4
fps step: 164991.8 fps total: 113960.1
fps step: 185231.6 fps total: 122449.4
fps step: 169304.2 fps total: 116887.2
fps step: 179456.4 fps total: 123183.3
fps step: 189945.9 fps total: 127180.8
fps step: 192526.7 fps total: 125770.6
fps step: 176669.8 fps total: 120812.5
fps step: 183273.8 fps total: 122377.5
fps step: 173310.9 fps total: 116636.2
fps step: 184085.2 fps total: 124873.9
fps step: 190183.0 fps total: 125253.7
fps step: 173033.5 fps total: 120088.1
fps step: 150863.6 fps total: 106138.7
fps step: 171554.1 fps total: 118907.7
=> saving checkpoint 'runs/HumanoidAMP_04-16-25-51/nn/HumanoidAMP_04-16-25-52_4050.pth'
fps step: 192246.9 fps total: 128429.4
fps step: 188997.5 fps total: 127449.2
fps step: 190062.2 fps total: 128518.0
fps step: 190489.9 fps total: 128410.2
fps step: 191675.7 fps total: 128734.1
fps step: 189893.3 fps total: 127870.0
fps step: 193774.1 fps total: 130223.5
fps step: 191271.8 fps total: 128620.5
fps step: 186833.8 fps total: 126426.6
fps step: 192415.9 fps total: 128723.9
fps step: 186763.0 fps total: 126697.9
fps step: 190630.3 fps total: 128333.7
fps step: 189597.9 fps total: 126420.2
fps step: 190031.9 fps total: 128117.5
fps step: 179617.7 fps total: 120021.4
fps step: 175150.1 fps total: 116867.1
fps step: 186794.7 fps total: 124452.1
fps step: 191762.4 fps total: 128455.0
fps step: 190223.8 fps total: 127763.1
fps step: 176447.0 fps total: 115967.5
fps step: 177873.1 fps total: 119234.3
fps step: 182669.5 fps total: 121821.8
fps step: 180674.2 fps total: 120778.0
fps step: 186222.8 fps total: 120870.2
fps step: 171656.1 fps total: 115374.1
fps step: 181005.9 fps total: 122663.2
fps step: 190968.2 fps total: 126274.4
fps step: 190007.6 fps total: 127119.4
fps step: 191150.4 fps total: 127335.3
fps step: 190046.2 fps total: 126928.6
fps step: 190660.4 fps total: 127473.3
fps step: 176775.4 fps total: 120776.0
fps step: 190613.3 fps total: 126724.5
fps step: 189422.7 fps total: 127263.1
fps step: 187111.2 fps total: 125046.9
fps step: 165688.8 fps total: 113455.8
fps step: 174984.9 fps total: 120342.1
fps step: 189010.8 fps total: 127424.9
fps step: 192284.8 fps total: 128792.2
fps step: 190614.0 fps total: 128761.9
fps step: 188661.1 fps total: 126363.0
fps step: 178209.9 fps total: 119117.2
fps step: 188015.1 fps total: 126573.2
fps step: 189611.9 fps total: 127582.0
fps step: 191249.2 fps total: 124036.7
fps step: 179653.2 fps total: 121693.5
fps step: 189272.2 fps total: 127729.8
fps step: 184263.2 fps total: 123998.6
fps step: 183521.7 fps total: 124709.9
fps step: 179091.6 fps total: 122528.8
=> saving checkpoint 'runs/HumanoidAMP_04-16-25-51/nn/HumanoidAMP_04-16-25-52_4100.pth'
fps step: 192117.0 fps total: 128476.0
fps step: 190532.2 fps total: 127279.7
fps step: 172104.8 fps total: 118025.4
fps step: 184251.3 fps total: 122110.4
fps step: 180080.1 fps total: 120313.4
fps step: 170687.2 fps total: 112870.8
fps step: 169121.6 fps total: 115595.6
fps step: 189419.4 fps total: 124002.6
fps step: 173517.8 fps total: 115206.3
fps step: 154888.2 fps total: 108548.6
fps step: 172840.1 fps total: 118073.9
fps step: 162950.5 fps total: 115030.9
fps step: 179782.3 fps total: 121866.9
fps step: 168460.6 fps total: 117067.1
fps step: 174243.1 fps total: 120380.2
fps step: 188599.1 fps total: 124159.5
fps step: 191140.0 fps total: 125898.0
fps step: 188999.8 fps total: 124369.8
fps step: 191223.7 fps total: 127655.4
fps step: 186589.1 fps total: 124774.1
fps step: 184293.6 fps total: 123373.7
fps step: 160384.2 fps total: 111448.5
fps step: 164519.1 fps total: 112304.6
fps step: 178710.2 fps total: 119426.7
fps step: 169235.5 fps total: 117612.3
fps step: 182945.2 fps total: 121811.8
fps step: 178630.6 fps total: 118004.9
fps step: 184251.2 fps total: 122736.3
fps step: 185875.9 fps total: 123154.7
fps step: 176646.1 fps total: 117648.3
fps step: 185602.2 fps total: 124008.7
fps step: 177581.5 fps total: 120891.5
fps step: 185487.7 fps total: 122441.6
fps step: 186422.9 fps total: 124856.5
fps step: 174853.2 fps total: 118117.9
fps step: 177769.4 fps total: 121432.6
fps step: 189359.7 fps total: 126613.0
fps step: 184007.8 fps total: 123313.9
fps step: 171256.7 fps total: 117859.8
fps step: 191039.5 fps total: 126641.7
fps step: 174989.5 fps total: 119543.4
fps step: 189543.9 fps total: 124702.4
fps step: 179401.5 fps total: 120402.8
fps step: 161612.3 fps total: 111360.9
fps step: 176358.0 fps total: 121497.9
fps step: 192239.9 fps total: 126059.0
fps step: 180676.1 fps total: 120940.0
fps step: 168976.6 fps total: 116820.4
fps step: 179241.1 fps total: 121742.9
fps step: 185880.9 fps total: 122458.3
=> saving checkpoint 'runs/HumanoidAMP_04-16-25-51/nn/HumanoidAMP_04-16-25-52_4150.pth'
fps step: 186643.2 fps total: 125308.7
fps step: 173580.3 fps total: 118022.8
fps step: 173714.4 fps total: 119223.6
fps step: 172254.5 fps total: 119363.6
fps step: 167931.7 fps total: 116492.2
fps step: 187484.2 fps total: 124901.8
fps step: 179725.4 fps total: 117130.1
fps step: 185151.0 fps total: 121959.4
fps step: 189424.7 fps total: 125017.2
fps step: 186203.0 fps total: 123272.9
fps step: 160630.9 fps total: 112491.4
fps step: 182306.6 fps total: 120226.1
fps step: 169831.7 fps total: 115482.3
fps step: 170505.8 fps total: 114514.9
fps step: 174105.9 fps total: 116313.0
fps step: 181848.6 fps total: 120197.9
fps step: 168113.6 fps total: 114473.4
fps step: 174432.3 fps total: 117943.3
fps step: 172919.3 fps total: 116675.7
fps step: 161190.4 fps total: 111233.7
fps step: 165509.8 fps total: 115803.1
fps step: 186785.3 fps total: 125668.8
fps step: 185332.7 fps total: 125455.9
fps step: 179529.0 fps total: 122870.1
fps step: 180486.3 fps total: 121117.2
fps step: 175648.7 fps total: 119404.8
fps step: 182729.8 fps total: 118941.3
fps step: 170860.9 fps total: 114764.9
fps step: 172733.4 fps total: 117858.3
fps step: 160739.6 fps total: 114081.1
fps step: 189555.3 fps total: 127671.7
fps step: 190357.7 fps total: 126395.3
fps step: 190005.5 fps total: 126158.5
fps step: 192006.7 fps total: 127379.1
fps step: 189838.4 fps total: 124989.0
fps step: 181054.3 fps total: 121735.8
fps step: 179384.2 fps total: 123131.2
fps step: 181197.8 fps total: 122575.8
fps step: 176739.8 fps total: 120992.1
fps step: 181803.3 fps total: 123311.0
fps step: 187266.6 fps total: 124278.2
fps step: 163536.7 fps total: 115067.1
fps step: 166545.9 fps total: 117077.5
fps step: 188657.0 fps total: 123721.3
fps step: 164915.3 fps total: 113795.5
fps step: 187884.3 fps total: 125400.4
fps step: 178273.9 fps total: 120164.8
fps step: 168174.1 fps total: 115715.4
fps step: 187281.4 fps total: 126553.5
fps step: 190962.4 fps total: 128688.1
=> saving checkpoint 'runs/HumanoidAMP_04-16-25-51/nn/HumanoidAMP_04-16-25-52_4200.pth'
fps step: 192845.6 fps total: 129615.6
fps step: 190774.4 fps total: 129239.5
fps step: 186741.3 fps total: 126881.8
fps step: 190022.6 fps total: 127205.5
fps step: 179109.0 fps total: 119849.4
fps step: 166046.2 fps total: 113842.0
fps step: 183699.1 fps total: 122678.5
fps step: 175211.4 fps total: 119956.4
fps step: 174001.3 fps total: 116999.2
fps step: 180545.9 fps total: 122125.1
fps step: 191613.0 fps total: 128123.8
fps step: 190711.8 fps total: 126415.5
fps step: 186629.9 fps total: 125010.9
fps step: 175753.8 fps total: 118819.4
fps step: 184715.0 fps total: 122331.4
fps step: 169695.7 fps total: 116543.3
fps step: 190838.3 fps total: 128656.1
fps step: 189966.2 fps total: 127599.5
fps step: 181335.5 fps total: 121971.1
fps step: 189747.6 fps total: 128489.2
fps step: 187230.8 fps total: 127199.8
fps step: 186691.5 fps total: 126950.9
fps step: 186165.6 fps total: 124207.9
fps step: 190258.9 fps total: 128339.3
fps step: 185487.7 fps total: 123601.0
fps step: 173031.8 fps total: 117029.7
fps step: 186433.6 fps total: 126691.2
fps step: 191033.0 fps total: 125332.2
fps step: 171331.2 fps total: 118201.2
fps step: 181543.1 fps total: 120191.4
fps step: 185000.1 fps total: 125936.5
fps step: 190658.8 fps total: 127816.4
fps step: 191312.0 fps total: 128418.4
fps step: 188356.4 fps total: 125880.3
fps step: 190184.3 fps total: 127707.6
fps step: 191417.8 fps total: 127398.5
fps step: 175268.2 fps total: 118625.4
fps step: 179145.9 fps total: 119261.6
fps step: 165494.9 fps total: 111466.9
fps step: 186159.2 fps total: 125700.2
fps step: 190397.2 fps total: 124885.7
fps step: 188425.3 fps total: 127250.5
fps step: 190540.0 fps total: 128862.1
fps step: 190910.8 fps total: 126492.0
fps step: 155235.5 fps total: 108256.6
fps step: 185302.5 fps total: 125723.5
fps step: 177520.2 fps total: 120422.5
fps step: 170136.1 fps total: 117671.3
fps step: 167912.4 fps total: 116443.4
fps step: 164384.1 fps total: 113500.0
=> saving checkpoint 'runs/HumanoidAMP_04-16-25-51/nn/HumanoidAMP_04-16-25-52_4250.pth'
fps step: 168675.8 fps total: 117311.8
fps step: 189492.3 fps total: 126297.9
fps step: 172269.3 fps total: 118397.8
fps step: 187999.6 fps total: 125953.1
fps step: 190418.5 fps total: 127183.7
fps step: 193113.2 fps total: 127181.8
fps step: 173006.8 fps total: 115522.3
fps step: 162876.7 fps total: 112463.6
fps step: 176433.9 fps total: 118766.9
fps step: 172229.7 fps total: 118147.9
fps step: 166126.2 fps total: 115397.3
fps step: 176703.1 fps total: 119173.4
fps step: 174706.2 fps total: 121152.4
fps step: 190756.8 fps total: 125507.6
fps step: 181398.4 fps total: 120582.4
fps step: 175529.0 fps total: 118502.8
fps step: 187161.6 fps total: 121846.6
fps step: 182789.1 fps total: 121213.8
fps step: 174574.9 fps total: 117220.6
fps step: 183691.7 fps total: 124829.3
fps step: 183066.4 fps total: 118706.3
fps step: 177504.5 fps total: 120572.0
fps step: 175631.4 fps total: 119220.9
fps step: 173518.7 fps total: 120225.6
fps step: 188016.5 fps total: 123301.2
fps step: 178424.8 fps total: 120649.3
fps step: 167422.2 fps total: 112680.2
fps step: 166104.6 fps total: 112304.3
fps step: 175802.4 fps total: 117472.1
fps step: 182870.2 fps total: 121118.3
fps step: 179841.9 fps total: 122317.7
fps step: 186722.2 fps total: 125820.8
fps step: 192715.8 fps total: 129494.4
fps step: 190809.1 fps total: 128812.4
fps step: 191497.4 fps total: 124987.7
fps step: 191427.7 fps total: 125317.0
fps step: 191647.1 fps total: 127110.2
fps step: 189777.4 fps total: 126395.8
fps step: 162432.5 fps total: 112656.3
fps step: 181741.2 fps total: 120973.9
fps step: 176725.5 fps total: 117121.1
fps step: 171597.5 fps total: 117865.0
fps step: 184966.2 fps total: 125933.1
fps step: 189371.4 fps total: 126901.8
fps step: 193573.4 fps total: 130008.3
fps step: 190925.0 fps total: 127954.3
fps step: 168381.5 fps total: 115567.4
fps step: 177955.5 fps total: 121023.1
fps step: 188726.8 fps total: 125097.4
fps step: 190510.0 fps total: 127678.3
=> saving checkpoint 'runs/HumanoidAMP_04-16-25-51/nn/HumanoidAMP_04-16-25-52_4300.pth'
fps step: 190610.8 fps total: 127891.9
fps step: 190900.2 fps total: 125790.0
fps step: 180394.3 fps total: 119026.8
fps step: 180537.0 fps total: 118973.4
fps step: 184573.2 fps total: 124660.8
fps step: 175324.9 fps total: 115872.2
fps step: 171114.9 fps total: 116484.1
fps step: 172383.8 fps total: 116533.0
fps step: 161131.5 fps total: 111120.9
fps step: 166710.7 fps total: 113828.2
fps step: 168248.6 fps total: 115660.1
fps step: 177628.0 fps total: 121496.3
fps step: 170233.1 fps total: 116897.6
fps step: 165008.7 fps total: 115272.4
fps step: 173817.3 fps total: 116313.2
fps step: 163809.4 fps total: 113599.3
fps step: 187793.3 fps total: 126130.2
fps step: 187581.2 fps total: 125440.4
fps step: 171202.9 fps total: 117403.6
fps step: 176244.7 fps total: 120707.7
fps step: 187043.4 fps total: 126129.3
fps step: 167857.8 fps total: 117025.3
fps step: 180601.8 fps total: 122633.5
fps step: 190920.8 fps total: 127259.2
fps step: 190031.2 fps total: 126130.8
fps step: 184649.5 fps total: 122605.7
fps step: 168156.3 fps total: 113656.7
fps step: 169342.1 fps total: 113801.4
fps step: 187542.5 fps total: 121833.2
fps step: 173312.6 fps total: 118981.2
fps step: 189142.2 fps total: 124485.4
fps step: 189849.1 fps total: 126657.2
fps step: 191280.0 fps total: 128016.4
fps step: 190320.4 fps total: 127505.9
fps step: 191808.8 fps total: 127067.5
fps step: 177660.7 fps total: 120374.7
fps step: 184724.7 fps total: 124385.5
fps step: 191770.6 fps total: 128090.6
fps step: 190424.6 fps total: 128041.2
fps step: 189804.0 fps total: 128480.7
fps step: 188089.2 fps total: 123211.8
fps step: 186804.3 fps total: 125838.9
fps step: 187670.2 fps total: 122806.9
fps step: 162855.1 fps total: 112931.3
fps step: 168768.8 fps total: 117084.2
fps step: 175298.4 fps total: 120579.2
fps step: 190775.1 fps total: 126438.4
fps step: 165831.8 fps total: 115437.7
fps step: 172076.8 fps total: 119430.2
fps step: 171838.6 fps total: 115084.5
=> saving checkpoint 'runs/HumanoidAMP_04-16-25-51/nn/HumanoidAMP_04-16-25-52_4350.pth'
fps step: 190618.5 fps total: 125816.4
fps step: 180865.4 fps total: 123438.3
fps step: 177580.4 fps total: 119587.8
fps step: 185501.6 fps total: 125495.7
fps step: 192425.9 fps total: 127149.2
fps step: 190259.6 fps total: 126161.3
fps step: 186259.7 fps total: 125668.0
fps step: 191154.8 fps total: 128797.5
fps step: 181293.0 fps total: 120388.5
fps step: 189659.9 fps total: 127562.6
fps step: 185279.3 fps total: 124794.4
fps step: 186737.6 fps total: 125356.5
fps step: 182206.7 fps total: 122862.7
fps step: 184390.6 fps total: 122711.8
fps step: 183991.8 fps total: 122554.9
fps step: 173758.8 fps total: 119489.9
fps step: 177845.4 fps total: 119542.4
fps step: 176296.5 fps total: 121624.6
fps step: 183538.6 fps total: 123482.3
fps step: 184036.7 fps total: 123142.8
fps step: 183031.2 fps total: 121554.1
fps step: 173338.9 fps total: 119118.2
fps step: 175875.5 fps total: 117971.2
fps step: 178870.7 fps total: 116753.8
fps step: 174172.2 fps total: 118864.7
fps step: 172873.0 fps total: 119770.4
fps step: 179727.6 fps total: 122179.0
fps step: 181665.2 fps total: 122278.9
fps step: 189577.8 fps total: 127949.0
fps step: 189828.6 fps total: 128421.0
fps step: 188453.8 fps total: 126110.5
fps step: 180003.7 fps total: 121205.5
fps step: 172620.0 fps total: 116759.1
fps step: 181047.5 fps total: 122212.9
fps step: 186975.4 fps total: 123303.7
fps step: 178504.0 fps total: 120171.2
fps step: 183781.7 fps total: 120481.0
fps step: 154881.6 fps total: 107441.8
fps step: 174256.6 fps total: 119922.7
fps step: 180881.4 fps total: 121131.6
fps step: 176496.7 fps total: 121350.9
fps step: 171184.2 fps total: 119369.6
fps step: 189780.8 fps total: 127481.0
fps step: 178994.0 fps total: 121853.8
fps step: 185042.2 fps total: 125197.5
fps step: 187610.6 fps total: 127054.9
fps step: 190024.1 fps total: 128126.8
fps step: 190355.0 fps total: 128043.1
fps step: 189034.8 fps total: 127225.7
fps step: 190639.6 fps total: 128480.7
=> saving checkpoint 'runs/HumanoidAMP_04-16-25-51/nn/HumanoidAMP_04-16-25-52_4400.pth'
fps step: 163778.8 fps total: 115493.9
fps step: 171114.1 fps total: 116981.6
fps step: 191729.4 fps total: 127640.6
fps step: 183204.4 fps total: 122820.5
fps step: 171080.6 fps total: 115067.8
fps step: 166434.1 fps total: 112206.4
fps step: 171135.1 fps total: 116092.4
fps step: 187821.8 fps total: 125849.6
fps step: 189661.0 fps total: 125658.6
fps step: 190491.1 fps total: 127225.2
fps step: 187284.0 fps total: 127183.9
fps step: 191186.8 fps total: 128473.4
fps step: 188975.5 fps total: 124650.1
fps step: 190869.5 fps total: 126693.6
fps step: 190882.5 fps total: 126902.3
fps step: 191319.5 fps total: 128480.5
fps step: 177507.6 fps total: 120863.1
fps step: 182296.6 fps total: 122082.4
fps step: 184563.8 fps total: 124014.5
fps step: 173645.7 fps total: 118863.3
fps step: 185547.0 fps total: 124892.6
fps step: 190269.3 fps total: 127819.2
fps step: 189218.1 fps total: 127701.8
fps step: 194150.4 fps total: 128729.6
fps step: 186831.4 fps total: 122298.4
fps step: 178145.5 fps total: 120244.7
fps step: 181997.6 fps total: 121279.7
fps step: 171204.9 fps total: 117341.1
fps step: 169479.8 fps total: 117442.3
fps step: 166844.6 fps total: 111638.6
fps step: 151196.1 fps total: 105296.8
fps step: 185857.7 fps total: 122283.4
fps step: 181886.7 fps total: 123227.6
fps step: 178089.2 fps total: 120515.2
fps step: 188599.7 fps total: 127130.4
fps step: 184597.0 fps total: 124905.1
fps step: 184821.1 fps total: 124156.8
fps step: 189492.7 fps total: 126082.5
fps step: 177385.8 fps total: 118582.5
fps step: 181409.5 fps total: 122388.8
fps step: 176163.2 fps total: 117861.6
fps step: 170049.9 fps total: 115117.5
fps step: 172372.2 fps total: 116734.4
fps step: 182420.2 fps total: 122002.4
fps step: 191925.3 fps total: 125668.5
fps step: 173871.0 fps total: 117926.6
fps step: 175596.0 fps total: 119102.8
fps step: 184775.7 fps total: 125427.3
fps step: 193510.0 fps total: 127158.6
fps step: 190932.6 fps total: 126665.0
=> saving checkpoint 'runs/HumanoidAMP_04-16-25-51/nn/HumanoidAMP_04-16-25-52_4450.pth'
fps step: 190312.5 fps total: 126566.3
fps step: 193033.9 fps total: 128444.9
fps step: 191971.8 fps total: 129087.6
fps step: 188879.2 fps total: 127622.0
fps step: 189450.8 fps total: 127908.0
fps step: 192181.3 fps total: 128847.6
fps step: 187967.2 fps total: 126713.7
fps step: 183898.3 fps total: 124696.5
fps step: 173730.0 fps total: 117647.0
fps step: 174897.5 fps total: 118747.6
fps step: 173993.1 fps total: 116313.0
fps step: 167192.8 fps total: 112493.3
fps step: 175877.1 fps total: 119202.4
fps step: 171949.8 fps total: 117534.5
fps step: 170962.5 fps total: 117774.4
fps step: 164341.4 fps total: 112462.6
fps step: 180896.5 fps total: 122080.7
fps step: 181722.6 fps total: 121624.1
fps step: 184140.1 fps total: 123282.5
fps step: 178829.5 fps total: 120769.3
fps step: 187707.4 fps total: 124848.0
fps step: 184154.9 fps total: 122341.6
fps step: 164794.9 fps total: 114061.5
fps step: 190503.6 fps total: 127655.3
fps step: 191387.0 fps total: 127925.6
fps step: 176569.1 fps total: 119510.0
fps step: 170950.0 fps total: 116754.2
fps step: 182801.6 fps total: 123710.8
fps step: 168637.1 fps total: 113514.8
fps step: 168019.2 fps total: 113705.1
fps step: 164423.1 fps total: 115514.9
fps step: 182198.3 fps total: 124272.4
fps step: 181356.4 fps total: 119874.9
fps step: 157408.3 fps total: 110492.2
fps step: 188739.5 fps total: 127804.9
fps step: 190926.2 fps total: 127670.6
fps step: 188717.8 fps total: 127633.0
fps step: 189404.3 fps total: 125653.4
fps step: 191501.0 fps total: 128462.5
fps step: 191313.2 fps total: 128210.4
fps step: 186473.7 fps total: 125771.6
fps step: 190971.8 fps total: 126166.0
fps step: 192240.3 fps total: 129504.8
fps step: 192176.5 fps total: 129096.2
fps step: 192016.7 fps total: 127892.6
fps step: 192070.0 fps total: 129282.0
fps step: 190301.7 fps total: 128849.6
fps step: 191917.4 fps total: 128451.4
fps step: 191882.2 fps total: 128447.8
fps step: 174528.2 fps total: 118879.0
=> saving checkpoint 'runs/HumanoidAMP_04-16-25-51/nn/HumanoidAMP_04-16-25-52_4500.pth'
fps step: 188699.4 fps total: 127356.3
fps step: 191303.0 fps total: 128963.1
fps step: 191359.3 fps total: 129047.4
fps step: 189412.4 fps total: 127745.3
fps step: 188063.1 fps total: 127227.6
fps step: 185877.1 fps total: 126108.9
fps step: 192466.3 fps total: 129319.6
fps step: 188380.9 fps total: 126409.4
fps step: 191940.8 fps total: 129094.7
fps step: 185745.4 fps total: 122283.2
fps step: 185355.6 fps total: 124985.9
fps step: 189821.8 fps total: 126178.2
fps step: 162481.8 fps total: 113444.0
fps step: 180781.5 fps total: 123588.8
fps step: 186505.7 fps total: 125100.7
fps step: 180298.4 fps total: 121825.7
fps step: 177368.4 fps total: 118613.2
fps step: 177919.6 fps total: 121405.6
fps step: 179404.0 fps total: 122796.6
fps step: 192763.4 fps total: 127493.0
fps step: 187393.5 fps total: 124032.2
fps step: 175593.5 fps total: 117265.9
fps step: 175693.9 fps total: 117937.6
fps step: 180039.7 fps total: 120948.3
fps step: 174510.7 fps total: 118631.0
fps step: 163658.0 fps total: 113533.3
fps step: 189530.6 fps total: 126824.4
fps step: 189194.3 fps total: 125271.8
fps step: 191253.5 fps total: 127653.2
fps step: 187965.2 fps total: 124148.6
fps step: 188243.8 fps total: 125614.4
fps step: 176747.7 fps total: 118034.6
fps step: 180009.5 fps total: 121278.6
fps step: 164176.9 fps total: 112603.1
fps step: 176183.0 fps total: 119758.8
fps step: 169497.4 fps total: 116366.1
fps step: 175754.4 fps total: 113965.9
fps step: 188540.4 fps total: 125661.1
fps step: 191607.7 fps total: 128392.3
fps step: 188895.2 fps total: 127688.9
fps step: 186344.5 fps total: 123202.4
fps step: 184694.2 fps total: 124854.2
fps step: 185322.4 fps total: 120649.2
fps step: 173355.8 fps total: 118763.2
fps step: 190201.4 fps total: 126389.4
fps step: 187843.2 fps total: 126911.2
fps step: 181483.7 fps total: 123969.2
fps step: 184970.2 fps total: 126099.0
fps step: 189459.9 fps total: 127818.7
fps step: 184324.5 fps total: 122690.1
=> saving checkpoint 'runs/HumanoidAMP_04-16-25-51/nn/HumanoidAMP_04-16-25-52_4550.pth'
fps step: 183948.0 fps total: 122177.2
fps step: 181791.7 fps total: 122767.2
fps step: 179762.7 fps total: 121113.9
fps step: 177761.1 fps total: 121089.4
fps step: 181037.4 fps total: 120841.7
fps step: 173014.0 fps total: 116190.5
fps step: 166982.6 fps total: 114197.5
fps step: 177238.7 fps total: 119537.4
fps step: 174345.3 fps total: 117049.9
fps step: 167530.5 fps total: 114086.7
fps step: 170986.1 fps total: 118374.0
fps step: 185444.1 fps total: 124541.8
fps step: 175073.1 fps total: 119126.7
fps step: 186334.2 fps total: 126136.0
fps step: 190063.4 fps total: 128197.2
fps step: 189712.0 fps total: 127587.9
fps step: 192296.8 fps total: 128608.3
fps step: 188004.1 fps total: 124895.6
fps step: 161166.3 fps total: 111281.2
fps step: 177050.6 fps total: 116937.0
fps step: 176317.9 fps total: 118828.5
fps step: 175377.3 fps total: 117977.6
fps step: 180128.2 fps total: 120187.9
fps step: 187726.2 fps total: 125247.5
fps step: 156394.9 fps total: 109357.9
fps step: 176609.3 fps total: 121369.8
fps step: 179133.3 fps total: 121179.2
fps step: 168969.2 fps total: 117010.2
fps step: 167938.9 fps total: 116483.6
fps step: 174498.2 fps total: 117833.1
fps step: 179558.0 fps total: 120732.1
fps step: 178836.7 fps total: 123111.7
fps step: 191424.2 fps total: 128765.9
fps step: 191383.4 fps total: 128835.2
fps step: 190798.9 fps total: 128502.7
fps step: 186793.0 fps total: 124451.1
fps step: 185647.0 fps total: 124293.5
fps step: 188161.7 fps total: 125663.6
fps step: 181560.0 fps total: 121558.6
fps step: 167208.7 fps total: 114387.4
fps step: 171078.7 fps total: 117291.9
fps step: 175899.7 fps total: 117961.8
fps step: 187779.3 fps total: 125498.1
fps step: 183151.7 fps total: 120048.9
fps step: 181222.7 fps total: 121303.3
fps step: 169676.3 fps total: 114300.9
fps step: 177124.5 fps total: 120829.4
fps step: 183937.9 fps total: 121990.9
fps step: 167202.3 fps total: 115871.2
fps step: 190704.5 fps total: 127811.8
=> saving checkpoint 'runs/HumanoidAMP_04-16-25-51/nn/HumanoidAMP_04-16-25-52_4600.pth'
fps step: 190838.1 fps total: 128655.0
fps step: 189827.4 fps total: 127816.3
fps step: 190504.4 fps total: 127101.2
fps step: 185152.2 fps total: 123537.9
fps step: 185229.2 fps total: 122815.6
fps step: 185870.1 fps total: 123892.5
fps step: 189772.7 fps total: 126598.6
fps step: 188897.6 fps total: 127476.8
fps step: 188952.0 fps total: 127662.6
fps step: 190557.8 fps total: 128179.5
fps step: 184536.3 fps total: 122832.7
fps step: 178068.7 fps total: 121915.4
fps step: 186524.8 fps total: 125495.8
fps step: 168504.3 fps total: 115677.5
fps step: 185853.4 fps total: 124091.3
fps step: 182593.3 fps total: 124208.8
fps step: 190088.4 fps total: 128269.8
fps step: 192052.8 fps total: 128407.2
fps step: 188762.2 fps total: 126907.2
fps step: 171891.5 fps total: 118120.9
fps step: 190737.2 fps total: 126391.9
fps step: 189686.9 fps total: 127935.9
fps step: 193794.1 fps total: 126724.9
fps step: 190717.0 fps total: 127272.5
fps step: 182270.2 fps total: 123032.6
fps step: 176930.3 fps total: 121086.5
fps step: 166418.4 fps total: 115896.8
fps step: 166138.4 fps total: 114222.4
fps step: 181866.4 fps total: 121415.7
fps step: 172073.7 fps total: 116058.7
fps step: 172791.1 fps total: 116385.4
fps step: 174470.8 fps total: 118541.0
fps step: 173632.0 fps total: 119518.4
fps step: 181109.1 fps total: 123799.6
fps step: 183788.8 fps total: 124183.9
fps step: 182001.8 fps total: 123845.1
fps step: 185089.1 fps total: 124916.9
fps step: 185105.0 fps total: 125271.5
fps step: 190525.3 fps total: 127032.1
fps step: 190937.2 fps total: 124494.8
fps step: 190776.3 fps total: 126536.5
fps step: 182580.5 fps total: 123571.5
fps step: 176917.6 fps total: 122194.8
fps step: 186455.4 fps total: 125573.4
fps step: 178469.0 fps total: 121228.1
fps step: 190356.8 fps total: 127443.4
fps step: 170577.7 fps total: 117434.5
fps step: 168371.4 fps total: 115436.0
fps step: 186857.0 fps total: 125850.9
fps step: 186548.5 fps total: 123508.7
=> saving checkpoint 'runs/HumanoidAMP_04-16-25-51/nn/HumanoidAMP_04-16-25-52_4650.pth'
fps step: 184663.3 fps total: 123009.9
fps step: 184237.2 fps total: 124165.5
fps step: 173621.9 fps total: 118795.7
fps step: 183597.0 fps total: 124881.7
fps step: 188129.4 fps total: 123336.3
fps step: 171479.7 fps total: 117514.6
fps step: 169031.6 fps total: 117004.3
fps step: 180943.5 fps total: 122650.9
fps step: 162476.7 fps total: 112527.5
fps step: 177248.6 fps total: 120149.4
fps step: 179660.1 fps total: 122491.8
fps step: 174100.8 fps total: 114260.0
fps step: 187538.8 fps total: 125560.3
fps step: 179432.1 fps total: 122036.5
fps step: 175531.7 fps total: 120512.4
fps step: 184025.8 fps total: 121308.7
fps step: 182956.0 fps total: 122901.8
fps step: 187750.2 fps total: 125976.1
fps step: 188319.2 fps total: 122114.0
fps step: 170243.9 fps total: 115838.2
fps step: 185896.8 fps total: 120602.3
fps step: 175835.8 fps total: 116028.0
fps step: 182818.7 fps total: 120499.4
fps step: 182794.6 fps total: 123705.9
fps step: 193803.1 fps total: 129808.8
fps step: 190291.2 fps total: 128543.6
fps step: 193319.6 fps total: 129775.2
fps step: 192008.3 fps total: 128982.8
fps step: 193298.2 fps total: 129823.1
fps step: 191973.7 fps total: 129303.1
fps step: 191954.2 fps total: 128428.5
fps step: 190284.9 fps total: 127786.8
fps step: 177117.2 fps total: 117594.3
fps step: 180052.8 fps total: 123209.4
fps step: 191679.6 fps total: 126581.1
fps step: 184278.0 fps total: 124202.0
fps step: 193080.4 fps total: 128528.8
fps step: 193096.4 fps total: 129702.0
fps step: 188185.8 fps total: 126009.2
fps step: 193765.0 fps total: 129322.5
fps step: 189142.7 fps total: 126251.0
fps step: 194112.9 fps total: 126756.4
fps step: 186058.6 fps total: 126046.4
fps step: 171820.0 fps total: 117063.8
fps step: 178521.9 fps total: 119573.3
fps step: 183301.9 fps total: 121930.8
fps step: 186171.2 fps total: 125311.8
fps step: 180690.4 fps total: 118923.6
fps step: 184284.1 fps total: 124549.4
fps step: 183618.7 fps total: 123119.4
=> saving checkpoint 'runs/HumanoidAMP_04-16-25-51/nn/HumanoidAMP_04-16-25-52_4700.pth'
fps step: 181007.1 fps total: 122039.1
fps step: 175253.8 fps total: 118637.9
fps step: 178157.7 fps total: 120321.3
fps step: 187783.1 fps total: 125857.1
fps step: 181942.8 fps total: 120813.8
fps step: 188411.1 fps total: 127051.2
fps step: 189625.2 fps total: 126329.2
fps step: 194083.2 fps total: 127520.1
fps step: 189999.7 fps total: 127344.5
fps step: 185507.0 fps total: 122880.3
fps step: 185803.0 fps total: 126135.6
fps step: 176471.4 fps total: 120723.1
fps step: 174502.1 fps total: 118439.3
fps step: 189694.9 fps total: 124904.6
fps step: 184461.0 fps total: 124122.8
fps step: 169786.3 fps total: 117306.9
fps step: 172007.7 fps total: 114201.1
fps step: 169724.7 fps total: 116058.5
fps step: 187777.5 fps total: 121429.6
fps step: 176613.6 fps total: 119793.9
fps step: 187603.2 fps total: 127104.8
fps step: 193490.8 fps total: 128827.2
fps step: 181643.2 fps total: 121877.5
fps step: 186851.6 fps total: 125864.0
fps step: 191001.9 fps total: 126196.2
fps step: 172924.1 fps total: 117751.9
fps step: 180737.4 fps total: 120264.7
fps step: 186657.4 fps total: 125795.5
fps step: 192777.9 fps total: 128618.8
fps step: 193639.8 fps total: 127277.2
fps step: 183227.9 fps total: 123004.3
fps step: 177786.7 fps total: 120439.9
fps step: 171184.9 fps total: 116560.8
fps step: 173796.5 fps total: 116589.0
fps step: 179581.9 fps total: 120056.1
fps step: 173645.3 fps total: 116173.6
fps step: 169753.2 fps total: 116254.0
fps step: 177143.3 fps total: 120025.6
fps step: 183605.4 fps total: 121938.7
fps step: 164811.2 fps total: 113446.9
fps step: 170837.3 fps total: 115794.3
fps step: 163196.2 fps total: 111759.0
fps step: 163043.1 fps total: 113904.2
fps step: 164343.6 fps total: 112916.9
fps step: 165778.6 fps total: 114603.0
fps step: 174591.6 fps total: 116185.5
fps step: 173483.9 fps total: 120063.3
fps step: 184234.6 fps total: 125482.3
fps step: 193444.7 fps total: 130150.2
fps step: 190356.4 fps total: 126902.8
=> saving checkpoint 'runs/HumanoidAMP_04-16-25-51/nn/HumanoidAMP_04-16-25-52_4750.pth'
fps step: 168809.3 fps total: 114014.2
fps step: 187462.0 fps total: 126210.0
fps step: 193934.2 fps total: 129083.8
fps step: 187609.1 fps total: 125626.3
fps step: 194755.4 fps total: 129552.9
fps step: 189931.8 fps total: 124505.8
fps step: 194024.8 fps total: 128332.0
fps step: 191174.1 fps total: 128706.5
fps step: 189932.9 fps total: 127603.5
fps step: 192237.9 fps total: 128780.7
fps step: 191051.3 fps total: 128735.0
fps step: 187764.4 fps total: 125508.0
fps step: 178885.1 fps total: 122879.6
fps step: 182757.5 fps total: 125347.5
fps step: 181481.9 fps total: 122480.5
fps step: 192112.2 fps total: 129235.8
fps step: 190590.4 fps total: 126474.4
fps step: 188044.8 fps total: 126591.9
fps step: 185753.4 fps total: 124439.5
fps step: 191566.8 fps total: 128141.4
fps step: 175821.7 fps total: 119497.7
fps step: 182297.3 fps total: 123006.5
fps step: 180856.0 fps total: 123396.4
fps step: 165962.9 fps total: 115245.8
fps step: 189815.6 fps total: 126950.7
fps step: 188893.9 fps total: 123791.5
fps step: 183946.6 fps total: 125437.8
fps step: 188451.7 fps total: 127580.3
fps step: 185064.6 fps total: 124494.1
fps step: 184501.6 fps total: 125860.4
fps step: 167411.5 fps total: 117156.3
fps step: 189410.0 fps total: 126659.2
fps step: 183305.6 fps total: 122810.6
fps step: 170579.1 fps total: 117030.4
fps step: 172349.5 fps total: 115187.2
fps step: 175156.9 fps total: 118967.1
fps step: 176405.4 fps total: 121516.6
fps step: 193752.7 fps total: 130015.0
fps step: 190699.3 fps total: 127511.1
fps step: 191423.7 fps total: 128651.0
fps step: 193433.1 fps total: 129588.1
fps step: 192207.7 fps total: 129343.0
fps step: 193621.5 fps total: 127338.0
fps step: 191405.7 fps total: 128182.1
fps step: 193907.8 fps total: 130080.4
fps step: 192454.2 fps total: 128988.4
fps step: 194990.9 fps total: 130648.9
fps step: 193859.1 fps total: 130169.8
fps step: 182588.9 fps total: 120329.0
fps step: 189242.1 fps total: 125708.0
=> saving checkpoint 'runs/HumanoidAMP_04-16-25-51/nn/HumanoidAMP_04-16-25-52_4800.pth'
fps step: 182302.0 fps total: 121558.8
fps step: 176159.1 fps total: 120841.2
fps step: 190710.0 fps total: 128877.2
fps step: 192887.3 fps total: 129985.9
fps step: 191372.6 fps total: 129057.7
fps step: 193807.6 fps total: 130116.2
fps step: 194079.5 fps total: 130564.6
fps step: 193463.2 fps total: 129351.3
fps step: 182857.6 fps total: 123380.8
fps step: 181912.5 fps total: 121682.4
fps step: 173144.1 fps total: 115773.1
fps step: 176271.2 fps total: 118281.6
fps step: 175580.5 fps total: 117418.6
fps step: 185569.0 fps total: 123081.4
fps step: 183252.2 fps total: 121923.6
fps step: 183764.0 fps total: 120826.2
fps step: 184848.5 fps total: 125291.5
fps step: 172395.2 fps total: 115944.2
fps step: 168234.9 fps total: 115868.8
fps step: 187401.5 fps total: 127127.3
fps step: 194421.6 fps total: 127778.2
fps step: 181150.1 fps total: 121849.5
fps step: 182277.7 fps total: 122020.5
fps step: 173918.2 fps total: 116726.8
fps step: 158867.8 fps total: 109449.3
fps step: 170094.6 fps total: 117629.8
fps step: 182197.0 fps total: 122642.3
fps step: 172700.3 fps total: 117468.5
fps step: 175206.1 fps total: 117258.8
fps step: 189659.0 fps total: 126860.9
fps step: 177450.6 fps total: 118197.7
fps step: 179098.1 fps total: 120552.6
fps step: 140907.5 fps total: 96527.6
fps step: 145209.4 fps total: 102960.1
fps step: 171498.2 fps total: 117069.7
fps step: 177805.2 fps total: 117451.2
fps step: 164654.4 fps total: 113867.0
fps step: 190372.2 fps total: 125629.1
fps step: 193849.3 fps total: 128694.8
fps step: 182796.4 fps total: 123759.5
fps step: 175082.4 fps total: 117289.6
fps step: 174481.6 fps total: 119585.7
fps step: 185827.9 fps total: 123544.0
fps step: 165542.1 fps total: 116208.5
fps step: 188846.6 fps total: 125472.2
fps step: 177874.7 fps total: 119328.4
fps step: 180126.3 fps total: 121470.1
fps step: 191581.4 fps total: 127763.8
fps step: 172823.0 fps total: 118359.2
fps step: 190477.6 fps total: 127155.1
=> saving checkpoint 'runs/HumanoidAMP_04-16-25-51/nn/HumanoidAMP_04-16-25-52_4850.pth'
fps step: 184426.4 fps total: 124136.1
fps step: 187979.5 fps total: 125269.2
fps step: 192948.2 fps total: 128463.5
fps step: 171189.9 fps total: 117955.5
fps step: 181651.7 fps total: 122782.3
fps step: 176801.3 fps total: 121184.5
fps step: 167614.6 fps total: 115849.1
fps step: 157661.2 fps total: 111677.4
fps step: 192192.1 fps total: 129202.3
fps step: 189874.0 fps total: 126931.3
fps step: 194915.8 fps total: 130262.3
fps step: 185571.7 fps total: 125142.6
fps step: 184784.3 fps total: 125297.8
fps step: 187799.1 fps total: 126037.0
fps step: 192355.5 fps total: 129668.9
fps step: 185990.2 fps total: 124871.5
fps step: 176065.0 fps total: 120657.5
fps step: 177467.6 fps total: 118115.4
fps step: 182162.8 fps total: 124785.5
fps step: 191258.9 fps total: 128283.7
fps step: 177480.3 fps total: 120424.6
fps step: 183575.2 fps total: 123538.5
fps step: 168095.0 fps total: 115536.3
fps step: 173917.1 fps total: 118856.4
fps step: 164607.7 fps total: 114349.2
fps step: 183964.7 fps total: 122127.3
fps step: 180565.1 fps total: 117564.1
fps step: 179618.7 fps total: 119854.0
fps step: 177292.7 fps total: 115801.2
fps step: 174799.7 fps total: 118787.2
fps step: 178781.2 fps total: 119777.2
fps step: 189372.1 fps total: 127748.2
fps step: 192677.9 fps total: 129620.9
fps step: 183290.9 fps total: 123541.7
fps step: 180874.6 fps total: 121232.8
fps step: 188774.1 fps total: 127118.7
fps step: 188057.0 fps total: 123315.9
fps step: 173340.3 fps total: 120396.3
fps step: 180234.0 fps total: 118629.4
fps step: 162419.4 fps total: 111514.7
fps step: 180921.3 fps total: 122390.0
fps step: 191526.0 fps total: 126486.7
fps step: 186679.9 fps total: 126735.9
fps step: 169388.2 fps total: 115758.6
fps step: 173823.4 fps total: 117562.1
fps step: 181731.0 fps total: 119417.3
fps step: 187246.5 fps total: 123054.2
fps step: 176323.6 fps total: 120288.4
fps step: 164551.1 fps total: 113823.4
fps step: 165828.9 fps total: 113764.6
Terminated
