nohup: ignoring input
Importing module 'gym_38' (/home/user/Workspace/isaacgym/python/isaacgym/_bindings/linux-x86_64/gym_38.so)
Setting GYM_USD_PLUG_INFO_PATH to /home/user/Workspace/isaacgym/python/isaacgym/_bindings/linux-x86_64/usd/plugInfo.json
PyTorch version 2.4.1+cu124
Device count 1
/home/user/Workspace/isaacgym/python/isaacgym/_bindings/src/gymtorch
ninja: no work to do.
Error: FBX library failed to load - importing FBX data will not succeed. Message: No module named 'fbx'
FBX tools must be installed from https://help.autodesk.com/view/FBX/2020/ENU/?guid=FBX_Developer_Help_scripting_with_python_fbx_installing_python_fbx_html
task: 
    name: HumanoidAMP
    physics_engine: physx
    env: 
        numEnvs: 4096
        envSpacing: 5
        episodeLength: 300
        cameraFollow: True
        enableDebugVis: False
        pdControl: True
        powerScale: 1.0
        controlFrequencyInv: 2
        stateInit: Random
        hybridInitProb: 0.5
        numAMPObsSteps: 2
        localRootObs: False
        contactBodies: ['right_foot', 'left_foot']
        terminationHeight: 0.5
        enableEarlyTermination: True
        motion_file: amp_humanoid_walk.npy
        asset: 
            assetFileName: mjcf/amp_humanoid.xml
        plane: 
            staticFriction: 1.0
            dynamicFriction: 1.0
            restitution: 0.0
    sim: 
        dt: 0.00556
        substeps: 2
        up_axis: z
        use_gpu_pipeline: True
        gravity: [0.0, 0.0, -9.81]
        physx: 
            num_threads: 4
            solver_type: 1
            use_gpu: True
            num_position_iterations: 4
            num_velocity_iterations: 0
            contact_offset: 0.02
            rest_offset: 0.0
            bounce_threshold_velocity: 0.2
            max_depenetration_velocity: 10.0
            default_buffer_size_multiplier: 5.0
            max_gpu_contact_pairs: 8388608
            num_subscenes: 4
            contact_collection: 2
    task: 
        randomize: False
        randomization_params: 
            frequency: 600
            observations: 
                range: [0, 0.002]
                operation: additive
                distribution: gaussian
            actions: 
                range: [0.0, 0.02]
                operation: additive
                distribution: gaussian
            sim_params: 
                gravity: 
                    range: [0, 0.4]
                    operation: additive
                    distribution: gaussian
                    schedule: linear
                    schedule_steps: 3000
            actor_params: 
                humanoid: 
                    color: True
                    rigid_body_properties: 
                        mass: 
                            range: [0.5, 1.5]
                            operation: scaling
                            distribution: uniform
                            setup_only: True
                            schedule: linear
                            schedule_steps: 3000
                    rigid_shape_properties: 
                        friction: 
                            num_buckets: 500
                            range: [0.7, 1.3]
                            operation: scaling
                            distribution: uniform
                            schedule: linear
                            schedule_steps: 3000
                        restitution: 
                            range: [0.0, 0.7]
                            operation: scaling
                            distribution: uniform
                            schedule: linear
                            schedule_steps: 3000
                    dof_properties: 
                        damping: 
                            range: [0.5, 1.5]
                            operation: scaling
                            distribution: uniform
                            schedule: linear
                            schedule_steps: 3000
                        stiffness: 
                            range: [0.5, 1.5]
                            operation: scaling
                            distribution: uniform
                            schedule: linear
                            schedule_steps: 3000
                        lower: 
                            range: [0, 0.01]
                            operation: additive
                            distribution: gaussian
                            schedule: linear
                            schedule_steps: 3000
                        upper: 
                            range: [0, 0.01]
                            operation: additive
                            distribution: gaussian
                            schedule: linear
                            schedule_steps: 3000
train: 
    params: 
        seed: 42
        algo: 
            name: amp_continuous
        model: 
            name: continuous_amp
        network: 
            name: amp
            separate: True
            space: 
                continuous: 
                    mu_activation: None
                    sigma_activation: None
                    mu_init: 
                        name: default
                    sigma_init: 
                        name: const_initializer
                        val: -2.9
                    fixed_sigma: True
                    learn_sigma: False
            mlp: 
                units: [1024, 512]
                activation: relu
                d2rl: False
                initializer: 
                    name: default
                regularizer: 
                    name: None
            disc: 
                units: [1024, 512]
                activation: relu
                initializer: 
                    name: default
        load_checkpoint: False
        load_path: 
        config: 
            name: HumanoidAMP_walk_retrain
            full_experiment_name: HumanoidAMP_walk_retrain
            env_name: rlgpu
            ppo: True
            multi_gpu: False
            mixed_precision: False
            normalize_input: True
            normalize_value: True
            value_bootstrap: True
            num_actors: 4096
            reward_shaper: 
                scale_value: 1
            normalize_advantage: True
            gamma: 0.99
            tau: 0.95
            learning_rate: 5e-05
            lr_schedule: constant
            kl_threshold: 0.008
            score_to_win: 20000
            max_epochs: 5000
            save_best_after: 100
            save_frequency: 50
            print_stats: True
            grad_norm: 1.0
            entropy_coef: 0.0
            truncate_grads: False
            e_clip: 0.2
            horizon_length: 16
            minibatch_size: 32768
            mini_epochs: 6
            critic_coef: 5
            clip_value: False
            seq_len: 4
            bounds_loss_coef: 10
            amp_obs_demo_buffer_size: 200000
            amp_replay_buffer_size: 1000000
            amp_replay_keep_prob: 0.01
            amp_batch_size: 512
            amp_minibatch_size: 4096
            disc_coef: 5
            disc_logit_reg: 0.05
            disc_grad_penalty: 5
            disc_reward_scale: 2
            disc_weight_decay: 0.0001
            normalize_amp_input: True
            task_reward_w: 0.0
            disc_reward_w: 1.0
pbt: 
    enabled: False
task_name: HumanoidAMP
experiment: HumanoidAMP_walk_retrain
num_envs: 4096
mode: 
hmp: True
motion: walk
seed: 42
torch_deterministic: False
max_iterations: 5000
physics_engine: physx
pipeline: gpu
sim_device: cuda:0
rl_device: cuda:0
graphics_device_id: 0
num_threads: 4
solver_type: 1
num_subscenes: 4
test: False
checkpoint: 
sigma: 
multi_gpu: False
wandb_activate: False
wandb_group: 
wandb_name: HumanoidAMP_walk_retrain
wandb_entity: 
wandb_project: isaacgymenvs
wandb_tags: []
wandb_logcode_dir: 
capture_video: False
capture_video_freq: 1464
capture_video_len: 100
force_render: True
headless: True
terrain_type: plane
camera_follow: True
episode_length: 300
learning_rate: 
task_reward_w: 
Setting seed: 42
Using rl_device: cuda:0
Using sim_device: cuda:0
[Warning] [carb.gym.plugin] useGpu is set, forcing single scene (0 subscenes)
Not connected to PVD
+++ Using GPU PhysX
Physics Engine: PhysX
Physics Device: cuda:0
GPU Pipeline: enabled
{'name': 'HumanoidAMP_walk_retrain', 'full_experiment_name': None, 'env_name': 'rlgpu', 'ppo': True, 'multi_gpu': False, 'mixed_precision': False, 'normalize_input': True, 'normalize_value': True, 'value_bootstrap': True, 'num_actors': 4096, 'reward_shaper': {'scale_value': 1}, 'normalize_advantage': True, 'gamma': 0.99, 'tau': 0.95, 'learning_rate': 5e-05, 'lr_schedule': 'constant', 'kl_threshold': 0.008, 'score_to_win': 20000, 'max_epochs': 5000, 'save_best_after': 100, 'save_frequency': 50, 'print_stats': True, 'grad_norm': 1.0, 'entropy_coef': 0.0, 'truncate_grads': False, 'e_clip': 0.2, 'horizon_length': 16, 'minibatch_size': 32768, 'mini_epochs': 6, 'critic_coef': 5, 'clip_value': False, 'seq_len': 4, 'bounds_loss_coef': 10, 'amp_obs_demo_buffer_size': 200000, 'amp_replay_buffer_size': 1000000, 'amp_replay_keep_prob': 0.01, 'amp_batch_size': 512, 'amp_minibatch_size': 4096, 'disc_coef': 5, 'disc_logit_reg': 0.05, 'disc_grad_penalty': 5, 'disc_reward_scale': 2, 'disc_weight_decay': 0.0001, 'normalize_amp_input': True, 'task_reward_w': 0.0, 'disc_reward_w': 1.0, 'device': 'cuda:0', 'population_based_training': False, 'pbt_idx': None}
self.seed = 42
Started to train
Loading 1/1 motion files: /home/user/Workspace/ProKnee/ProKnee-HoraStyle/ProKnee-Simulator/isaacgymenvs/tasks/../../assets/amp/motions/amp_humanoid_walk.npy
Loaded 1 motions with a total length of 2.550s.
Box(-1.0, 1.0, (28,), float32) Box(-inf, inf, (105,), float32)
WARNING: seq_len is deprecated, use seq_length instead
seq_length: 4
current training device: cuda:0
build mlp: 105
build mlp: 105
build mlp: 210
sigma
actor_mlp.0.weight
actor_mlp.0.bias
actor_mlp.2.weight
actor_mlp.2.bias
critic_mlp.0.weight
critic_mlp.0.bias
critic_mlp.2.weight
critic_mlp.2.bias
value.weight
value.bias
mu.weight
mu.bias
_disc_mlp.0.weight
_disc_mlp.0.bias
_disc_mlp.2.weight
_disc_mlp.2.bias
_disc_logits.weight
_disc_logits.bias
RunningMeanStd:  (1,)
RunningMeanStd:  (105,)
RunningMeanStd:  (1,)
RunningMeanStd:  (210,)
mean value function: 25.497421264648438 0.08994179964065552 0.0 4.02864933013916 0.09786276519298553
[Epoch 1] fps step: 119290.9 fps total: 84768.0
mean value function: 391.757080078125 24.709705352783203 0.00994873046875 0.3873410224914551 89.2723388671875
[Epoch 2] fps step: 158590.5 fps total: 112066.7 | reward: -91.47 | ep_len: 32.0
mean value function: 3827.544677734375 423.4398498535156 0.0217437744140625 0.27823561429977417 1089.0302734375
[Epoch 3] fps step: 106048.9 fps total: 81483.5 | reward: -191.22 | ep_len: 48.0
mean value function: 31268.599609375 4129.8984375 0.0220947265625 0.29765382409095764 9455.123046875
[Epoch 4] fps step: 118981.8 fps total: 91218.8 | reward: -211.26 | ep_len: 56.4
mean value function: 229446.609375 32204.03125 0.01361083984375 0.23297840356826782 69890.265625
[Epoch 5] fps step: 138909.7 fps total: 99057.6 | reward: -188.69 | ep_len: 49.4
mean value function: 1171054.75 257423.53125 0.0210113525390625 0.187521830201149 454617.875
[Epoch 6] fps step: 100693.2 fps total: 79774.4 | reward: -252.25 | ep_len: 57.0
mean value function: 5337806.0 1412580.75 0.01983642578125 0.1718759834766388 2321791.5
[Epoch 7] fps step: 125881.6 fps total: 94065.2 | reward: -197.08 | ep_len: 51.5
mean value function: 21523232.0 6510774.0 0.0178375244140625 0.14365631341934204 10196902.0
[Epoch 8] fps step: 106539.1 fps total: 82952.4 | reward: -212.23 | ep_len: 52.8
mean value function: 74056440.0 27081436.0 0.0193328857421875 0.13222311437129974 39815288.0
[Epoch 9] fps step: 116553.6 fps total: 88976.9 | reward: -210.40 | ep_len: 52.6
mean value function: 235690848.0 96818272.0 0.019622802734375 0.12281587719917297 137634048.0
[Epoch 10] fps step: 110829.6 fps total: 86232.4 | reward: -196.82 | ep_len: 50.9
mean value function: 703095104.0 312810880.0 0.018829345703125 0.11385747045278549 434437120.0
[Epoch 11] fps step: 110707.0 fps total: 86122.2 | reward: -193.22 | ep_len: 49.9
mean value function: 1903199744.0 947608896.0 0.0193634033203125 0.10999160259962082 1276140544.0
[Epoch 12] fps step: 98959.5 fps total: 75908.1 | reward: -208.21 | ep_len: 52.6
mean value function: 4907381760.0 2633225472.0 0.0189056396484375 0.10162150859832764 3487365120.0
[Epoch 13] fps step: 91428.8 fps total: 72870.9 | reward: -212.10 | ep_len: 53.0
mean value function: 11633007616.0 6915713024.0 0.019073486328125 0.09600299596786499 8956037120.0
[Epoch 14] fps step: 97020.3 fps total: 75696.0 | reward: -214.51 | ep_len: 53.0
mean value function: 27012907008.0 16883895296.0 0.019012451171875 0.08997538685798645 21583704064.0
[Epoch 15] fps step: 117531.2 fps total: 89217.9 | reward: -204.98 | ep_len: 51.5
mean value function: 57755492352.0 39713243136.0 0.0193939208984375 0.08881916850805283 49950875648.0
[Epoch 16] fps step: 117326.6 fps total: 89993.1 | reward: -186.59 | ep_len: 49.8
mean value function: 124756819968.0 87345299456.0 0.0193328857421875 0.08677823096513748 109210247168.0
[Epoch 17] fps step: 114693.3 fps total: 85179.7 | reward: -220.21 | ep_len: 54.1
mean value function: 244289617920.0 189869998080.0 0.0187835693359375 0.08118320256471634 233029861376.0
[Epoch 18] fps step: 120706.4 fps total: 91403.6 | reward: -194.90 | ep_len: 51.2
mean value function: 497341235200.0 384099778560.0 0.019256591796875 0.07803438603878021 471702044672.0
[Epoch 19] fps step: 110623.9 fps total: 83610.2 | reward: -212.57 | ep_len: 52.7
mean value function: 868193533952.0 783485501440.0 0.019073486328125 0.07739189267158508 939262541824.0
[Epoch 20] fps step: 116434.9 fps total: 88627.3 | reward: -218.14 | ep_len: 54.3
mean value function: 1778294456320.0 1454867218432.0 0.018310546875 0.07162033766508102 1766561808384.0
[Epoch 21] fps step: 109112.3 fps total: 84148.7 | reward: -218.77 | ep_len: 53.3
mean value function: 2881825538048.0 2828457213952.0 0.0195465087890625 0.07161727547645569 3345175543808.0
[Epoch 22] fps step: 107842.6 fps total: 83524.3 | reward: -213.93 | ep_len: 52.7
mean value function: 5568989757440.0 5008226516992.0 0.018463134765625 0.06822804361581802 5984777928704.0
[Epoch 23] fps step: 110420.1 fps total: 85092.5 | reward: -198.28 | ep_len: 52.0
mean value function: 8757686304768.0 9187211870208.0 0.0193328857421875 0.06814604997634888 10769091526656.0
[Epoch 24] fps step: 91221.2 fps total: 72790.4 | reward: -199.38 | ep_len: 51.0
mean value function: 16341790621696.0 15605799321600.0 0.018646240234375 0.06510811299085617 18449038311424.0
[Epoch 25] fps step: 118405.8 fps total: 90540.6 | reward: -209.71 | ep_len: 52.2
mean value function: 25522182553600.0 27303346176000.0 0.0190582275390625 0.06348908692598343 32033564786688.0
[Epoch 26] fps step: 129930.7 fps total: 96853.2 | reward: -202.57 | ep_len: 51.7
mean value function: 44065001308160.0 45546559504384.0 0.019500732421875 0.06414573639631271 53197095829504.0
[Epoch 27] fps step: 106874.1 fps total: 82143.0 | reward: -217.10 | ep_len: 53.9
mean value function: 75472515891200.0 75522772041728.0 0.017974853515625 0.06021246314048767 89304500011008.0
[Epoch 28] fps step: 116033.4 fps total: 88192.2 | reward: -197.18 | ep_len: 51.2
mean value function: 104796723871744.0 127766678732800.0 0.019317626953125 0.0607730858027935 146552790188032.0
[Epoch 29] fps step: 129094.4 fps total: 96673.4 | reward: -201.67 | ep_len: 51.5
mean value function: 167106171633664.0 201445995446272.0 0.019622802734375 0.060761742293834686 231511907368960.0
[Epoch 30] fps step: 112507.6 fps total: 86057.1 | reward: -203.00 | ep_len: 52.3
mean value function: 251101337092096.0 316706962538496.0 0.0180816650390625 0.061670735478401184 362531210133504.0
[Epoch 31] fps step: 121003.2 fps total: 91763.9 | reward: -202.00 | ep_len: 51.6
mean value function: 384030272913408.0 488255002771456.0 0.01873779296875 0.06424196064472198 556121458737152.0
[Epoch 32] fps step: 135840.2 fps total: 99504.4 | reward: -198.16 | ep_len: 51.6
mean value function: 610727706492928.0 739082737025024.0 0.0187530517578125 0.0676841288805008 852672945061888.0
[Epoch 33] fps step: 125101.1 fps total: 92326.0 | reward: -211.85 | ep_len: 53.1
mean value function: 808686574370816.0 1145681720901632.0 0.01922607421875 0.06979559361934662 1290868929593344.0
[Epoch 34] fps step: 105836.8 fps total: 81733.7 | reward: -220.70 | ep_len: 54.5
mean value function: 1257800768421888.0 1682126894268416.0 0.0183868408203125 0.06963836401700974 1910885979258880.0
[Epoch 35] fps step: 98135.4 fps total: 76879.7 | reward: -218.71 | ep_len: 54.2
mean value function: 1572655559868416.0 2517820155887616.0 0.0196380615234375 0.07399153709411621 2810600560263168.0
[Epoch 36] fps step: 112369.4 fps total: 85870.1 | reward: -203.62 | ep_len: 51.7
mean value function: 2665665278246912.0 3549308360065024.0 0.01885986328125 0.07520163059234619 4023393829519360.0
[Epoch 37] fps step: 134451.0 fps total: 100571.9 | reward: -192.46 | ep_len: 49.9
mean value function: 3435825391992832.0 5249401370968064.0 0.018402099609375 0.07357332855463028 5884983516332032.0
[Epoch 38] fps step: 119147.1 fps total: 90712.6 | reward: -198.71 | ep_len: 50.6
mean value function: 4946829514899456.0 7404717965574144.0 0.01953125 0.0747862234711647 8294740416004096.0
[Epoch 39] fps step: 125720.2 fps total: 94180.1 | reward: -216.95 | ep_len: 54.9
mean value function: 8018635222155264.0 1.0470363615985664e+16 0.0188140869140625 0.07389513403177261 1.193311566036992e+16
[Epoch 40] fps step: 109175.7 fps total: 84224.2 | reward: -201.33 | ep_len: 50.9
mean value function: 9070043216216064.0 1.5414917871960064e+16 0.0187835693359375 0.07317356020212173 1.7079155422134272e+16
[Epoch 41] fps step: 129762.5 fps total: 96965.0 | reward: -211.38 | ep_len: 53.3
mean value function: 1.4618659926310912e+16 2.096591506767872e+16 0.0190277099609375 0.0726478174328804 2.365182655332352e+16
[Epoch 42] fps step: 126686.3 fps total: 95012.2 | reward: -191.02 | ep_len: 51.0
mean value function: 1.7611708818259968e+16 2.999587979657216e+16 0.0181732177734375 0.07120727002620697 3.3203269031428096e+16
[Epoch 43] fps step: 104780.2 fps total: 80842.6 | reward: -215.88 | ep_len: 53.0
mean value function: 2.236430273216512e+16 4.043791166078976e+16 0.019012451171875 0.07374382019042969 4.480195491581133e+16
[Epoch 44] fps step: 105839.7 fps total: 82665.4 | reward: -206.38 | ep_len: 52.8
mean value function: nan nan 0.01837158203125 0.06903870403766632 nan
[Epoch 45] fps step: 112871.1 fps total: 85394.8 | reward: -229.53 | ep_len: 56.3
mean value function: nan nan 0.0173492431640625 0.42137131094932556 nan
[Epoch 46] fps step: 122893.2 fps total: 93458.1 | reward: -213.51 | ep_len: 54.5
mean value function: nan nan 0.01953125 0.4406741261482239 nan
[Epoch 47] fps step: 126248.8 fps total: 94501.6 | reward: -238.36 | ep_len: 53.4
mean value function: nan nan 0.0180511474609375 0.3070347309112549 nan
[Epoch 48] fps step: 110788.0 fps total: 86495.2 | reward: -262.89 | ep_len: 55.7
mean value function: nan nan 0.0180511474609375 0.24835357069969177 nan
[Epoch 49] fps step: 127977.1 fps total: 94418.3 | reward: -258.94 | ep_len: 53.3
mean value function: nan nan 0.019927978515625 0.23677006363868713 nan
[Epoch 50] fps step: 100006.6 fps total: 79147.1 | reward: -286.08 | ep_len: 56.2
=> saving checkpoint 'runs/HumanoidAMP_walk_retrain_08-19-54-45/nn/HumanoidAMP_walk_retrain_08-19-54-46_50.pth'
mean value function: nan nan 0.0182342529296875 0.20384037494659424 nan
[Epoch 51] fps step: 117833.5 fps total: 89014.4 | reward: -263.66 | ep_len: 53.7
mean value function: nan nan 0.01898193359375 0.1965690553188324 nan
[Epoch 52] fps step: 108869.2 fps total: 84955.3 | reward: -246.38 | ep_len: 51.0
mean value function: nan nan 0.018310546875 0.1739652454853058 nan
[Epoch 53] fps step: 118904.0 fps total: 88217.8 | reward: -266.25 | ep_len: 54.3
mean value function: nan nan 0.018707275390625 0.16489969193935394 nan
[Epoch 54] fps step: 117209.3 fps total: 89626.0 | reward: -270.96 | ep_len: 54.4
mean value function: nan nan 0.0189971923828125 0.1676698923110962 nan
[Epoch 55] fps step: 98447.7 fps total: 76896.7 | reward: -247.96 | ep_len: 51.2
mean value function: nan nan 0.0181427001953125 0.160444438457489 nan
[Epoch 56] fps step: 114563.7 fps total: 87605.9 | reward: -258.45 | ep_len: 52.5
mean value function: nan nan 0.019317626953125 0.16342702507972717 nan
[Epoch 57] fps step: 121060.3 fps total: 92254.4 | reward: -263.04 | ep_len: 53.2
mean value function: nan nan 0.018402099609375 0.16637060046195984 nan
[Epoch 58] fps step: 128121.1 fps total: 96525.3 | reward: -274.51 | ep_len: 55.3
mean value function: nan nan 0.0184783935546875 0.1638382077217102 nan
[Epoch 59] fps step: 139090.7 fps total: 103626.0 | reward: -275.08 | ep_len: 54.9
mean value function: nan nan 0.018768310546875 0.1597067415714264 nan
[Epoch 60] fps step: 137829.6 fps total: 101330.0 | reward: -269.15 | ep_len: 54.7
mean value function: nan nan 0.019256591796875 0.16085922718048096 nan
[Epoch 61] fps step: 117146.2 fps total: 90687.9 | reward: -245.33 | ep_len: 51.1
mean value function: nan nan 0.0185089111328125 0.1551661640405655 nan
[Epoch 62] fps step: 110600.7 fps total: 85778.5 | reward: -246.25 | ep_len: 50.8
mean value function: nan nan 0.0181427001953125 0.14646364748477936 nan
[Epoch 63] fps step: 97112.9 fps total: 76907.0 | reward: -274.72 | ep_len: 54.3
mean value function: nan nan 0.0189208984375 0.1494866907596588 nan
[Epoch 64] fps step: 120892.8 fps total: 91973.1 | reward: -255.42 | ep_len: 52.3
mean value function: nan nan 0.0192718505859375 0.15149137377738953 nan
[Epoch 65] fps step: 129861.0 fps total: 96759.3 | reward: -272.43 | ep_len: 54.9
mean value function: nan nan 0.018035888671875 0.14161106944084167 nan
[Epoch 66] fps step: 114503.7 fps total: 87624.3 | reward: -256.04 | ep_len: 51.9
mean value function: nan nan 0.01934814453125 0.13985958695411682 nan
[Epoch 67] fps step: 125815.0 fps total: 94465.5 | reward: -246.43 | ep_len: 50.5
mean value function: nan nan 0.0184783935546875 0.13342416286468506 nan
[Epoch 68] fps step: 116328.3 fps total: 86671.9 | reward: -265.47 | ep_len: 53.5
mean value function: nan nan 0.0186614990234375 0.13609573245048523 nan
[Epoch 69] fps step: 121984.0 fps total: 92556.5 | reward: -273.25 | ep_len: 54.4
mean value function: nan nan 0.018646240234375 0.13381627202033997 nan
[Epoch 70] fps step: 108801.5 fps total: 84759.4 | reward: -256.49 | ep_len: 52.2
mean value function: nan nan 0.01910400390625 0.13378196954727173 nan
[Epoch 71] fps step: 130342.9 fps total: 95337.2 | reward: -279.36 | ep_len: 55.7
mean value function: nan nan 0.018157958984375 0.13558045029640198 nan
[Epoch 72] fps step: 123825.6 fps total: 92869.9 | reward: -252.29 | ep_len: 51.5
mean value function: nan nan 0.0184326171875 0.13089396059513092 nan
[Epoch 73] fps step: 122429.6 fps total: 92700.4 | reward: -266.12 | ep_len: 54.2
mean value function: nan nan 0.0191497802734375 0.1426197588443756 nan
[Epoch 74] fps step: 115462.0 fps total: 87772.2 | reward: -251.32 | ep_len: 51.5
mean value function: nan nan 0.01849365234375 0.12926164269447327 nan
[Epoch 75] fps step: 107985.0 fps total: 84072.9 | reward: -265.24 | ep_len: 53.1
mean value function: nan nan 0.0186614990234375 0.12915077805519104 nan
[Epoch 76] fps step: 129195.0 fps total: 95878.4 | reward: -279.71 | ep_len: 55.5
mean value function: nan nan 0.0185394287109375 0.12852615118026733 nan
[Epoch 77] fps step: 96304.8 fps total: 76369.2 | reward: -270.98 | ep_len: 54.6
mean value function: nan nan 0.01824951171875 0.1290123462677002 nan
[Epoch 78] fps step: 109736.2 fps total: 84381.4 | reward: -261.28 | ep_len: 52.6
mean value function: nan nan 0.0189971923828125 0.12622332572937012 nan
[Epoch 79] fps step: 127903.1 fps total: 96065.4 | reward: -261.68 | ep_len: 53.6
mean value function: nan nan 0.0185089111328125 0.12316447496414185 nan
[Epoch 80] fps step: 107365.6 fps total: 82269.5 | reward: -300.63 | ep_len: 57.9
mean value function: nan nan 0.0181427001953125 0.12381618469953537 nan
[Epoch 81] fps step: 110325.7 fps total: 82172.2 | reward: -252.00 | ep_len: 51.7
mean value function: nan nan 0.0192413330078125 0.12831076979637146 nan
[Epoch 82] fps step: 110003.5 fps total: 85754.2 | reward: -271.99 | ep_len: 54.3
mean value function: nan nan 0.0188751220703125 0.1250273734331131 nan
[Epoch 83] fps step: 118112.9 fps total: 90378.1 | reward: -270.08 | ep_len: 53.9
mean value function: nan nan 0.0183258056640625 0.1262066662311554 nan
[Epoch 84] fps step: 113792.9 fps total: 85307.4 | reward: -280.32 | ep_len: 55.8
mean value function: nan nan 0.0188751220703125 0.12641006708145142 nan
[Epoch 85] fps step: 126140.5 fps total: 93268.5 | reward: -255.21 | ep_len: 51.9
mean value function: nan nan 0.0185546875 0.12243381887674332 nan
[Epoch 86] fps step: 120274.5 fps total: 91569.6 | reward: -268.85 | ep_len: 54.2
mean value function: nan nan 0.0184478759765625 0.11737343668937683 nan
[Epoch 87] fps step: 129439.5 fps total: 96290.4 | reward: -281.32 | ep_len: 55.2
mean value function: nan nan 0.020111083984375 0.1283310055732727 nan
[Epoch 88] fps step: 143481.9 fps total: 105318.2 | reward: -267.81 | ep_len: 53.9
mean value function: nan nan 0.0177459716796875 0.11614935100078583 nan
[Epoch 89] fps step: 99977.6 fps total: 77562.4 | reward: -262.32 | ep_len: 53.1
mean value function: nan nan 0.018157958984375 0.118303082883358 nan
[Epoch 90] fps step: 125066.8 fps total: 95307.9 | reward: -264.13 | ep_len: 53.7
mean value function: nan nan 0.0192413330078125 0.12051764130592346 nan
[Epoch 91] fps step: 132999.0 fps total: 97392.0 | reward: -264.82 | ep_len: 54.0
mean value function: nan nan 0.0183258056640625 0.11304959654808044 nan
[Epoch 92] fps step: 121860.6 fps total: 90662.8 | reward: -291.91 | ep_len: 56.7
mean value function: nan nan 0.0191192626953125 0.12115509808063507 nan
[Epoch 93] fps step: 121995.4 fps total: 92250.7 | reward: -276.04 | ep_len: 55.1
mean value function: nan nan 0.0185699462890625 0.12326596677303314 nan
[Epoch 94] fps step: 120426.2 fps total: 91940.3 | reward: -243.18 | ep_len: 50.2
mean value function: nan nan 0.017852783203125 0.11289077252149582 nan
[Epoch 95] fps step: 127646.1 fps total: 94524.5 | reward: -270.47 | ep_len: 54.2
mean value function: nan nan 0.0193634033203125 0.11806470155715942 nan
[Epoch 96] fps step: 102359.0 fps total: 79040.7 | reward: -276.10 | ep_len: 55.0
mean value function: nan nan 0.0184783935546875 0.11513841152191162 nan
[Epoch 97] fps step: 97476.9 fps total: 76621.6 | reward: -271.41 | ep_len: 53.7
mean value function: nan nan 0.0180206298828125 0.11351454257965088 nan
[Epoch 98] fps step: 128358.8 fps total: 94577.4 | reward: -272.81 | ep_len: 54.7
mean value function: nan nan 0.0189208984375 0.11424318701028824 nan
[Epoch 99] fps step: 110193.9 fps total: 84006.8 | reward: -264.77 | ep_len: 54.1
mean value function: nan nan 0.0188751220703125 0.12081343680620193 nan
[Epoch 100] fps step: 116966.2 fps total: 88251.9 | reward: -246.70 | ep_len: 51.0
=> saving checkpoint 'runs/HumanoidAMP_walk_retrain_08-19-54-45/nn/HumanoidAMP_walk_retrain_08-19-54-46_100.pth'
mean value function: nan nan 0.0185546875 0.11563844978809357 nan
[Epoch 101] fps step: 123737.6 fps total: 93968.8 | reward: -292.44 | ep_len: 57.0
mean value function: nan nan 0.0189208984375 0.11684565991163254 nan
[Epoch 102] fps step: 106212.3 fps total: 83291.3 | reward: -258.23 | ep_len: 52.7
mean value function: nan nan 0.018951416015625 0.11687779426574707 nan
[Epoch 103] fps step: 133446.1 fps total: 98891.4 | reward: -246.75 | ep_len: 50.7
mean value function: nan nan 0.018646240234375 0.1149219423532486 nan
[Epoch 104] fps step: 130289.2 fps total: 96860.3 | reward: -244.63 | ep_len: 51.2
mean value function: nan nan 0.018463134765625 0.11782188713550568 nan
[Epoch 105] fps step: 114747.7 fps total: 89265.7 | reward: -258.72 | ep_len: 52.7
mean value function: nan nan 0.0186004638671875 0.11452758312225342 nan
[Epoch 106] fps step: 113548.7 fps total: 86896.5 | reward: -257.70 | ep_len: 51.7
mean value function: nan nan 0.0191497802734375 0.11614759266376495 nan
[Epoch 107] fps step: 135718.3 fps total: 99997.9 | reward: -282.43 | ep_len: 55.9
mean value function: nan nan 0.0179443359375 0.11016926169395447 nan
[Epoch 108] fps step: 121925.6 fps total: 91725.3 | reward: -249.80 | ep_len: 51.7
mean value function: nan nan 0.018768310546875 0.11245784908533096 nan
[Epoch 109] fps step: 110174.4 fps total: 83607.8 | reward: -258.51 | ep_len: 51.9
mean value function: nan nan 0.019317626953125 0.11493594199419022 nan
[Epoch 110] fps step: 114266.3 fps total: 87399.1 | reward: -267.83 | ep_len: 53.8
mean value function: nan nan 0.01824951171875 0.111538827419281 nan
[Epoch 111] fps step: 113751.3 fps total: 86961.4 | reward: -258.98 | ep_len: 53.2
mean value function: nan nan 0.0186767578125 0.1126847118139267 nan
[Epoch 112] fps step: 104277.7 fps total: 81948.3 | reward: -257.30 | ep_len: 52.5
mean value function: nan nan 0.0187835693359375 0.11127567291259766 nan
[Epoch 113] fps step: 120794.1 fps total: 89850.1 | reward: -270.85 | ep_len: 53.8
mean value function: nan nan 0.0185089111328125 0.11463253200054169 nan
[Epoch 114] fps step: 94629.6 fps total: 74624.8 | reward: -283.69 | ep_len: 55.4
mean value function: nan nan 0.018402099609375 0.11773373931646347 nan
[Epoch 115] fps step: 115721.4 fps total: 87642.9 | reward: -270.33 | ep_len: 54.1
mean value function: nan nan 0.0194549560546875 0.1177603155374527 nan
[Epoch 116] fps step: 127921.8 fps total: 92998.4 | reward: -265.20 | ep_len: 53.7
mean value function: nan nan 0.0192108154296875 0.12267573177814484 nan
[Epoch 117] fps step: 124514.8 fps total: 92950.9 | reward: -289.30 | ep_len: 56.2
mean value function: nan nan 0.0176239013671875 0.11045307666063309 nan
[Epoch 118] fps step: 121811.5 fps total: 90138.5 | reward: -283.35 | ep_len: 55.9
mean value function: nan nan 0.0193023681640625 0.11012894660234451 nan
[Epoch 119] fps step: 116105.4 fps total: 87492.3 | reward: -259.89 | ep_len: 53.0
mean value function: nan nan 0.0183563232421875 0.11323073506355286 nan
[Epoch 120] fps step: 128739.3 fps total: 96478.6 | reward: -239.24 | ep_len: 49.6
mean value function: nan nan 0.0185699462890625 0.11406398564577103 nan
[Epoch 121] fps step: 132986.4 fps total: 99769.3 | reward: -278.30 | ep_len: 54.8
mean value function: nan nan 0.0186614990234375 0.11762671172618866 nan
[Epoch 122] fps step: 127015.7 fps total: 95099.7 | reward: -281.30 | ep_len: 55.2
mean value function: nan nan 0.0183868408203125 0.11237772554159164 nan
[Epoch 123] fps step: 133834.7 fps total: 99654.2 | reward: -267.72 | ep_len: 54.0
mean value function: nan nan 0.018218994140625 0.10877792537212372 nan
[Epoch 124] fps step: 138489.9 fps total: 102934.1 | reward: -259.20 | ep_len: 52.3
mean value function: nan nan 0.01971435546875 0.11514481902122498 nan
[Epoch 125] fps step: 134568.4 fps total: 100177.6 | reward: -259.00 | ep_len: 52.5
mean value function: nan nan 0.0183868408203125 0.10908663272857666 nan
[Epoch 126] fps step: 127043.6 fps total: 96362.8 | reward: -247.35 | ep_len: 51.1
mean value function: nan nan 0.0183563232421875 0.1127384752035141 nan
[Epoch 127] fps step: 120236.9 fps total: 92457.5 | reward: -245.81 | ep_len: 51.0
mean value function: nan nan 0.0192108154296875 0.12190499156713486 nan
[Epoch 128] fps step: 125733.4 fps total: 94327.2 | reward: -274.55 | ep_len: 55.3
mean value function: nan nan 0.0180511474609375 0.11299571394920349 nan
[Epoch 129] fps step: 128708.0 fps total: 93087.9 | reward: -290.69 | ep_len: 56.1
mean value function: nan nan 0.019256591796875 0.11156760156154633 nan
[Epoch 130] fps step: 105848.8 fps total: 82598.6 | reward: -253.65 | ep_len: 52.8
mean value function: nan nan 0.0187225341796875 0.11542634665966034 nan
[Epoch 131] fps step: 115437.7 fps total: 87577.6 | reward: -256.63 | ep_len: 52.7
mean value function: nan nan 0.018218994140625 0.11167013645172119 nan
[Epoch 132] fps step: 111221.0 fps total: 85680.6 | reward: -254.25 | ep_len: 52.4
mean value function: nan nan 0.0191802978515625 0.10895463079214096 nan
[Epoch 133] fps step: 114437.0 fps total: 88528.0 | reward: -246.10 | ep_len: 50.6
mean value function: nan nan 0.0186309814453125 0.1077987402677536 nan
[Epoch 134] fps step: 118974.4 fps total: 91135.2 | reward: -266.38 | ep_len: 53.8
mean value function: nan nan 0.0185546875 0.10201363265514374 nan
[Epoch 135] fps step: 116447.8 fps total: 89011.0 | reward: -265.44 | ep_len: 53.4
mean value function: nan nan 0.019195556640625 0.10665874183177948 nan
[Epoch 136] fps step: 134462.9 fps total: 99728.3 | reward: -259.51 | ep_len: 52.2
mean value function: nan nan 0.018280029296875 0.10423789918422699 nan
[Epoch 137] fps step: 102638.1 fps total: 80166.3 | reward: -242.81 | ep_len: 50.5
mean value function: nan nan 0.0186920166015625 0.10104276984930038 nan
[Epoch 138] fps step: 123638.3 fps total: 93326.2 | reward: -267.31 | ep_len: 54.4
mean value function: nan nan 0.0186614990234375 0.10108141601085663 nan
[Epoch 139] fps step: 132879.6 fps total: 97122.1 | reward: -249.44 | ep_len: 51.9
mean value function: nan nan 0.019073486328125 0.09687966108322144 nan
[Epoch 140] fps step: 104636.2 fps total: 81862.5 | reward: -243.22 | ep_len: 50.3
mean value function: nan nan 0.01861572265625 0.08962956070899963 nan
[Epoch 141] fps step: 115073.4 fps total: 88758.0 | reward: -249.63 | ep_len: 51.0
mean value function: nan nan 0.018829345703125 0.0933719128370285 nan
[Epoch 142] fps step: 105597.4 fps total: 82094.9 | reward: -264.89 | ep_len: 52.9
mean value function: nan nan 0.0179443359375 0.09884008765220642 nan
[Epoch 143] fps step: 150255.0 fps total: 108663.6 | reward: -267.01 | ep_len: 54.7
mean value function: nan nan 0.018646240234375 0.09867992252111435 nan
[Epoch 144] fps step: 111555.6 fps total: 86600.7 | reward: -263.62 | ep_len: 53.7
mean value function: nan nan 0.018951416015625 0.10792100429534912 nan
[Epoch 145] fps step: 125525.2 fps total: 94381.2 | reward: -275.37 | ep_len: 55.0
mean value function: nan nan 0.019134521484375 0.11449947953224182 nan
[Epoch 146] fps step: 128339.5 fps total: 95051.2 | reward: -258.09 | ep_len: 52.7
mean value function: nan nan 0.0181121826171875 0.11246424168348312 nan
[Epoch 147] fps step: 102103.3 fps total: 80309.3 | reward: -263.25 | ep_len: 53.6
mean value function: nan nan 0.018280029296875 0.12490689009428024 nan
[Epoch 148] fps step: 117959.4 fps total: 90407.0 | reward: -285.32 | ep_len: 56.8
mean value function: nan nan 0.018768310546875 0.1239180713891983 nan
[Epoch 149] fps step: 117927.9 fps total: 89956.4 | reward: -270.79 | ep_len: 54.1
mean value function: nan nan 0.0185394287109375 0.12621048092842102 nan
[Epoch 150] fps step: 100565.1 fps total: 79800.0 | reward: -285.72 | ep_len: 55.5
=> saving checkpoint 'runs/HumanoidAMP_walk_retrain_08-19-54-45/nn/HumanoidAMP_walk_retrain_08-19-54-46_150.pth'
mean value function: nan nan 0.01953125 0.13128560781478882 nan
[Epoch 151] fps step: 101059.8 fps total: 80598.7 | reward: -282.61 | ep_len: 55.5
mean value function: nan nan 0.017822265625 0.1177547499537468 nan
[Epoch 152] fps step: 110548.1 fps total: 84166.5 | reward: -253.13 | ep_len: 52.4
mean value function: nan nan 0.0191497802734375 0.11537033319473267 nan
[Epoch 153] fps step: 113054.9 fps total: 87895.1 | reward: -282.52 | ep_len: 55.1
mean value function: nan nan 0.0191650390625 0.11749455332756042 nan
[Epoch 154] fps step: 122599.0 fps total: 93331.5 | reward: -248.40 | ep_len: 51.7
mean value function: nan nan 0.018280029296875 0.10520455986261368 nan
[Epoch 155] fps step: 125309.8 fps total: 93353.2 | reward: -259.05 | ep_len: 52.2
mean value function: nan nan 0.0190887451171875 0.10882338881492615 nan
[Epoch 156] fps step: 110767.7 fps total: 85697.8 | reward: -272.09 | ep_len: 54.4
mean value function: nan nan 0.018798828125 0.10100158303976059 nan
[Epoch 157] fps step: 112456.2 fps total: 87004.6 | reward: -248.33 | ep_len: 51.5
mean value function: nan nan 0.018035888671875 0.09567718207836151 nan
[Epoch 158] fps step: 101620.6 fps total: 80006.1 | reward: -256.48 | ep_len: 52.8
mean value function: nan nan 0.0193328857421875 0.10646970570087433 nan
[Epoch 159] fps step: 120142.5 fps total: 92541.0 | reward: -251.98 | ep_len: 52.6
mean value function: nan nan 0.0187225341796875 0.104047030210495 nan
[Epoch 160] fps step: 133635.9 fps total: 99611.0 | reward: -285.67 | ep_len: 55.8
mean value function: nan nan 0.0180816650390625 0.10195900499820709 nan
[Epoch 161] fps step: 101501.6 fps total: 80007.7 | reward: -266.04 | ep_len: 53.2
mean value function: nan nan 0.0191192626953125 0.10760511457920074 nan
[Epoch 162] fps step: 136604.8 fps total: 99972.8 | reward: -261.06 | ep_len: 53.4
mean value function: nan nan 0.0187225341796875 0.11037075519561768 nan
[Epoch 163] fps step: 123645.2 fps total: 93661.4 | reward: -259.63 | ep_len: 52.2
mean value function: nan nan 0.01904296875 0.1150026023387909 nan
[Epoch 164] fps step: 128340.3 fps total: 95387.6 | reward: -267.96 | ep_len: 54.0
mean value function: nan nan 0.0179443359375 0.1115528792142868 nan
[Epoch 165] fps step: 130635.0 fps total: 97522.1 | reward: -280.26 | ep_len: 55.4
mean value function: nan nan 0.01885986328125 0.10551606118679047 nan
[Epoch 166] fps step: 133918.2 fps total: 100194.3 | reward: -268.39 | ep_len: 53.8
mean value function: nan nan 0.0191497802734375 0.1098979264497757 nan
[Epoch 167] fps step: 115595.6 fps total: 89185.8 | reward: -250.25 | ep_len: 51.6
mean value function: nan nan 0.0187835693359375 0.1140286847949028 nan
[Epoch 168] fps step: 107762.6 fps total: 81515.1 | reward: -254.08 | ep_len: 52.6
mean value function: nan nan 0.0179901123046875 0.10830147564411163 nan
[Epoch 169] fps step: 96376.1 fps total: 76949.1 | reward: -259.36 | ep_len: 53.0
mean value function: nan nan 0.0187835693359375 0.1058371514081955 nan
[Epoch 170] fps step: 120732.8 fps total: 91553.7 | reward: -276.59 | ep_len: 55.5
mean value function: nan nan 0.018768310546875 0.1058763638138771 nan
[Epoch 171] fps step: 109411.1 fps total: 75928.4 | reward: -270.51 | ep_len: 54.3
mean value function: nan nan 0.01904296875 0.10474377125501633 nan
[Epoch 172] fps step: 140100.7 fps total: 102295.1 | reward: -266.54 | ep_len: 53.0
mean value function: nan nan 0.0189666748046875 0.10594671964645386 nan
[Epoch 173] fps step: 115507.5 fps total: 87786.0 | reward: -267.95 | ep_len: 53.4
mean value function: nan nan 0.0184783935546875 0.11455641686916351 nan
[Epoch 174] fps step: 119991.7 fps total: 89663.3 | reward: -272.10 | ep_len: 55.0
mean value function: nan nan 0.0187530517578125 0.11071494221687317 nan
[Epoch 175] fps step: 145779.2 fps total: 106067.6 | reward: -280.17 | ep_len: 54.6
mean value function: nan nan 0.018646240234375 0.11040709912776947 nan
[Epoch 176] fps step: 131879.6 fps total: 97967.6 | reward: -257.17 | ep_len: 52.6
mean value function: nan nan 0.0183563232421875 0.10544107854366302 nan
[Epoch 177] fps step: 110005.8 fps total: 85397.6 | reward: -246.03 | ep_len: 51.5
mean value function: nan nan 0.0184326171875 0.10792990028858185 nan
[Epoch 178] fps step: 144491.8 fps total: 104589.9 | reward: -279.51 | ep_len: 55.3
mean value function: nan nan 0.0190887451171875 0.10492372512817383 nan
[Epoch 179] fps step: 114728.8 fps total: 87833.5 | reward: -275.12 | ep_len: 54.5
mean value function: nan nan 0.01812744140625 0.09588391333818436 nan
[Epoch 180] fps step: 119319.0 fps total: 91193.7 | reward: -272.10 | ep_len: 54.5
mean value function: nan nan 0.0186767578125 0.10670773684978485 nan
[Epoch 181] fps step: 109049.2 fps total: 84098.3 | reward: -280.60 | ep_len: 55.5
mean value function: nan nan 0.018798828125 0.10866881161928177 nan
[Epoch 182] fps step: 98498.0 fps total: 77962.8 | reward: -266.94 | ep_len: 53.5
mean value function: nan nan 0.018218994140625 0.10952410101890564 nan
[Epoch 183] fps step: 94295.8 fps total: 74227.7 | reward: -273.41 | ep_len: 54.9
mean value function: nan nan 0.0182647705078125 0.10650095343589783 nan
[Epoch 184] fps step: 120163.0 fps total: 91442.3 | reward: -277.92 | ep_len: 55.0
mean value function: nan nan 0.0183868408203125 0.10146763175725937 nan
[Epoch 185] fps step: 120596.3 fps total: 87050.3 | reward: -264.48 | ep_len: 53.1
mean value function: nan nan 0.0191650390625 0.10715188086032867 nan
[Epoch 186] fps step: 130585.9 fps total: 96881.9 | reward: -277.53 | ep_len: 55.3
mean value function: nan nan 0.018341064453125 0.10634264349937439 nan
[Epoch 187] fps step: 116119.1 fps total: 88940.4 | reward: -276.86 | ep_len: 54.2
mean value function: nan nan 0.01824951171875 0.10341303050518036 nan
[Epoch 188] fps step: 104521.1 fps total: 80920.3 | reward: -279.59 | ep_len: 55.3
mean value function: nan nan 0.018707275390625 0.10294874012470245 nan
[Epoch 189] fps step: 111284.1 fps total: 84448.5 | reward: -261.84 | ep_len: 52.5
mean value function: nan nan 0.0191802978515625 0.11413279175758362 nan
[Epoch 190] fps step: 104558.3 fps total: 81204.0 | reward: -268.36 | ep_len: 53.1
mean value function: nan nan 0.018310546875 0.12256757915019989 nan
[Epoch 191] fps step: 132776.0 fps total: 96107.7 | reward: -277.04 | ep_len: 54.9
mean value function: nan nan 0.019256591796875 0.13142040371894836 nan
[Epoch 192] fps step: 114896.8 fps total: 88626.0 | reward: -259.19 | ep_len: 52.6
mean value function: nan nan 0.018402099609375 0.13154463469982147 nan
[Epoch 193] fps step: 98154.9 fps total: 75484.4 | reward: -259.71 | ep_len: 53.1
mean value function: nan nan 0.018402099609375 0.1334260255098343 nan
[Epoch 194] fps step: 104773.9 fps total: 81006.8 | reward: -258.41 | ep_len: 52.9
mean value function: nan nan 0.01898193359375 0.13945360481739044 nan
[Epoch 195] fps step: 113332.9 fps total: 86950.3 | reward: -251.84 | ep_len: 52.2
mean value function: nan nan 0.0189056396484375 0.13820308446884155 nan
[Epoch 196] fps step: 117298.8 fps total: 90350.3 | reward: -249.72 | ep_len: 51.3
mean value function: nan nan 0.0186920166015625 0.1335420310497284 nan
[Epoch 197] fps step: 122986.6 fps total: 91768.2 | reward: -264.51 | ep_len: 52.7
mean value function: nan nan 0.0180206298828125 0.12783432006835938 nan
[Epoch 198] fps step: 105203.5 fps total: 82152.5 | reward: -258.63 | ep_len: 52.6
mean value function: nan nan 0.0188751220703125 0.12674462795257568 nan
[Epoch 199] fps step: 110545.2 fps total: 83317.9 | reward: -261.80 | ep_len: 52.4
mean value function: nan nan 0.019622802734375 0.12983274459838867 nan
[Epoch 200] fps step: 116817.8 fps total: 89090.9 | reward: -266.38 | ep_len: 53.6
=> saving checkpoint 'runs/HumanoidAMP_walk_retrain_08-19-54-45/nn/HumanoidAMP_walk_retrain_08-19-54-46_200.pth'
mean value function: nan nan 0.018157958984375 0.12224549055099487 nan
[Epoch 201] fps step: 113522.5 fps total: 87072.2 | reward: -259.85 | ep_len: 53.3
mean value function: nan nan 0.0187225341796875 0.1241116002202034 nan
[Epoch 202] fps step: 96908.1 fps total: 76038.1 | reward: -256.39 | ep_len: 52.8
mean value function: nan nan 0.0189361572265625 0.12757772207260132 nan
[Epoch 203] fps step: 120021.3 fps total: 90878.8 | reward: -247.42 | ep_len: 50.6
mean value function: nan nan 0.018341064453125 0.12379723787307739 nan
[Epoch 204] fps step: 102640.2 fps total: 80541.0 | reward: -276.35 | ep_len: 54.6
mean value function: nan nan 0.01837158203125 0.11911161243915558 nan
[Epoch 205] fps step: 103639.7 fps total: 82273.3 | reward: -263.36 | ep_len: 52.4
mean value function: nan nan 0.0189361572265625 0.11400297284126282 nan
[Epoch 206] fps step: 128579.7 fps total: 97150.8 | reward: -256.74 | ep_len: 51.7
mean value function: nan nan 0.0188751220703125 0.11410871893167496 nan
[Epoch 207] fps step: 112510.5 fps total: 86621.8 | reward: -262.79 | ep_len: 53.0
mean value function: nan nan 0.0186004638671875 0.11727124452590942 nan
[Epoch 208] fps step: 122328.9 fps total: 92908.9 | reward: -277.01 | ep_len: 55.0
mean value function: nan nan 0.0185394287109375 0.11867295205593109 nan
[Epoch 209] fps step: 129959.2 fps total: 95906.9 | reward: -259.72 | ep_len: 52.9
mean value function: nan nan 0.018829345703125 0.1285865306854248 nan
[Epoch 210] fps step: 129423.1 fps total: 96322.6 | reward: -281.67 | ep_len: 56.1
mean value function: nan nan 0.0191650390625 0.13040825724601746 nan
[Epoch 211] fps step: 134369.8 fps total: 99907.1 | reward: -271.79 | ep_len: 54.0
mean value function: nan nan 0.0175628662109375 0.12795887887477875 nan
[Epoch 212] fps step: 119059.6 fps total: 90546.3 | reward: -259.71 | ep_len: 53.3
mean value function: nan nan 0.019287109375 0.12053307890892029 nan
[Epoch 213] fps step: 97306.8 fps total: 76252.9 | reward: -234.49 | ep_len: 49.4
mean value function: nan nan 0.017913818359375 0.1275366246700287 nan
[Epoch 214] fps step: 119813.6 fps total: 91160.2 | reward: -278.98 | ep_len: 55.5
mean value function: nan nan 0.0194854736328125 0.13607382774353027 nan
[Epoch 215] fps step: 119011.6 fps total: 91345.0 | reward: -255.89 | ep_len: 52.5
mean value function: nan nan 0.0184783935546875 0.1305146962404251 nan
[Epoch 216] fps step: 128927.4 fps total: 95496.4 | reward: -254.15 | ep_len: 52.6
mean value function: nan nan 0.0190887451171875 0.13319699466228485 nan
[Epoch 217] fps step: 119205.8 fps total: 88087.2 | reward: -261.36 | ep_len: 53.0
mean value function: nan nan 0.0190887451171875 0.13194572925567627 nan
[Epoch 218] fps step: 125713.2 fps total: 95364.8 | reward: -261.71 | ep_len: 52.8
mean value function: nan nan 0.0187530517578125 0.13259699940681458 nan
[Epoch 219] fps step: 120800.3 fps total: 91783.2 | reward: -288.04 | ep_len: 56.8
mean value function: nan nan 0.01800537109375 0.14201036095619202 nan
[Epoch 220] fps step: 117835.8 fps total: 89302.6 | reward: -253.66 | ep_len: 51.4
mean value function: nan nan 0.0194549560546875 0.1551787555217743 nan
[Epoch 221] fps step: 112178.1 fps total: 86618.7 | reward: -279.58 | ep_len: 55.6
mean value function: nan nan 0.0182037353515625 0.1555335521697998 nan
[Epoch 222] fps step: 102517.5 fps total: 80753.3 | reward: -255.03 | ep_len: 52.8
mean value function: nan nan 0.0179443359375 0.14270243048667908 nan
[Epoch 223] fps step: 96634.4 fps total: 75973.3 | reward: -254.98 | ep_len: 52.3
mean value function: nan nan 0.0205535888671875 0.1509222537279129 nan
[Epoch 224] fps step: 136447.0 fps total: 100351.3 | reward: -265.80 | ep_len: 54.3
mean value function: nan nan 0.017852783203125 0.14629140496253967 nan
[Epoch 225] fps step: 137241.7 fps total: 98496.5 | reward: -271.85 | ep_len: 54.4
mean value function: nan nan 0.0187225341796875 0.1376986801624298 nan
[Epoch 226] fps step: 111411.5 fps total: 83846.8 | reward: -268.49 | ep_len: 54.1
mean value function: nan nan 0.01910400390625 0.14655667543411255 nan
[Epoch 227] fps step: 107116.0 fps total: 83281.5 | reward: -262.76 | ep_len: 53.9
mean value function: nan nan 0.0182342529296875 0.1435646116733551 nan
[Epoch 228] fps step: 122225.4 fps total: 90252.5 | reward: -257.73 | ep_len: 52.4
mean value function: nan nan 0.01885986328125 0.1327027976512909 nan
[Epoch 229] fps step: 95761.4 fps total: 75254.6 | reward: -277.37 | ep_len: 55.1
mean value function: nan nan 0.0184173583984375 0.13240055739879608 nan
[Epoch 230] fps step: 109523.5 fps total: 83673.5 | reward: -257.21 | ep_len: 52.3
mean value function: nan nan 0.0186614990234375 0.13107195496559143 nan
[Epoch 231] fps step: 100766.9 fps total: 79459.9 | reward: -278.95 | ep_len: 54.9
mean value function: nan nan 0.0187225341796875 0.13941162824630737 nan
[Epoch 232] fps step: 117167.4 fps total: 90166.1 | reward: -260.54 | ep_len: 52.5
mean value function: nan nan 0.018707275390625 0.13970783352851868 nan
[Epoch 233] fps step: 122624.4 fps total: 92761.0 | reward: -298.62 | ep_len: 58.2
mean value function: nan nan 0.017547607421875 0.1308911144733429 nan
[Epoch 234] fps step: 100237.4 fps total: 78210.6 | reward: -257.34 | ep_len: 52.9
mean value function: nan nan 0.019744873046875 0.1284753829240799 nan
[Epoch 235] fps step: 107941.1 fps total: 83213.9 | reward: -247.52 | ep_len: 50.9
mean value function: nan nan 0.018829345703125 0.12844699621200562 nan
[Epoch 236] fps step: 114973.5 fps total: 89013.4 | reward: -261.27 | ep_len: 53.1
mean value function: nan nan 0.018035888671875 0.1219014897942543 nan
[Epoch 237] fps step: 120667.0 fps total: 92023.3 | reward: -234.86 | ep_len: 49.1
mean value function: nan nan 0.019073486328125 0.12575826048851013 nan
[Epoch 238] fps step: 108218.4 fps total: 82842.7 | reward: -334.02 | ep_len: 62.2
mean value function: nan nan 0.0187835693359375 0.12676697969436646 nan
[Epoch 239] fps step: 122011.2 fps total: 91697.9 | reward: -263.11 | ep_len: 53.8
mean value function: nan nan 0.018402099609375 0.11712434142827988 nan
[Epoch 240] fps step: 117099.9 fps total: 87723.6 | reward: -261.65 | ep_len: 52.6
mean value function: nan nan 0.01904296875 0.1147753894329071 nan
[Epoch 241] fps step: 118427.6 fps total: 90342.1 | reward: -272.78 | ep_len: 54.7
mean value function: nan nan 0.0187225341796875 0.11776226758956909 nan
[Epoch 242] fps step: 102526.0 fps total: 80072.0 | reward: -275.68 | ep_len: 55.0
mean value function: nan nan 0.0180206298828125 0.1032530665397644 nan
[Epoch 243] fps step: 118213.7 fps total: 91059.1 | reward: -271.11 | ep_len: 53.8
mean value function: nan nan 0.019744873046875 0.10838523507118225 nan
[Epoch 244] fps step: 121709.3 fps total: 92513.4 | reward: -263.29 | ep_len: 53.6
mean value function: nan nan 0.0181427001953125 0.10091017931699753 nan
[Epoch 245] fps step: 138956.5 fps total: 103378.4 | reward: -272.87 | ep_len: 54.6
mean value function: nan nan 0.0184783935546875 0.09396504610776901 nan
[Epoch 246] fps step: 122560.2 fps total: 90547.1 | reward: -252.13 | ep_len: 51.1
mean value function: nan nan 0.01934814453125 0.10684413462877274 nan
[Epoch 247] fps step: 133033.4 fps total: 98692.6 | reward: -256.21 | ep_len: 52.5
mean value function: nan nan 0.018035888671875 0.1008080542087555 nan
[Epoch 248] fps step: 109820.2 fps total: 84691.3 | reward: -246.87 | ep_len: 51.5
mean value function: nan nan 0.0179901123046875 0.09583359211683273 nan
[Epoch 249] fps step: 114622.4 fps total: 86874.1 | reward: -257.49 | ep_len: 52.8
mean value function: nan nan 0.0194854736328125 0.11628728359937668 nan
[Epoch 250] fps step: 119768.9 fps total: 91479.1 | reward: -268.69 | ep_len: 53.8
=> saving checkpoint 'runs/HumanoidAMP_walk_retrain_08-19-54-45/nn/HumanoidAMP_walk_retrain_08-19-54-46_250.pth'
mean value function: nan nan 0.018829345703125 0.12348312884569168 nan
[Epoch 251] fps step: 135478.2 fps total: 99157.9 | reward: -268.41 | ep_len: 53.7
mean value function: nan nan 0.0178985595703125 0.11927657574415207 nan
[Epoch 252] fps step: 133733.6 fps total: 97798.6 | reward: -246.43 | ep_len: 51.2
mean value function: nan nan 0.0192718505859375 0.12857550382614136 nan
[Epoch 253] fps step: 118306.4 fps total: 91050.7 | reward: -269.89 | ep_len: 54.4
mean value function: nan nan 0.0185699462890625 0.11719594150781631 nan
[Epoch 254] fps step: 112953.5 fps total: 86449.1 | reward: -263.22 | ep_len: 53.5
mean value function: nan nan 0.0180816650390625 0.11310074478387833 nan
[Epoch 255] fps step: 106831.6 fps total: 81784.1 | reward: -251.03 | ep_len: 50.8
mean value function: nan nan 0.01953125 0.12098702788352966 nan
[Epoch 256] fps step: 125282.9 fps total: 92624.2 | reward: -280.78 | ep_len: 55.3
mean value function: nan nan 0.018646240234375 0.10819162428379059 nan
[Epoch 257] fps step: 122462.6 fps total: 93068.8 | reward: -245.29 | ep_len: 50.8
mean value function: nan nan 0.0183563232421875 0.10889925807714462 nan
[Epoch 258] fps step: 142599.5 fps total: 104713.0 | reward: -275.64 | ep_len: 55.0
mean value function: nan nan 0.019134521484375 0.111650250852108 nan
[Epoch 259] fps step: 136661.0 fps total: 100013.5 | reward: -268.43 | ep_len: 54.1
mean value function: nan nan 0.0180511474609375 0.10394436120986938 nan
[Epoch 260] fps step: 116694.9 fps total: 88611.1 | reward: -256.61 | ep_len: 52.6
mean value function: nan nan 0.0182952880859375 0.11035734415054321 nan
[Epoch 261] fps step: 102827.9 fps total: 80654.9 | reward: -255.89 | ep_len: 52.4
mean value function: nan nan 0.0193328857421875 0.120816171169281 nan
[Epoch 262] fps step: 112925.6 fps total: 85162.3 | reward: -261.44 | ep_len: 52.9
mean value function: nan nan 0.017730712890625 0.11932170391082764 nan
[Epoch 263] fps step: 117761.3 fps total: 89490.1 | reward: -269.71 | ep_len: 53.7
mean value function: nan nan 0.0188751220703125 0.1290156990289688 nan
[Epoch 264] fps step: 98959.6 fps total: 76437.3 | reward: -275.98 | ep_len: 54.9
mean value function: nan nan 0.0186767578125 0.14526814222335815 nan
[Epoch 265] fps step: 106055.9 fps total: 81594.5 | reward: -254.29 | ep_len: 52.2
mean value function: nan nan 0.019073486328125 0.14189279079437256 nan
[Epoch 266] fps step: 113329.2 fps total: 86517.5 | reward: -266.72 | ep_len: 54.0
mean value function: nan nan 0.0178070068359375 0.13752034306526184 nan
[Epoch 267] fps step: 114261.2 fps total: 87860.8 | reward: -257.25 | ep_len: 52.5
mean value function: nan nan 0.01959228515625 0.1648152768611908 nan
[Epoch 268] fps step: 126759.4 fps total: 94913.2 | reward: -260.58 | ep_len: 53.3
mean value function: nan nan 0.0186309814453125 0.18526437878608704 nan
[Epoch 269] fps step: 130613.1 fps total: 97262.7 | reward: -242.25 | ep_len: 50.2
mean value function: nan nan 0.018035888671875 0.16978873312473297 nan
[Epoch 270] fps step: 108510.4 fps total: 83359.4 | reward: -258.62 | ep_len: 53.4
mean value function: nan nan 0.018951416015625 0.17377975583076477 nan
[Epoch 271] fps step: 116978.2 fps total: 88251.4 | reward: -267.23 | ep_len: 53.8
mean value function: nan nan 0.0184173583984375 0.18586640059947968 nan
[Epoch 272] fps step: 130181.0 fps total: 96687.1 | reward: -280.50 | ep_len: 55.6
mean value function: nan nan 0.018707275390625 0.17833289504051208 nan
[Epoch 273] fps step: 122446.8 fps total: 92135.1 | reward: -279.94 | ep_len: 54.9
mean value function: nan nan 0.0188751220703125 0.17287762463092804 nan
[Epoch 274] fps step: 108697.1 fps total: 84305.7 | reward: -258.07 | ep_len: 52.5
mean value function: nan nan 0.018829345703125 0.17167538404464722 nan
[Epoch 275] fps step: 122755.9 fps total: 93445.7 | reward: -262.00 | ep_len: 52.3
mean value function: nan nan 0.0190582275390625 0.15012149512767792 nan
[Epoch 276] fps step: 110554.7 fps total: 85672.3 | reward: -267.53 | ep_len: 54.0
mean value function: nan nan 0.0185089111328125 0.14693999290466309 nan
[Epoch 277] fps step: 140470.8 fps total: 103122.0 | reward: -265.09 | ep_len: 53.0
mean value function: nan nan 0.018951416015625 0.1564096212387085 nan
[Epoch 278] fps step: 132721.8 fps total: 97801.9 | reward: -243.74 | ep_len: 49.6
mean value function: nan nan 0.0185089111328125 0.16029444336891174 nan
[Epoch 279] fps step: 128143.8 fps total: 91695.5 | reward: -272.42 | ep_len: 54.8
mean value function: nan nan 0.01861572265625 0.16173988580703735 nan
[Epoch 280] fps step: 116569.7 fps total: 88742.2 | reward: -263.22 | ep_len: 52.8
mean value function: nan nan 0.019287109375 0.15906858444213867 nan
[Epoch 281] fps step: 114728.5 fps total: 86805.7 | reward: -240.53 | ep_len: 51.0
mean value function: nan nan 0.0180511474609375 0.14770153164863586 nan
[Epoch 282] fps step: 119131.8 fps total: 90279.6 | reward: -283.52 | ep_len: 55.8
mean value function: nan nan 0.0194854736328125 0.14988654851913452 nan
[Epoch 283] fps step: 116281.8 fps total: 89220.9 | reward: -262.01 | ep_len: 53.1
mean value function: nan nan 0.018707275390625 0.14761309325695038 nan
[Epoch 284] fps step: 128275.5 fps total: 92925.9 | reward: -260.05 | ep_len: 53.5
mean value function: nan nan 0.0180511474609375 0.14783862233161926 nan
[Epoch 285] fps step: 114735.9 fps total: 88007.0 | reward: -252.82 | ep_len: 51.0
mean value function: nan nan 0.0186767578125 0.13546046614646912 nan
[Epoch 286] fps step: 128743.2 fps total: 96904.0 | reward: -260.06 | ep_len: 52.7
mean value function: nan nan 0.0186004638671875 0.13813617825508118 nan
[Epoch 287] fps step: 115172.1 fps total: 89625.1 | reward: -253.10 | ep_len: 52.1
mean value function: nan nan 0.0180206298828125 0.14182141423225403 nan
[Epoch 288] fps step: 118296.4 fps total: 89724.1 | reward: -266.21 | ep_len: 53.4
mean value function: nan nan 0.0194549560546875 0.14271773397922516 nan
[Epoch 289] fps step: 133046.6 fps total: 98530.3 | reward: -288.86 | ep_len: 56.3
mean value function: nan nan 0.0185546875 0.14117974042892456 nan
[Epoch 290] fps step: 115356.7 fps total: 85699.6 | reward: -277.49 | ep_len: 55.2
mean value function: nan nan 0.018524169921875 0.14090615510940552 nan
[Epoch 291] fps step: 101743.1 fps total: 79980.5 | reward: -290.08 | ep_len: 57.2
mean value function: nan nan 0.01812744140625 0.1584073156118393 nan
[Epoch 292] fps step: 119861.9 fps total: 91325.5 | reward: -264.05 | ep_len: 52.9
mean value function: nan nan 0.0188140869140625 0.15278248488903046 nan
[Epoch 293] fps step: 131591.2 fps total: 98206.7 | reward: -285.77 | ep_len: 56.1
mean value function: nan nan 0.0189208984375 0.1555890142917633 nan
[Epoch 294] fps step: 116395.2 fps total: 89289.6 | reward: -287.14 | ep_len: 56.0
mean value function: nan nan 0.0188751220703125 0.16168555617332458 nan
[Epoch 295] fps step: 121954.7 fps total: 90705.0 | reward: -268.22 | ep_len: 55.0
mean value function: nan nan 0.01861572265625 0.1506613790988922 nan
[Epoch 296] fps step: 130240.9 fps total: 95270.1 | reward: -294.24 | ep_len: 57.4
mean value function: nan nan 0.018646240234375 0.14571502804756165 nan
[Epoch 297] fps step: 109779.5 fps total: 85320.3 | reward: -268.55 | ep_len: 54.0
mean value function: nan nan 0.0185699462890625 0.16187533736228943 nan
[Epoch 298] fps step: 120253.6 fps total: 88840.6 | reward: -267.34 | ep_len: 53.9
mean value function: nan nan 0.0174560546875 0.15573565661907196 nan
[Epoch 299] fps step: 122740.9 fps total: 92821.2 | reward: -278.39 | ep_len: 55.1
mean value function: nan nan 0.0191497802734375 0.15838590264320374 nan
[Epoch 300] fps step: 117203.4 fps total: 90444.3 | reward: -255.92 | ep_len: 52.5
=> saving checkpoint 'runs/HumanoidAMP_walk_retrain_08-19-54-45/nn/HumanoidAMP_walk_retrain_08-19-54-46_300.pth'
mean value function: nan nan 0.01861572265625 0.16148686408996582 nan
[Epoch 301] fps step: 129671.4 fps total: 96977.3 | reward: -294.32 | ep_len: 57.1
mean value function: nan nan 0.0177459716796875 0.1543666422367096 nan
[Epoch 302] fps step: 124895.0 fps total: 92955.4 | reward: -276.02 | ep_len: 54.7
mean value function: nan nan 0.01922607421875 0.15846563875675201 nan
[Epoch 303] fps step: 109111.0 fps total: 83342.4 | reward: -274.33 | ep_len: 55.9
mean value function: nan nan 0.0193023681640625 0.1481645107269287 nan
[Epoch 304] fps step: 115603.1 fps total: 88384.2 | reward: -290.17 | ep_len: 56.8
mean value function: nan nan 0.0181884765625 0.14019356667995453 nan
[Epoch 305] fps step: 91035.8 fps total: 71589.6 | reward: -250.00 | ep_len: 51.0
mean value function: nan nan 0.01898193359375 0.14564409852027893 nan
[Epoch 306] fps step: 123190.2 fps total: 93398.2 | reward: -233.01 | ep_len: 48.8
mean value function: nan nan 0.0185546875 0.14996998012065887 nan
[Epoch 307] fps step: 113460.9 fps total: 87412.8 | reward: -259.59 | ep_len: 53.0
mean value function: nan nan 0.0186614990234375 0.16922083497047424 nan
[Epoch 308] fps step: 116084.6 fps total: 88250.1 | reward: -278.71 | ep_len: 54.7
mean value function: nan nan 0.0184173583984375 0.16419093310832977 nan
[Epoch 309] fps step: 129068.6 fps total: 96346.2 | reward: -274.37 | ep_len: 55.5
mean value function: nan nan 0.0190887451171875 0.16590312123298645 nan
[Epoch 310] fps step: 112610.1 fps total: 85864.6 | reward: -252.93 | ep_len: 51.5
mean value function: nan nan 0.0182952880859375 0.1536169946193695 nan
[Epoch 311] fps step: 113369.7 fps total: 87977.4 | reward: -248.34 | ep_len: 51.5
mean value function: nan nan 0.018035888671875 0.1416376531124115 nan
[Epoch 312] fps step: 119153.6 fps total: 90543.0 | reward: -271.80 | ep_len: 54.0
mean value function: nan nan 0.01898193359375 0.13066790997982025 nan
[Epoch 313] fps step: 123927.5 fps total: 91166.1 | reward: -245.15 | ep_len: 51.0
mean value function: nan nan 0.01824951171875 0.1198960542678833 nan
[Epoch 314] fps step: 113765.4 fps total: 86968.3 | reward: -262.70 | ep_len: 53.6
mean value function: nan nan 0.0188751220703125 0.11543707549571991 nan
[Epoch 315] fps step: 118258.8 fps total: 87312.7 | reward: -252.91 | ep_len: 51.4
mean value function: nan nan 0.0185089111328125 0.12600916624069214 nan
[Epoch 316] fps step: 108575.9 fps total: 84553.8 | reward: -257.54 | ep_len: 52.3
mean value function: nan nan 0.0182342529296875 0.13912519812583923 nan
[Epoch 317] fps step: 129480.7 fps total: 97427.4 | reward: -262.89 | ep_len: 52.9
mean value function: nan nan 0.0193328857421875 0.19048143923282623 nan
[Epoch 318] fps step: 111995.3 fps total: 86633.9 | reward: -262.03 | ep_len: 53.0
mean value function: nan nan 0.01806640625 0.1877468377351761 nan
[Epoch 319] fps step: 120755.7 fps total: 91567.9 | reward: -274.40 | ep_len: 54.4
mean value function: nan nan 0.0191192626953125 0.19367000460624695 nan
[Epoch 320] fps step: 126484.3 fps total: 95991.9 | reward: -262.06 | ep_len: 52.9
mean value function: nan nan 0.0185699462890625 0.18391011655330658 nan
[Epoch 321] fps step: 122578.7 fps total: 92016.3 | reward: -290.34 | ep_len: 56.8
mean value function: nan nan 0.0184173583984375 0.18718375265598297 nan
[Epoch 322] fps step: 136940.1 fps total: 99703.6 | reward: -255.32 | ep_len: 51.9
mean value function: nan nan 0.0186767578125 0.1762693226337433 nan
[Epoch 323] fps step: 100802.1 fps total: 77952.5 | reward: -304.00 | ep_len: 58.7
mean value function: nan nan 0.018951416015625 0.1789461374282837 nan
[Epoch 324] fps step: 117242.7 fps total: 89702.9 | reward: -286.88 | ep_len: 56.8
mean value function: nan nan 0.018890380859375 0.18397286534309387 nan
[Epoch 325] fps step: 111677.4 fps total: 84287.5 | reward: -252.69 | ep_len: 51.3
mean value function: nan nan 0.0179595947265625 0.18293899297714233 nan
[Epoch 326] fps step: 112019.8 fps total: 87193.1 | reward: -260.90 | ep_len: 53.2
mean value function: nan nan 0.019195556640625 0.20573461055755615 nan
[Epoch 327] fps step: 107210.7 fps total: 83634.6 | reward: -254.77 | ep_len: 51.8
mean value function: nan nan 0.0190277099609375 0.1956665962934494 nan
[Epoch 328] fps step: 130407.7 fps total: 96553.6 | reward: -268.95 | ep_len: 54.5
mean value function: nan nan 0.0186004638671875 0.18430504202842712 nan
[Epoch 329] fps step: 116161.2 fps total: 90036.0 | reward: -249.72 | ep_len: 51.3
mean value function: nan nan 0.0183868408203125 0.18746811151504517 nan
[Epoch 330] fps step: 112942.3 fps total: 87564.8 | reward: -268.82 | ep_len: 53.7
mean value function: nan nan 0.018218994140625 0.17343057692050934 nan
[Epoch 331] fps step: 131024.1 fps total: 96651.0 | reward: -264.36 | ep_len: 53.2
mean value function: nan nan 0.0193634033203125 0.1671239137649536 nan
[Epoch 332] fps step: 123788.2 fps total: 93612.0 | reward: -257.92 | ep_len: 52.5
mean value function: nan nan 0.0186309814453125 0.16010694205760956 nan
[Epoch 333] fps step: 127001.1 fps total: 95132.9 | reward: -267.65 | ep_len: 53.6
mean value function: nan nan 0.0190887451171875 0.16826263070106506 nan
[Epoch 334] fps step: 110293.4 fps total: 85666.3 | reward: -242.50 | ep_len: 50.8
mean value function: nan nan 0.018035888671875 0.16110926866531372 nan
[Epoch 335] fps step: 103244.0 fps total: 79602.4 | reward: -267.68 | ep_len: 54.3
mean value function: nan nan 0.018463134765625 0.17167428135871887 nan
[Epoch 336] fps step: 119030.7 fps total: 90160.4 | reward: -250.34 | ep_len: 51.8
mean value function: nan nan 0.0187225341796875 0.16947273910045624 nan
[Epoch 337] fps step: 144091.1 fps total: 105544.1 | reward: -285.22 | ep_len: 56.4
mean value function: nan nan 0.0185089111328125 0.16457214951515198 nan
[Epoch 338] fps step: 131759.0 fps total: 98068.5 | reward: -292.84 | ep_len: 57.0
mean value function: nan nan 0.0185089111328125 0.14419564604759216 nan
[Epoch 339] fps step: 108521.1 fps total: 84666.0 | reward: -264.49 | ep_len: 53.5
mean value function: nan nan 0.018768310546875 0.15126004815101624 nan
[Epoch 340] fps step: 109853.6 fps total: 84291.8 | reward: -270.98 | ep_len: 54.2
mean value function: nan nan 0.0181884765625 0.15013428032398224 nan
[Epoch 341] fps step: 119196.4 fps total: 91818.5 | reward: -264.71 | ep_len: 53.7
mean value function: nan nan 0.018829345703125 0.13855573534965515 nan
[Epoch 342] fps step: 98418.4 fps total: 78605.8 | reward: -270.07 | ep_len: 54.2
mean value function: nan nan 0.018890380859375 0.14710643887519836 nan
[Epoch 343] fps step: 114135.8 fps total: 85682.8 | reward: -251.62 | ep_len: 51.5
mean value function: nan nan 0.017791748046875 0.16080816090106964 nan
[Epoch 344] fps step: 119731.2 fps total: 88453.6 | reward: -273.84 | ep_len: 54.1
mean value function: nan nan 0.0189971923828125 0.1674080193042755 nan
[Epoch 345] fps step: 120894.4 fps total: 91696.8 | reward: -269.79 | ep_len: 55.3
mean value function: nan nan 0.018890380859375 0.17727963626384735 nan
[Epoch 346] fps step: 118725.1 fps total: 90100.9 | reward: -270.69 | ep_len: 54.2
mean value function: nan nan 0.018157958984375 0.17741480469703674 nan
[Epoch 347] fps step: 117771.0 fps total: 90753.8 | reward: -260.05 | ep_len: 53.5
mean value function: nan nan 0.019195556640625 0.16665002703666687 nan
[Epoch 348] fps step: 119576.7 fps total: 90798.6 | reward: -246.87 | ep_len: 51.5
mean value function: nan nan 0.0181427001953125 0.16005900502204895 nan
[Epoch 349] fps step: 127886.7 fps total: 93972.5 | reward: -275.97 | ep_len: 55.0
mean value function: nan nan 0.01910400390625 0.15146058797836304 nan
[Epoch 350] fps step: 118112.4 fps total: 90218.7 | reward: -287.28 | ep_len: 55.3
=> saving checkpoint 'runs/HumanoidAMP_walk_retrain_08-19-54-45/nn/HumanoidAMP_walk_retrain_08-19-54-46_350.pth'
mean value function: nan nan 0.0185699462890625 0.1442740261554718 nan
[Epoch 351] fps step: 121867.2 fps total: 93228.7 | reward: -263.65 | ep_len: 53.2
mean value function: nan nan 0.0188446044921875 0.13378310203552246 nan
[Epoch 352] fps step: 110491.4 fps total: 84748.6 | reward: -259.57 | ep_len: 52.9
mean value function: nan nan 0.0182647705078125 0.14223460853099823 nan
[Epoch 353] fps step: 104746.2 fps total: 78939.4 | reward: -266.02 | ep_len: 53.9
mean value function: nan nan 0.018951416015625 0.1412285715341568 nan
[Epoch 354] fps step: 118734.2 fps total: 87909.4 | reward: -247.81 | ep_len: 51.0
mean value function: nan nan 0.01910400390625 0.15315032005310059 nan
[Epoch 355] fps step: 107543.4 fps total: 82406.3 | reward: -280.92 | ep_len: 56.7
mean value function: nan nan 0.018341064453125 0.16439813375473022 nan
[Epoch 356] fps step: 104510.8 fps total: 81860.0 | reward: -260.69 | ep_len: 52.4
mean value function: nan nan 0.01849365234375 0.15954452753067017 nan
[Epoch 357] fps step: 119932.3 fps total: 89658.8 | reward: -287.48 | ep_len: 56.8
mean value function: nan nan 0.0189208984375 0.1669992357492447 nan
[Epoch 358] fps step: 125364.4 fps total: 94330.0 | reward: -281.51 | ep_len: 55.6
mean value function: nan nan 0.0189056396484375 0.17426107823848724 nan
[Epoch 359] fps step: 98169.8 fps total: 77920.8 | reward: -278.80 | ep_len: 55.5
mean value function: nan nan 0.0181732177734375 0.16631662845611572 nan
[Epoch 360] fps step: 110159.5 fps total: 84002.1 | reward: -262.03 | ep_len: 53.0
mean value function: nan nan 0.019622802734375 0.1743968427181244 nan
[Epoch 361] fps step: 113410.1 fps total: 87200.0 | reward: -243.28 | ep_len: 50.7
mean value function: nan nan 0.018035888671875 0.18531933426856995 nan
[Epoch 362] fps step: 122467.4 fps total: 93401.4 | reward: -264.88 | ep_len: 53.9
mean value function: nan nan 0.0191497802734375 0.1664365977048874 nan
[Epoch 363] fps step: 129908.1 fps total: 95909.7 | reward: -268.88 | ep_len: 53.0
mean value function: nan nan 0.018157958984375 0.1738860309123993 nan
[Epoch 364] fps step: 138269.5 fps total: 102804.2 | reward: -254.61 | ep_len: 52.1
mean value function: nan nan 0.0184326171875 0.15436795353889465 nan
[Epoch 365] fps step: 137582.5 fps total: 102669.1 | reward: -257.49 | ep_len: 52.5
mean value function: nan nan 0.0187835693359375 0.1663295477628708 nan
[Epoch 366] fps step: 140362.1 fps total: 98855.6 | reward: -258.52 | ep_len: 52.0
mean value function: nan nan 0.019287109375 0.1788868010044098 nan
[Epoch 367] fps step: 108557.1 fps total: 83974.4 | reward: -261.29 | ep_len: 52.8
mean value function: nan nan 0.0184478759765625 0.16564342379570007 nan
[Epoch 368] fps step: 126653.2 fps total: 95005.4 | reward: -278.56 | ep_len: 54.3
mean value function: nan nan 0.018402099609375 0.16427811980247498 nan
[Epoch 369] fps step: 124174.8 fps total: 91892.4 | reward: -275.92 | ep_len: 55.5
mean value function: nan nan 0.01922607421875 0.15967035293579102 nan
[Epoch 370] fps step: 115215.5 fps total: 88361.8 | reward: -275.80 | ep_len: 54.7
mean value function: nan nan 0.01812744140625 0.17075970768928528 nan
[Epoch 371] fps step: 120510.3 fps total: 90120.4 | reward: -259.58 | ep_len: 53.1
mean value function: nan nan 0.0194244384765625 0.19998760521411896 nan
[Epoch 372] fps step: 108538.8 fps total: 84356.5 | reward: -243.37 | ep_len: 50.4
mean value function: nan nan 0.018829345703125 0.18179336190223694 nan
[Epoch 373] fps step: 125466.2 fps total: 93436.3 | reward: -267.88 | ep_len: 54.9
mean value function: nan nan 0.0180206298828125 0.17657318711280823 nan
[Epoch 374] fps step: 101146.8 fps total: 78964.9 | reward: -270.24 | ep_len: 54.3
mean value function: nan nan 0.0194244384765625 0.18098104000091553 nan
[Epoch 375] fps step: 107022.6 fps total: 82294.0 | reward: -270.83 | ep_len: 54.1
mean value function: nan nan 0.01806640625 0.14612293243408203 nan
[Epoch 376] fps step: 103812.5 fps total: 81249.8 | reward: -269.86 | ep_len: 53.9
mean value function: nan nan 0.018646240234375 0.170273095369339 nan
[Epoch 377] fps step: 101586.4 fps total: 80814.9 | reward: -264.40 | ep_len: 52.7
mean value function: nan nan 0.0191650390625 0.17802931368350983 nan
[Epoch 378] fps step: 125354.0 fps total: 93042.6 | reward: -268.90 | ep_len: 53.5
mean value function: nan nan 0.0188140869140625 0.18088746070861816 nan
[Epoch 379] fps step: 121356.8 fps total: 93038.4 | reward: -262.36 | ep_len: 53.0
mean value function: nan nan 0.0189208984375 0.16850978136062622 nan
[Epoch 380] fps step: 124123.9 fps total: 92337.6 | reward: -285.79 | ep_len: 55.8
mean value function: nan nan 0.0186309814453125 0.1795653998851776 nan
[Epoch 381] fps step: 120648.2 fps total: 90811.8 | reward: -251.59 | ep_len: 51.9
mean value function: nan nan 0.018096923828125 0.17900702357292175 nan
[Epoch 382] fps step: 134725.3 fps total: 99479.0 | reward: -276.40 | ep_len: 54.5
mean value function: nan nan 0.0195770263671875 0.17875218391418457 nan
[Epoch 383] fps step: 111900.5 fps total: 86871.7 | reward: -250.88 | ep_len: 52.2
mean value function: nan nan 0.01824951171875 0.16978242993354797 nan
[Epoch 384] fps step: 127116.9 fps total: 95393.1 | reward: -281.68 | ep_len: 55.2
mean value function: nan nan 0.0183258056640625 0.17229115962982178 nan
[Epoch 385] fps step: 100908.3 fps total: 79231.0 | reward: -269.04 | ep_len: 55.0
mean value function: nan nan 0.01898193359375 0.18323394656181335 nan
[Epoch 386] fps step: 125615.1 fps total: 95183.2 | reward: -264.98 | ep_len: 53.5
mean value function: nan nan 0.018524169921875 0.1979447901248932 nan
[Epoch 387] fps step: 115087.8 fps total: 88056.0 | reward: -280.14 | ep_len: 55.8
mean value function: nan nan 0.0185089111328125 0.20126624405384064 nan
[Epoch 388] fps step: 108724.1 fps total: 85164.4 | reward: -258.69 | ep_len: 52.6
mean value function: nan nan 0.0178680419921875 0.19569680094718933 nan
[Epoch 389] fps step: 129443.9 fps total: 97233.3 | reward: -289.79 | ep_len: 56.6
mean value function: nan nan 0.019073486328125 0.1862751543521881 nan
[Epoch 390] fps step: 116818.1 fps total: 89524.1 | reward: -242.53 | ep_len: 50.7
mean value function: nan nan 0.0184173583984375 0.1920483410358429 nan
[Epoch 391] fps step: 112876.4 fps total: 87376.8 | reward: -283.78 | ep_len: 55.9
mean value function: nan nan 0.0185089111328125 0.1753436028957367 nan
[Epoch 392] fps step: 123048.5 fps total: 93270.9 | reward: -260.93 | ep_len: 52.7
mean value function: nan nan 0.0183563232421875 0.16179797053337097 nan
[Epoch 393] fps step: 123497.1 fps total: 92802.5 | reward: -266.06 | ep_len: 53.7
mean value function: nan nan 0.018463134765625 0.16136272251605988 nan
[Epoch 394] fps step: 109108.5 fps total: 83458.5 | reward: -267.12 | ep_len: 52.6
mean value function: nan nan 0.018310546875 0.16102801263332367 nan
[Epoch 395] fps step: 110647.1 fps total: 83886.4 | reward: -265.25 | ep_len: 53.5
mean value function: nan nan 0.018890380859375 0.14913460612297058 nan
[Epoch 396] fps step: 102522.7 fps total: 79454.8 | reward: -307.38 | ep_len: 58.8
mean value function: nan nan 0.0184783935546875 0.1554870903491974 nan
[Epoch 397] fps step: 118946.4 fps total: 89126.9 | reward: -283.55 | ep_len: 56.0
mean value function: nan nan 0.018890380859375 0.15784963965415955 nan
[Epoch 398] fps step: 109425.7 fps total: 83579.3 | reward: -253.28 | ep_len: 52.1
mean value function: nan nan 0.018798828125 0.15357016026973724 nan
[Epoch 399] fps step: 103803.4 fps total: 80125.6 | reward: -276.48 | ep_len: 54.8
mean value function: nan nan 0.018798828125 0.17322425544261932 nan
[Epoch 400] fps step: 113821.0 fps total: 87959.8 | reward: -253.98 | ep_len: 52.5
=> saving checkpoint 'runs/HumanoidAMP_walk_retrain_08-19-54-45/nn/HumanoidAMP_walk_retrain_08-19-54-46_400.pth'
mean value function: nan nan 0.0179443359375 0.16584402322769165 nan
[Epoch 401] fps step: 118570.8 fps total: 87066.7 | reward: -259.30 | ep_len: 53.4
mean value function: nan nan 0.019134521484375 0.17472749948501587 nan
[Epoch 402] fps step: 110395.3 fps total: 85740.1 | reward: -270.54 | ep_len: 54.7
mean value function: nan nan 0.018310546875 0.17818742990493774 nan
[Epoch 403] fps step: 132014.9 fps total: 98689.0 | reward: -247.92 | ep_len: 50.5
mean value function: nan nan 0.0191802978515625 0.17061449587345123 nan
[Epoch 404] fps step: 125484.7 fps total: 92155.7 | reward: -259.16 | ep_len: 52.7
mean value function: nan nan 0.0181884765625 0.18906675279140472 nan
[Epoch 405] fps step: 111395.0 fps total: 84897.9 | reward: -254.35 | ep_len: 52.0
mean value function: nan nan 0.018463134765625 0.1774216592311859 nan
[Epoch 406] fps step: 93203.9 fps total: 73675.8 | reward: -292.80 | ep_len: 57.1
mean value function: nan nan 0.0192108154296875 0.19034965336322784 nan
[Epoch 407] fps step: 120989.1 fps total: 89228.0 | reward: -248.87 | ep_len: 51.8
mean value function: nan nan 0.0184326171875 0.1892314851284027 nan
[Epoch 408] fps step: 98841.2 fps total: 77971.9 | reward: -271.05 | ep_len: 54.6
mean value function: nan nan 0.018463134765625 0.17560975253582 nan
[Epoch 409] fps step: 113385.1 fps total: 86684.8 | reward: -257.06 | ep_len: 52.6
mean value function: nan nan 0.018646240234375 0.21043524146080017 nan
[Epoch 410] fps step: 128816.7 fps total: 94730.3 | reward: -281.60 | ep_len: 56.5
mean value function: nan nan 0.01837158203125 0.1823621243238449 nan
[Epoch 411] fps step: 105716.3 fps total: 82157.3 | reward: -262.67 | ep_len: 52.7
mean value function: nan nan 0.0184173583984375 0.21803715825080872 nan
[Epoch 412] fps step: 118981.0 fps total: 90419.0 | reward: -277.97 | ep_len: 54.2
mean value function: nan nan 0.018890380859375 0.20341819524765015 nan
[Epoch 413] fps step: 123475.5 fps total: 93423.3 | reward: -266.62 | ep_len: 54.1
mean value function: nan nan 0.018402099609375 0.2117859125137329 nan
[Epoch 414] fps step: 115657.2 fps total: 88987.9 | reward: -279.58 | ep_len: 55.0
mean value function: nan nan 0.019287109375 0.2201565057039261 nan
[Epoch 415] fps step: 129879.9 fps total: 95964.8 | reward: -256.54 | ep_len: 53.1
mean value function: nan nan 0.018585205078125 0.19383734464645386 nan
[Epoch 416] fps step: 116294.0 fps total: 88956.3 | reward: -247.39 | ep_len: 51.5
mean value function: nan nan 0.018524169921875 0.2218904346227646 nan
[Epoch 417] fps step: 126737.4 fps total: 94485.0 | reward: -280.20 | ep_len: 55.2
mean value function: nan nan 0.0189361572265625 0.21333059668540955 nan
[Epoch 418] fps step: 106576.1 fps total: 83695.5 | reward: -268.95 | ep_len: 54.3
mean value function: nan nan 0.018157958984375 0.2212475836277008 nan
[Epoch 419] fps step: 125068.7 fps total: 92065.4 | reward: -281.87 | ep_len: 55.5
mean value function: nan nan 0.0191497802734375 0.21723312139511108 nan
[Epoch 420] fps step: 132785.4 fps total: 98004.0 | reward: -269.36 | ep_len: 54.5
mean value function: nan nan 0.018157958984375 0.23550453782081604 nan
[Epoch 421] fps step: 106207.8 fps total: 82498.1 | reward: -269.41 | ep_len: 53.0
mean value function: nan nan 0.0187530517578125 0.22075314819812775 nan
[Epoch 422] fps step: 110940.6 fps total: 86260.5 | reward: -261.89 | ep_len: 53.1
mean value function: nan nan 0.0189056396484375 0.2284250110387802 nan
[Epoch 423] fps step: 130236.3 fps total: 95074.6 | reward: -296.89 | ep_len: 57.3
mean value function: nan nan 0.0186004638671875 0.21312382817268372 nan
[Epoch 424] fps step: 119538.3 fps total: 87944.4 | reward: -261.18 | ep_len: 52.8
mean value function: nan nan 0.018585205078125 0.2357996553182602 nan
[Epoch 425] fps step: 108595.5 fps total: 84362.6 | reward: -283.52 | ep_len: 55.5
mean value function: nan nan 0.018463134765625 0.2144078016281128 nan
[Epoch 426] fps step: 106232.8 fps total: 82825.5 | reward: -270.31 | ep_len: 54.0
mean value function: nan nan 0.0191650390625 0.21363545954227448 nan
[Epoch 427] fps step: 118133.8 fps total: 89531.1 | reward: -271.89 | ep_len: 53.9
mean value function: nan nan 0.0182342529296875 0.2228720486164093 nan
[Epoch 428] fps step: 121750.4 fps total: 91040.2 | reward: -258.34 | ep_len: 51.8
mean value function: nan nan 0.018646240234375 0.21980035305023193 nan
[Epoch 429] fps step: 119080.2 fps total: 90143.5 | reward: -265.20 | ep_len: 54.3
mean value function: nan nan 0.018463134765625 0.2032710611820221 nan
[Epoch 430] fps step: 105134.8 fps total: 81776.7 | reward: -269.58 | ep_len: 54.5
mean value function: nan nan 0.0182952880859375 0.18456469476222992 nan
[Epoch 431] fps step: 111969.9 fps total: 85427.8 | reward: -278.30 | ep_len: 55.5
mean value function: nan nan 0.0187530517578125 0.1994587630033493 nan
[Epoch 432] fps step: 111210.0 fps total: 85493.2 | reward: -265.12 | ep_len: 53.8
mean value function: nan nan 0.0190582275390625 0.19323939085006714 nan
[Epoch 433] fps step: 124792.5 fps total: 93784.0 | reward: -277.21 | ep_len: 55.2
mean value function: nan nan 0.018157958984375 0.22405903041362762 nan
[Epoch 434] fps step: 114215.3 fps total: 87256.3 | reward: -274.91 | ep_len: 54.8
mean value function: nan nan 0.0187225341796875 0.2339487075805664 nan
[Epoch 435] fps step: 104621.5 fps total: 80473.7 | reward: -262.39 | ep_len: 52.8
mean value function: nan nan 0.0188446044921875 0.21319057047367096 nan
[Epoch 436] fps step: 111652.6 fps total: 87054.9 | reward: -247.38 | ep_len: 51.7
mean value function: nan nan 0.0187835693359375 0.2655417323112488 nan
[Epoch 437] fps step: 111148.0 fps total: 87232.6 | reward: -260.95 | ep_len: 53.2
mean value function: nan nan 0.01751708984375 0.21655407547950745 nan
[Epoch 438] fps step: 123488.4 fps total: 93608.0 | reward: -267.45 | ep_len: 54.2
mean value function: nan nan 0.019317626953125 0.2728888690471649 nan
[Epoch 439] fps step: 108541.1 fps total: 83721.3 | reward: -261.35 | ep_len: 53.3
mean value function: nan nan 0.0180511474609375 0.27653151750564575 nan
[Epoch 440] fps step: 109297.3 fps total: 84083.6 | reward: -271.16 | ep_len: 54.5
mean value function: nan nan 0.0186614990234375 0.2498331218957901 nan
[Epoch 441] fps step: 103566.5 fps total: 81035.7 | reward: -284.56 | ep_len: 56.3
mean value function: nan nan 0.019134521484375 0.24629807472229004 nan
[Epoch 442] fps step: 143234.3 fps total: 103880.2 | reward: -256.55 | ep_len: 52.3
mean value function: nan nan 0.0186920166015625 0.2506321668624878 nan
[Epoch 443] fps step: 123081.8 fps total: 93067.5 | reward: -257.87 | ep_len: 52.0
mean value function: nan nan 0.018035888671875 0.23957228660583496 nan
[Epoch 444] fps step: 129291.6 fps total: 93896.0 | reward: -274.41 | ep_len: 55.0
mean value function: nan nan 0.0196380615234375 0.23941081762313843 nan
[Epoch 445] fps step: 123830.9 fps total: 93927.4 | reward: -284.41 | ep_len: 55.9
mean value function: nan nan 0.01806640625 0.22946815192699432 nan
[Epoch 446] fps step: 111883.3 fps total: 86591.4 | reward: -248.91 | ep_len: 51.1
mean value function: nan nan 0.0188751220703125 0.2178114652633667 nan
[Epoch 447] fps step: 138887.8 fps total: 102264.2 | reward: -273.31 | ep_len: 54.5
mean value function: nan nan 0.0187530517578125 0.2057134509086609 nan
[Epoch 448] fps step: 108515.5 fps total: 85042.0 | reward: -271.11 | ep_len: 55.0
mean value function: nan nan 0.01934814453125 0.17270024120807648 nan
[Epoch 449] fps step: 131332.1 fps total: 97693.8 | reward: -242.21 | ep_len: 50.2
mean value function: nan nan 0.0179290771484375 0.17043481767177582 nan
[Epoch 450] fps step: 135875.1 fps total: 101801.8 | reward: -250.99 | ep_len: 52.2
=> saving checkpoint 'runs/HumanoidAMP_walk_retrain_08-19-54-45/nn/HumanoidAMP_walk_retrain_08-19-54-46_450.pth'
mean value function: nan nan 0.01885986328125 0.19752901792526245 nan
[Epoch 451] fps step: 126606.6 fps total: 95962.2 | reward: -257.79 | ep_len: 52.1
mean value function: nan nan 0.0183868408203125 0.26239296793937683 nan
[Epoch 452] fps step: 114984.2 fps total: 88994.8 | reward: -243.43 | ep_len: 50.7
mean value function: nan nan 0.019073486328125 0.23281298577785492 nan
[Epoch 453] fps step: 120729.5 fps total: 91660.8 | reward: -251.50 | ep_len: 51.7
mean value function: nan nan 0.0180511474609375 0.24005815386772156 nan
[Epoch 454] fps step: 132943.1 fps total: 99240.5 | reward: -275.08 | ep_len: 55.1
mean value function: nan nan 0.0191650390625 0.17670539021492004 nan
[Epoch 455] fps step: 137177.8 fps total: 101977.3 | reward: -247.99 | ep_len: 51.0
mean value function: nan nan 0.019012451171875 0.182585209608078 nan
[Epoch 456] fps step: 130370.8 fps total: 97179.8 | reward: -249.02 | ep_len: 51.0
mean value function: nan nan 0.01849365234375 0.18104568123817444 nan
[Epoch 457] fps step: 110402.8 fps total: 85094.1 | reward: -266.76 | ep_len: 53.8
mean value function: nan nan 0.01824951171875 0.1699233055114746 nan
[Epoch 458] fps step: 123534.2 fps total: 93505.1 | reward: -270.10 | ep_len: 55.2
mean value function: nan nan 0.0189971923828125 0.18863476812839508 nan
[Epoch 459] fps step: 104759.9 fps total: 81894.5 | reward: -257.77 | ep_len: 52.6
mean value function: nan nan 0.0191802978515625 0.17855879664421082 nan
[Epoch 460] fps step: 118244.2 fps total: 89171.2 | reward: -271.50 | ep_len: 54.1
mean value function: nan nan 0.018310546875 0.16895225644111633 nan
[Epoch 461] fps step: 116700.2 fps total: 89766.3 | reward: -266.70 | ep_len: 55.2
mean value function: nan nan 0.018585205078125 0.17768552899360657 nan
[Epoch 462] fps step: 102359.3 fps total: 79394.7 | reward: -269.23 | ep_len: 54.5
mean value function: nan nan 0.019012451171875 0.17430023849010468 nan
[Epoch 463] fps step: 129470.6 fps total: 96997.2 | reward: -246.10 | ep_len: 51.3
mean value function: nan nan 0.0191802978515625 0.18315674364566803 nan
[Epoch 464] fps step: 118938.8 fps total: 91365.3 | reward: -260.50 | ep_len: 53.2
mean value function: nan nan 0.018463134765625 0.20738857984542847 nan
[Epoch 465] fps step: 107208.5 fps total: 81691.1 | reward: -278.18 | ep_len: 55.6
mean value function: nan nan 0.0187530517578125 0.2102792114019394 nan
[Epoch 466] fps step: 103336.5 fps total: 80190.7 | reward: -264.28 | ep_len: 53.8
mean value function: nan nan 0.01788330078125 0.2284582108259201 nan
[Epoch 467] fps step: 131137.6 fps total: 97565.8 | reward: -273.29 | ep_len: 54.3
mean value function: nan nan 0.0191650390625 0.22815895080566406 nan
[Epoch 468] fps step: 111016.8 fps total: 81644.3 | reward: -267.90 | ep_len: 53.8
mean value function: nan nan 0.0190277099609375 0.23757031559944153 nan
[Epoch 469] fps step: 114214.5 fps total: 86442.3 | reward: -265.50 | ep_len: 53.8
mean value function: nan nan 0.0182342529296875 0.28242847323417664 nan
[Epoch 470] fps step: 116194.5 fps total: 86658.4 | reward: -258.24 | ep_len: 53.1
mean value function: nan nan 0.018707275390625 0.2459736466407776 nan
[Epoch 471] fps step: 127075.2 fps total: 94706.1 | reward: -250.53 | ep_len: 51.7
mean value function: nan nan 0.0191802978515625 0.2509458363056183 nan
[Epoch 472] fps step: 140581.6 fps total: 103830.7 | reward: -277.04 | ep_len: 54.2
mean value function: nan nan 0.0182037353515625 0.22586989402770996 nan
[Epoch 473] fps step: 118612.9 fps total: 90852.4 | reward: -245.24 | ep_len: 50.2
mean value function: nan nan 0.01873779296875 0.22566568851470947 nan
[Epoch 474] fps step: 119471.1 fps total: 90531.4 | reward: -263.91 | ep_len: 53.4
mean value function: nan nan 0.019287109375 0.25196483731269836 nan
[Epoch 475] fps step: 104515.8 fps total: 80128.5 | reward: -244.66 | ep_len: 51.3
mean value function: nan nan 0.0179443359375 0.2419857680797577 nan
[Epoch 476] fps step: 100932.3 fps total: 78382.6 | reward: -276.28 | ep_len: 55.1
mean value function: nan nan 0.0189208984375 0.23754757642745972 nan
[Epoch 477] fps step: 109240.0 fps total: 82275.8 | reward: -265.35 | ep_len: 53.0
mean value function: nan nan 0.01806640625 0.2479219138622284 nan
[Epoch 478] fps step: 102570.8 fps total: 80585.9 | reward: -284.78 | ep_len: 56.4
mean value function: nan nan 0.01910400390625 0.24038739502429962 nan
[Epoch 479] fps step: 96761.3 fps total: 76802.6 | reward: -269.29 | ep_len: 54.3
mean value function: nan nan 0.018768310546875 0.26484018564224243 nan
[Epoch 480] fps step: 99719.0 fps total: 79127.2 | reward: -265.75 | ep_len: 54.0
mean value function: nan nan 0.0175628662109375 0.2693747580051422 nan
[Epoch 481] fps step: 128008.1 fps total: 95844.4 | reward: -297.19 | ep_len: 58.2
mean value function: nan nan 0.0188140869140625 0.2599218785762787 nan
[Epoch 482] fps step: 130908.5 fps total: 97719.4 | reward: -256.07 | ep_len: 52.0
mean value function: nan nan 0.0182037353515625 0.28449153900146484 nan
[Epoch 483] fps step: 123187.7 fps total: 90542.0 | reward: -247.94 | ep_len: 51.1
mean value function: nan nan 0.019561767578125 0.2764278054237366 nan
[Epoch 484] fps step: 105610.2 fps total: 83023.6 | reward: -267.15 | ep_len: 53.3
mean value function: nan nan 0.01849365234375 0.25573092699050903 nan
[Epoch 485] fps step: 102466.6 fps total: 79717.6 | reward: -270.51 | ep_len: 54.2
mean value function: nan nan 0.01849365234375 0.25901395082473755 nan
[Epoch 486] fps step: 111600.2 fps total: 86131.3 | reward: -263.94 | ep_len: 53.0
mean value function: nan nan 0.0196380615234375 0.2621886730194092 nan
[Epoch 487] fps step: 109788.8 fps total: 85936.8 | reward: -276.32 | ep_len: 54.9
mean value function: nan nan 0.0180816650390625 0.25975102186203003 nan
[Epoch 488] fps step: 116432.6 fps total: 87390.8 | reward: -276.41 | ep_len: 55.0
mean value function: nan nan 0.0190277099609375 0.262004554271698 nan
[Epoch 489] fps step: 121736.1 fps total: 92747.5 | reward: -254.61 | ep_len: 52.0
mean value function: nan nan 0.0185546875 0.26787465810775757 nan
[Epoch 490] fps step: 106960.5 fps total: 83255.2 | reward: -284.41 | ep_len: 56.2
mean value function: nan nan 0.018951416015625 0.2657261788845062 nan
[Epoch 491] fps step: 109840.8 fps total: 85313.6 | reward: -258.21 | ep_len: 51.8
mean value function: nan nan 0.018310546875 0.24368101358413696 nan
[Epoch 492] fps step: 117147.0 fps total: 86779.8 | reward: -281.01 | ep_len: 54.7
mean value function: nan nan 0.018768310546875 0.24563995003700256 nan
[Epoch 493] fps step: 116508.4 fps total: 89556.8 | reward: -270.37 | ep_len: 54.5
mean value function: nan nan 0.0179443359375 0.24378511309623718 nan
[Epoch 494] fps step: 125046.0 fps total: 93368.7 | reward: -277.95 | ep_len: 55.7
mean value function: nan nan 0.0185394287109375 0.2287766933441162 nan
[Epoch 495] fps step: 133319.8 fps total: 100040.9 | reward: -263.93 | ep_len: 52.5
mean value function: nan nan 0.0193328857421875 0.237810418009758 nan
[Epoch 496] fps step: 114536.1 fps total: 88372.1 | reward: -267.89 | ep_len: 53.9
mean value function: nan nan 0.018890380859375 0.24555957317352295 nan
[Epoch 497] fps step: 104244.4 fps total: 81548.1 | reward: -260.92 | ep_len: 52.7
mean value function: nan nan 0.01800537109375 0.2292482703924179 nan
[Epoch 498] fps step: 103574.2 fps total: 81135.0 | reward: -258.89 | ep_len: 52.9
mean value function: nan nan 0.01953125 0.21926558017730713 nan
[Epoch 499] fps step: 112702.8 fps total: 84822.9 | reward: -254.06 | ep_len: 52.0
mean value function: nan nan 0.0186309814453125 0.26821577548980713 nan
[Epoch 500] fps step: 95824.1 fps total: 74711.4 | reward: -257.83 | ep_len: 52.7
=> saving checkpoint 'runs/HumanoidAMP_walk_retrain_08-19-54-45/nn/HumanoidAMP_walk_retrain_08-19-54-46_500.pth'
mean value function: nan nan 0.0182342529296875 0.25962144136428833 nan
[Epoch 501] fps step: 126386.5 fps total: 94377.8 | reward: -259.63 | ep_len: 52.5
mean value function: nan nan 0.0190277099609375 0.2671689987182617 nan
[Epoch 502] fps step: 130038.5 fps total: 98067.5 | reward: -271.81 | ep_len: 55.3
mean value function: nan nan 0.0185546875 0.26478078961372375 nan
[Epoch 503] fps step: 134299.2 fps total: 99290.9 | reward: -277.98 | ep_len: 55.4
mean value function: nan nan 0.018280029296875 0.27429908514022827 nan
[Epoch 504] fps step: 125765.7 fps total: 94637.5 | reward: -269.12 | ep_len: 54.0
mean value function: nan nan 0.018463134765625 0.247230663895607 nan
[Epoch 505] fps step: 108760.5 fps total: 85226.9 | reward: -258.06 | ep_len: 52.9
mean value function: nan nan 0.01922607421875 0.27323946356773376 nan
[Epoch 506] fps step: 119323.5 fps total: 90871.4 | reward: -246.24 | ep_len: 50.9
mean value function: nan nan 0.0185394287109375 0.2509264349937439 nan
[Epoch 507] fps step: 117280.4 fps total: 90203.3 | reward: -282.44 | ep_len: 56.2
mean value function: nan nan 0.018341064453125 0.2481684684753418 nan
[Epoch 508] fps step: 133764.1 fps total: 99021.2 | reward: -264.92 | ep_len: 53.2
mean value function: nan nan 0.0193939208984375 0.24685192108154297 nan
[Epoch 509] fps step: 99629.1 fps total: 78858.7 | reward: -261.07 | ep_len: 52.8
mean value function: nan nan 0.0182342529296875 0.2309265285730362 nan
[Epoch 510] fps step: 131142.4 fps total: 98921.6 | reward: -265.24 | ep_len: 52.9
mean value function: nan nan 0.018218994140625 0.2544747292995453 nan
[Epoch 511] fps step: 103372.7 fps total: 81100.7 | reward: -250.18 | ep_len: 52.0
mean value function: nan nan 0.0181427001953125 0.21644505858421326 nan
[Epoch 512] fps step: 113145.8 fps total: 88099.9 | reward: -266.73 | ep_len: 53.8
mean value function: nan nan 0.0190277099609375 0.24710002541542053 nan
[Epoch 513] fps step: 127984.6 fps total: 95404.2 | reward: -267.94 | ep_len: 54.3
mean value function: nan nan 0.0185699462890625 0.2239382565021515 nan
[Epoch 514] fps step: 125836.2 fps total: 94631.4 | reward: -300.32 | ep_len: 57.4
mean value function: nan nan 0.01885986328125 0.2675129771232605 nan
[Epoch 515] fps step: 118999.6 fps total: 89193.0 | reward: -265.34 | ep_len: 53.5
mean value function: nan nan 0.01861572265625 0.2947387099266052 nan
[Epoch 516] fps step: 125471.9 fps total: 94518.5 | reward: -265.50 | ep_len: 53.6
mean value function: nan nan 0.018341064453125 0.2633323669433594 nan
[Epoch 517] fps step: 115693.3 fps total: 88256.2 | reward: -270.14 | ep_len: 54.1
mean value function: nan nan 0.0191192626953125 0.26393240690231323 nan
[Epoch 518] fps step: 105650.0 fps total: 82737.2 | reward: -264.66 | ep_len: 53.4
mean value function: nan nan 0.0178985595703125 0.2576935291290283 nan
[Epoch 519] fps step: 110591.3 fps total: 84366.7 | reward: -272.44 | ep_len: 54.7
mean value function: nan nan 0.0185546875 0.2552677392959595 nan
[Epoch 520] fps step: 121327.6 fps total: 90750.3 | reward: -269.79 | ep_len: 54.5
mean value function: nan nan 0.018768310546875 0.23768465220928192 nan
[Epoch 521] fps step: 115848.0 fps total: 85228.4 | reward: -271.92 | ep_len: 54.1
mean value function: nan nan 0.01849365234375 0.22564652562141418 nan
[Epoch 522] fps step: 122659.2 fps total: 91561.1 | reward: -262.09 | ep_len: 53.5
mean value function: nan nan 0.018463134765625 0.25927966833114624 nan
[Epoch 523] fps step: 119070.9 fps total: 90770.1 | reward: -266.13 | ep_len: 54.0
mean value function: nan nan 0.0186614990234375 0.26440727710723877 nan
[Epoch 524] fps step: 124233.4 fps total: 94726.7 | reward: -281.50 | ep_len: 55.7
mean value function: nan nan 0.018280029296875 0.2889246344566345 nan
[Epoch 525] fps step: 115868.9 fps total: 88945.0 | reward: -269.85 | ep_len: 53.3
mean value function: nan nan 0.0187225341796875 0.30125996470451355 nan
[Epoch 526] fps step: 119532.5 fps total: 90007.5 | reward: -246.10 | ep_len: 51.7
mean value function: nan nan 0.018890380859375 0.27045994997024536 nan
[Epoch 527] fps step: 129901.7 fps total: 96802.8 | reward: -267.06 | ep_len: 53.8
mean value function: nan nan 0.01837158203125 0.26954901218414307 nan
[Epoch 528] fps step: 118871.6 fps total: 90811.5 | reward: -261.59 | ep_len: 52.7
mean value function: nan nan 0.018280029296875 0.2678277790546417 nan
[Epoch 529] fps step: 120960.5 fps total: 90737.5 | reward: -268.52 | ep_len: 53.5
mean value function: nan nan 0.0191650390625 0.2936858832836151 nan
[Epoch 530] fps step: 122742.4 fps total: 91676.5 | reward: -278.95 | ep_len: 55.0
mean value function: nan nan 0.0185699462890625 0.25979113578796387 nan
[Epoch 531] fps step: 106809.6 fps total: 82271.7 | reward: -259.65 | ep_len: 52.4
mean value function: nan nan 0.01873779296875 0.24553248286247253 nan
[Epoch 532] fps step: 114863.3 fps total: 86877.0 | reward: -249.73 | ep_len: 51.9
mean value function: nan nan 0.018341064453125 0.27285510301589966 nan
[Epoch 533] fps step: 96290.3 fps total: 77708.4 | reward: -268.74 | ep_len: 54.5
mean value function: nan nan 0.0189971923828125 0.2410578578710556 nan
[Epoch 534] fps step: 137337.4 fps total: 100482.6 | reward: -290.23 | ep_len: 56.3
mean value function: nan nan 0.018798828125 0.27566951513290405 nan
[Epoch 535] fps step: 124500.2 fps total: 94159.5 | reward: -251.12 | ep_len: 52.1
mean value function: nan nan 0.018402099609375 0.27508533000946045 nan
[Epoch 536] fps step: 118871.9 fps total: 91180.7 | reward: -260.24 | ep_len: 52.4
mean value function: nan nan 0.0187225341796875 0.3013377785682678 nan
[Epoch 537] fps step: 135883.7 fps total: 100154.6 | reward: -265.98 | ep_len: 54.0
mean value function: nan nan 0.0188751220703125 0.3349350392818451 nan
[Epoch 538] fps step: 135175.9 fps total: 99407.9 | reward: -283.11 | ep_len: 55.7
mean value function: nan nan 0.018585205078125 0.32014840841293335 nan
[Epoch 539] fps step: 133129.1 fps total: 98859.8 | reward: -270.31 | ep_len: 55.2
mean value function: nan nan 0.0182037353515625 0.287063330411911 nan
[Epoch 540] fps step: 125560.4 fps total: 94383.7 | reward: -257.90 | ep_len: 52.9
mean value function: nan nan 0.0188446044921875 0.300052672624588 nan
[Epoch 541] fps step: 143830.5 fps total: 105053.7 | reward: -262.58 | ep_len: 52.6
mean value function: nan nan 0.0187835693359375 0.30883726477622986 nan
[Epoch 542] fps step: 125163.4 fps total: 93160.5 | reward: -248.50 | ep_len: 50.8
mean value function: nan nan 0.018768310546875 0.28468450903892517 nan
[Epoch 543] fps step: 89998.6 fps total: 71528.4 | reward: -280.57 | ep_len: 55.5
mean value function: nan nan 0.018646240234375 0.2852379083633423 nan
[Epoch 544] fps step: 111892.4 fps total: 84194.6 | reward: -273.57 | ep_len: 54.4
mean value function: nan nan 0.01824951171875 0.2953352630138397 nan
[Epoch 545] fps step: 109516.7 fps total: 82294.3 | reward: -283.81 | ep_len: 56.1
mean value function: nan nan 0.01873779296875 0.2731824517250061 nan
[Epoch 546] fps step: 103037.9 fps total: 81233.7 | reward: -269.75 | ep_len: 54.0
mean value function: nan nan 0.0187225341796875 0.2904873490333557 nan
[Epoch 547] fps step: 111910.4 fps total: 85605.1 | reward: -263.89 | ep_len: 52.6
mean value function: nan nan 0.0186767578125 0.28025534749031067 nan
[Epoch 548] fps step: 118975.5 fps total: 90468.7 | reward: -257.31 | ep_len: 52.1
mean value function: nan nan 0.0186767578125 0.28555941581726074 nan
[Epoch 549] fps step: 108230.9 fps total: 82375.2 | reward: -264.95 | ep_len: 53.6
mean value function: nan nan 0.0184478759765625 0.28547829389572144 nan
[Epoch 550] fps step: 89926.0 fps total: 72409.9 | reward: -272.24 | ep_len: 55.2
=> saving checkpoint 'runs/HumanoidAMP_walk_retrain_08-19-54-45/nn/HumanoidAMP_walk_retrain_08-19-54-46_550.pth'
mean value function: nan nan 0.0189971923828125 0.29645419120788574 nan
[Epoch 551] fps step: 97267.4 fps total: 77376.5 | reward: -265.86 | ep_len: 53.8
mean value function: nan nan 0.01898193359375 0.26627808809280396 nan
[Epoch 552] fps step: 128033.8 fps total: 96409.4 | reward: -250.19 | ep_len: 51.5
mean value function: nan nan 0.0188446044921875 0.2731793224811554 nan
[Epoch 553] fps step: 130578.4 fps total: 97337.1 | reward: -276.19 | ep_len: 55.7
mean value function: nan nan 0.01837158203125 0.29907578229904175 nan
[Epoch 554] fps step: 125130.4 fps total: 94304.1 | reward: -265.66 | ep_len: 53.1
mean value function: nan nan 0.018646240234375 0.27234354615211487 nan
[Epoch 555] fps step: 116567.0 fps total: 88897.1 | reward: -279.09 | ep_len: 54.9
mean value function: nan nan 0.01885986328125 0.31357961893081665 nan
[Epoch 556] fps step: 109079.4 fps total: 81351.4 | reward: -259.86 | ep_len: 53.7
mean value function: nan nan 0.0184326171875 0.2565808892250061 nan
[Epoch 557] fps step: 121520.3 fps total: 91129.1 | reward: -253.31 | ep_len: 51.4
mean value function: nan nan 0.0186614990234375 0.2599426209926605 nan
[Epoch 558] fps step: 111757.1 fps total: 86406.4 | reward: -255.94 | ep_len: 52.0
mean value function: nan nan 0.0191497802734375 0.2864185571670532 nan
[Epoch 559] fps step: 125146.4 fps total: 91712.9 | reward: -282.00 | ep_len: 55.9
mean value function: nan nan 0.0178375244140625 0.2795586585998535 nan
[Epoch 560] fps step: 133215.0 fps total: 99211.8 | reward: -264.71 | ep_len: 53.4
mean value function: nan nan 0.01824951171875 0.29483819007873535 nan
[Epoch 561] fps step: 151970.4 fps total: 108063.0 | reward: -256.30 | ep_len: 51.7
mean value function: nan nan 0.0188751220703125 0.3047962784767151 nan
[Epoch 562] fps step: 121677.6 fps total: 93088.4 | reward: -248.34 | ep_len: 51.3
mean value function: nan nan 0.01885986328125 0.31624144315719604 nan
[Epoch 563] fps step: 130900.8 fps total: 99011.6 | reward: -269.77 | ep_len: 53.5
mean value function: nan nan 0.0186920166015625 0.29247036576271057 nan
[Epoch 564] fps step: 136291.2 fps total: 99177.2 | reward: -265.59 | ep_len: 53.6
mean value function: nan nan 0.01898193359375 0.2933363914489746 nan
[Epoch 565] fps step: 117136.1 fps total: 89574.4 | reward: -264.19 | ep_len: 52.8
mean value function: nan nan 0.018585205078125 0.30064648389816284 nan
[Epoch 566] fps step: 118982.6 fps total: 90245.5 | reward: -249.57 | ep_len: 51.4
mean value function: nan nan 0.01806640625 0.2885516285896301 nan
[Epoch 567] fps step: 124445.5 fps total: 94655.2 | reward: -269.10 | ep_len: 54.4
mean value function: nan nan 0.0187225341796875 0.2706538438796997 nan
[Epoch 568] fps step: 120940.5 fps total: 91770.8 | reward: -260.44 | ep_len: 52.8
mean value function: nan nan 0.019256591796875 0.2899895906448364 nan
[Epoch 569] fps step: 103879.8 fps total: 81751.0 | reward: -248.21 | ep_len: 50.4
mean value function: nan nan 0.0190887451171875 0.2853507399559021 nan
[Epoch 570] fps step: 133180.4 fps total: 98678.2 | reward: -263.50 | ep_len: 53.3
mean value function: nan nan 0.017913818359375 0.2749871611595154 nan
[Epoch 571] fps step: 123637.8 fps total: 92507.4 | reward: -270.45 | ep_len: 54.3
mean value function: nan nan 0.0188446044921875 0.28608936071395874 nan
[Epoch 572] fps step: 94240.6 fps total: 73963.0 | reward: -264.63 | ep_len: 53.5
mean value function: nan nan 0.01885986328125 0.27850142121315 nan
[Epoch 573] fps step: 132339.1 fps total: 99629.4 | reward: -276.24 | ep_len: 53.7
mean value function: nan nan 0.0184783935546875 0.31246376037597656 nan
[Epoch 574] fps step: 142070.8 fps total: 102954.7 | reward: -262.33 | ep_len: 53.2
mean value function: nan nan 0.0189208984375 0.31982624530792236 nan
[Epoch 575] fps step: 125025.4 fps total: 94986.0 | reward: -245.95 | ep_len: 51.6
mean value function: nan nan 0.0187835693359375 0.2828254699707031 nan
[Epoch 576] fps step: 121137.6 fps total: 90255.5 | reward: -275.76 | ep_len: 54.6
mean value function: nan nan 0.0187835693359375 0.2972967028617859 nan
[Epoch 577] fps step: 97356.5 fps total: 75809.0 | reward: -260.22 | ep_len: 52.8
mean value function: nan nan 0.0186767578125 0.28798723220825195 nan
[Epoch 578] fps step: 113696.0 fps total: 88017.9 | reward: -265.14 | ep_len: 54.2
mean value function: nan nan 0.0185546875 0.27256834506988525 nan
[Epoch 579] fps step: 129191.1 fps total: 96552.7 | reward: -272.19 | ep_len: 54.1
mean value function: nan nan 0.018157958984375 0.29480990767478943 nan
[Epoch 580] fps step: 102045.8 fps total: 80458.1 | reward: -274.05 | ep_len: 54.3
mean value function: nan nan 0.0182647705078125 0.26934319734573364 nan
[Epoch 581] fps step: 98057.2 fps total: 76710.5 | reward: -263.41 | ep_len: 53.5
mean value function: nan nan 0.018890380859375 0.30286329984664917 nan
[Epoch 582] fps step: 123342.7 fps total: 93737.5 | reward: -305.18 | ep_len: 59.1
mean value function: nan nan 0.0190277099609375 0.2744157910346985 nan
[Epoch 583] fps step: 136932.5 fps total: 99311.2 | reward: -241.64 | ep_len: 50.7
mean value function: nan nan 0.01824951171875 0.3002476990222931 nan
[Epoch 584] fps step: 110900.0 fps total: 85361.4 | reward: -260.31 | ep_len: 52.7
mean value function: nan nan 0.0185546875 0.2809264659881592 nan
[Epoch 585] fps step: 122854.0 fps total: 93558.2 | reward: -293.55 | ep_len: 58.0
mean value function: nan nan 0.0186004638671875 0.31587836146354675 nan
[Epoch 586] fps step: 119784.3 fps total: 90836.9 | reward: -257.87 | ep_len: 52.4
mean value function: nan nan 0.018524169921875 0.29016974568367004 nan
[Epoch 587] fps step: 113245.1 fps total: 87821.7 | reward: -261.87 | ep_len: 53.5
mean value function: nan nan 0.0194549560546875 0.3452848792076111 nan
[Epoch 588] fps step: 101114.2 fps total: 79945.6 | reward: -263.00 | ep_len: 52.9
mean value function: nan nan 0.0188751220703125 0.27974119782447815 nan
[Epoch 589] fps step: 116321.0 fps total: 88793.2 | reward: -267.90 | ep_len: 53.2
mean value function: nan nan 0.018524169921875 0.2879514694213867 nan
[Epoch 590] fps step: 131761.7 fps total: 97012.7 | reward: -284.42 | ep_len: 55.6
mean value function: nan nan 0.0185546875 0.28377655148506165 nan
[Epoch 591] fps step: 117207.2 fps total: 86907.7 | reward: -274.30 | ep_len: 54.2
mean value function: nan nan 0.018951416015625 0.28839200735092163 nan
[Epoch 592] fps step: 140700.7 fps total: 101404.1 | reward: -270.78 | ep_len: 54.4
mean value function: nan nan 0.0186920166015625 0.2694914638996124 nan
[Epoch 593] fps step: 105814.9 fps total: 81529.2 | reward: -255.79 | ep_len: 52.2
mean value function: nan nan 0.0189208984375 0.28184837102890015 nan
[Epoch 594] fps step: 109465.1 fps total: 84989.6 | reward: -269.17 | ep_len: 53.8
mean value function: nan nan 0.0184326171875 0.28222331404685974 nan
[Epoch 595] fps step: 121097.9 fps total: 93403.8 | reward: -285.35 | ep_len: 56.5
mean value function: nan nan 0.0190277099609375 0.3025597333908081 nan
[Epoch 596] fps step: 108322.7 fps total: 83257.8 | reward: -262.30 | ep_len: 53.1
mean value function: nan nan 0.0181732177734375 0.29171326756477356 nan
[Epoch 597] fps step: 124914.9 fps total: 92904.3 | reward: -265.10 | ep_len: 52.9
mean value function: nan nan 0.0186767578125 0.31585195660591125 nan
[Epoch 598] fps step: 127352.2 fps total: 95545.9 | reward: -267.95 | ep_len: 53.6
mean value function: nan nan 0.018646240234375 0.3109758198261261 nan
[Epoch 599] fps step: 116435.4 fps total: 88155.9 | reward: -281.71 | ep_len: 56.1
mean value function: nan nan 0.019012451171875 0.340437114238739 nan
[Epoch 600] fps step: 116585.3 fps total: 88475.8 | reward: -254.74 | ep_len: 52.5
=> saving checkpoint 'runs/HumanoidAMP_walk_retrain_08-19-54-45/nn/HumanoidAMP_walk_retrain_08-19-54-46_600.pth'
mean value function: nan nan 0.0188751220703125 0.3023837208747864 nan
[Epoch 601] fps step: 145529.3 fps total: 105531.5 | reward: -245.90 | ep_len: 50.9
mean value function: nan nan 0.01861572265625 0.32286787033081055 nan
[Epoch 602] fps step: 135350.7 fps total: 100268.9 | reward: -276.01 | ep_len: 54.2
mean value function: nan nan 0.0189208984375 0.31953588128089905 nan
[Epoch 603] fps step: 118854.0 fps total: 91196.3 | reward: -261.04 | ep_len: 53.7
mean value function: nan nan 0.018829345703125 0.3179185688495636 nan
[Epoch 604] fps step: 117837.7 fps total: 89637.9 | reward: -272.98 | ep_len: 54.3
mean value function: nan nan 0.018463134765625 0.28947943449020386 nan
[Epoch 605] fps step: 137371.2 fps total: 101941.2 | reward: -258.09 | ep_len: 52.8
mean value function: nan nan 0.018951416015625 0.2835924029350281 nan
[Epoch 606] fps step: 111614.2 fps total: 86956.3 | reward: -263.89 | ep_len: 54.0
mean value function: nan nan 0.0184326171875 0.29926714301109314 nan
[Epoch 607] fps step: 124353.2 fps total: 92383.0 | reward: -266.51 | ep_len: 53.8
mean value function: nan nan 0.019134521484375 0.28852471709251404 nan
[Epoch 608] fps step: 117033.9 fps total: 88105.5 | reward: -272.91 | ep_len: 54.4
mean value function: nan nan 0.019287109375 0.32666337490081787 nan
[Epoch 609] fps step: 106692.4 fps total: 82849.3 | reward: -283.48 | ep_len: 56.3
mean value function: nan nan 0.0179595947265625 0.3029974699020386 nan
[Epoch 610] fps step: 139488.5 fps total: 99324.0 | reward: -257.45 | ep_len: 52.4
mean value function: nan nan 0.01861572265625 0.32189539074897766 nan
[Epoch 611] fps step: 116773.6 fps total: 88954.3 | reward: -271.13 | ep_len: 54.4
mean value function: nan nan 0.019317626953125 0.30605176091194153 nan
[Epoch 612] fps step: 114721.5 fps total: 87299.0 | reward: -266.03 | ep_len: 53.5
mean value function: nan nan 0.0180816650390625 0.30614984035491943 nan
[Epoch 613] fps step: 97981.4 fps total: 78747.2 | reward: -273.29 | ep_len: 55.6
mean value function: nan nan 0.0181732177734375 0.2903846800327301 nan
[Epoch 614] fps step: 138907.1 fps total: 102028.0 | reward: -269.31 | ep_len: 54.0
mean value function: nan nan 0.0187225341796875 0.2657434940338135 nan
[Epoch 615] fps step: 132772.5 fps total: 98870.0 | reward: -290.80 | ep_len: 56.4
mean value function: nan nan 0.01885986328125 0.28488045930862427 nan
[Epoch 616] fps step: 140503.1 fps total: 103113.5 | reward: -279.24 | ep_len: 56.1
mean value function: nan nan 0.01885986328125 0.2895893454551697 nan
[Epoch 617] fps step: 109469.2 fps total: 85346.3 | reward: -268.16 | ep_len: 54.2
mean value function: nan nan 0.0187835693359375 0.2768042981624603 nan
[Epoch 618] fps step: 106513.6 fps total: 82794.9 | reward: -289.22 | ep_len: 55.4
mean value function: nan nan 0.018829345703125 0.2820737957954407 nan
[Epoch 619] fps step: 120338.2 fps total: 91039.1 | reward: -266.15 | ep_len: 53.8
mean value function: nan nan 0.0187225341796875 0.29129886627197266 nan
[Epoch 620] fps step: 114406.0 fps total: 88785.1 | reward: -251.76 | ep_len: 51.3
mean value function: nan nan 0.01885986328125 0.2779828906059265 nan
[Epoch 621] fps step: 128367.4 fps total: 96784.6 | reward: -262.51 | ep_len: 53.7
mean value function: nan nan 0.018096923828125 0.2794935703277588 nan
[Epoch 622] fps step: 120506.3 fps total: 91656.9 | reward: -285.38 | ep_len: 55.7
mean value function: nan nan 0.018951416015625 0.2893405854701996 nan
[Epoch 623] fps step: 109807.2 fps total: 85515.2 | reward: -260.04 | ep_len: 53.1
mean value function: nan nan 0.018585205078125 0.28849101066589355 nan
[Epoch 624] fps step: 130795.8 fps total: 97546.2 | reward: -267.93 | ep_len: 53.4
mean value function: nan nan 0.018890380859375 0.311249315738678 nan
[Epoch 625] fps step: 127724.3 fps total: 94809.8 | reward: -257.64 | ep_len: 52.1
mean value function: nan nan 0.0186614990234375 0.29560738801956177 nan
[Epoch 626] fps step: 129873.0 fps total: 95999.4 | reward: -291.86 | ep_len: 57.1
mean value function: nan nan 0.0193634033203125 0.30847346782684326 nan
[Epoch 627] fps step: 121636.6 fps total: 92817.6 | reward: -263.71 | ep_len: 54.0
mean value function: nan nan 0.0181732177734375 0.28913652896881104 nan
[Epoch 628] fps step: 134079.5 fps total: 98600.8 | reward: -262.80 | ep_len: 53.7
mean value function: nan nan 0.018524169921875 0.28265783190727234 nan
[Epoch 629] fps step: 112285.5 fps total: 84510.2 | reward: -274.62 | ep_len: 55.0
mean value function: nan nan 0.019073486328125 0.24522873759269714 nan
[Epoch 630] fps step: 118599.3 fps total: 89594.3 | reward: -262.65 | ep_len: 53.2
mean value function: nan nan 0.0185546875 0.21366244554519653 nan
[Epoch 631] fps step: 109332.4 fps total: 83906.7 | reward: -268.55 | ep_len: 53.0
mean value function: nan nan 0.0187835693359375 0.21384334564208984 nan
[Epoch 632] fps step: 110570.7 fps total: 85001.4 | reward: -247.93 | ep_len: 50.8
mean value function: nan nan 0.0181884765625 0.25881466269493103 nan
[Epoch 633] fps step: 112520.4 fps total: 86208.9 | reward: -265.46 | ep_len: 53.9
mean value function: nan nan 0.018646240234375 0.29202014207839966 nan
[Epoch 634] fps step: 123462.9 fps total: 93399.3 | reward: -266.71 | ep_len: 53.5
mean value function: nan nan 0.01904296875 0.2935721278190613 nan
[Epoch 635] fps step: 103881.5 fps total: 80703.4 | reward: -276.15 | ep_len: 54.8
mean value function: nan nan 0.0184326171875 0.27970942854881287 nan
[Epoch 636] fps step: 113924.5 fps total: 86841.8 | reward: -262.51 | ep_len: 52.6
mean value function: nan nan 0.018646240234375 0.27395129203796387 nan
[Epoch 637] fps step: 95306.6 fps total: 75819.2 | reward: -269.35 | ep_len: 54.2
mean value function: nan nan 0.0182647705078125 0.288335919380188 nan
[Epoch 638] fps step: 114288.9 fps total: 87003.8 | reward: -252.70 | ep_len: 51.5
mean value function: nan nan 0.0186767578125 0.2828790545463562 nan
[Epoch 639] fps step: 94010.3 fps total: 74960.1 | reward: -267.77 | ep_len: 53.6
mean value function: nan nan 0.0193023681640625 0.31392917037010193 nan
[Epoch 640] fps step: 111268.7 fps total: 85514.7 | reward: -271.49 | ep_len: 54.6
mean value function: nan nan 0.018310546875 0.3103497624397278 nan
[Epoch 641] fps step: 106935.7 fps total: 82666.3 | reward: -254.98 | ep_len: 52.5
mean value function: nan nan 0.018524169921875 0.30106064677238464 nan
[Epoch 642] fps step: 114496.7 fps total: 88771.9 | reward: -250.53 | ep_len: 52.0
mean value function: nan nan 0.019012451171875 0.2951299548149109 nan
[Epoch 643] fps step: 121524.1 fps total: 90846.2 | reward: -265.16 | ep_len: 53.6
mean value function: nan nan 0.01873779296875 0.28655457496643066 nan
[Epoch 644] fps step: 113266.9 fps total: 87624.8 | reward: -260.25 | ep_len: 52.9
mean value function: nan nan 0.01861572265625 0.2724895477294922 nan
[Epoch 645] fps step: 134324.8 fps total: 98131.7 | reward: -280.48 | ep_len: 55.4
mean value function: nan nan 0.0192718505859375 0.27072280645370483 nan
[Epoch 646] fps step: 117122.7 fps total: 88512.9 | reward: -275.90 | ep_len: 54.4
mean value function: nan nan 0.0185546875 0.277942419052124 nan
[Epoch 647] fps step: 134462.3 fps total: 98807.0 | reward: -244.95 | ep_len: 50.4
mean value function: nan nan 0.0180206298828125 0.2739467918872833 nan
[Epoch 648] fps step: 125737.4 fps total: 94629.5 | reward: -258.44 | ep_len: 52.6
mean value function: nan nan 0.0184478759765625 0.3257964849472046 nan
[Epoch 649] fps step: 98867.8 fps total: 77887.9 | reward: -265.72 | ep_len: 53.8
mean value function: nan nan 0.018646240234375 0.30443182587623596 nan
[Epoch 650] fps step: 122142.6 fps total: 93334.0 | reward: -270.25 | ep_len: 54.5
=> saving checkpoint 'runs/HumanoidAMP_walk_retrain_08-19-54-45/nn/HumanoidAMP_walk_retrain_08-19-54-46_650.pth'
mean value function: nan nan 0.0186309814453125 0.3014415502548218 nan
[Epoch 651] fps step: 128853.3 fps total: 94833.9 | reward: -280.07 | ep_len: 55.4
mean value function: nan nan 0.0190582275390625 0.27477458119392395 nan
[Epoch 652] fps step: 116471.1 fps total: 86982.7 | reward: -260.61 | ep_len: 53.1
mean value function: nan nan 0.0188446044921875 0.2492263913154602 nan
[Epoch 653] fps step: 100410.9 fps total: 77586.6 | reward: -287.47 | ep_len: 55.5
mean value function: nan nan 0.0178985595703125 0.23255082964897156 nan
[Epoch 654] fps step: 111898.7 fps total: 87102.8 | reward: -261.73 | ep_len: 52.5
mean value function: nan nan 0.018798828125 0.23964917659759521 nan
[Epoch 655] fps step: 137645.7 fps total: 102429.2 | reward: -276.71 | ep_len: 55.7
mean value function: nan nan 0.019012451171875 0.2778584361076355 nan
[Epoch 656] fps step: 119027.7 fps total: 89288.1 | reward: -254.29 | ep_len: 51.8
mean value function: nan nan 0.018218994140625 0.29157254099845886 nan
[Epoch 657] fps step: 112446.6 fps total: 87293.1 | reward: -273.16 | ep_len: 54.0
mean value function: nan nan 0.0185699462890625 0.3170679807662964 nan
[Epoch 658] fps step: 141113.9 fps total: 102944.2 | reward: -259.22 | ep_len: 52.5
mean value function: nan nan 0.019073486328125 0.311842679977417 nan
[Epoch 659] fps step: 126760.7 fps total: 95474.4 | reward: -265.39 | ep_len: 53.3
mean value function: nan nan 0.0178375244140625 0.2921100854873657 nan
[Epoch 660] fps step: 116091.8 fps total: 89022.1 | reward: -275.88 | ep_len: 55.3
mean value function: nan nan 0.0192108154296875 0.31040188670158386 nan
[Epoch 661] fps step: 112294.9 fps total: 86338.6 | reward: -287.28 | ep_len: 56.5
mean value function: nan nan 0.0190277099609375 0.3243028223514557 nan
[Epoch 662] fps step: 116502.9 fps total: 90146.5 | reward: -257.10 | ep_len: 51.8
mean value function: nan nan 0.018646240234375 0.31502068042755127 nan
[Epoch 663] fps step: 139794.9 fps total: 102733.2 | reward: -299.12 | ep_len: 57.7
mean value function: nan nan 0.0181884765625 0.3108441233634949 nan
[Epoch 664] fps step: 106994.3 fps total: 83266.8 | reward: -275.48 | ep_len: 55.3
mean value function: nan nan 0.0189666748046875 0.29846224188804626 nan
[Epoch 665] fps step: 129944.3 fps total: 96888.0 | reward: -272.03 | ep_len: 54.4
mean value function: nan nan 0.0184478759765625 0.2764178514480591 nan
[Epoch 666] fps step: 134712.0 fps total: 99556.7 | reward: -259.81 | ep_len: 51.9
mean value function: nan nan 0.0187225341796875 0.273860901594162 nan
[Epoch 667] fps step: 131574.5 fps total: 97683.6 | reward: -275.26 | ep_len: 53.5
mean value function: nan nan 0.018890380859375 0.28876569867134094 nan
[Epoch 668] fps step: 130323.1 fps total: 96794.2 | reward: -246.77 | ep_len: 50.8
mean value function: nan nan 0.0178985595703125 0.31143686175346375 nan
[Epoch 669] fps step: 107559.9 fps total: 84376.3 | reward: -285.71 | ep_len: 55.7
mean value function: nan nan 0.018646240234375 0.28653043508529663 nan
[Epoch 670] fps step: 120032.8 fps total: 90602.4 | reward: -277.02 | ep_len: 54.7
mean value function: nan nan 0.0182037353515625 0.33386892080307007 nan
[Epoch 671] fps step: 134853.3 fps total: 97335.6 | reward: -271.47 | ep_len: 54.5
mean value function: nan nan 0.018218994140625 0.3175775706768036 nan
[Epoch 672] fps step: 123504.8 fps total: 93720.4 | reward: -257.62 | ep_len: 53.5
mean value function: nan nan 0.01922607421875 0.3448874056339264 nan
[Epoch 673] fps step: 106343.2 fps total: 83014.3 | reward: -252.17 | ep_len: 51.6
mean value function: nan nan 0.0192718505859375 0.29721662402153015 nan
[Epoch 674] fps step: 124977.6 fps total: 94683.0 | reward: -279.63 | ep_len: 55.2
mean value function: nan nan 0.0186614990234375 0.30395978689193726 nan
[Epoch 675] fps step: 116519.3 fps total: 87681.3 | reward: -247.79 | ep_len: 50.6
mean value function: nan nan 0.0183563232421875 0.28818726539611816 nan
[Epoch 676] fps step: 96788.5 fps total: 77166.1 | reward: -256.17 | ep_len: 53.4
mean value function: nan nan 0.0189971923828125 0.3133828639984131 nan
[Epoch 677] fps step: 113645.0 fps total: 87577.2 | reward: -259.87 | ep_len: 52.5
mean value function: nan nan 0.01959228515625 0.3351306915283203 nan
[Epoch 678] fps step: 120407.6 fps total: 91039.1 | reward: -299.32 | ep_len: 57.9
mean value function: nan nan 0.0175018310546875 0.2781410217285156 nan
[Epoch 679] fps step: 112609.2 fps total: 85779.6 | reward: -256.26 | ep_len: 52.0
mean value function: nan nan 0.0197906494140625 0.2848605513572693 nan
[Epoch 680] fps step: 106447.2 fps total: 83324.0 | reward: -280.99 | ep_len: 56.0
mean value function: nan nan 0.0180206298828125 0.2631065249443054 nan
[Epoch 681] fps step: 119378.7 fps total: 90891.9 | reward: -255.39 | ep_len: 52.7
mean value function: nan nan 0.0188446044921875 0.2753284275531769 nan
[Epoch 682] fps step: 105151.6 fps total: 82151.0 | reward: -248.90 | ep_len: 50.6
mean value function: nan nan 0.0197296142578125 0.28733569383621216 nan
[Epoch 683] fps step: 120021.9 fps total: 90552.5 | reward: -286.96 | ep_len: 55.5
mean value function: nan nan 0.0172271728515625 0.2720144987106323 nan
[Epoch 684] fps step: 116111.6 fps total: 87364.3 | reward: -278.81 | ep_len: 54.5
mean value function: nan nan 0.018890380859375 0.3042057454586029 nan
[Epoch 685] fps step: 138719.7 fps total: 102372.4 | reward: -248.01 | ep_len: 51.3
mean value function: nan nan 0.01904296875 0.306382417678833 nan
[Epoch 686] fps step: 116788.0 fps total: 89166.1 | reward: -276.19 | ep_len: 54.5
mean value function: nan nan 0.018280029296875 0.30628859996795654 nan
[Epoch 687] fps step: 119240.2 fps total: 91120.4 | reward: -268.57 | ep_len: 54.2
mean value function: nan nan 0.0192718505859375 0.33012640476226807 nan
[Epoch 688] fps step: 107577.2 fps total: 82328.5 | reward: -243.89 | ep_len: 50.8
mean value function: nan nan 0.0180816650390625 0.2955390214920044 nan
[Epoch 689] fps step: 114367.3 fps total: 86317.4 | reward: -265.89 | ep_len: 54.0
mean value function: nan nan 0.0186004638671875 0.2693104147911072 nan
[Epoch 690] fps step: 94943.9 fps total: 74697.6 | reward: -259.33 | ep_len: 53.3
mean value function: nan nan 0.0191802978515625 0.2797626256942749 nan
[Epoch 691] fps step: 108659.2 fps total: 84305.4 | reward: -256.57 | ep_len: 52.0
mean value function: nan nan 0.0179443359375 0.23746755719184875 nan
[Epoch 692] fps step: 108959.2 fps total: 85009.5 | reward: -282.48 | ep_len: 55.7
mean value function: nan nan 0.018585205078125 0.24919411540031433 nan
[Epoch 693] fps step: 130718.8 fps total: 97758.3 | reward: -289.15 | ep_len: 55.6
mean value function: nan nan 0.018402099609375 0.27717798948287964 nan
[Epoch 694] fps step: 119429.9 fps total: 87126.1 | reward: -260.02 | ep_len: 52.7
mean value function: nan nan 0.019073486328125 0.30248206853866577 nan
[Epoch 695] fps step: 117870.4 fps total: 89044.0 | reward: -267.34 | ep_len: 53.8
mean value function: nan nan 0.0184326171875 0.2946673035621643 nan
[Epoch 696] fps step: 104340.7 fps total: 80926.1 | reward: -263.58 | ep_len: 53.4
mean value function: nan nan 0.0193939208984375 0.30555200576782227 nan
[Epoch 697] fps step: 103128.3 fps total: 80236.2 | reward: -284.72 | ep_len: 55.9
mean value function: nan nan 0.019012451171875 0.3201192319393158 nan
[Epoch 698] fps step: 125763.5 fps total: 93024.5 | reward: -270.63 | ep_len: 54.5
mean value function: nan nan 0.01861572265625 0.2842405438423157 nan
[Epoch 699] fps step: 127813.2 fps total: 94028.1 | reward: -275.33 | ep_len: 54.8
mean value function: nan nan 0.01837158203125 0.29580339789390564 nan
[Epoch 700] fps step: 100300.2 fps total: 77950.0 | reward: -270.25 | ep_len: 53.9
=> saving checkpoint 'runs/HumanoidAMP_walk_retrain_08-19-54-45/nn/HumanoidAMP_walk_retrain_08-19-54-46_700.pth'
mean value function: nan nan 0.018310546875 0.2553922235965729 nan
[Epoch 701] fps step: 108994.3 fps total: 85074.3 | reward: -253.80 | ep_len: 51.5
mean value function: nan nan 0.018951416015625 0.2454662173986435 nan
[Epoch 702] fps step: 118193.8 fps total: 89773.5 | reward: -269.77 | ep_len: 54.9
mean value function: nan nan 0.0186920166015625 0.25929516553878784 nan
[Epoch 703] fps step: 129226.0 fps total: 97557.8 | reward: -270.38 | ep_len: 54.1
mean value function: nan nan 0.0181884765625 0.2678014636039734 nan
[Epoch 704] fps step: 127605.2 fps total: 95559.4 | reward: -277.05 | ep_len: 55.4
mean value function: nan nan 0.0186920166015625 0.2854388356208801 nan
[Epoch 705] fps step: 139390.3 fps total: 100858.0 | reward: -273.51 | ep_len: 55.1
mean value function: nan nan 0.0184478759765625 0.30290740728378296 nan
[Epoch 706] fps step: 131445.4 fps total: 98933.7 | reward: -272.59 | ep_len: 54.2
mean value function: nan nan 0.0189666748046875 0.2860650420188904 nan
[Epoch 707] fps step: 116007.7 fps total: 89873.6 | reward: -262.34 | ep_len: 53.2
mean value function: nan nan 0.018646240234375 0.3247661590576172 nan
[Epoch 708] fps step: 123755.5 fps total: 93488.9 | reward: -247.70 | ep_len: 51.1
mean value function: nan nan 0.018402099609375 0.327956885099411 nan
[Epoch 709] fps step: 92748.9 fps total: 73580.0 | reward: -260.91 | ep_len: 52.6
mean value function: nan nan 0.018707275390625 0.3013263940811157 nan
[Epoch 710] fps step: 104198.6 fps total: 81865.9 | reward: -263.78 | ep_len: 52.8
mean value function: nan nan 0.01837158203125 0.2824214696884155 nan
[Epoch 711] fps step: 134149.3 fps total: 99008.1 | reward: -284.55 | ep_len: 55.9
mean value function: nan nan 0.0185089111328125 0.2644065022468567 nan
[Epoch 712] fps step: 132515.9 fps total: 95913.6 | reward: -276.66 | ep_len: 55.4
mean value function: nan nan 0.01904296875 0.31685900688171387 nan
[Epoch 713] fps step: 113499.4 fps total: 87486.7 | reward: -273.47 | ep_len: 54.7
mean value function: nan nan 0.018218994140625 0.3378496766090393 nan
[Epoch 714] fps step: 106397.4 fps total: 83666.3 | reward: -275.03 | ep_len: 54.3
mean value function: nan nan 0.018402099609375 0.3217316269874573 nan
[Epoch 715] fps step: 109189.6 fps total: 84102.7 | reward: -273.67 | ep_len: 54.5
mean value function: nan nan 0.01959228515625 0.31667783856391907 nan
[Epoch 716] fps step: 121225.5 fps total: 92503.7 | reward: -254.64 | ep_len: 52.1
mean value function: nan nan 0.0180816650390625 0.309371680021286 nan
[Epoch 717] fps step: 118553.3 fps total: 90695.0 | reward: -270.65 | ep_len: 53.6
mean value function: nan nan 0.0188140869140625 0.2714715003967285 nan
[Epoch 718] fps step: 101568.7 fps total: 80398.0 | reward: -253.18 | ep_len: 51.7
mean value function: nan nan 0.0191802978515625 0.30703386664390564 nan
[Epoch 719] fps step: 116796.9 fps total: 87733.3 | reward: -250.59 | ep_len: 51.5
mean value function: nan nan 0.017913818359375 0.27361297607421875 nan
[Epoch 720] fps step: 109092.8 fps total: 83055.1 | reward: -253.76 | ep_len: 51.5
mean value function: nan nan 0.0186309814453125 0.31068408489227295 nan
[Epoch 721] fps step: 118330.0 fps total: 87937.0 | reward: -246.83 | ep_len: 50.3
mean value function: nan nan 0.01806640625 0.3268352150917053 nan
[Epoch 722] fps step: 119387.5 fps total: 88407.2 | reward: -276.42 | ep_len: 55.2
mean value function: nan nan 0.0193023681640625 0.3201305866241455 nan
[Epoch 723] fps step: 113936.2 fps total: 87482.3 | reward: -253.70 | ep_len: 51.7
mean value function: nan nan 0.0190887451171875 0.31354618072509766 nan
[Epoch 724] fps step: 103314.1 fps total: 81505.1 | reward: -291.79 | ep_len: 56.9
mean value function: nan nan 0.01788330078125 0.2691059112548828 nan
[Epoch 725] fps step: 128217.8 fps total: 97485.9 | reward: -252.31 | ep_len: 52.0
mean value function: nan nan 0.0193328857421875 0.3066021800041199 nan
[Epoch 726] fps step: 133678.0 fps total: 97516.8 | reward: -270.57 | ep_len: 54.0
mean value function: nan nan 0.018829345703125 0.2917129099369049 nan
[Epoch 727] fps step: 96659.8 fps total: 76604.0 | reward: -273.88 | ep_len: 54.4
mean value function: nan nan 0.0179901123046875 0.2938724756240845 nan
[Epoch 728] fps step: 105819.7 fps total: 82617.9 | reward: -265.83 | ep_len: 53.2
mean value function: nan nan 0.019439697265625 0.32059407234191895 nan
[Epoch 729] fps step: 118946.8 fps total: 87522.1 | reward: -276.51 | ep_len: 55.0
mean value function: nan nan 0.0184173583984375 0.3256187438964844 nan
[Epoch 730] fps step: 125051.8 fps total: 94890.8 | reward: -272.26 | ep_len: 54.3
mean value function: nan nan 0.0187835693359375 0.3127248287200928 nan
[Epoch 731] fps step: 115631.2 fps total: 88586.8 | reward: -254.13 | ep_len: 51.7
mean value function: nan nan 0.0180511474609375 0.3069957494735718 nan
[Epoch 732] fps step: 128569.6 fps total: 96822.8 | reward: -262.62 | ep_len: 53.1
mean value function: nan nan 0.0193328857421875 0.3124626576900482 nan
[Epoch 733] fps step: 120818.7 fps total: 92565.7 | reward: -287.02 | ep_len: 57.2
mean value function: nan nan 0.0192413330078125 0.3298951983451843 nan
[Epoch 734] fps step: 115651.2 fps total: 88400.7 | reward: -266.60 | ep_len: 54.4
mean value function: nan nan 0.0177154541015625 0.3112889528274536 nan
[Epoch 735] fps step: 117637.4 fps total: 90492.1 | reward: -277.34 | ep_len: 54.9
mean value function: nan nan 0.018524169921875 0.34266191720962524 nan
[Epoch 736] fps step: 114117.0 fps total: 88623.6 | reward: -265.35 | ep_len: 53.2
mean value function: nan nan 0.0192718505859375 0.37440866231918335 nan
[Epoch 737] fps step: 128210.6 fps total: 95084.3 | reward: -264.83 | ep_len: 53.2
mean value function: nan nan 0.0181884765625 0.35079264640808105 nan
[Epoch 738] fps step: 115211.5 fps total: 86414.8 | reward: -289.07 | ep_len: 55.9
mean value function: nan nan 0.0191192626953125 0.32731834053993225 nan
[Epoch 739] fps step: 119909.9 fps total: 89141.8 | reward: -269.20 | ep_len: 54.4
mean value function: nan nan 0.0186614990234375 0.32096564769744873 nan
[Epoch 740] fps step: 135304.6 fps total: 99711.3 | reward: -266.52 | ep_len: 53.6
mean value function: nan nan 0.0189208984375 0.3116060495376587 nan
[Epoch 741] fps step: 137699.8 fps total: 102340.2 | reward: -265.40 | ep_len: 53.4
mean value function: nan nan 0.0182952880859375 0.30058619379997253 nan
[Epoch 742] fps step: 145537.1 fps total: 105686.7 | reward: -263.63 | ep_len: 53.6
mean value function: nan nan 0.018646240234375 0.29295703768730164 nan
[Epoch 743] fps step: 106185.2 fps total: 82070.7 | reward: -297.38 | ep_len: 57.3
mean value function: nan nan 0.0193634033203125 0.2991624176502228 nan
[Epoch 744] fps step: 122314.6 fps total: 91694.9 | reward: -252.68 | ep_len: 52.3
mean value function: nan nan 0.01806640625 0.3185938000679016 nan
[Epoch 745] fps step: 104330.7 fps total: 82452.3 | reward: -279.00 | ep_len: 55.3
mean value function: nan nan 0.018829345703125 0.30958208441734314 nan
[Epoch 746] fps step: 124575.5 fps total: 94524.4 | reward: -255.20 | ep_len: 52.0
mean value function: nan nan 0.0183868408203125 0.28957051038742065 nan
[Epoch 747] fps step: 104343.9 fps total: 82174.7 | reward: -259.89 | ep_len: 52.8
mean value function: nan nan 0.019134521484375 0.2826603651046753 nan
[Epoch 748] fps step: 121978.3 fps total: 91465.1 | reward: -260.60 | ep_len: 53.0
mean value function: nan nan 0.0185089111328125 0.28776922821998596 nan
[Epoch 749] fps step: 111664.0 fps total: 86045.9 | reward: -267.46 | ep_len: 53.7
mean value function: nan nan 0.0191802978515625 0.28564369678497314 nan
[Epoch 750] fps step: 127093.7 fps total: 95486.4 | reward: -268.06 | ep_len: 53.8
=> saving checkpoint 'runs/HumanoidAMP_walk_retrain_08-19-54-45/nn/HumanoidAMP_walk_retrain_08-19-54-46_750.pth'
mean value function: nan nan 0.0180511474609375 0.28771427273750305 nan
[Epoch 751] fps step: 106226.8 fps total: 83221.2 | reward: -260.78 | ep_len: 53.2
mean value function: nan nan 0.01885986328125 0.2568121552467346 nan
[Epoch 752] fps step: 111143.2 fps total: 84311.2 | reward: -278.65 | ep_len: 55.3
mean value function: nan nan 0.018890380859375 0.2810741662979126 nan
[Epoch 753] fps step: 125965.6 fps total: 93485.1 | reward: -265.82 | ep_len: 54.1
mean value function: nan nan 0.0185546875 0.26187968254089355 nan
[Epoch 754] fps step: 110096.3 fps total: 84675.1 | reward: -277.39 | ep_len: 55.1
mean value function: nan nan 0.0185394287109375 0.29048633575439453 nan
[Epoch 755] fps step: 106159.2 fps total: 81786.3 | reward: -246.67 | ep_len: 51.2
mean value function: nan nan 0.0188446044921875 0.25934725999832153 nan
[Epoch 756] fps step: 118045.8 fps total: 90050.6 | reward: -266.00 | ep_len: 53.9
mean value function: nan nan 0.0187835693359375 0.27253931760787964 nan
[Epoch 757] fps step: 113411.2 fps total: 86968.7 | reward: -266.84 | ep_len: 53.5
mean value function: nan nan 0.0184478759765625 0.25903597474098206 nan
[Epoch 758] fps step: 117037.8 fps total: 90268.6 | reward: -260.96 | ep_len: 53.0
mean value function: nan nan 0.018707275390625 0.2648392915725708 nan
[Epoch 759] fps step: 116169.8 fps total: 89906.7 | reward: -277.29 | ep_len: 55.5
mean value function: nan nan 0.0191802978515625 0.27785104513168335 nan
[Epoch 760] fps step: 125205.3 fps total: 95653.4 | reward: -252.29 | ep_len: 51.9
mean value function: nan nan 0.01763916015625 0.25966545939445496 nan
[Epoch 761] fps step: 124733.0 fps total: 93845.4 | reward: -268.22 | ep_len: 53.9
mean value function: nan nan 0.018951416015625 0.2911972999572754 nan
[Epoch 762] fps step: 124687.3 fps total: 93898.3 | reward: -259.21 | ep_len: 53.1
mean value function: nan nan 0.0185089111328125 0.28048187494277954 nan
[Epoch 763] fps step: 122365.6 fps total: 92808.6 | reward: -268.29 | ep_len: 53.9
mean value function: nan nan 0.0189056396484375 0.30920517444610596 nan
[Epoch 764] fps step: 105445.2 fps total: 83593.7 | reward: -270.02 | ep_len: 54.2
mean value function: nan nan 0.0191192626953125 0.3082239031791687 nan
[Epoch 765] fps step: 133652.4 fps total: 100220.9 | reward: -272.14 | ep_len: 54.8
mean value function: nan nan 0.0184173583984375 0.3171924352645874 nan
[Epoch 766] fps step: 142115.4 fps total: 103731.1 | reward: -255.58 | ep_len: 52.1
mean value function: nan nan 0.018218994140625 0.3213224411010742 nan
[Epoch 767] fps step: 107119.0 fps total: 82812.9 | reward: -270.02 | ep_len: 54.3
mean value function: nan nan 0.0189056396484375 0.31529200077056885 nan
[Epoch 768] fps step: 115562.5 fps total: 89212.5 | reward: -258.82 | ep_len: 52.6
mean value function: nan nan 0.0189208984375 0.30320054292678833 nan
[Epoch 769] fps step: 121001.7 fps total: 91858.7 | reward: -294.54 | ep_len: 56.6
mean value function: nan nan 0.018035888671875 0.2943693995475769 nan
[Epoch 770] fps step: 119225.5 fps total: 91398.1 | reward: -280.66 | ep_len: 55.3
mean value function: nan nan 0.01904296875 0.31944191455841064 nan
[Epoch 771] fps step: 122940.5 fps total: 94225.0 | reward: -256.72 | ep_len: 52.4
mean value function: nan nan 0.0189666748046875 0.31120771169662476 nan
[Epoch 772] fps step: 116855.9 fps total: 89456.7 | reward: -243.71 | ep_len: 50.5
mean value function: nan nan 0.0186920166015625 0.31259796023368835 nan
[Epoch 773] fps step: 111978.4 fps total: 87189.6 | reward: -252.76 | ep_len: 52.2
mean value function: nan nan 0.0191192626953125 0.3420500159263611 nan
[Epoch 774] fps step: 117762.1 fps total: 90100.6 | reward: -288.02 | ep_len: 55.7
mean value function: nan nan 0.018798828125 0.3319435715675354 nan
[Epoch 775] fps step: 122970.0 fps total: 93997.0 | reward: -251.10 | ep_len: 51.7
mean value function: nan nan 0.0186004638671875 0.29900333285331726 nan
[Epoch 776] fps step: 120175.1 fps total: 91839.7 | reward: -278.37 | ep_len: 55.5
mean value function: nan nan 0.018829345703125 0.2850686311721802 nan
[Epoch 777] fps step: 105833.4 fps total: 82609.9 | reward: -263.04 | ep_len: 52.6
mean value function: nan nan 0.0185394287109375 0.24578027427196503 nan
[Epoch 778] fps step: 128789.6 fps total: 96336.5 | reward: -296.32 | ep_len: 57.4
mean value function: nan nan 0.01898193359375 0.21445289254188538 nan
[Epoch 779] fps step: 129020.0 fps total: 96720.7 | reward: -277.78 | ep_len: 54.5
mean value function: nan nan 0.01861572265625 0.22341783344745636 nan
[Epoch 780] fps step: 123351.4 fps total: 93151.2 | reward: -243.96 | ep_len: 50.9
mean value function: nan nan 0.0182952880859375 0.21848583221435547 nan
[Epoch 781] fps step: 136150.0 fps total: 101846.4 | reward: -261.94 | ep_len: 52.9
mean value function: nan nan 0.01885986328125 0.2379215508699417 nan
[Epoch 782] fps step: 135031.2 fps total: 101041.3 | reward: -238.83 | ep_len: 49.3
mean value function: nan nan 0.0193328857421875 0.2819622755050659 nan
[Epoch 783] fps step: 117396.9 fps total: 88943.9 | reward: -242.50 | ep_len: 50.1
mean value function: nan nan 0.0188446044921875 0.26083746552467346 nan
[Epoch 784] fps step: 116127.3 fps total: 89210.6 | reward: -258.09 | ep_len: 52.5
mean value function: nan nan 0.0185394287109375 0.24432021379470825 nan
[Epoch 785] fps step: 108796.5 fps total: 84068.1 | reward: -272.93 | ep_len: 53.8
mean value function: nan nan 0.018951416015625 0.2565593123435974 nan
[Epoch 786] fps step: 124963.9 fps total: 93639.7 | reward: -228.21 | ep_len: 47.8
mean value function: nan nan 0.018463134765625 0.25824540853500366 nan
[Epoch 787] fps step: 111381.4 fps total: 86627.0 | reward: -280.15 | ep_len: 55.0
mean value function: nan nan 0.0191497802734375 0.28684237599372864 nan
[Epoch 788] fps step: 121970.0 fps total: 93170.3 | reward: -294.45 | ep_len: 55.8
mean value function: nan nan 0.019256591796875 0.31641119718551636 nan
[Epoch 789] fps step: 137724.9 fps total: 100685.6 | reward: -264.50 | ep_len: 53.2
mean value function: nan nan 0.0182342529296875 0.29079970717430115 nan
[Epoch 790] fps step: 130104.1 fps total: 96236.5 | reward: -266.84 | ep_len: 54.0
mean value function: nan nan 0.019989013671875 0.29477429389953613 nan
[Epoch 791] fps step: 117818.3 fps total: 88796.3 | reward: -254.78 | ep_len: 51.9
mean value function: nan nan 0.0179901123046875 0.26283639669418335 nan
[Epoch 792] fps step: 118481.0 fps total: 89680.8 | reward: -253.41 | ep_len: 51.8
mean value function: nan nan 0.0185394287109375 0.2969872057437897 nan
[Epoch 793] fps step: 104366.9 fps total: 81184.4 | reward: -263.67 | ep_len: 53.3
mean value function: nan nan 0.0190582275390625 0.2795065641403198 nan
[Epoch 794] fps step: 86721.9 fps total: 69352.4 | reward: -272.42 | ep_len: 54.4
mean value function: nan nan 0.0181427001953125 0.29153040051460266 nan
[Epoch 795] fps step: 120743.1 fps total: 92178.6 | reward: -256.16 | ep_len: 52.0
mean value function: nan nan 0.0189666748046875 0.29172807931900024 nan
[Epoch 796] fps step: 133572.4 fps total: 99012.1 | reward: -264.33 | ep_len: 53.0
mean value function: nan nan 0.0187225341796875 0.3008473515510559 nan
[Epoch 797] fps step: 106514.1 fps total: 82745.8 | reward: -249.90 | ep_len: 51.5
mean value function: nan nan 0.0186614990234375 0.30620574951171875 nan
[Epoch 798] fps step: 127643.3 fps total: 96413.3 | reward: -266.45 | ep_len: 53.7
mean value function: nan nan 0.0191497802734375 0.30531689524650574 nan
[Epoch 799] fps step: 115314.8 fps total: 88635.0 | reward: -247.62 | ep_len: 51.6
mean value function: nan nan 0.0181732177734375 0.26641160249710083 nan
[Epoch 800] fps step: 113976.1 fps total: 87407.2 | reward: -251.03 | ep_len: 51.7
=> saving checkpoint 'runs/HumanoidAMP_walk_retrain_08-19-54-45/nn/HumanoidAMP_walk_retrain_08-19-54-46_800.pth'
mean value function: nan nan 0.01898193359375 0.31285160779953003 nan
[Epoch 801] fps step: 113675.5 fps total: 86524.6 | reward: -269.95 | ep_len: 54.4
mean value function: nan nan 0.0188140869140625 0.2805640697479248 nan
[Epoch 802] fps step: 120542.9 fps total: 91966.6 | reward: -254.77 | ep_len: 52.2
mean value function: nan nan 0.0185089111328125 0.2889125645160675 nan
[Epoch 803] fps step: 111694.9 fps total: 86347.9 | reward: -255.85 | ep_len: 52.1
mean value function: nan nan 0.0192108154296875 0.31474706530570984 nan
[Epoch 804] fps step: 125098.9 fps total: 94452.5 | reward: -264.46 | ep_len: 53.4
mean value function: nan nan 0.0191802978515625 0.3333045542240143 nan
[Epoch 805] fps step: 128485.1 fps total: 97306.6 | reward: -280.70 | ep_len: 56.0
mean value function: nan nan 0.0175933837890625 0.29618966579437256 nan
[Epoch 806] fps step: 120470.1 fps total: 90094.1 | reward: -259.96 | ep_len: 52.9
mean value function: nan nan 0.0191802978515625 0.34332573413848877 nan
[Epoch 807] fps step: 127247.5 fps total: 95983.8 | reward: -258.64 | ep_len: 52.3
mean value function: nan nan 0.0181427001953125 0.28884413838386536 nan
[Epoch 808] fps step: 105078.4 fps total: 81147.2 | reward: -279.58 | ep_len: 55.7
mean value function: nan nan 0.0184783935546875 0.3105200231075287 nan
[Epoch 809] fps step: 110606.3 fps total: 86092.4 | reward: -280.90 | ep_len: 55.5
mean value function: nan nan 0.019287109375 0.31505462527275085 nan
[Epoch 810] fps step: 120759.4 fps total: 91861.9 | reward: -261.56 | ep_len: 53.5
mean value function: nan nan 0.0188446044921875 0.30553382635116577 nan
[Epoch 811] fps step: 122400.7 fps total: 92318.9 | reward: -289.08 | ep_len: 56.4
mean value function: nan nan 0.0178985595703125 0.25622981786727905 nan
[Epoch 812] fps step: 126417.6 fps total: 95904.8 | reward: -251.17 | ep_len: 51.6
mean value function: nan nan 0.0194549560546875 0.2891702651977539 nan
[Epoch 813] fps step: 132940.2 fps total: 98873.3 | reward: -262.61 | ep_len: 53.2
mean value function: nan nan 0.0186767578125 0.3022986352443695 nan
[Epoch 814] fps step: 107954.3 fps total: 85009.0 | reward: -254.79 | ep_len: 52.1
mean value function: nan nan 0.0185394287109375 0.2777225375175476 nan
[Epoch 815] fps step: 128488.3 fps total: 91328.5 | reward: -255.94 | ep_len: 52.5
mean value function: nan nan 0.0182952880859375 0.3215497136116028 nan
[Epoch 816] fps step: 116837.3 fps total: 90261.4 | reward: -263.43 | ep_len: 53.3
mean value function: nan nan 0.019683837890625 0.29013609886169434 nan
[Epoch 817] fps step: 133502.5 fps total: 95393.1 | reward: -268.64 | ep_len: 53.9
mean value function: nan nan 0.0185089111328125 0.305044949054718 nan
[Epoch 818] fps step: 123454.9 fps total: 93659.7 | reward: -289.68 | ep_len: 57.3
mean value function: nan nan 0.01837158203125 0.2612539827823639 nan
[Epoch 819] fps step: 123619.9 fps total: 94181.1 | reward: -253.90 | ep_len: 51.8
mean value function: nan nan 0.019287109375 0.2718035876750946 nan
[Epoch 820] fps step: 120317.9 fps total: 90938.5 | reward: -264.10 | ep_len: 52.8
mean value function: nan nan 0.0185089111328125 0.29973486065864563 nan
[Epoch 821] fps step: 134190.9 fps total: 100047.8 | reward: -274.26 | ep_len: 54.9
mean value function: nan nan 0.018951416015625 0.27980560064315796 nan
[Epoch 822] fps step: 121587.5 fps total: 92635.9 | reward: -277.49 | ep_len: 54.6
mean value function: nan nan 0.019256591796875 0.2665809392929077 nan
[Epoch 823] fps step: 118115.6 fps total: 90311.4 | reward: -266.59 | ep_len: 54.0
mean value function: nan nan 0.0182952880859375 0.3007507622241974 nan
[Epoch 824] fps step: 117766.7 fps total: 88774.8 | reward: -254.92 | ep_len: 52.0
mean value function: nan nan 0.018585205078125 0.28401637077331543 nan
[Epoch 825] fps step: 117007.6 fps total: 89880.5 | reward: -274.39 | ep_len: 54.3
mean value function: nan nan 0.0180206298828125 0.2765347957611084 nan
[Epoch 826] fps step: 120697.4 fps total: 92878.1 | reward: -281.46 | ep_len: 56.2
mean value function: nan nan 0.0185699462890625 0.2842957377433777 nan
[Epoch 827] fps step: 124778.8 fps total: 94662.5 | reward: -258.53 | ep_len: 52.5
mean value function: nan nan 0.0191802978515625 0.3147225081920624 nan
[Epoch 828] fps step: 115709.8 fps total: 89141.7 | reward: -268.78 | ep_len: 53.6
mean value function: nan nan 0.0181884765625 0.2877805829048157 nan
[Epoch 829] fps step: 135826.2 fps total: 101923.4 | reward: -276.47 | ep_len: 54.7
mean value function: nan nan 0.0186309814453125 0.2765964865684509 nan
[Epoch 830] fps step: 117397.1 fps total: 90239.6 | reward: -268.66 | ep_len: 54.1
mean value function: nan nan 0.0186920166015625 0.2764874994754791 nan
[Epoch 831] fps step: 128086.7 fps total: 95181.1 | reward: -253.66 | ep_len: 52.3
mean value function: nan nan 0.0190277099609375 0.28446587920188904 nan
[Epoch 832] fps step: 117899.3 fps total: 89164.7 | reward: -287.70 | ep_len: 56.2
mean value function: nan nan 0.019012451171875 0.2949923276901245 nan
[Epoch 833] fps step: 104267.7 fps total: 80646.9 | reward: -265.27 | ep_len: 54.1
mean value function: nan nan 0.01800537109375 0.25845181941986084 nan
[Epoch 834] fps step: 124442.7 fps total: 94359.4 | reward: -250.95 | ep_len: 50.7
mean value function: nan nan 0.0188751220703125 0.2627115547657013 nan
[Epoch 835] fps step: 111687.5 fps total: 86146.8 | reward: -280.22 | ep_len: 55.1
mean value function: nan nan 0.0184173583984375 0.22972838580608368 nan
[Epoch 836] fps step: 120442.4 fps total: 90081.0 | reward: -255.04 | ep_len: 52.3
mean value function: nan nan 0.0184326171875 0.23580974340438843 nan
[Epoch 837] fps step: 122872.2 fps total: 90596.5 | reward: -280.09 | ep_len: 55.7
mean value function: nan nan 0.0189666748046875 0.25203198194503784 nan
[Epoch 838] fps step: 126580.4 fps total: 94254.5 | reward: -274.70 | ep_len: 54.6
mean value function: nan nan 0.017974853515625 0.29041630029678345 nan
[Epoch 839] fps step: 114564.8 fps total: 89238.8 | reward: -268.91 | ep_len: 54.2
mean value function: nan nan 0.018646240234375 0.29963353276252747 nan
[Epoch 840] fps step: 121419.3 fps total: 92244.5 | reward: -288.48 | ep_len: 56.4
mean value function: nan nan 0.0185089111328125 0.28434455394744873 nan
[Epoch 841] fps step: 103497.9 fps total: 80248.5 | reward: -264.62 | ep_len: 53.2
mean value function: nan nan 0.0189361572265625 0.2742452621459961 nan
[Epoch 842] fps step: 104090.7 fps total: 80365.8 | reward: -267.10 | ep_len: 54.0
mean value function: nan nan 0.019073486328125 0.2568587064743042 nan
[Epoch 843] fps step: 120869.3 fps total: 89485.0 | reward: -247.16 | ep_len: 50.6
mean value function: nan nan 0.018035888671875 0.2959010601043701 nan
[Epoch 844] fps step: 109899.7 fps total: 83685.9 | reward: -262.46 | ep_len: 53.4
mean value function: nan nan 0.0189208984375 0.3003174960613251 nan
[Epoch 845] fps step: 131279.1 fps total: 96485.1 | reward: -283.05 | ep_len: 56.2
mean value function: nan nan 0.019439697265625 0.27667731046676636 nan
[Epoch 846] fps step: 120197.7 fps total: 91908.9 | reward: -270.24 | ep_len: 54.0
mean value function: nan nan 0.0181427001953125 0.27110859751701355 nan
[Epoch 847] fps step: 121195.3 fps total: 92848.0 | reward: -258.76 | ep_len: 52.5
mean value function: nan nan 0.0177154541015625 0.3040011525154114 nan
[Epoch 848] fps step: 124044.2 fps total: 93467.2 | reward: -261.51 | ep_len: 53.6
mean value function: nan nan 0.0186767578125 0.30310606956481934 nan
[Epoch 849] fps step: 132309.1 fps total: 95629.6 | reward: -288.38 | ep_len: 56.0
mean value function: nan nan 0.01953125 0.37003326416015625 nan
[Epoch 850] fps step: 125199.2 fps total: 94761.3 | reward: -261.41 | ep_len: 53.4
=> saving checkpoint 'runs/HumanoidAMP_walk_retrain_08-19-54-45/nn/HumanoidAMP_walk_retrain_08-19-54-46_850.pth'
mean value function: nan nan 0.018402099609375 0.32663407921791077 nan
[Epoch 851] fps step: 113211.4 fps total: 87859.9 | reward: -267.57 | ep_len: 54.3
mean value function: nan nan 0.018768310546875 0.30662283301353455 nan
[Epoch 852] fps step: 125259.9 fps total: 92954.0 | reward: -262.37 | ep_len: 52.9
mean value function: nan nan 0.01898193359375 0.30127501487731934 nan
[Epoch 853] fps step: 110849.7 fps total: 86294.5 | reward: -267.12 | ep_len: 53.8
mean value function: nan nan 0.0186767578125 0.2724073827266693 nan
[Epoch 854] fps step: 112667.6 fps total: 87226.6 | reward: -274.96 | ep_len: 55.0
mean value function: nan nan 0.0182647705078125 0.3046736717224121 nan
[Epoch 855] fps step: 101083.0 fps total: 78415.6 | reward: -252.01 | ep_len: 51.6
mean value function: nan nan 0.0186920166015625 0.28349485993385315 nan
[Epoch 856] fps step: 127435.7 fps total: 95322.3 | reward: -282.57 | ep_len: 56.1
mean value function: nan nan 0.0189361572265625 0.2829184830188751 nan
[Epoch 857] fps step: 110068.4 fps total: 86144.2 | reward: -285.29 | ep_len: 55.7
mean value function: nan nan 0.018280029296875 0.2867627441883087 nan
[Epoch 858] fps step: 115721.5 fps total: 87631.7 | reward: -260.20 | ep_len: 52.9
mean value function: nan nan 0.0191497802734375 0.3202418088912964 nan
[Epoch 859] fps step: 120247.5 fps total: 91890.2 | reward: -258.79 | ep_len: 52.4
mean value function: nan nan 0.0183563232421875 0.3163968622684479 nan
[Epoch 860] fps step: 137955.5 fps total: 101986.7 | reward: -258.24 | ep_len: 52.5
mean value function: nan nan 0.0183563232421875 0.2988492250442505 nan
[Epoch 861] fps step: 122239.0 fps total: 89994.6 | reward: -274.48 | ep_len: 55.2
mean value function: nan nan 0.0189361572265625 0.3161483407020569 nan
[Epoch 862] fps step: 108776.3 fps total: 83903.7 | reward: -264.36 | ep_len: 53.0
mean value function: nan nan 0.019134521484375 0.32871851325035095 nan
[Epoch 863] fps step: 116435.8 fps total: 89665.3 | reward: -266.65 | ep_len: 54.0
mean value function: nan nan 0.0186004638671875 0.31091272830963135 nan
[Epoch 864] fps step: 121223.9 fps total: 91209.9 | reward: -270.42 | ep_len: 54.4
mean value function: nan nan 0.01885986328125 0.3295477032661438 nan
[Epoch 865] fps step: 131811.8 fps total: 95879.8 | reward: -254.35 | ep_len: 51.7
mean value function: nan nan 0.018218994140625 0.2853977084159851 nan
[Epoch 866] fps step: 127997.9 fps total: 96025.3 | reward: -275.31 | ep_len: 55.0
mean value function: nan nan 0.0190582275390625 0.2767355740070343 nan
[Epoch 867] fps step: 113295.7 fps total: 87125.1 | reward: -245.92 | ep_len: 50.8
mean value function: nan nan 0.0189208984375 0.29486608505249023 nan
[Epoch 868] fps step: 127848.9 fps total: 95922.2 | reward: -272.58 | ep_len: 54.6
mean value function: nan nan 0.01763916015625 0.28499603271484375 nan
[Epoch 869] fps step: 115532.2 fps total: 88778.6 | reward: -271.54 | ep_len: 54.3
mean value function: nan nan 0.019622802734375 0.34536248445510864 nan
[Epoch 870] fps step: 116165.2 fps total: 89249.7 | reward: -250.94 | ep_len: 52.0
mean value function: nan nan 0.018524169921875 0.2936537563800812 nan
[Epoch 871] fps step: 138369.6 fps total: 99119.2 | reward: -282.57 | ep_len: 55.9
mean value function: nan nan 0.01849365234375 0.2663465142250061 nan
[Epoch 872] fps step: 120808.6 fps total: 91601.5 | reward: -228.12 | ep_len: 48.1
mean value function: nan nan 0.0191802978515625 0.290022611618042 nan
[Epoch 873] fps step: 113754.3 fps total: 88625.9 | reward: -284.20 | ep_len: 55.6
mean value function: nan nan 0.0180816650390625 0.25520429015159607 nan
[Epoch 874] fps step: 104696.1 fps total: 81060.6 | reward: -260.14 | ep_len: 53.3
mean value function: nan nan 0.0193634033203125 0.26140841841697693 nan
[Epoch 875] fps step: 123194.7 fps total: 93214.5 | reward: -275.70 | ep_len: 54.7
mean value function: nan nan 0.01904296875 0.2833758592605591 nan
[Epoch 876] fps step: 129799.4 fps total: 97205.9 | reward: -258.26 | ep_len: 52.6
mean value function: nan nan 0.017547607421875 0.28191322088241577 nan
[Epoch 877] fps step: 126368.0 fps total: 96177.0 | reward: -257.89 | ep_len: 52.9
mean value function: nan nan 0.0193023681640625 0.29574596881866455 nan
[Epoch 878] fps step: 117929.4 fps total: 90260.1 | reward: -265.29 | ep_len: 52.8
mean value function: nan nan 0.0175933837890625 0.3028210997581482 nan
[Epoch 879] fps step: 121504.1 fps total: 93404.4 | reward: -257.68 | ep_len: 53.0
mean value function: nan nan 0.0190277099609375 0.25025248527526855 nan
[Epoch 880] fps step: 125359.0 fps total: 94802.7 | reward: -255.74 | ep_len: 52.3
mean value function: nan nan 0.01922607421875 0.2731229066848755 nan
[Epoch 881] fps step: 113249.2 fps total: 86585.5 | reward: -282.26 | ep_len: 56.2
mean value function: nan nan 0.0179901123046875 0.2490144819021225 nan
[Epoch 882] fps step: 105921.6 fps total: 82247.2 | reward: -248.38 | ep_len: 51.0
mean value function: nan nan 0.018646240234375 0.2730167508125305 nan
[Epoch 883] fps step: 116308.6 fps total: 88836.4 | reward: -271.35 | ep_len: 54.1
mean value function: nan nan 0.0185699462890625 0.2905992567539215 nan
[Epoch 884] fps step: 126527.0 fps total: 94715.3 | reward: -247.15 | ep_len: 51.4
mean value function: nan nan 0.01910400390625 0.3064929246902466 nan
[Epoch 885] fps step: 113316.4 fps total: 87352.2 | reward: -261.73 | ep_len: 52.4
mean value function: nan nan 0.0188751220703125 0.30965763330459595 nan
[Epoch 886] fps step: 140225.8 fps total: 103794.3 | reward: -240.73 | ep_len: 50.0
mean value function: nan nan 0.01806640625 0.31116825342178345 nan
[Epoch 887] fps step: 144949.0 fps total: 102322.0 | reward: -286.28 | ep_len: 55.9
mean value function: nan nan 0.0188446044921875 0.3001742959022522 nan
[Epoch 888] fps step: 126911.8 fps total: 94705.4 | reward: -255.69 | ep_len: 52.2
mean value function: nan nan 0.019256591796875 0.3441430330276489 nan
[Epoch 889] fps step: 118714.9 fps total: 91331.0 | reward: -267.88 | ep_len: 53.9
mean value function: nan nan 0.0177459716796875 0.3257361948490143 nan
[Epoch 890] fps step: 126186.4 fps total: 93650.4 | reward: -275.09 | ep_len: 54.5
mean value function: nan nan 0.0190582275390625 0.3277307152748108 nan
[Epoch 891] fps step: 113492.6 fps total: 87454.2 | reward: -270.62 | ep_len: 54.7
mean value function: nan nan 0.0187530517578125 0.29785358905792236 nan
[Epoch 892] fps step: 119530.5 fps total: 88193.1 | reward: -264.31 | ep_len: 53.2
mean value function: nan nan 0.0183563232421875 0.2855902910232544 nan
[Epoch 893] fps step: 120034.5 fps total: 90085.4 | reward: -250.79 | ep_len: 51.8
mean value function: nan nan 0.0186309814453125 0.2696640193462372 nan
[Epoch 894] fps step: 115360.3 fps total: 86587.6 | reward: -283.19 | ep_len: 55.3
mean value function: nan nan 0.0183258056640625 0.2667387127876282 nan
[Epoch 895] fps step: 110814.0 fps total: 86402.8 | reward: -273.95 | ep_len: 54.6
mean value function: nan nan 0.0191192626953125 0.27165237069129944 nan
[Epoch 896] fps step: 114302.0 fps total: 86861.9 | reward: -265.65 | ep_len: 53.9
mean value function: nan nan 0.018951416015625 0.2781689763069153 nan
[Epoch 897] fps step: 125735.6 fps total: 94229.0 | reward: -264.45 | ep_len: 54.0
mean value function: nan nan 0.0185394287109375 0.29944542050361633 nan
[Epoch 898] fps step: 120971.8 fps total: 91706.4 | reward: -276.36 | ep_len: 54.9
mean value function: nan nan 0.0190887451171875 0.2736343741416931 nan
[Epoch 899] fps step: 132169.0 fps total: 98995.1 | reward: -276.59 | ep_len: 55.0
mean value function: nan nan 0.017913818359375 0.2779403030872345 nan
[Epoch 900] fps step: 114255.8 fps total: 87504.7 | reward: -255.00 | ep_len: 52.5
=> saving checkpoint 'runs/HumanoidAMP_walk_retrain_08-19-54-45/nn/HumanoidAMP_walk_retrain_08-19-54-46_900.pth'
mean value function: nan nan 0.0187530517578125 0.2713260352611542 nan
[Epoch 901] fps step: 129344.8 fps total: 97156.5 | reward: -276.76 | ep_len: 55.1
mean value function: nan nan 0.019256591796875 0.2866606116294861 nan
[Epoch 902] fps step: 106136.2 fps total: 83073.0 | reward: -284.69 | ep_len: 55.8
mean value function: nan nan 0.0181732177734375 0.2815744876861572 nan
[Epoch 903] fps step: 105129.7 fps total: 80747.7 | reward: -254.02 | ep_len: 52.6
mean value function: nan nan 0.0186004638671875 0.28509193658828735 nan
[Epoch 904] fps step: 116780.5 fps total: 87358.1 | reward: -242.23 | ep_len: 50.2
mean value function: nan nan 0.019439697265625 0.28131452202796936 nan
[Epoch 905] fps step: 124114.4 fps total: 92071.4 | reward: -274.40 | ep_len: 53.8
mean value function: nan nan 0.0187225341796875 0.3055899739265442 nan
[Epoch 906] fps step: 111471.4 fps total: 85549.3 | reward: -253.07 | ep_len: 51.3
mean value function: nan nan 0.0186920166015625 0.2931140661239624 nan
[Epoch 907] fps step: 118272.5 fps total: 90965.9 | reward: -276.76 | ep_len: 54.2
mean value function: nan nan 0.0184326171875 0.3120298385620117 nan
[Epoch 908] fps step: 95779.0 fps total: 76008.6 | reward: -271.18 | ep_len: 54.0
mean value function: nan nan 0.019012451171875 0.3041006624698639 nan
[Epoch 909] fps step: 126849.4 fps total: 95252.8 | reward: -265.54 | ep_len: 54.1
mean value function: nan nan 0.0187225341796875 0.28691864013671875 nan
[Epoch 910] fps step: 129000.3 fps total: 96944.0 | reward: -271.23 | ep_len: 54.3
mean value function: nan nan 0.01898193359375 0.2914600372314453 nan
[Epoch 911] fps step: 121949.8 fps total: 91582.4 | reward: -260.20 | ep_len: 52.0
mean value function: nan nan 0.018035888671875 0.2864065170288086 nan
[Epoch 912] fps step: 120774.4 fps total: 90664.8 | reward: -267.86 | ep_len: 53.3
mean value function: nan nan 0.018524169921875 0.2963138818740845 nan
[Epoch 913] fps step: 111687.9 fps total: 85261.0 | reward: -262.06 | ep_len: 52.5
mean value function: nan nan 0.0190277099609375 0.2905959486961365 nan
[Epoch 914] fps step: 127722.2 fps total: 94622.0 | reward: -252.32 | ep_len: 51.5
mean value function: nan nan 0.018890380859375 0.2948383092880249 nan
[Epoch 915] fps step: 112094.1 fps total: 85394.5 | reward: -279.66 | ep_len: 55.2
mean value function: nan nan 0.01861572265625 0.28251180052757263 nan
[Epoch 916] fps step: 108973.8 fps total: 83531.8 | reward: -254.90 | ep_len: 52.4
mean value function: nan nan 0.01837158203125 0.30815964937210083 nan
[Epoch 917] fps step: 112527.7 fps total: 87784.2 | reward: -246.07 | ep_len: 51.1
mean value function: nan nan 0.0185089111328125 0.3127553462982178 nan
[Epoch 918] fps step: 133481.9 fps total: 98658.8 | reward: -286.84 | ep_len: 56.9
mean value function: nan nan 0.01934814453125 0.3297882676124573 nan
[Epoch 919] fps step: 130581.3 fps total: 97217.7 | reward: -281.06 | ep_len: 54.9
mean value function: nan nan 0.018310546875 0.3185591399669647 nan
[Epoch 920] fps step: 117567.1 fps total: 89826.9 | reward: -275.66 | ep_len: 54.4
mean value function: nan nan 0.0182037353515625 0.30843013525009155 nan
[Epoch 921] fps step: 125784.7 fps total: 95780.5 | reward: -265.76 | ep_len: 53.6
mean value function: nan nan 0.0181884765625 0.3058052659034729 nan
[Epoch 922] fps step: 113303.1 fps total: 87661.3 | reward: -273.87 | ep_len: 55.2
mean value function: nan nan 0.01959228515625 0.3201126456260681 nan
[Epoch 923] fps step: 106367.0 fps total: 83738.4 | reward: -271.47 | ep_len: 55.4
mean value function: nan nan 0.01849365234375 0.28297191858291626 nan
[Epoch 924] fps step: 120341.1 fps total: 91037.5 | reward: -277.59 | ep_len: 55.1
mean value function: nan nan 0.0178375244140625 0.29726916551589966 nan
[Epoch 925] fps step: 129020.0 fps total: 95465.0 | reward: -255.87 | ep_len: 52.6
mean value function: nan nan 0.019500732421875 0.2837989330291748 nan
[Epoch 926] fps step: 129226.3 fps total: 96164.6 | reward: -272.77 | ep_len: 54.4
mean value function: nan nan 0.018951416015625 0.270906001329422 nan
[Epoch 927] fps step: 115446.5 fps total: 89336.9 | reward: -275.72 | ep_len: 54.5
mean value function: nan nan 0.0182342529296875 0.2585488557815552 nan
[Epoch 928] fps step: 124154.0 fps total: 93843.3 | reward: -264.82 | ep_len: 53.7
mean value function: nan nan 0.01934814453125 0.24922031164169312 nan
[Epoch 929] fps step: 99370.9 fps total: 78228.1 | reward: -277.31 | ep_len: 54.9
mean value function: nan nan 0.0181732177734375 0.2874566316604614 nan
[Epoch 930] fps step: 97504.4 fps total: 76996.6 | reward: -281.66 | ep_len: 56.2
mean value function: nan nan 0.01922607421875 0.2906867265701294 nan
[Epoch 931] fps step: 121691.1 fps total: 90975.4 | reward: -272.60 | ep_len: 54.5
mean value function: nan nan 0.0179901123046875 0.2858439087867737 nan
[Epoch 932] fps step: 117128.6 fps total: 87855.7 | reward: -259.50 | ep_len: 52.8
mean value function: nan nan 0.0193328857421875 0.27980366349220276 nan
[Epoch 933] fps step: 126574.0 fps total: 96194.8 | reward: -262.11 | ep_len: 52.7
mean value function: nan nan 0.0184173583984375 0.28417834639549255 nan
[Epoch 934] fps step: 103848.8 fps total: 81981.2 | reward: -271.67 | ep_len: 53.7
mean value function: nan nan 0.01861572265625 0.2664756178855896 nan
[Epoch 935] fps step: 114615.5 fps total: 87849.1 | reward: -265.23 | ep_len: 53.0
mean value function: nan nan 0.0183868408203125 0.2690047323703766 nan
[Epoch 936] fps step: 108133.3 fps total: 84184.9 | reward: -257.67 | ep_len: 52.6
mean value function: nan nan 0.0182952880859375 0.25800949335098267 nan
[Epoch 937] fps step: 111739.1 fps total: 87270.9 | reward: -266.18 | ep_len: 54.1
mean value function: nan nan 0.0191497802734375 0.2612514793872833 nan
[Epoch 938] fps step: 99127.8 fps total: 79326.4 | reward: -252.87 | ep_len: 51.5
mean value function: nan nan 0.01812744140625 0.27370691299438477 nan
[Epoch 939] fps step: 121745.6 fps total: 89693.5 | reward: -266.68 | ep_len: 53.2
mean value function: nan nan 0.018707275390625 0.27387529611587524 nan
[Epoch 940] fps step: 113836.7 fps total: 86969.9 | reward: -252.08 | ep_len: 51.6
mean value function: nan nan 0.0191802978515625 0.276988685131073 nan
[Epoch 941] fps step: 111538.9 fps total: 85863.3 | reward: -301.10 | ep_len: 57.8
mean value function: nan nan 0.0190582275390625 0.2644574046134949 nan
[Epoch 942] fps step: 121075.7 fps total: 92991.7 | reward: -273.51 | ep_len: 54.8
mean value function: nan nan 0.0173492431640625 0.2244628369808197 nan
[Epoch 943] fps step: 105823.9 fps total: 82290.6 | reward: -245.61 | ep_len: 51.2
mean value function: nan nan 0.0195159912109375 0.2583617568016052 nan
[Epoch 944] fps step: 121444.4 fps total: 90268.3 | reward: -282.58 | ep_len: 55.8
mean value function: nan nan 0.018768310546875 0.2558722496032715 nan
[Epoch 945] fps step: 105355.6 fps total: 81079.2 | reward: -273.52 | ep_len: 54.5
mean value function: nan nan 0.0173187255859375 0.24293819069862366 nan
[Epoch 946] fps step: 120123.7 fps total: 90852.9 | reward: -273.29 | ep_len: 54.6
mean value function: nan nan 0.01959228515625 0.24309073388576508 nan
[Epoch 947] fps step: 102241.2 fps total: 80643.8 | reward: -277.73 | ep_len: 55.1
mean value function: nan nan 0.01922607421875 0.23732709884643555 nan
[Epoch 948] fps step: 118827.6 fps total: 87575.6 | reward: -267.20 | ep_len: 53.9
mean value function: nan nan 0.0177459716796875 0.19319751858711243 nan
[Epoch 949] fps step: 113679.5 fps total: 88159.8 | reward: -261.30 | ep_len: 53.4
mean value function: nan nan 0.0192108154296875 0.20763909816741943 nan
[Epoch 950] fps step: 122329.8 fps total: 92326.3 | reward: -242.66 | ep_len: 50.2
=> saving checkpoint 'runs/HumanoidAMP_walk_retrain_08-19-54-45/nn/HumanoidAMP_walk_retrain_08-19-54-46_950.pth'
mean value function: nan nan 0.018035888671875 0.20334501564502716 nan
[Epoch 951] fps step: 131777.7 fps total: 99356.5 | reward: -279.83 | ep_len: 55.6
mean value function: nan nan 0.019134521484375 0.19037096202373505 nan
[Epoch 952] fps step: 138145.9 fps total: 102718.6 | reward: -264.31 | ep_len: 52.7
mean value function: nan nan 0.018218994140625 0.18190141022205353 nan
[Epoch 953] fps step: 123899.9 fps total: 91324.1 | reward: -267.22 | ep_len: 54.5
mean value function: nan nan 0.018829345703125 0.16859880089759827 nan
[Epoch 954] fps step: 120462.8 fps total: 92296.8 | reward: -290.40 | ep_len: 56.4
mean value function: nan nan 0.018585205078125 0.17735286056995392 nan
[Epoch 955] fps step: 114761.5 fps total: 87039.2 | reward: -258.86 | ep_len: 52.3
mean value function: nan nan 0.018524169921875 0.17666050791740417 nan
[Epoch 956] fps step: 118307.9 fps total: 87917.4 | reward: -269.72 | ep_len: 53.7
mean value function: nan nan 0.0184326171875 0.1977841556072235 nan
[Epoch 957] fps step: 132044.7 fps total: 98182.3 | reward: -257.99 | ep_len: 52.2
mean value function: nan nan 0.0189208984375 0.2543869912624359 nan
[Epoch 958] fps step: 116110.8 fps total: 89944.9 | reward: -276.62 | ep_len: 55.4
mean value function: nan nan 0.01873779296875 0.29907360672950745 nan
[Epoch 959] fps step: 133232.2 fps total: 99487.7 | reward: -265.59 | ep_len: 53.4
mean value function: nan nan 0.0183868408203125 0.2996407747268677 nan
[Epoch 960] fps step: 130690.1 fps total: 96452.3 | reward: -253.26 | ep_len: 52.1
mean value function: nan nan 0.018890380859375 0.2854195833206177 nan
[Epoch 961] fps step: 104004.7 fps total: 80000.6 | reward: -238.86 | ep_len: 49.8
mean value function: nan nan 0.019195556640625 0.3049330711364746 nan
[Epoch 962] fps step: 117982.6 fps total: 89602.1 | reward: -231.71 | ep_len: 49.2
mean value function: nan nan 0.0174560546875 0.30628716945648193 nan
[Epoch 963] fps step: 125248.9 fps total: 93984.9 | reward: -278.03 | ep_len: 55.4
mean value function: nan nan 0.0199127197265625 0.32945677638053894 nan
[Epoch 964] fps step: 118264.6 fps total: 90505.3 | reward: -260.73 | ep_len: 52.6
mean value function: nan nan 0.0186004638671875 0.3358287215232849 nan
[Epoch 965] fps step: 112213.3 fps total: 85523.7 | reward: -285.58 | ep_len: 55.6
mean value function: nan nan 0.017974853515625 0.3098929524421692 nan
[Epoch 966] fps step: 131704.9 fps total: 97039.5 | reward: -272.58 | ep_len: 54.0
mean value function: nan nan 0.02001953125 0.3063373565673828 nan
[Epoch 967] fps step: 120059.3 fps total: 90437.8 | reward: -261.52 | ep_len: 53.3
mean value function: nan nan 0.01849365234375 0.28522375226020813 nan
[Epoch 968] fps step: 118141.3 fps total: 90106.2 | reward: -269.40 | ep_len: 53.6
mean value function: nan nan 0.0179443359375 0.2875807285308838 nan
[Epoch 969] fps step: 136566.6 fps total: 99274.8 | reward: -256.04 | ep_len: 51.8
mean value function: nan nan 0.018829345703125 0.2749951481819153 nan
[Epoch 970] fps step: 106059.9 fps total: 83092.0 | reward: -261.30 | ep_len: 53.1
mean value function: nan nan 0.0192413330078125 0.2937772274017334 nan
[Epoch 971] fps step: 130471.1 fps total: 96081.0 | reward: -247.51 | ep_len: 51.0
mean value function: nan nan 0.01885986328125 0.2890566885471344 nan
[Epoch 972] fps step: 117519.6 fps total: 89639.3 | reward: -268.70 | ep_len: 54.1
mean value function: nan nan 0.0184783935546875 0.28100284934043884 nan
[Epoch 973] fps step: 120275.2 fps total: 91926.8 | reward: -257.90 | ep_len: 52.9
mean value function: nan nan 0.0186004638671875 0.2602023184299469 nan
[Epoch 974] fps step: 132911.1 fps total: 97770.3 | reward: -271.81 | ep_len: 54.2
mean value function: nan nan 0.018157958984375 0.2911134660243988 nan
[Epoch 975] fps step: 112142.5 fps total: 86226.7 | reward: -271.72 | ep_len: 54.4
mean value function: nan nan 0.018890380859375 0.2786584198474884 nan
[Epoch 976] fps step: 122795.7 fps total: 92464.4 | reward: -284.83 | ep_len: 55.6
mean value function: nan nan 0.019073486328125 0.3010284900665283 nan
[Epoch 977] fps step: 96166.4 fps total: 76946.1 | reward: -286.53 | ep_len: 56.6
mean value function: nan nan 0.01788330078125 0.2540965974330902 nan
[Epoch 978] fps step: 111306.5 fps total: 86894.2 | reward: -263.46 | ep_len: 52.4
mean value function: nan nan 0.0185394287109375 0.25840136408805847 nan
[Epoch 979] fps step: 131281.5 fps total: 99127.2 | reward: -273.76 | ep_len: 54.2
mean value function: nan nan 0.01885986328125 0.23884254693984985 nan
[Epoch 980] fps step: 118692.0 fps total: 91389.7 | reward: -270.30 | ep_len: 54.7
mean value function: nan nan 0.0197296142578125 0.25138938426971436 nan
[Epoch 981] fps step: 116285.7 fps total: 88813.3 | reward: -255.41 | ep_len: 52.0
mean value function: nan nan 0.0183258056640625 0.24954932928085327 nan
[Epoch 982] fps step: 118981.8 fps total: 91093.9 | reward: -250.57 | ep_len: 51.4
mean value function: nan nan 0.019500732421875 0.2543981075286865 nan
[Epoch 983] fps step: 96773.3 fps total: 77060.9 | reward: -277.09 | ep_len: 54.0
mean value function: nan nan 0.018585205078125 0.2540276050567627 nan
[Epoch 984] fps step: 116667.6 fps total: 88269.1 | reward: -264.59 | ep_len: 54.2
mean value function: nan nan 0.01763916015625 0.25252780318260193 nan
[Epoch 985] fps step: 112193.5 fps total: 86668.2 | reward: -265.03 | ep_len: 52.7
mean value function: nan nan 0.0194091796875 0.26517432928085327 nan
[Epoch 986] fps step: 133386.7 fps total: 98795.5 | reward: -269.75 | ep_len: 54.6
mean value function: nan nan 0.0181884765625 0.25848013162612915 nan
[Epoch 987] fps step: 110967.9 fps total: 85589.5 | reward: -263.92 | ep_len: 53.5
mean value function: nan nan 0.0186614990234375 0.2608274221420288 nan
[Epoch 988] fps step: 134542.3 fps total: 99962.3 | reward: -273.25 | ep_len: 55.1
mean value function: nan nan 0.0189208984375 0.256501704454422 nan
[Epoch 989] fps step: 129034.7 fps total: 95441.7 | reward: -249.80 | ep_len: 51.5
mean value function: nan nan 0.018157958984375 0.25291845202445984 nan
[Epoch 990] fps step: 105234.6 fps total: 81448.3 | reward: -244.17 | ep_len: 50.3
mean value function: nan nan 0.01910400390625 0.2676437497138977 nan
[Epoch 991] fps step: 118609.0 fps total: 90880.2 | reward: -269.65 | ep_len: 54.1
mean value function: nan nan 0.0187530517578125 0.2864571511745453 nan
[Epoch 992] fps step: 111236.5 fps total: 84527.1 | reward: -275.25 | ep_len: 54.2
mean value function: nan nan 0.018890380859375 0.2909276783466339 nan
[Epoch 993] fps step: 100503.7 fps total: 78258.7 | reward: -262.94 | ep_len: 52.9
mean value function: nan nan 0.0186767578125 0.2799515724182129 nan
[Epoch 994] fps step: 101319.3 fps total: 78524.7 | reward: -281.41 | ep_len: 55.4
mean value function: nan nan 0.0187225341796875 0.3057945668697357 nan
[Epoch 995] fps step: 134929.7 fps total: 99698.3 | reward: -261.18 | ep_len: 53.6
mean value function: nan nan 0.018341064453125 0.2894740700721741 nan
[Epoch 996] fps step: 125270.7 fps total: 94667.8 | reward: -240.18 | ep_len: 50.0
mean value function: nan nan 0.0188751220703125 0.2871188819408417 nan
[Epoch 997] fps step: 145173.9 fps total: 105962.5 | reward: -245.08 | ep_len: 50.8
mean value function: nan nan 0.0189056396484375 0.3151647448539734 nan
[Epoch 998] fps step: 141764.1 fps total: 104963.0 | reward: -274.61 | ep_len: 55.5
mean value function: nan nan 0.0186309814453125 0.30532020330429077 nan
[Epoch 999] fps step: 114520.9 fps total: 88681.9 | reward: -260.52 | ep_len: 52.9
mean value function: nan nan 0.0178680419921875 0.3013438284397125 nan
[Epoch 1000] fps step: 137946.8 fps total: 101630.5 | reward: -273.45 | ep_len: 55.0
=> saving checkpoint 'runs/HumanoidAMP_walk_retrain_08-19-54-45/nn/HumanoidAMP_walk_retrain_08-19-54-46_1000.pth'
mean value function: nan nan 0.0189361572265625 0.3229161500930786 nan
[Epoch 1001] fps step: 112821.1 fps total: 87587.7 | reward: -263.25 | ep_len: 52.5
mean value function: nan nan 0.018585205078125 0.3239818215370178 nan
[Epoch 1002] fps step: 110133.5 fps total: 86137.5 | reward: -256.86 | ep_len: 52.1
mean value function: nan nan 0.018341064453125 0.3146904706954956 nan
[Epoch 1003] fps step: 120488.1 fps total: 91495.8 | reward: -265.14 | ep_len: 53.6
mean value function: nan nan 0.0188446044921875 0.3271561861038208 nan
[Epoch 1004] fps step: 100946.3 fps total: 79890.9 | reward: -249.49 | ep_len: 51.1
mean value function: nan nan 0.018951416015625 0.3219674229621887 nan
[Epoch 1005] fps step: 138089.0 fps total: 102357.1 | reward: -285.89 | ep_len: 55.9
mean value function: nan nan 0.01873779296875 0.2859236001968384 nan
[Epoch 1006] fps step: 105647.0 fps total: 81674.4 | reward: -271.56 | ep_len: 55.1
mean value function: nan nan 0.018646240234375 0.3012065589427948 nan
[Epoch 1007] fps step: 123908.2 fps total: 92253.9 | reward: -285.27 | ep_len: 55.4
mean value function: nan nan 0.0187225341796875 0.270241379737854 nan
[Epoch 1008] fps step: 122990.5 fps total: 93704.7 | reward: -276.29 | ep_len: 55.5
mean value function: nan nan 0.0188140869140625 0.26429229974746704 nan
[Epoch 1009] fps step: 112660.9 fps total: 86291.6 | reward: -256.89 | ep_len: 52.2
mean value function: nan nan 0.0183258056640625 0.2437429279088974 nan
[Epoch 1010] fps step: 117594.5 fps total: 89448.7 | reward: -258.95 | ep_len: 52.3
mean value function: nan nan 0.0191802978515625 0.2766687273979187 nan
[Epoch 1011] fps step: 114576.7 fps total: 88435.9 | reward: -266.36 | ep_len: 54.3
mean value function: nan nan 0.018402099609375 0.27880048751831055 nan
[Epoch 1012] fps step: 124106.3 fps total: 93940.5 | reward: -250.07 | ep_len: 51.8
mean value function: nan nan 0.0189056396484375 0.2949150502681732 nan
[Epoch 1013] fps step: 122956.0 fps total: 91770.6 | reward: -255.92 | ep_len: 52.6
mean value function: nan nan 0.01885986328125 0.28174418210983276 nan
[Epoch 1014] fps step: 124368.2 fps total: 93267.5 | reward: -268.87 | ep_len: 54.4
mean value function: nan nan 0.01885986328125 0.28026139736175537 nan
[Epoch 1015] fps step: 114641.8 fps total: 87817.9 | reward: -265.68 | ep_len: 52.0
mean value function: nan nan 0.018280029296875 0.2648906707763672 nan
[Epoch 1016] fps step: 123105.9 fps total: 92449.4 | reward: -272.77 | ep_len: 54.8
mean value function: nan nan 0.01898193359375 0.24697592854499817 nan
[Epoch 1017] fps step: 103239.9 fps total: 80314.7 | reward: -249.61 | ep_len: 51.9
mean value function: nan nan 0.01898193359375 0.2476034015417099 nan
[Epoch 1018] fps step: 121310.5 fps total: 91784.0 | reward: -277.11 | ep_len: 55.2
mean value function: nan nan 0.0186309814453125 0.22819676995277405 nan
[Epoch 1019] fps step: 119648.9 fps total: 90935.7 | reward: -267.77 | ep_len: 54.0
mean value function: nan nan 0.0189208984375 0.21599255502223969 nan
[Epoch 1020] fps step: 119045.4 fps total: 89699.2 | reward: -265.34 | ep_len: 54.0
mean value function: nan nan 0.0184173583984375 0.23314468562602997 nan
[Epoch 1021] fps step: 109813.8 fps total: 84446.1 | reward: -276.23 | ep_len: 56.0
mean value function: nan nan 0.01806640625 0.2333616018295288 nan
[Epoch 1022] fps step: 110169.2 fps total: 85758.0 | reward: -253.04 | ep_len: 52.5
mean value function: nan nan 0.0191192626953125 0.2535802125930786 nan
[Epoch 1023] fps step: 117980.9 fps total: 90184.7 | reward: -260.51 | ep_len: 52.7
mean value function: nan nan 0.0186920166015625 0.2636736035346985 nan
[Epoch 1024] fps step: 143438.8 fps total: 104875.3 | reward: -254.57 | ep_len: 52.7
mean value function: nan nan 0.0186309814453125 0.25931310653686523 nan
[Epoch 1025] fps step: 124793.7 fps total: 93603.0 | reward: -268.93 | ep_len: 54.0
mean value function: nan nan 0.0194091796875 0.27564430236816406 nan
[Epoch 1026] fps step: 138170.7 fps total: 103196.0 | reward: -267.25 | ep_len: 54.8
mean value function: nan nan 0.017822265625 0.2344568520784378 nan
[Epoch 1027] fps step: 128130.9 fps total: 94799.5 | reward: -256.27 | ep_len: 52.6
mean value function: nan nan 0.0191192626953125 0.23848488926887512 nan
[Epoch 1028] fps step: 126977.8 fps total: 95668.4 | reward: -274.64 | ep_len: 54.6
mean value function: nan nan 0.01849365234375 0.24001723527908325 nan
[Epoch 1029] fps step: 115658.0 fps total: 88735.8 | reward: -267.12 | ep_len: 53.5
mean value function: nan nan 0.019195556640625 0.24264557659626007 nan
[Epoch 1030] fps step: 112446.3 fps total: 87672.2 | reward: -255.63 | ep_len: 52.5
mean value function: nan nan 0.0179595947265625 0.2326553463935852 nan
[Epoch 1031] fps step: 130209.6 fps total: 96632.0 | reward: -248.44 | ep_len: 51.2
mean value function: nan nan 0.0188751220703125 0.23627665638923645 nan
[Epoch 1032] fps step: 124641.0 fps total: 93165.0 | reward: -268.97 | ep_len: 53.4
mean value function: nan nan 0.0189666748046875 0.2363111674785614 nan
[Epoch 1033] fps step: 101972.8 fps total: 80087.8 | reward: -261.90 | ep_len: 53.3
mean value function: nan nan 0.018402099609375 0.23446613550186157 nan
[Epoch 1034] fps step: 105651.6 fps total: 81615.2 | reward: -251.65 | ep_len: 51.3
mean value function: nan nan 0.0185699462890625 0.24061128497123718 nan
[Epoch 1035] fps step: 132149.6 fps total: 99187.3 | reward: -246.25 | ep_len: 50.7
mean value function: nan nan 0.018829345703125 0.22529852390289307 nan
[Epoch 1036] fps step: 118832.0 fps total: 89858.4 | reward: -277.47 | ep_len: 55.1
mean value function: nan nan 0.018524169921875 0.237311452627182 nan
[Epoch 1037] fps step: 107315.4 fps total: 81514.0 | reward: -261.81 | ep_len: 52.7
mean value function: nan nan 0.0182647705078125 0.23811353743076324 nan
[Epoch 1038] fps step: 110801.5 fps total: 85606.2 | reward: -252.03 | ep_len: 51.4
mean value function: nan nan 0.019195556640625 0.24326445162296295 nan
[Epoch 1039] fps step: 112488.1 fps total: 85710.1 | reward: -276.27 | ep_len: 54.4
mean value function: nan nan 0.01885986328125 0.2613322138786316 nan
[Epoch 1040] fps step: 121708.3 fps total: 92436.6 | reward: -286.12 | ep_len: 57.1
mean value function: nan nan 0.0183868408203125 0.27319151163101196 nan
[Epoch 1041] fps step: 93933.2 fps total: 74102.9 | reward: -265.50 | ep_len: 53.3
mean value function: nan nan 0.01922607421875 0.2589486837387085 nan
[Epoch 1042] fps step: 91786.1 fps total: 73100.3 | reward: -275.46 | ep_len: 53.6
mean value function: nan nan 0.0186004638671875 0.2627056837081909 nan
[Epoch 1043] fps step: 138802.1 fps total: 101652.8 | reward: -275.62 | ep_len: 55.4
mean value function: nan nan 0.017791748046875 0.2527030408382416 nan
[Epoch 1044] fps step: 119608.3 fps total: 91437.5 | reward: -267.61 | ep_len: 54.3
mean value function: nan nan 0.019287109375 0.24642592668533325 nan
[Epoch 1045] fps step: 125588.5 fps total: 94975.1 | reward: -257.59 | ep_len: 52.0
mean value function: nan nan 0.0186767578125 0.2621764540672302 nan
[Epoch 1046] fps step: 110127.8 fps total: 85257.6 | reward: -266.80 | ep_len: 53.9
mean value function: nan nan 0.0182952880859375 0.24709278345108032 nan
[Epoch 1047] fps step: 127565.1 fps total: 96439.9 | reward: -277.41 | ep_len: 55.7
mean value function: nan nan 0.018646240234375 0.22453173995018005 nan
[Epoch 1048] fps step: 126892.4 fps total: 94953.0 | reward: -268.41 | ep_len: 53.8
mean value function: nan nan 0.0181427001953125 0.23750469088554382 nan
[Epoch 1049] fps step: 102850.3 fps total: 78512.1 | reward: -275.56 | ep_len: 55.2
mean value function: nan nan 0.0189208984375 0.24515925347805023 nan
[Epoch 1050] fps step: 119906.4 fps total: 91685.8 | reward: -238.64 | ep_len: 50.1
=> saving checkpoint 'runs/HumanoidAMP_walk_retrain_08-19-54-45/nn/HumanoidAMP_walk_retrain_08-19-54-46_1050.pth'
mean value function: nan nan 0.0184783935546875 0.2448042333126068 nan
[Epoch 1051] fps step: 129160.5 fps total: 97044.1 | reward: -268.20 | ep_len: 54.0
mean value function: nan nan 0.0186309814453125 0.2806975543498993 nan
[Epoch 1052] fps step: 110000.5 fps total: 85561.1 | reward: -255.77 | ep_len: 52.5
mean value function: nan nan 0.0193023681640625 0.26333749294281006 nan
[Epoch 1053] fps step: 147701.4 fps total: 107982.9 | reward: -268.49 | ep_len: 53.9
mean value function: nan nan 0.0181884765625 0.2506967782974243 nan
[Epoch 1054] fps step: 138084.9 fps total: 102603.7 | reward: -275.70 | ep_len: 54.7
mean value function: nan nan 0.01824951171875 0.2699424624443054 nan
[Epoch 1055] fps step: 126981.4 fps total: 95764.6 | reward: -269.09 | ep_len: 54.4
mean value function: nan nan 0.0193023681640625 0.28298649191856384 nan
[Epoch 1056] fps step: 123278.1 fps total: 91408.9 | reward: -255.29 | ep_len: 51.9
mean value function: nan nan 0.01885986328125 0.26688095927238464 nan
[Epoch 1057] fps step: 112278.4 fps total: 85223.2 | reward: -269.36 | ep_len: 54.0
mean value function: nan nan 0.018280029296875 0.2704867124557495 nan
[Epoch 1058] fps step: 120780.6 fps total: 90447.0 | reward: -267.06 | ep_len: 52.8
mean value function: nan nan 0.018768310546875 0.25726422667503357 nan
[Epoch 1059] fps step: 101324.5 fps total: 79201.3 | reward: -254.46 | ep_len: 51.8
mean value function: nan nan 0.0193634033203125 0.2698543071746826 nan
[Epoch 1060] fps step: 119643.0 fps total: 87724.8 | reward: -293.84 | ep_len: 57.3
mean value function: nan nan 0.0182342529296875 0.26640215516090393 nan
[Epoch 1061] fps step: 103028.6 fps total: 80314.4 | reward: -253.39 | ep_len: 51.9
mean value function: nan nan 0.0188751220703125 0.2781044840812683 nan
[Epoch 1062] fps step: 105732.0 fps total: 81374.3 | reward: -248.44 | ep_len: 51.0
mean value function: nan nan 0.018798828125 0.30179303884506226 nan
[Epoch 1063] fps step: 94515.1 fps total: 75612.0 | reward: -264.58 | ep_len: 53.6
mean value function: nan nan 0.018951416015625 0.29633229970932007 nan
[Epoch 1064] fps step: 106140.0 fps total: 82546.1 | reward: -253.27 | ep_len: 51.5
mean value function: nan nan 0.018798828125 0.284915953874588 nan
[Epoch 1065] fps step: 105798.1 fps total: 81141.5 | reward: -275.99 | ep_len: 55.7
mean value function: nan nan 0.0184783935546875 0.29018858075141907 nan
[Epoch 1066] fps step: 96734.7 fps total: 77174.7 | reward: -255.89 | ep_len: 51.9
mean value function: nan nan 0.0191650390625 0.2725352644920349 nan
[Epoch 1067] fps step: 119143.0 fps total: 90383.6 | reward: -267.24 | ep_len: 53.7
mean value function: nan nan 0.0184326171875 0.2956841289997101 nan
[Epoch 1068] fps step: 129479.4 fps total: 95286.9 | reward: -269.51 | ep_len: 54.0
mean value function: nan nan 0.0182342529296875 0.2785239815711975 nan
[Epoch 1069] fps step: 116534.6 fps total: 89484.4 | reward: -280.55 | ep_len: 55.3
mean value function: nan nan 0.0185394287109375 0.2650131285190582 nan
[Epoch 1070] fps step: 116704.5 fps total: 90048.5 | reward: -279.62 | ep_len: 55.9
mean value function: nan nan 0.018463134765625 0.2594375014305115 nan
[Epoch 1071] fps step: 130335.8 fps total: 97925.7 | reward: -271.18 | ep_len: 54.1
mean value function: nan nan 0.0184326171875 0.2778962254524231 nan
[Epoch 1072] fps step: 118025.0 fps total: 90846.3 | reward: -270.84 | ep_len: 54.2
mean value function: nan nan 0.0188446044921875 0.28429508209228516 nan
[Epoch 1073] fps step: 122602.6 fps total: 91929.1 | reward: -271.71 | ep_len: 54.2
mean value function: nan nan 0.018402099609375 0.2825285792350769 nan
[Epoch 1074] fps step: 121829.7 fps total: 92504.4 | reward: -238.92 | ep_len: 50.6
mean value function: nan nan 0.0194091796875 0.26040905714035034 nan
[Epoch 1075] fps step: 109056.0 fps total: 84666.7 | reward: -272.06 | ep_len: 54.4
mean value function: nan nan 0.0184326171875 0.2595478892326355 nan
[Epoch 1076] fps step: 125875.2 fps total: 93539.3 | reward: -271.60 | ep_len: 54.0
mean value function: nan nan 0.01763916015625 0.24722984433174133 nan
[Epoch 1077] fps step: 104999.9 fps total: 82825.9 | reward: -266.21 | ep_len: 53.2
mean value function: nan nan 0.0187835693359375 0.25256359577178955 nan
[Epoch 1078] fps step: 117116.0 fps total: 89720.4 | reward: -258.28 | ep_len: 52.1
mean value function: nan nan 0.0189666748046875 0.2784308195114136 nan
[Epoch 1079] fps step: 126180.5 fps total: 95500.3 | reward: -283.20 | ep_len: 56.5
mean value function: nan nan 0.018463134765625 0.26225435733795166 nan
[Epoch 1080] fps step: 123644.4 fps total: 93931.1 | reward: -272.01 | ep_len: 54.6
mean value function: nan nan 0.01873779296875 0.26009607315063477 nan
[Epoch 1081] fps step: 116275.4 fps total: 90049.3 | reward: -288.21 | ep_len: 57.3
mean value function: nan nan 0.0192108154296875 0.26867803931236267 nan
[Epoch 1082] fps step: 129815.2 fps total: 97567.2 | reward: -279.39 | ep_len: 55.6
mean value function: nan nan 0.0181427001953125 0.2631189227104187 nan
[Epoch 1083] fps step: 116296.2 fps total: 89000.0 | reward: -263.32 | ep_len: 53.2
mean value function: nan nan 0.01885986328125 0.2804179787635803 nan
[Epoch 1084] fps step: 109404.4 fps total: 85434.3 | reward: -249.22 | ep_len: 51.1
mean value function: nan nan 0.0188751220703125 0.2795996069908142 nan
[Epoch 1085] fps step: 116657.1 fps total: 89848.5 | reward: -277.29 | ep_len: 54.6
mean value function: nan nan 0.0184783935546875 0.2754459083080292 nan
[Epoch 1086] fps step: 113179.2 fps total: 87476.5 | reward: -252.80 | ep_len: 51.4
mean value function: nan nan 0.01898193359375 0.3055816888809204 nan
[Epoch 1087] fps step: 128882.0 fps total: 96048.6 | reward: -281.24 | ep_len: 55.2
mean value function: nan nan 0.0190582275390625 0.3211483955383301 nan
[Epoch 1088] fps step: 112681.0 fps total: 86815.0 | reward: -246.65 | ep_len: 50.5
mean value function: nan nan 0.0182647705078125 0.2957184910774231 nan
[Epoch 1089] fps step: 110301.3 fps total: 84969.3 | reward: -271.35 | ep_len: 54.4
mean value function: nan nan 0.0194244384765625 0.3113137483596802 nan
[Epoch 1090] fps step: 99460.9 fps total: 78368.7 | reward: -278.13 | ep_len: 55.6
mean value function: nan nan 0.018280029296875 0.29065826535224915 nan
[Epoch 1091] fps step: 135963.8 fps total: 99394.7 | reward: -261.51 | ep_len: 53.1
mean value function: nan nan 0.0184326171875 0.2801070213317871 nan
[Epoch 1092] fps step: 113711.8 fps total: 86431.6 | reward: -248.28 | ep_len: 51.5
mean value function: nan nan 0.019775390625 0.29821938276290894 nan
[Epoch 1093] fps step: 116841.4 fps total: 90025.3 | reward: -265.10 | ep_len: 53.5
mean value function: nan nan 0.0179290771484375 0.28288161754608154 nan
[Epoch 1094] fps step: 120514.4 fps total: 92658.1 | reward: -240.10 | ep_len: 49.8
mean value function: nan nan 0.018402099609375 0.2537199854850769 nan
[Epoch 1095] fps step: 128678.5 fps total: 96282.5 | reward: -248.83 | ep_len: 51.9
mean value function: nan nan 0.018951416015625 0.2696605920791626 nan
[Epoch 1096] fps step: 121676.0 fps total: 92549.9 | reward: -262.46 | ep_len: 52.9
mean value function: nan nan 0.018798828125 0.22345377504825592 nan
[Epoch 1097] fps step: 119338.4 fps total: 90477.0 | reward: -292.96 | ep_len: 56.4
mean value function: nan nan 0.017913818359375 0.22419127821922302 nan
[Epoch 1098] fps step: 119286.2 fps total: 89581.8 | reward: -282.45 | ep_len: 55.8
mean value function: nan nan 0.0191650390625 0.23776838183403015 nan
[Epoch 1099] fps step: 115999.9 fps total: 88265.6 | reward: -270.79 | ep_len: 54.6
mean value function: nan nan 0.0181884765625 0.24192309379577637 nan
[Epoch 1100] fps step: 105934.7 fps total: 82359.2 | reward: -252.43 | ep_len: 51.2
=> saving checkpoint 'runs/HumanoidAMP_walk_retrain_08-19-54-45/nn/HumanoidAMP_walk_retrain_08-19-54-46_1100.pth'
mean value function: nan nan 0.0186767578125 0.260170042514801 nan
[Epoch 1101] fps step: 103758.1 fps total: 80822.7 | reward: -245.46 | ep_len: 51.1
mean value function: nan nan 0.01922607421875 0.28773343563079834 nan
[Epoch 1102] fps step: 110997.5 fps total: 85880.3 | reward: -257.08 | ep_len: 52.2
mean value function: nan nan 0.0181732177734375 0.2515273690223694 nan
[Epoch 1103] fps step: 120741.2 fps total: 90917.4 | reward: -284.94 | ep_len: 56.0
mean value function: nan nan 0.0186920166015625 0.2599264085292816 nan
[Epoch 1104] fps step: 104233.5 fps total: 81406.8 | reward: -263.74 | ep_len: 53.0
mean value function: nan nan 0.018585205078125 0.2487305998802185 nan
[Epoch 1105] fps step: 120213.8 fps total: 91237.5 | reward: -278.83 | ep_len: 55.5
mean value function: nan nan 0.019439697265625 0.23139721155166626 nan
[Epoch 1106] fps step: 120216.5 fps total: 91573.0 | reward: -255.79 | ep_len: 52.4
mean value function: nan nan 0.0185394287109375 0.21270832419395447 nan
[Epoch 1107] fps step: 132733.0 fps total: 99702.1 | reward: -262.55 | ep_len: 53.8
mean value function: nan nan 0.018585205078125 0.20879507064819336 nan
[Epoch 1108] fps step: 129683.2 fps total: 97515.3 | reward: -264.92 | ep_len: 53.8
mean value function: nan nan 0.0185394287109375 0.23223310708999634 nan
[Epoch 1109] fps step: 102915.7 fps total: 79507.6 | reward: -248.86 | ep_len: 51.4
mean value function: nan nan 0.01885986328125 0.2426244169473648 nan
[Epoch 1110] fps step: 117351.7 fps total: 89936.9 | reward: -259.64 | ep_len: 52.8
mean value function: nan nan 0.0180206298828125 0.24980373680591583 nan
[Epoch 1111] fps step: 113858.7 fps total: 87858.7 | reward: -272.47 | ep_len: 54.5
mean value function: nan nan 0.01953125 0.26321685314178467 nan
[Epoch 1112] fps step: 133608.6 fps total: 97738.1 | reward: -260.92 | ep_len: 53.5
mean value function: nan nan 0.018951416015625 0.25238096714019775 nan
[Epoch 1113] fps step: 133814.2 fps total: 100282.0 | reward: -261.77 | ep_len: 52.6
mean value function: nan nan 0.0184478759765625 0.2601518929004669 nan
[Epoch 1114] fps step: 118896.3 fps total: 89956.6 | reward: -261.66 | ep_len: 52.5
mean value function: nan nan 0.0187225341796875 0.2603722810745239 nan
[Epoch 1115] fps step: 114915.3 fps total: 88254.2 | reward: -238.30 | ep_len: 50.0
mean value function: nan nan 0.018524169921875 0.28258681297302246 nan
[Epoch 1116] fps step: 117673.9 fps total: 89967.5 | reward: -284.21 | ep_len: 56.3
mean value function: nan nan 0.0179595947265625 0.2922658324241638 nan
[Epoch 1117] fps step: 115846.4 fps total: 87498.7 | reward: -248.04 | ep_len: 51.1
mean value function: nan nan 0.0191802978515625 0.2814769744873047 nan
[Epoch 1118] fps step: 99917.3 fps total: 79286.0 | reward: -291.32 | ep_len: 56.8
mean value function: nan nan 0.0185699462890625 0.29439249634742737 nan
[Epoch 1119] fps step: 129578.8 fps total: 97313.7 | reward: -272.74 | ep_len: 54.3
mean value function: nan nan 0.0178680419921875 0.279968798160553 nan
[Epoch 1120] fps step: 132825.8 fps total: 98599.3 | reward: -251.49 | ep_len: 50.5
mean value function: nan nan 0.0187530517578125 0.285258412361145 nan
[Epoch 1121] fps step: 118476.1 fps total: 89618.9 | reward: -272.35 | ep_len: 54.5
mean value function: nan nan 0.018218994140625 0.2852082848548889 nan
[Epoch 1122] fps step: 128096.7 fps total: 96091.9 | reward: -265.80 | ep_len: 53.3
mean value function: nan nan 0.0182952880859375 0.28424423933029175 nan
[Epoch 1123] fps step: 115894.6 fps total: 89158.4 | reward: -264.57 | ep_len: 53.3
mean value function: nan nan 0.019287109375 0.26949065923690796 nan
[Epoch 1124] fps step: 121484.9 fps total: 90605.8 | reward: -285.90 | ep_len: 55.4
mean value function: nan nan 0.0186004638671875 0.23846258223056793 nan
[Epoch 1125] fps step: 109131.6 fps total: 83570.8 | reward: -278.46 | ep_len: 55.1
mean value function: nan nan 0.01837158203125 0.22786380350589752 nan
[Epoch 1126] fps step: 111923.9 fps total: 87029.8 | reward: -296.33 | ep_len: 57.4
mean value function: nan nan 0.0185394287109375 0.23585982620716095 nan
[Epoch 1127] fps step: 105230.0 fps total: 82235.3 | reward: -255.84 | ep_len: 52.2
mean value function: nan nan 0.0193023681640625 0.2514275312423706 nan
[Epoch 1128] fps step: 121545.6 fps total: 92335.1 | reward: -277.97 | ep_len: 54.7
mean value function: nan nan 0.0184326171875 0.254846453666687 nan
[Epoch 1129] fps step: 121606.7 fps total: 89723.4 | reward: -250.48 | ep_len: 51.3
mean value function: nan nan 0.0187835693359375 0.2505303919315338 nan
[Epoch 1130] fps step: 117380.5 fps total: 88448.7 | reward: -278.28 | ep_len: 54.6
mean value function: nan nan 0.0189971923828125 0.27855607867240906 nan
[Epoch 1131] fps step: 115902.3 fps total: 88460.8 | reward: -252.38 | ep_len: 51.8
mean value function: nan nan 0.01861572265625 0.2671491205692291 nan
[Epoch 1132] fps step: 117880.3 fps total: 89265.8 | reward: -259.74 | ep_len: 52.7
mean value function: nan nan 0.018646240234375 0.2424532175064087 nan
[Epoch 1133] fps step: 126937.7 fps total: 95733.8 | reward: -240.06 | ep_len: 50.0
mean value function: nan nan 0.018157958984375 0.2649953365325928 nan
[Epoch 1134] fps step: 113005.4 fps total: 86685.6 | reward: -268.09 | ep_len: 54.2
mean value function: nan nan 0.01885986328125 0.2694776952266693 nan
[Epoch 1135] fps step: 119579.3 fps total: 91188.2 | reward: -277.75 | ep_len: 55.4
mean value function: nan nan 0.018402099609375 0.2754219174385071 nan
[Epoch 1136] fps step: 94428.9 fps total: 75424.2 | reward: -285.88 | ep_len: 56.2
mean value function: nan nan 0.0198516845703125 0.3036440908908844 nan
[Epoch 1137] fps step: 107521.0 fps total: 82099.0 | reward: -259.92 | ep_len: 52.7
mean value function: nan nan 0.018280029296875 0.304097056388855 nan
[Epoch 1138] fps step: 112390.5 fps total: 84977.1 | reward: -299.87 | ep_len: 57.6
mean value function: nan nan 0.0187225341796875 0.30766093730926514 nan
[Epoch 1139] fps step: 107547.7 fps total: 83648.6 | reward: -268.42 | ep_len: 54.1
mean value function: nan nan 0.0189208984375 0.3091358244419098 nan
[Epoch 1140] fps step: 100914.4 fps total: 78387.6 | reward: -243.97 | ep_len: 50.0
mean value function: nan nan 0.018707275390625 0.28159594535827637 nan
[Epoch 1141] fps step: 91862.5 fps total: 73377.2 | reward: -266.77 | ep_len: 53.4
mean value function: nan nan 0.01812744140625 0.2861301302909851 nan
[Epoch 1142] fps step: 89975.3 fps total: 72117.4 | reward: -253.40 | ep_len: 52.0
mean value function: nan nan 0.0190582275390625 0.27288782596588135 nan
[Epoch 1143] fps step: 110065.1 fps total: 84055.1 | reward: -228.77 | ep_len: 48.5
mean value function: nan nan 0.0184326171875 0.29039859771728516 nan
[Epoch 1144] fps step: 122257.7 fps total: 91936.1 | reward: -257.31 | ep_len: 51.9
mean value function: nan nan 0.0188751220703125 0.25273048877716064 nan
[Epoch 1145] fps step: 125039.1 fps total: 94866.2 | reward: -268.75 | ep_len: 54.2
mean value function: nan nan 0.0187530517578125 0.26437243819236755 nan
[Epoch 1146] fps step: 104294.9 fps total: 82127.4 | reward: -244.43 | ep_len: 50.9
mean value function: nan nan 0.0184173583984375 0.22643963992595673 nan
[Epoch 1147] fps step: 135075.0 fps total: 100030.0 | reward: -266.77 | ep_len: 53.2
mean value function: nan nan 0.0187835693359375 0.23949114978313446 nan
[Epoch 1148] fps step: 135704.1 fps total: 99958.0 | reward: -264.29 | ep_len: 53.7
mean value function: nan nan 0.0184783935546875 0.2481965869665146 nan
[Epoch 1149] fps step: 120771.0 fps total: 89258.9 | reward: -270.66 | ep_len: 53.7
mean value function: nan nan 0.0190887451171875 0.2500680983066559 nan
[Epoch 1150] fps step: 112190.6 fps total: 86177.7 | reward: -260.27 | ep_len: 53.2
=> saving checkpoint 'runs/HumanoidAMP_walk_retrain_08-19-54-45/nn/HumanoidAMP_walk_retrain_08-19-54-46_1150.pth'
mean value function: nan nan 0.01837158203125 0.23343908786773682 nan
[Epoch 1151] fps step: 97006.1 fps total: 77276.8 | reward: -258.32 | ep_len: 52.3
mean value function: nan nan 0.0186004638671875 0.23564893007278442 nan
[Epoch 1152] fps step: 121642.7 fps total: 92633.9 | reward: -251.43 | ep_len: 51.1
mean value function: nan nan 0.0187530517578125 0.25960445404052734 nan
[Epoch 1153] fps step: 110851.8 fps total: 83876.4 | reward: -283.75 | ep_len: 56.7
mean value function: nan nan 0.0190887451171875 0.2780523896217346 nan
[Epoch 1154] fps step: 102775.4 fps total: 80698.6 | reward: -278.75 | ep_len: 55.7
mean value function: nan nan 0.019134521484375 0.2713995575904846 nan
[Epoch 1155] fps step: 120349.9 fps total: 91271.5 | reward: -274.89 | ep_len: 55.0
mean value function: nan nan 0.0185699462890625 0.26882797479629517 nan
[Epoch 1156] fps step: 95429.2 fps total: 76161.5 | reward: -264.55 | ep_len: 52.7
mean value function: nan nan 0.0185546875 0.2531747817993164 nan
[Epoch 1157] fps step: 106785.0 fps total: 83860.7 | reward: -284.10 | ep_len: 56.5
mean value function: nan nan 0.01873779296875 0.25844502449035645 nan
[Epoch 1158] fps step: 108444.4 fps total: 84446.3 | reward: -266.77 | ep_len: 53.8
mean value function: nan nan 0.018707275390625 0.28008365631103516 nan
[Epoch 1159] fps step: 120174.3 fps total: 89970.0 | reward: -239.13 | ep_len: 49.7
mean value function: nan nan 0.0182342529296875 0.2739013731479645 nan
[Epoch 1160] fps step: 123718.2 fps total: 93914.8 | reward: -258.52 | ep_len: 52.6
mean value function: nan nan 0.0193939208984375 0.2623327374458313 nan
[Epoch 1161] fps step: 118760.4 fps total: 90263.3 | reward: -265.34 | ep_len: 53.7
mean value function: nan nan 0.0186309814453125 0.2719188332557678 nan
[Epoch 1162] fps step: 98577.2 fps total: 78200.9 | reward: -291.85 | ep_len: 56.8
mean value function: nan nan 0.0191802978515625 0.29431718587875366 nan
[Epoch 1163] fps step: 113831.0 fps total: 88116.6 | reward: -271.99 | ep_len: 53.8
mean value function: nan nan 0.018707275390625 0.3102394938468933 nan
[Epoch 1164] fps step: 107139.2 fps total: 83904.8 | reward: -271.75 | ep_len: 54.2
mean value function: nan nan 0.0187530517578125 0.32753318548202515 nan
[Epoch 1165] fps step: 144594.7 fps total: 104629.5 | reward: -259.20 | ep_len: 52.6
mean value function: nan nan 0.0186920166015625 0.34108635783195496 nan
[Epoch 1166] fps step: 144632.6 fps total: 106207.8 | reward: -255.33 | ep_len: 52.0
mean value function: nan nan 0.0189361572265625 0.3127707839012146 nan
[Epoch 1167] fps step: 110301.1 fps total: 85423.2 | reward: -252.30 | ep_len: 51.1
mean value function: nan nan 0.0182037353515625 0.2647114396095276 nan
[Epoch 1168] fps step: 128480.9 fps total: 97249.8 | reward: -256.37 | ep_len: 52.7
mean value function: nan nan 0.018798828125 0.26274436712265015 nan
[Epoch 1169] fps step: 124116.5 fps total: 92696.6 | reward: -272.17 | ep_len: 54.9
mean value function: nan nan 0.0186614990234375 0.26698893308639526 nan
[Epoch 1170] fps step: 120033.1 fps total: 91362.9 | reward: -266.47 | ep_len: 53.4
mean value function: nan nan 0.019073486328125 0.28023064136505127 nan
[Epoch 1171] fps step: 138267.2 fps total: 102986.7 | reward: -268.29 | ep_len: 53.4
mean value function: nan nan 0.0185089111328125 0.2831990420818329 nan
[Epoch 1172] fps step: 118742.5 fps total: 90229.7 | reward: -263.10 | ep_len: 52.5
mean value function: nan nan 0.0186614990234375 0.25835394859313965 nan
[Epoch 1173] fps step: 108137.6 fps total: 83310.2 | reward: -275.26 | ep_len: 54.6
mean value function: nan nan 0.0184173583984375 0.2590946555137634 nan
[Epoch 1174] fps step: 110581.4 fps total: 85446.7 | reward: -265.03 | ep_len: 54.2
mean value function: nan nan 0.019317626953125 0.25471651554107666 nan
[Epoch 1175] fps step: 129583.8 fps total: 96464.0 | reward: -277.71 | ep_len: 54.9
mean value function: nan nan 0.0178985595703125 0.2321433573961258 nan
[Epoch 1176] fps step: 132463.6 fps total: 98698.4 | reward: -268.27 | ep_len: 53.7
mean value function: nan nan 0.0182037353515625 0.22651135921478271 nan
[Epoch 1177] fps step: 132900.0 fps total: 97376.3 | reward: -283.26 | ep_len: 55.9
mean value function: nan nan 0.0200347900390625 0.2376440167427063 nan
[Epoch 1178] fps step: 122518.8 fps total: 93202.3 | reward: -274.66 | ep_len: 54.4
mean value function: nan nan 0.0174102783203125 0.20372113585472107 nan
[Epoch 1179] fps step: 119756.1 fps total: 91682.3 | reward: -252.40 | ep_len: 51.8
mean value function: nan nan 0.0194091796875 0.22775104641914368 nan
[Epoch 1180] fps step: 114017.6 fps total: 88281.9 | reward: -252.48 | ep_len: 52.2
mean value function: nan nan 0.0185089111328125 0.21922284364700317 nan
[Epoch 1181] fps step: 125043.1 fps total: 94163.6 | reward: -285.41 | ep_len: 56.0
mean value function: nan nan 0.0185546875 0.22895941138267517 nan
[Epoch 1182] fps step: 134875.5 fps total: 97447.3 | reward: -281.98 | ep_len: 55.2
mean value function: nan nan 0.018646240234375 0.229665607213974 nan
[Epoch 1183] fps step: 104602.6 fps total: 80031.2 | reward: -261.85 | ep_len: 53.1
mean value function: nan nan 0.0189971923828125 0.25263512134552 nan
[Epoch 1184] fps step: 106406.8 fps total: 81886.9 | reward: -251.81 | ep_len: 51.7
mean value function: nan nan 0.0181427001953125 0.2554038166999817 nan
[Epoch 1185] fps step: 112168.4 fps total: 84896.8 | reward: -264.86 | ep_len: 53.2
mean value function: nan nan 0.018341064453125 0.25372645258903503 nan
[Epoch 1186] fps step: 103462.4 fps total: 81636.3 | reward: -261.90 | ep_len: 53.5
mean value function: nan nan 0.0202178955078125 0.275716632604599 nan
[Epoch 1187] fps step: 106693.6 fps total: 83080.1 | reward: -292.43 | ep_len: 56.3
mean value function: nan nan 0.0177459716796875 0.28326135873794556 nan
[Epoch 1188] fps step: 136735.5 fps total: 100436.6 | reward: -264.40 | ep_len: 53.2
mean value function: nan nan 0.0191802978515625 0.284295916557312 nan
[Epoch 1189] fps step: 119097.4 fps total: 89060.2 | reward: -247.90 | ep_len: 51.1
mean value function: nan nan 0.018585205078125 0.2899346351623535 nan
[Epoch 1190] fps step: 125766.0 fps total: 93703.8 | reward: -261.07 | ep_len: 51.9
mean value function: nan nan 0.01861572265625 0.2740515172481537 nan
[Epoch 1191] fps step: 98880.0 fps total: 77160.5 | reward: -248.63 | ep_len: 51.6
mean value function: nan nan 0.0185546875 0.28507405519485474 nan
[Epoch 1192] fps step: 120563.2 fps total: 88965.5 | reward: -265.70 | ep_len: 53.1
mean value function: nan nan 0.0186309814453125 0.28081756830215454 nan
[Epoch 1193] fps step: 101875.1 fps total: 80052.4 | reward: -269.70 | ep_len: 54.6
mean value function: nan nan 0.0186767578125 0.28861701488494873 nan
[Epoch 1194] fps step: 128187.1 fps total: 95779.1 | reward: -263.64 | ep_len: 52.5
mean value function: nan nan 0.0189971923828125 0.29412195086479187 nan
[Epoch 1195] fps step: 100376.6 fps total: 77294.9 | reward: -250.15 | ep_len: 51.2
mean value function: nan nan 0.01885986328125 0.2916329503059387 nan
[Epoch 1196] fps step: 129291.9 fps total: 95520.4 | reward: -275.68 | ep_len: 54.9
mean value function: nan nan 0.01922607421875 0.3089689314365387 nan
[Epoch 1197] fps step: 103027.3 fps total: 79747.3 | reward: -266.29 | ep_len: 54.3
mean value function: nan nan 0.0182342529296875 0.3066718280315399 nan
[Epoch 1198] fps step: 113998.9 fps total: 88193.9 | reward: -264.38 | ep_len: 53.4
mean value function: nan nan 0.018402099609375 0.2886541187763214 nan
[Epoch 1199] fps step: 127322.5 fps total: 94314.0 | reward: -249.45 | ep_len: 50.9
mean value function: nan nan 0.0187530517578125 0.2868615388870239 nan
[Epoch 1200] fps step: 112072.3 fps total: 86191.7 | reward: -264.15 | ep_len: 52.9
=> saving checkpoint 'runs/HumanoidAMP_walk_retrain_08-19-54-45/nn/HumanoidAMP_walk_retrain_08-19-54-46_1200.pth'
mean value function: nan nan 0.019134521484375 0.2942059636116028 nan
[Epoch 1201] fps step: 125524.4 fps total: 93278.8 | reward: -283.09 | ep_len: 56.4
mean value function: nan nan 0.01776123046875 0.25796765089035034 nan
[Epoch 1202] fps step: 116543.1 fps total: 90421.3 | reward: -269.24 | ep_len: 53.5
mean value function: nan nan 0.0187530517578125 0.25520631670951843 nan
[Epoch 1203] fps step: 114453.4 fps total: 87429.0 | reward: -250.94 | ep_len: 52.4
mean value function: nan nan 0.018585205078125 0.2678687572479248 nan
[Epoch 1204] fps step: 103491.3 fps total: 80780.5 | reward: -253.39 | ep_len: 51.7
mean value function: nan nan 0.018310546875 0.25795671343803406 nan
[Epoch 1205] fps step: 109028.8 fps total: 85429.6 | reward: -270.09 | ep_len: 53.9
mean value function: nan nan 0.019256591796875 0.26532477140426636 nan
[Epoch 1206] fps step: 117149.6 fps total: 89552.7 | reward: -281.82 | ep_len: 55.1
mean value function: nan nan 0.018524169921875 0.24738195538520813 nan
[Epoch 1207] fps step: 113510.4 fps total: 85943.8 | reward: -278.61 | ep_len: 55.3
mean value function: nan nan 0.0182952880859375 0.2612636387348175 nan
[Epoch 1208] fps step: 116861.7 fps total: 88133.0 | reward: -273.84 | ep_len: 54.7
mean value function: nan nan 0.0188140869140625 0.27596402168273926 nan
[Epoch 1209] fps step: 107078.1 fps total: 82686.6 | reward: -278.09 | ep_len: 54.5
mean value function: nan nan 0.019805908203125 0.309434711933136 nan
[Epoch 1210] fps step: 117166.5 fps total: 89047.3 | reward: -277.22 | ep_len: 54.6
mean value function: nan nan 0.018096923828125 0.2998286187648773 nan
[Epoch 1211] fps step: 116285.2 fps total: 89519.9 | reward: -257.23 | ep_len: 52.4
mean value function: nan nan 0.0186309814453125 0.29719221591949463 nan
[Epoch 1212] fps step: 115817.6 fps total: 87327.5 | reward: -267.78 | ep_len: 53.6
mean value function: nan nan 0.0195770263671875 0.33671340346336365 nan
[Epoch 1213] fps step: 121881.7 fps total: 92204.8 | reward: -285.73 | ep_len: 56.5
mean value function: nan nan 0.0186309814453125 0.30102330446243286 nan
[Epoch 1214] fps step: 119290.3 fps total: 91077.5 | reward: -274.92 | ep_len: 54.3
mean value function: nan nan 0.01861572265625 0.2979314923286438 nan
[Epoch 1215] fps step: 127468.8 fps total: 96301.9 | reward: -264.80 | ep_len: 53.5
mean value function: nan nan 0.0187835693359375 0.2831804156303406 nan
[Epoch 1216] fps step: 124786.3 fps total: 94116.8 | reward: -269.06 | ep_len: 53.9
mean value function: nan nan 0.0189056396484375 0.2737790644168854 nan
[Epoch 1217] fps step: 116210.6 fps total: 86422.8 | reward: -254.45 | ep_len: 51.6
mean value function: nan nan 0.01885986328125 0.2704162895679474 nan
[Epoch 1218] fps step: 128651.5 fps total: 97199.2 | reward: -256.27 | ep_len: 52.5
mean value function: nan nan 0.018341064453125 0.2600746750831604 nan
[Epoch 1219] fps step: 128920.5 fps total: 96535.4 | reward: -263.34 | ep_len: 53.0
mean value function: nan nan 0.0189208984375 0.2559586763381958 nan
[Epoch 1220] fps step: 123069.1 fps total: 91709.1 | reward: -264.60 | ep_len: 53.4
mean value function: nan nan 0.018798828125 0.28026309609413147 nan
[Epoch 1221] fps step: 105162.6 fps total: 81129.1 | reward: -268.13 | ep_len: 54.0
mean value function: nan nan 0.0191650390625 0.30187124013900757 nan
[Epoch 1222] fps step: 115395.9 fps total: 89265.3 | reward: -284.32 | ep_len: 55.5
mean value function: nan nan 0.01800537109375 0.29324978590011597 nan
[Epoch 1223] fps step: 111380.6 fps total: 86140.2 | reward: -266.94 | ep_len: 52.9
mean value function: nan nan 0.01904296875 0.31076779961586 nan
[Epoch 1224] fps step: 100945.9 fps total: 80087.2 | reward: -262.17 | ep_len: 53.0
mean value function: nan nan 0.01910400390625 0.3104480504989624 nan
[Epoch 1225] fps step: 123469.8 fps total: 92646.8 | reward: -233.66 | ep_len: 49.0
mean value function: nan nan 0.018310546875 0.2788732349872589 nan
[Epoch 1226] fps step: 121235.3 fps total: 90964.8 | reward: -270.31 | ep_len: 54.4
mean value function: nan nan 0.0188140869140625 0.28298693895339966 nan
[Epoch 1227] fps step: 95361.8 fps total: 75496.0 | reward: -271.97 | ep_len: 54.3
mean value function: nan nan 0.0189208984375 0.26600372791290283 nan
[Epoch 1228] fps step: 111274.7 fps total: 86631.3 | reward: -252.45 | ep_len: 51.7
mean value function: nan nan 0.01812744140625 0.2551195025444031 nan
[Epoch 1229] fps step: 120478.7 fps total: 92408.3 | reward: -272.67 | ep_len: 54.2
mean value function: nan nan 0.019866943359375 0.27073249220848083 nan
[Epoch 1230] fps step: 135586.0 fps total: 98654.5 | reward: -249.89 | ep_len: 51.0
mean value function: nan nan 0.0187835693359375 0.24489068984985352 nan
[Epoch 1231] fps step: 113597.3 fps total: 86226.8 | reward: -262.12 | ep_len: 53.9
mean value function: nan nan 0.0179290771484375 0.24216878414154053 nan
[Epoch 1232] fps step: 121037.3 fps total: 92633.8 | reward: -251.09 | ep_len: 52.0
mean value function: nan nan 0.019744873046875 0.26949650049209595 nan
[Epoch 1233] fps step: 117828.1 fps total: 89461.8 | reward: -251.72 | ep_len: 52.2
mean value function: nan nan 0.018157958984375 0.30488282442092896 nan
[Epoch 1234] fps step: 109054.6 fps total: 84915.8 | reward: -257.31 | ep_len: 52.0
mean value function: nan nan 0.0188140869140625 0.28992703557014465 nan
[Epoch 1235] fps step: 129748.3 fps total: 97059.1 | reward: -257.61 | ep_len: 52.2
mean value function: nan nan 0.01861572265625 0.28954875469207764 nan
[Epoch 1236] fps step: 112857.0 fps total: 86378.4 | reward: -258.97 | ep_len: 53.0
mean value function: nan nan 0.01885986328125 0.2995563745498657 nan
[Epoch 1237] fps step: 109218.1 fps total: 85651.3 | reward: -266.84 | ep_len: 53.1
mean value function: nan nan 0.019134521484375 0.31338950991630554 nan
[Epoch 1238] fps step: 121580.9 fps total: 92151.0 | reward: -280.21 | ep_len: 55.9
mean value function: nan nan 0.0186767578125 0.30301162600517273 nan
[Epoch 1239] fps step: 118009.5 fps total: 89240.9 | reward: -269.78 | ep_len: 53.7
mean value function: nan nan 0.01849365234375 0.292879194021225 nan
[Epoch 1240] fps step: 109261.9 fps total: 84107.4 | reward: -278.87 | ep_len: 54.7
mean value function: nan nan 0.0188446044921875 0.28907960653305054 nan
[Epoch 1241] fps step: 98036.0 fps total: 75253.4 | reward: -265.29 | ep_len: 53.6
mean value function: nan nan 0.0185089111328125 0.2713882327079773 nan
[Epoch 1242] fps step: 105036.4 fps total: 82237.5 | reward: -273.42 | ep_len: 55.6
mean value function: nan nan 0.018890380859375 0.26377785205841064 nan
[Epoch 1243] fps step: 110729.7 fps total: 85036.6 | reward: -275.40 | ep_len: 54.4
mean value function: nan nan 0.0181732177734375 0.24775871634483337 nan
[Epoch 1244] fps step: 117843.7 fps total: 89557.6 | reward: -276.79 | ep_len: 54.4
mean value function: nan nan 0.0185394287109375 0.24535511434078217 nan
[Epoch 1245] fps step: 112157.8 fps total: 86866.1 | reward: -275.91 | ep_len: 54.5
mean value function: nan nan 0.0189361572265625 0.24388499557971954 nan
[Epoch 1246] fps step: 121691.6 fps total: 91865.5 | reward: -262.03 | ep_len: 53.6
mean value function: nan nan 0.0185089111328125 0.2429560273885727 nan
[Epoch 1247] fps step: 133065.7 fps total: 97161.5 | reward: -264.25 | ep_len: 53.7
mean value function: nan nan 0.01910400390625 0.2457810938358307 nan
[Epoch 1248] fps step: 104090.0 fps total: 78693.1 | reward: -269.70 | ep_len: 53.5
mean value function: nan nan 0.0181121826171875 0.24889399111270905 nan
[Epoch 1249] fps step: 101241.3 fps total: 78909.8 | reward: -269.79 | ep_len: 54.0
mean value function: nan nan 0.01904296875 0.2687762677669525 nan
[Epoch 1250] fps step: 124428.5 fps total: 94257.8 | reward: -264.10 | ep_len: 53.4
=> saving checkpoint 'runs/HumanoidAMP_walk_retrain_08-19-54-45/nn/HumanoidAMP_walk_retrain_08-19-54-46_1250.pth'
mean value function: nan nan 0.0191497802734375 0.26574307680130005 nan
[Epoch 1251] fps step: 124229.2 fps total: 93363.4 | reward: -262.99 | ep_len: 52.9
mean value function: nan nan 0.0190582275390625 0.26442378759384155 nan
[Epoch 1252] fps step: 117567.5 fps total: 89943.1 | reward: -261.05 | ep_len: 52.1
mean value function: nan nan 0.01849365234375 0.2652727961540222 nan
[Epoch 1253] fps step: 105537.3 fps total: 80933.4 | reward: -277.20 | ep_len: 54.9
mean value function: nan nan 0.01849365234375 0.26656848192214966 nan
[Epoch 1254] fps step: 106727.6 fps total: 83810.6 | reward: -251.21 | ep_len: 51.6
mean value function: nan nan 0.018768310546875 0.26699697971343994 nan
[Epoch 1255] fps step: 126221.3 fps total: 95912.0 | reward: -265.24 | ep_len: 53.5
mean value function: nan nan 0.0189361572265625 0.2953835129737854 nan
[Epoch 1256] fps step: 129018.6 fps total: 95951.7 | reward: -255.31 | ep_len: 52.1
mean value function: nan nan 0.0186004638671875 0.28179115056991577 nan
[Epoch 1257] fps step: 117493.2 fps total: 89194.1 | reward: -257.59 | ep_len: 52.1
mean value function: nan nan 0.0183868408203125 0.3021814227104187 nan
[Epoch 1258] fps step: 101394.7 fps total: 79369.4 | reward: -253.22 | ep_len: 51.6
mean value function: nan nan 0.019317626953125 0.30014070868492126 nan
[Epoch 1259] fps step: 127445.2 fps total: 96193.0 | reward: -261.53 | ep_len: 52.9
mean value function: nan nan 0.01824951171875 0.28480276465415955 nan
[Epoch 1260] fps step: 127763.6 fps total: 94127.5 | reward: -257.33 | ep_len: 51.8
mean value function: nan nan 0.0184326171875 0.2809048593044281 nan
[Epoch 1261] fps step: 116677.9 fps total: 87580.5 | reward: -261.28 | ep_len: 52.7
mean value function: nan nan 0.0191497802734375 0.2710094451904297 nan
[Epoch 1262] fps step: 116704.6 fps total: 88742.9 | reward: -270.64 | ep_len: 54.9
mean value function: nan nan 0.0178680419921875 0.2638508975505829 nan
[Epoch 1263] fps step: 109457.2 fps total: 84371.2 | reward: -259.59 | ep_len: 52.1
mean value function: nan nan 0.0187225341796875 0.2765355706214905 nan
[Epoch 1264] fps step: 107055.8 fps total: 84165.6 | reward: -254.69 | ep_len: 51.9
mean value function: nan nan 0.018707275390625 0.2885589599609375 nan
[Epoch 1265] fps step: 112503.2 fps total: 82681.2 | reward: -281.21 | ep_len: 55.3
mean value function: nan nan 0.0188140869140625 0.3055479824542999 nan
[Epoch 1266] fps step: 122944.0 fps total: 93278.6 | reward: -261.97 | ep_len: 52.8
mean value function: nan nan 0.0194854736328125 0.3123708665370941 nan
[Epoch 1267] fps step: 105851.5 fps total: 83246.2 | reward: -261.76 | ep_len: 53.7
mean value function: nan nan 0.0189208984375 0.3196929693222046 nan
[Epoch 1268] fps step: 118050.7 fps total: 89196.1 | reward: -269.08 | ep_len: 54.1
mean value function: nan nan 0.018585205078125 0.2863925099372864 nan
[Epoch 1269] fps step: 123561.3 fps total: 94179.4 | reward: -263.25 | ep_len: 53.8
mean value function: nan nan 0.018035888671875 0.2752895951271057 nan
[Epoch 1270] fps step: 132437.9 fps total: 96593.0 | reward: -269.47 | ep_len: 54.0
mean value function: nan nan 0.0189361572265625 0.2947385609149933 nan
[Epoch 1271] fps step: 110352.9 fps total: 85938.7 | reward: -268.70 | ep_len: 54.3
mean value function: nan nan 0.018310546875 0.2833065688610077 nan
[Epoch 1272] fps step: 116619.5 fps total: 89660.5 | reward: -274.26 | ep_len: 54.1
mean value function: nan nan 0.0182037353515625 0.2746054530143738 nan
[Epoch 1273] fps step: 107910.4 fps total: 84733.9 | reward: -267.97 | ep_len: 54.3
mean value function: nan nan 0.0186309814453125 0.2716512978076935 nan
[Epoch 1274] fps step: 114206.3 fps total: 88281.9 | reward: -259.09 | ep_len: 52.1
mean value function: nan nan 0.0189361572265625 0.2602424621582031 nan
[Epoch 1275] fps step: 117328.7 fps total: 89053.7 | reward: -285.42 | ep_len: 55.9
mean value function: nan nan 0.0190582275390625 0.2712376117706299 nan
[Epoch 1276] fps step: 123443.7 fps total: 92598.7 | reward: -247.44 | ep_len: 51.0
mean value function: nan nan 0.0176849365234375 0.2652326226234436 nan
[Epoch 1277] fps step: 120908.5 fps total: 91998.4 | reward: -270.50 | ep_len: 54.9
mean value function: nan nan 0.0187835693359375 0.275174617767334 nan
[Epoch 1278] fps step: 133176.9 fps total: 98608.5 | reward: -280.25 | ep_len: 54.9
mean value function: nan nan 0.0186614990234375 0.27436619997024536 nan
[Epoch 1279] fps step: 114663.8 fps total: 87486.5 | reward: -257.58 | ep_len: 53.3
mean value function: nan nan 0.0187530517578125 0.2923155426979065 nan
[Epoch 1280] fps step: 137925.8 fps total: 100967.7 | reward: -281.71 | ep_len: 55.4
mean value function: nan nan 0.01861572265625 0.2815762162208557 nan
[Epoch 1281] fps step: 128570.4 fps total: 95632.7 | reward: -275.87 | ep_len: 54.2
mean value function: nan nan 0.0185546875 0.2839905023574829 nan
[Epoch 1282] fps step: 135644.8 fps total: 101553.6 | reward: -253.14 | ep_len: 52.1
mean value function: nan nan 0.01898193359375 0.28285878896713257 nan
[Epoch 1283] fps step: 128470.3 fps total: 96714.2 | reward: -274.20 | ep_len: 55.3
mean value function: nan nan 0.018951416015625 0.2846732437610626 nan
[Epoch 1284] fps step: 114281.4 fps total: 88376.5 | reward: -274.39 | ep_len: 53.8
mean value function: nan nan 0.0188751220703125 0.28414690494537354 nan
[Epoch 1285] fps step: 118281.6 fps total: 90089.0 | reward: -243.01 | ep_len: 50.9
mean value function: nan nan 0.0179443359375 0.26552054286003113 nan
[Epoch 1286] fps step: 136656.9 fps total: 100999.2 | reward: -266.29 | ep_len: 54.1
mean value function: nan nan 0.019134521484375 0.2653194069862366 nan
[Epoch 1287] fps step: 126372.6 fps total: 93497.6 | reward: -264.91 | ep_len: 53.5
mean value function: nan nan 0.019012451171875 0.270358681678772 nan
[Epoch 1288] fps step: 100802.7 fps total: 79057.5 | reward: -270.48 | ep_len: 53.8
mean value function: nan nan 0.018707275390625 0.28091633319854736 nan
[Epoch 1289] fps step: 135686.5 fps total: 99713.2 | reward: -265.05 | ep_len: 52.7
mean value function: nan nan 0.018951416015625 0.2894328236579895 nan
[Epoch 1290] fps step: 125804.8 fps total: 94547.8 | reward: -268.21 | ep_len: 54.1
mean value function: nan nan 0.0181732177734375 0.29435959458351135 nan
[Epoch 1291] fps step: 120581.3 fps total: 91332.9 | reward: -263.58 | ep_len: 54.2
mean value function: nan nan 0.0187835693359375 0.305626779794693 nan
[Epoch 1292] fps step: 131628.5 fps total: 95960.7 | reward: -265.44 | ep_len: 53.5
mean value function: nan nan 0.018524169921875 0.31092554330825806 nan
[Epoch 1293] fps step: 119216.3 fps total: 90756.8 | reward: -272.73 | ep_len: 54.3
mean value function: nan nan 0.0182952880859375 0.3076755404472351 nan
[Epoch 1294] fps step: 102835.9 fps total: 78905.0 | reward: -272.06 | ep_len: 54.3
mean value function: nan nan 0.0186614990234375 0.3085387945175171 nan
[Epoch 1295] fps step: 90149.1 fps total: 71448.2 | reward: -277.97 | ep_len: 55.4
mean value function: nan nan 0.0189208984375 0.3111780285835266 nan
[Epoch 1296] fps step: 107118.5 fps total: 82611.5 | reward: -292.66 | ep_len: 57.0
mean value function: nan nan 0.018707275390625 0.31167757511138916 nan
[Epoch 1297] fps step: 100085.8 fps total: 76543.5 | reward: -262.70 | ep_len: 53.6
mean value function: nan nan 0.0183868408203125 0.2896689772605896 nan
[Epoch 1298] fps step: 118117.0 fps total: 89790.1 | reward: -255.02 | ep_len: 52.2
mean value function: nan nan 0.0185394287109375 0.2775033414363861 nan
[Epoch 1299] fps step: 137135.3 fps total: 101707.2 | reward: -256.67 | ep_len: 52.5
mean value function: nan nan 0.01922607421875 0.28774580359458923 nan
[Epoch 1300] fps step: 133698.9 fps total: 99436.3 | reward: -279.98 | ep_len: 54.9
=> saving checkpoint 'runs/HumanoidAMP_walk_retrain_08-19-54-45/nn/HumanoidAMP_walk_retrain_08-19-54-46_1300.pth'
mean value function: nan nan 0.0181121826171875 0.2604891359806061 nan
[Epoch 1301] fps step: 115451.8 fps total: 88828.6 | reward: -279.52 | ep_len: 55.2
mean value function: nan nan 0.0186004638671875 0.26577943563461304 nan
[Epoch 1302] fps step: 122492.5 fps total: 91536.8 | reward: -278.17 | ep_len: 55.3
mean value function: nan nan 0.018829345703125 0.24303647875785828 nan
[Epoch 1303] fps step: 126134.4 fps total: 95223.0 | reward: -266.88 | ep_len: 53.7
mean value function: nan nan 0.0182647705078125 0.2403215616941452 nan
[Epoch 1304] fps step: 119815.2 fps total: 91401.6 | reward: -259.60 | ep_len: 52.8
mean value function: nan nan 0.0193634033203125 0.2446514070034027 nan
[Epoch 1305] fps step: 112950.9 fps total: 87901.8 | reward: -282.43 | ep_len: 56.4
mean value function: nan nan 0.0181884765625 0.2283877581357956 nan
[Epoch 1306] fps step: 118320.2 fps total: 88869.9 | reward: -281.11 | ep_len: 56.3
mean value function: nan nan 0.0190582275390625 0.25347548723220825 nan
[Epoch 1307] fps step: 116832.9 fps total: 89290.3 | reward: -258.28 | ep_len: 53.1
mean value function: nan nan 0.0190887451171875 0.25441524386405945 nan
[Epoch 1308] fps step: 113604.3 fps total: 87271.0 | reward: -271.52 | ep_len: 54.4
mean value function: nan nan 0.0185699462890625 0.26184260845184326 nan
[Epoch 1309] fps step: 120835.7 fps total: 91883.6 | reward: -260.78 | ep_len: 52.3
mean value function: nan nan 0.0189056396484375 0.25316911935806274 nan
[Epoch 1310] fps step: 115183.2 fps total: 87272.8 | reward: -277.09 | ep_len: 54.4
mean value function: nan nan 0.01837158203125 0.26233533024787903 nan
[Epoch 1311] fps step: 103765.0 fps total: 81400.0 | reward: -259.52 | ep_len: 52.6
mean value function: nan nan 0.01824951171875 0.25525814294815063 nan
[Epoch 1312] fps step: 134501.4 fps total: 98286.4 | reward: -268.70 | ep_len: 54.3
mean value function: nan nan 0.018829345703125 0.2531917691230774 nan
[Epoch 1313] fps step: 127329.2 fps total: 94315.5 | reward: -253.64 | ep_len: 52.3
mean value function: nan nan 0.018524169921875 0.2617858648300171 nan
[Epoch 1314] fps step: 128890.3 fps total: 97164.9 | reward: -274.03 | ep_len: 55.1
mean value function: nan nan 0.0187835693359375 0.244302436709404 nan
[Epoch 1315] fps step: 104008.7 fps total: 80665.3 | reward: -260.55 | ep_len: 52.7
mean value function: nan nan 0.0192718505859375 0.26399803161621094 nan
[Epoch 1316] fps step: 126174.5 fps total: 94663.5 | reward: -287.99 | ep_len: 56.4
mean value function: nan nan 0.0185546875 0.26366132497787476 nan
[Epoch 1317] fps step: 126051.2 fps total: 94875.6 | reward: -275.49 | ep_len: 53.9
mean value function: nan nan 0.0189971923828125 0.2642399072647095 nan
[Epoch 1318] fps step: 128810.2 fps total: 97190.8 | reward: -250.77 | ep_len: 52.0
mean value function: nan nan 0.018585205078125 0.26413244009017944 nan
[Epoch 1319] fps step: 108377.7 fps total: 83688.2 | reward: -278.51 | ep_len: 54.7
mean value function: nan nan 0.018890380859375 0.27740955352783203 nan
[Epoch 1320] fps step: 94249.1 fps total: 74980.9 | reward: -272.57 | ep_len: 54.3
mean value function: nan nan 0.0186309814453125 0.28058385848999023 nan
[Epoch 1321] fps step: 120750.8 fps total: 90710.9 | reward: -272.36 | ep_len: 54.7
mean value function: nan nan 0.0185394287109375 0.28265976905822754 nan
[Epoch 1322] fps step: 118160.7 fps total: 87221.2 | reward: -267.53 | ep_len: 54.0
mean value function: nan nan 0.0182037353515625 0.28739792108535767 nan
[Epoch 1323] fps step: 109008.9 fps total: 82954.7 | reward: -255.99 | ep_len: 52.5
mean value function: nan nan 0.01959228515625 0.2887609004974365 nan
[Epoch 1324] fps step: 109318.4 fps total: 84394.7 | reward: -256.18 | ep_len: 52.1
mean value function: nan nan 0.0183258056640625 0.29902416467666626 nan
[Epoch 1325] fps step: 121574.2 fps total: 92585.9 | reward: -262.50 | ep_len: 52.9
mean value function: nan nan 0.01898193359375 0.2879885137081146 nan
[Epoch 1326] fps step: 125028.3 fps total: 92153.8 | reward: -264.59 | ep_len: 53.8
mean value function: nan nan 0.0184783935546875 0.2704872488975525 nan
[Epoch 1327] fps step: 96892.1 fps total: 76691.0 | reward: -254.28 | ep_len: 52.3
mean value function: nan nan 0.0188751220703125 0.26532498002052307 nan
[Epoch 1328] fps step: 116867.0 fps total: 87099.9 | reward: -265.32 | ep_len: 53.4
mean value function: nan nan 0.0183868408203125 0.2595168352127075 nan
[Epoch 1329] fps step: 119021.1 fps total: 88893.9 | reward: -259.31 | ep_len: 52.5
mean value function: nan nan 0.0180206298828125 0.25150787830352783 nan
[Epoch 1330] fps step: 124145.7 fps total: 93548.5 | reward: -260.22 | ep_len: 52.2
mean value function: nan nan 0.0193939208984375 0.2564774453639984 nan
[Epoch 1331] fps step: 103675.9 fps total: 81363.6 | reward: -272.75 | ep_len: 54.7
mean value function: nan nan 0.0181121826171875 0.23256152868270874 nan
[Epoch 1332] fps step: 122101.4 fps total: 90639.0 | reward: -254.01 | ep_len: 52.6
mean value function: nan nan 0.0191802978515625 0.24839119613170624 nan
[Epoch 1333] fps step: 120196.4 fps total: 91975.1 | reward: -262.23 | ep_len: 53.4
mean value function: nan nan 0.0179443359375 0.23923325538635254 nan
[Epoch 1334] fps step: 123427.2 fps total: 93145.9 | reward: -283.81 | ep_len: 56.2
mean value function: nan nan 0.0194091796875 0.2533126473426819 nan
[Epoch 1335] fps step: 132113.5 fps total: 97547.5 | reward: -255.49 | ep_len: 52.0
mean value function: nan nan 0.0186614990234375 0.24800671637058258 nan
[Epoch 1336] fps step: 119815.5 fps total: 90944.3 | reward: -246.99 | ep_len: 51.4
mean value function: nan nan 0.0184326171875 0.2615889012813568 nan
[Epoch 1337] fps step: 108069.7 fps total: 81837.0 | reward: -268.46 | ep_len: 52.7
mean value function: nan nan 0.01904296875 0.2801399827003479 nan
[Epoch 1338] fps step: 126224.8 fps total: 95830.8 | reward: -273.69 | ep_len: 54.3
mean value function: nan nan 0.0184478759765625 0.27700161933898926 nan
[Epoch 1339] fps step: 139353.5 fps total: 101567.9 | reward: -265.81 | ep_len: 53.0
mean value function: nan nan 0.0187225341796875 0.2772812843322754 nan
[Epoch 1340] fps step: 126926.5 fps total: 93725.5 | reward: -277.63 | ep_len: 54.7
mean value function: nan nan 0.0178985595703125 0.26820990443229675 nan
[Epoch 1341] fps step: 117159.1 fps total: 89040.7 | reward: -260.13 | ep_len: 52.6
mean value function: nan nan 0.01904296875 0.2884628176689148 nan
[Epoch 1342] fps step: 119065.2 fps total: 89280.9 | reward: -264.75 | ep_len: 54.1
mean value function: nan nan 0.0187530517578125 0.30605190992355347 nan
[Epoch 1343] fps step: 100772.7 fps total: 80719.0 | reward: -256.71 | ep_len: 51.8
mean value function: nan nan 0.0186767578125 0.28253424167633057 nan
[Epoch 1344] fps step: 121663.3 fps total: 91097.7 | reward: -268.24 | ep_len: 53.4
mean value function: nan nan 0.0186767578125 0.31027522683143616 nan
[Epoch 1345] fps step: 122308.6 fps total: 90279.3 | reward: -273.72 | ep_len: 54.7
mean value function: nan nan 0.0194549560546875 0.29644107818603516 nan
[Epoch 1346] fps step: 140171.4 fps total: 103216.5 | reward: -269.88 | ep_len: 54.9
mean value function: nan nan 0.018310546875 0.28079891204833984 nan
[Epoch 1347] fps step: 123720.2 fps total: 93799.3 | reward: -236.44 | ep_len: 50.5
mean value function: nan nan 0.019683837890625 0.301029771566391 nan
[Epoch 1348] fps step: 117401.8 fps total: 90811.7 | reward: -264.98 | ep_len: 53.1
mean value function: nan nan 0.0180206298828125 0.27749770879745483 nan
[Epoch 1349] fps step: 123055.5 fps total: 93052.5 | reward: -262.93 | ep_len: 52.9
mean value function: nan nan 0.0191650390625 0.26851072907447815 nan
[Epoch 1350] fps step: 124176.9 fps total: 92817.0 | reward: -259.34 | ep_len: 52.6
=> saving checkpoint 'runs/HumanoidAMP_walk_retrain_08-19-54-45/nn/HumanoidAMP_walk_retrain_08-19-54-46_1350.pth'
mean value function: nan nan 0.0183258056640625 0.26654040813446045 nan
[Epoch 1351] fps step: 107645.8 fps total: 83973.3 | reward: -277.35 | ep_len: 55.2
mean value function: nan nan 0.01873779296875 0.2521573305130005 nan
[Epoch 1352] fps step: 120887.5 fps total: 90707.2 | reward: -252.97 | ep_len: 51.4
mean value function: nan nan 0.0186004638671875 0.2563807964324951 nan
[Epoch 1353] fps step: 100140.4 fps total: 79661.4 | reward: -266.51 | ep_len: 54.0
mean value function: nan nan 0.0188446044921875 0.26953715085983276 nan
[Epoch 1354] fps step: 109490.3 fps total: 84164.2 | reward: -271.39 | ep_len: 54.4
mean value function: nan nan 0.0183258056640625 0.27457064390182495 nan
[Epoch 1355] fps step: 111117.6 fps total: 83529.9 | reward: -268.03 | ep_len: 53.4
mean value function: nan nan 0.0189208984375 0.26600584387779236 nan
[Epoch 1356] fps step: 110878.0 fps total: 84770.9 | reward: -255.23 | ep_len: 52.2
mean value function: nan nan 0.0186614990234375 0.24589133262634277 nan
[Epoch 1357] fps step: 107300.0 fps total: 82180.4 | reward: -270.38 | ep_len: 54.4
mean value function: nan nan 0.0191802978515625 0.26556164026260376 nan
[Epoch 1358] fps step: 124013.9 fps total: 92534.4 | reward: -278.41 | ep_len: 55.4
mean value function: nan nan 0.0179595947265625 0.26173850893974304 nan
[Epoch 1359] fps step: 109663.4 fps total: 84416.0 | reward: -277.35 | ep_len: 55.3
mean value function: nan nan 0.0196685791015625 0.28923869132995605 nan
[Epoch 1360] fps step: 115005.4 fps total: 88896.6 | reward: -285.67 | ep_len: 56.2
mean value function: nan nan 0.0181427001953125 0.31192195415496826 nan
[Epoch 1361] fps step: 130810.5 fps total: 97768.2 | reward: -251.48 | ep_len: 51.3
mean value function: nan nan 0.0187225341796875 0.3038884401321411 nan
[Epoch 1362] fps step: 129695.0 fps total: 95790.7 | reward: -254.42 | ep_len: 52.2
mean value function: nan nan 0.01922607421875 0.3020707070827484 nan
[Epoch 1363] fps step: 111957.3 fps total: 86622.5 | reward: -300.20 | ep_len: 57.8
mean value function: nan nan 0.0181121826171875 0.3073571026325226 nan
[Epoch 1364] fps step: 117548.8 fps total: 90033.4 | reward: -247.05 | ep_len: 50.6
mean value function: nan nan 0.019622802734375 0.30747854709625244 nan
[Epoch 1365] fps step: 122911.6 fps total: 91096.6 | reward: -261.00 | ep_len: 52.6
mean value function: nan nan 0.0181427001953125 0.30320560932159424 nan
[Epoch 1366] fps step: 119785.8 fps total: 90380.5 | reward: -250.39 | ep_len: 51.3
mean value function: nan nan 0.0189208984375 0.28872615098953247 nan
[Epoch 1367] fps step: 119908.1 fps total: 91309.1 | reward: -264.01 | ep_len: 54.6
mean value function: nan nan 0.0187225341796875 0.3015226423740387 nan
[Epoch 1368] fps step: 105658.6 fps total: 81334.2 | reward: -264.05 | ep_len: 52.9
mean value function: nan nan 0.0180511474609375 0.27864593267440796 nan
[Epoch 1369] fps step: 108938.6 fps total: 84174.4 | reward: -252.18 | ep_len: 51.7
mean value function: nan nan 0.0187835693359375 0.2896580696105957 nan
[Epoch 1370] fps step: 118571.1 fps total: 90456.2 | reward: -264.24 | ep_len: 53.1
mean value function: nan nan 0.01904296875 0.2870420217514038 nan
[Epoch 1371] fps step: 112787.6 fps total: 87356.8 | reward: -256.08 | ep_len: 52.1
mean value function: nan nan 0.0185089111328125 0.2595924735069275 nan
[Epoch 1372] fps step: 126799.9 fps total: 94227.2 | reward: -277.40 | ep_len: 54.3
mean value function: nan nan 0.018402099609375 0.2480633407831192 nan
[Epoch 1373] fps step: 109759.9 fps total: 85191.3 | reward: -266.63 | ep_len: 53.2
mean value function: nan nan 0.0193939208984375 0.2772362232208252 nan
[Epoch 1374] fps step: 118287.1 fps total: 89949.3 | reward: -251.99 | ep_len: 51.8
mean value function: nan nan 0.017913818359375 0.28253716230392456 nan
[Epoch 1375] fps step: 132247.8 fps total: 98243.7 | reward: -250.39 | ep_len: 51.2
mean value function: nan nan 0.018524169921875 0.28069373965263367 nan
[Epoch 1376] fps step: 109407.5 fps total: 84057.0 | reward: -272.32 | ep_len: 54.6
mean value function: nan nan 0.0206146240234375 0.30427855253219604 nan
[Epoch 1377] fps step: 101587.3 fps total: 79085.4 | reward: -268.96 | ep_len: 54.2
mean value function: nan nan 0.01824951171875 0.30037474632263184 nan
[Epoch 1378] fps step: 120404.6 fps total: 91193.8 | reward: -266.10 | ep_len: 53.4
mean value function: nan nan 0.0182952880859375 0.2973988652229309 nan
[Epoch 1379] fps step: 111895.5 fps total: 85808.4 | reward: -260.16 | ep_len: 53.3
mean value function: nan nan 0.0193939208984375 0.30606573820114136 nan
[Epoch 1380] fps step: 112825.3 fps total: 85938.3 | reward: -259.22 | ep_len: 53.3
mean value function: nan nan 0.0185394287109375 0.3020116090774536 nan
[Epoch 1381] fps step: 122908.8 fps total: 92708.3 | reward: -277.19 | ep_len: 54.1
mean value function: nan nan 0.0185089111328125 0.29354405403137207 nan
[Epoch 1382] fps step: 119633.6 fps total: 90768.5 | reward: -257.19 | ep_len: 52.9
mean value function: nan nan 0.018280029296875 0.27894127368927 nan
[Epoch 1383] fps step: 118373.5 fps total: 90587.5 | reward: -258.48 | ep_len: 52.3
mean value function: nan nan 0.018890380859375 0.26258426904678345 nan
[Epoch 1384] fps step: 112387.7 fps total: 85654.9 | reward: -283.46 | ep_len: 54.9
mean value function: nan nan 0.019256591796875 0.2592247724533081 nan
[Epoch 1385] fps step: 127222.4 fps total: 96283.3 | reward: -264.71 | ep_len: 53.9
mean value function: nan nan 0.018310546875 0.23117756843566895 nan
[Epoch 1386] fps step: 126357.8 fps total: 94593.2 | reward: -258.08 | ep_len: 53.0
mean value function: nan nan 0.0186309814453125 0.23329326510429382 nan
[Epoch 1387] fps step: 119703.4 fps total: 90520.0 | reward: -262.16 | ep_len: 53.0
mean value function: nan nan 0.0193328857421875 0.2273852527141571 nan
[Epoch 1388] fps step: 112535.5 fps total: 85907.0 | reward: -278.68 | ep_len: 54.9
mean value function: nan nan 0.0181732177734375 0.22641851007938385 nan
[Epoch 1389] fps step: 100202.2 fps total: 78254.8 | reward: -238.23 | ep_len: 50.1
mean value function: nan nan 0.0184478759765625 0.24393311142921448 nan
[Epoch 1390] fps step: 112902.8 fps total: 87672.2 | reward: -272.26 | ep_len: 54.5
mean value function: nan nan 0.01751708984375 0.24426056444644928 nan
[Epoch 1391] fps step: 117023.4 fps total: 88535.4 | reward: -269.86 | ep_len: 54.5
mean value function: nan nan 0.019500732421875 0.27780139446258545 nan
[Epoch 1392] fps step: 136105.1 fps total: 100502.4 | reward: -274.08 | ep_len: 54.3
mean value function: nan nan 0.0182952880859375 0.2726562023162842 nan
[Epoch 1393] fps step: 121459.8 fps total: 91913.6 | reward: -298.02 | ep_len: 57.0
mean value function: nan nan 0.018463134765625 0.2630406618118286 nan
[Epoch 1394] fps step: 126685.0 fps total: 95961.2 | reward: -269.83 | ep_len: 54.2
mean value function: nan nan 0.0194244384765625 0.26444387435913086 nan
[Epoch 1395] fps step: 124527.8 fps total: 94514.4 | reward: -263.20 | ep_len: 52.6
mean value function: nan nan 0.0183563232421875 0.25327038764953613 nan
[Epoch 1396] fps step: 112331.5 fps total: 86863.6 | reward: -271.94 | ep_len: 54.9
mean value function: nan nan 0.019256591796875 0.27472561597824097 nan
[Epoch 1397] fps step: 120703.1 fps total: 92115.5 | reward: -245.06 | ep_len: 50.6
mean value function: nan nan 0.0184173583984375 0.2688342034816742 nan
[Epoch 1398] fps step: 113700.0 fps total: 88186.4 | reward: -261.97 | ep_len: 53.2
mean value function: nan nan 0.0183563232421875 0.26454854011535645 nan
[Epoch 1399] fps step: 109736.6 fps total: 85703.4 | reward: -246.82 | ep_len: 51.6
mean value function: nan nan 0.01910400390625 0.27304700016975403 nan
[Epoch 1400] fps step: 128974.2 fps total: 95207.1 | reward: -242.62 | ep_len: 50.1
=> saving checkpoint 'runs/HumanoidAMP_walk_retrain_08-19-54-45/nn/HumanoidAMP_walk_retrain_08-19-54-46_1400.pth'
mean value function: nan nan 0.01873779296875 0.25664186477661133 nan
[Epoch 1401] fps step: 112728.3 fps total: 88112.7 | reward: -248.15 | ep_len: 50.8
mean value function: nan nan 0.018585205078125 0.26086485385894775 nan
[Epoch 1402] fps step: 116243.8 fps total: 89143.4 | reward: -240.84 | ep_len: 50.6
mean value function: nan nan 0.0186309814453125 0.2497510313987732 nan
[Epoch 1403] fps step: 126240.8 fps total: 95770.4 | reward: -276.14 | ep_len: 55.3
mean value function: nan nan 0.018798828125 0.25128844380378723 nan
[Epoch 1404] fps step: 128050.0 fps total: 96818.6 | reward: -276.85 | ep_len: 54.9
mean value function: nan nan 0.0193634033203125 0.25671297311782837 nan
[Epoch 1405] fps step: 98603.1 fps total: 78305.7 | reward: -272.26 | ep_len: 54.6
mean value function: nan nan 0.0183563232421875 0.23924101889133453 nan
[Epoch 1406] fps step: 119530.4 fps total: 90404.8 | reward: -263.18 | ep_len: 53.3
mean value function: nan nan 0.0182037353515625 0.24851126968860626 nan
[Epoch 1407] fps step: 111743.7 fps total: 85996.8 | reward: -265.82 | ep_len: 54.5
mean value function: nan nan 0.019256591796875 0.25733035802841187 nan
[Epoch 1408] fps step: 111639.5 fps total: 84491.5 | reward: -266.73 | ep_len: 53.5
mean value function: nan nan 0.0184478759765625 0.26724061369895935 nan
[Epoch 1409] fps step: 108895.5 fps total: 84561.8 | reward: -280.57 | ep_len: 55.9
mean value function: nan nan 0.0184326171875 0.25547492504119873 nan
[Epoch 1410] fps step: 112623.3 fps total: 86028.8 | reward: -249.53 | ep_len: 50.7
mean value function: nan nan 0.019256591796875 0.26610374450683594 nan
[Epoch 1411] fps step: 105390.4 fps total: 81391.1 | reward: -272.78 | ep_len: 54.0
mean value function: nan nan 0.0181884765625 0.2570772171020508 nan
[Epoch 1412] fps step: 128010.6 fps total: 97182.7 | reward: -304.12 | ep_len: 59.1
mean value function: nan nan 0.0185089111328125 0.24820184707641602 nan
[Epoch 1413] fps step: 127978.8 fps total: 96785.8 | reward: -264.75 | ep_len: 53.4
mean value function: nan nan 0.0183258056640625 0.25436699390411377 nan
[Epoch 1414] fps step: 120510.3 fps total: 89828.1 | reward: -268.03 | ep_len: 53.7
mean value function: nan nan 0.01849365234375 0.2492201030254364 nan
[Epoch 1415] fps step: 120743.0 fps total: 91720.7 | reward: -281.75 | ep_len: 55.8
mean value function: nan nan 0.01873779296875 0.24783024191856384 nan
[Epoch 1416] fps step: 122836.4 fps total: 92591.8 | reward: -281.06 | ep_len: 55.5
mean value function: nan nan 0.018951416015625 0.24561813473701477 nan
[Epoch 1417] fps step: 115465.3 fps total: 88775.4 | reward: -265.38 | ep_len: 53.5
mean value function: nan nan 0.019134521484375 0.2502608299255371 nan
[Epoch 1418] fps step: 122966.3 fps total: 93485.5 | reward: -266.50 | ep_len: 54.2
mean value function: nan nan 0.0184478759765625 0.2564907371997833 nan
[Epoch 1419] fps step: 129915.4 fps total: 93544.8 | reward: -254.28 | ep_len: 51.7
mean value function: nan nan 0.01904296875 0.26873672008514404 nan
[Epoch 1420] fps step: 120200.7 fps total: 89918.5 | reward: -252.82 | ep_len: 52.0
mean value function: nan nan 0.0185394287109375 0.255706250667572 nan
[Epoch 1421] fps step: 120047.2 fps total: 91577.6 | reward: -246.10 | ep_len: 50.2
mean value function: nan nan 0.0183258056640625 0.2500513792037964 nan
[Epoch 1422] fps step: 117923.9 fps total: 90002.4 | reward: -264.34 | ep_len: 52.8
mean value function: nan nan 0.0188446044921875 0.24296972155570984 nan
[Epoch 1423] fps step: 144053.4 fps total: 104951.0 | reward: -258.31 | ep_len: 51.9
mean value function: nan nan 0.0180511474609375 0.22668690979480743 nan
[Epoch 1424] fps step: 109379.7 fps total: 82207.8 | reward: -258.47 | ep_len: 52.4
mean value function: nan nan 0.019073486328125 0.24781271815299988 nan
[Epoch 1425] fps step: 103710.1 fps total: 81052.1 | reward: -264.67 | ep_len: 53.6
mean value function: nan nan 0.0188140869140625 0.26970332860946655 nan
[Epoch 1426] fps step: 133361.5 fps total: 99913.4 | reward: -262.16 | ep_len: 53.0
mean value function: nan nan 0.018218994140625 0.2653151750564575 nan
[Epoch 1427] fps step: 117906.0 fps total: 90518.4 | reward: -224.44 | ep_len: 47.2
mean value function: nan nan 0.0184783935546875 0.2809368968009949 nan
[Epoch 1428] fps step: 115919.2 fps total: 86186.2 | reward: -282.20 | ep_len: 55.5
mean value function: nan nan 0.0188446044921875 0.28447142243385315 nan
[Epoch 1429] fps step: 120151.9 fps total: 91280.5 | reward: -279.86 | ep_len: 56.0
mean value function: nan nan 0.01806640625 0.2974112629890442 nan
[Epoch 1430] fps step: 119786.2 fps total: 90109.3 | reward: -255.44 | ep_len: 52.0
mean value function: nan nan 0.01885986328125 0.31076040863990784 nan
[Epoch 1431] fps step: 100460.6 fps total: 78876.4 | reward: -284.54 | ep_len: 56.5
mean value function: nan nan 0.0187530517578125 0.29493600130081177 nan
[Epoch 1432] fps step: 113751.8 fps total: 88145.2 | reward: -271.77 | ep_len: 54.3
mean value function: nan nan 0.0188446044921875 0.29244983196258545 nan
[Epoch 1433] fps step: 129155.0 fps total: 96819.7 | reward: -272.91 | ep_len: 54.4
mean value function: nan nan 0.0186767578125 0.2776136100292206 nan
[Epoch 1434] fps step: 119839.7 fps total: 91105.3 | reward: -263.72 | ep_len: 53.5
mean value function: nan nan 0.0188751220703125 0.25328364968299866 nan
[Epoch 1435] fps step: 110339.5 fps total: 85111.9 | reward: -268.58 | ep_len: 54.0
mean value function: nan nan 0.018707275390625 0.24039137363433838 nan
[Epoch 1436] fps step: 119118.7 fps total: 89129.9 | reward: -270.56 | ep_len: 53.4
mean value function: nan nan 0.0184173583984375 0.25342026352882385 nan
[Epoch 1437] fps step: 131832.8 fps total: 96587.5 | reward: -275.29 | ep_len: 54.5
mean value function: nan nan 0.01898193359375 0.24320736527442932 nan
[Epoch 1438] fps step: 129299.2 fps total: 97630.8 | reward: -257.05 | ep_len: 52.1
mean value function: nan nan 0.0184326171875 0.25706398487091064 nan
[Epoch 1439] fps step: 120158.8 fps total: 90250.1 | reward: -263.34 | ep_len: 53.5
mean value function: nan nan 0.019134521484375 0.2633488178253174 nan
[Epoch 1440] fps step: 112628.0 fps total: 86595.6 | reward: -261.04 | ep_len: 53.6
mean value function: nan nan 0.019073486328125 0.26043879985809326 nan
[Epoch 1441] fps step: 112490.2 fps total: 85516.6 | reward: -244.91 | ep_len: 51.0
mean value function: nan nan 0.0182647705078125 0.271137535572052 nan
[Epoch 1442] fps step: 108126.0 fps total: 82589.8 | reward: -267.00 | ep_len: 53.9
mean value function: nan nan 0.018341064453125 0.26204583048820496 nan
[Epoch 1443] fps step: 125506.4 fps total: 91586.2 | reward: -274.91 | ep_len: 55.3
mean value function: nan nan 0.01898193359375 0.2959248125553131 nan
[Epoch 1444] fps step: 109844.6 fps total: 84139.9 | reward: -260.59 | ep_len: 51.9
mean value function: nan nan 0.01904296875 0.2931596636772156 nan
[Epoch 1445] fps step: 111737.9 fps total: 85150.2 | reward: -262.46 | ep_len: 53.4
mean value function: nan nan 0.01849365234375 0.3129561245441437 nan
[Epoch 1446] fps step: 98882.0 fps total: 75873.6 | reward: -249.45 | ep_len: 51.8
mean value function: nan nan 0.0192718505859375 0.2975146770477295 nan
[Epoch 1447] fps step: 113172.4 fps total: 87505.1 | reward: -269.74 | ep_len: 54.3
mean value function: nan nan 0.0184173583984375 0.29513588547706604 nan
[Epoch 1448] fps step: 117586.6 fps total: 89268.4 | reward: -258.77 | ep_len: 52.8
mean value function: nan nan 0.0185546875 0.2823478579521179 nan
[Epoch 1449] fps step: 113506.1 fps total: 87063.2 | reward: -277.03 | ep_len: 54.5
mean value function: nan nan 0.0184326171875 0.2845514714717865 nan
[Epoch 1450] fps step: 120404.1 fps total: 91049.5 | reward: -248.88 | ep_len: 51.3
=> saving checkpoint 'runs/HumanoidAMP_walk_retrain_08-19-54-45/nn/HumanoidAMP_walk_retrain_08-19-54-46_1450.pth'
mean value function: nan nan 0.0183868408203125 0.28723084926605225 nan
[Epoch 1451] fps step: 114644.4 fps total: 87195.7 | reward: -252.16 | ep_len: 51.7
mean value function: nan nan 0.018768310546875 0.2949492931365967 nan
[Epoch 1452] fps step: 100068.6 fps total: 79847.9 | reward: -272.50 | ep_len: 54.6
mean value function: nan nan 0.019134521484375 0.2862904965877533 nan
[Epoch 1453] fps step: 124704.8 fps total: 92124.9 | reward: -263.72 | ep_len: 52.8
mean value function: nan nan 0.019744873046875 0.2905230224132538 nan
[Epoch 1454] fps step: 114556.0 fps total: 87656.7 | reward: -268.88 | ep_len: 53.3
mean value function: nan nan 0.0179443359375 0.25901755690574646 nan
[Epoch 1455] fps step: 108840.9 fps total: 83253.5 | reward: -251.07 | ep_len: 50.5
mean value function: nan nan 0.017822265625 0.25328129529953003 nan
[Epoch 1456] fps step: 127403.9 fps total: 96940.8 | reward: -262.98 | ep_len: 52.9
mean value function: nan nan 0.0205078125 0.28292298316955566 nan
[Epoch 1457] fps step: 136862.4 fps total: 99056.9 | reward: -285.52 | ep_len: 55.9
mean value function: nan nan 0.0172119140625 0.2782638669013977 nan
[Epoch 1458] fps step: 133380.8 fps total: 97914.7 | reward: -245.32 | ep_len: 51.4
mean value function: nan nan 0.018157958984375 0.2902572751045227 nan
[Epoch 1459] fps step: 113368.9 fps total: 85554.0 | reward: -280.24 | ep_len: 54.6
mean value function: nan nan 0.0186920166015625 0.3039032816886902 nan
[Epoch 1460] fps step: 124379.0 fps total: 91255.8 | reward: -297.06 | ep_len: 57.8
mean value function: nan nan 0.01971435546875 0.2955646514892578 nan
[Epoch 1461] fps step: 97217.0 fps total: 76659.2 | reward: -247.53 | ep_len: 50.8
mean value function: nan nan 0.017669677734375 0.27883148193359375 nan
[Epoch 1462] fps step: 112752.8 fps total: 86107.4 | reward: -267.14 | ep_len: 53.5
mean value function: nan nan 0.018524169921875 0.25675588846206665 nan
[Epoch 1463] fps step: 120619.8 fps total: 88457.4 | reward: -268.71 | ep_len: 53.8
mean value function: nan nan 0.0191650390625 0.2655327320098877 nan
[Epoch 1464] fps step: 94951.4 fps total: 73584.1 | reward: -286.10 | ep_len: 56.6
mean value function: nan nan 0.0188446044921875 0.2692234218120575 nan
[Epoch 1465] fps step: 112358.1 fps total: 85327.6 | reward: -259.21 | ep_len: 52.8
mean value function: nan nan 0.018463134765625 0.2595396041870117 nan
[Epoch 1466] fps step: 116718.3 fps total: 85824.8 | reward: -246.08 | ep_len: 50.9
mean value function: nan nan 0.0187530517578125 0.26770782470703125 nan
[Epoch 1467] fps step: 126156.1 fps total: 94244.3 | reward: -259.27 | ep_len: 52.9
mean value function: nan nan 0.0184783935546875 0.27029716968536377 nan
[Epoch 1468] fps step: 115527.4 fps total: 87876.1 | reward: -263.12 | ep_len: 53.8
mean value function: nan nan 0.0180511474609375 0.25992539525032043 nan
[Epoch 1469] fps step: 129446.7 fps total: 94760.7 | reward: -273.95 | ep_len: 54.8
mean value function: nan nan 0.0189666748046875 0.27496761083602905 nan
[Epoch 1470] fps step: 106325.7 fps total: 81527.6 | reward: -267.35 | ep_len: 53.3
mean value function: nan nan 0.0191497802734375 0.27455952763557434 nan
[Epoch 1471] fps step: 109484.8 fps total: 82862.0 | reward: -276.09 | ep_len: 54.3
mean value function: nan nan 0.01812744140625 0.2731003761291504 nan
[Epoch 1472] fps step: 137466.1 fps total: 97761.5 | reward: -254.87 | ep_len: 52.5
mean value function: nan nan 0.0184173583984375 0.26972824335098267 nan
[Epoch 1473] fps step: 123302.5 fps total: 91919.4 | reward: -253.79 | ep_len: 52.0
mean value function: nan nan 0.0184326171875 0.2794046700000763 nan
[Epoch 1474] fps step: 135630.1 fps total: 97909.3 | reward: -263.69 | ep_len: 53.3
mean value function: nan nan 0.018798828125 0.2972271740436554 nan
[Epoch 1475] fps step: 112545.8 fps total: 82777.6 | reward: -274.34 | ep_len: 55.1
mean value function: nan nan 0.0181427001953125 0.28179362416267395 nan
[Epoch 1476] fps step: 129016.0 fps total: 95083.0 | reward: -287.91 | ep_len: 55.9
mean value function: nan nan 0.018768310546875 0.27203041315078735 nan
[Epoch 1477] fps step: 100015.7 fps total: 79372.9 | reward: -265.80 | ep_len: 53.3
mean value function: nan nan 0.0194244384765625 0.28561341762542725 nan
[Epoch 1478] fps step: 117141.3 fps total: 88631.6 | reward: -260.97 | ep_len: 53.0
mean value function: nan nan 0.01812744140625 0.2739246189594269 nan
[Epoch 1479] fps step: 93905.9 fps total: 74685.9 | reward: -284.40 | ep_len: 56.8
mean value function: nan nan 0.0187530517578125 0.2613559365272522 nan
[Epoch 1480] fps step: 113880.0 fps total: 85623.4 | reward: -266.89 | ep_len: 53.7
mean value function: nan nan 0.0184173583984375 0.2694879472255707 nan
[Epoch 1481] fps step: 120781.5 fps total: 90750.7 | reward: -277.67 | ep_len: 55.7
mean value function: nan nan 0.0184783935546875 0.24637490510940552 nan
[Epoch 1482] fps step: 102779.3 fps total: 77528.0 | reward: -269.05 | ep_len: 53.0
mean value function: nan nan 0.018951416015625 0.2643811106681824 nan
[Epoch 1483] fps step: 105688.5 fps total: 80194.7 | reward: -254.88 | ep_len: 51.9
mean value function: nan nan 0.018707275390625 0.27623116970062256 nan
[Epoch 1484] fps step: 127004.8 fps total: 92440.2 | reward: -263.84 | ep_len: 53.2
mean value function: nan nan 0.018798828125 0.2709408402442932 nan
[Epoch 1485] fps step: 103478.1 fps total: 79929.8 | reward: -270.96 | ep_len: 54.7
mean value function: nan nan 0.018798828125 0.30537426471710205 nan
[Epoch 1486] fps step: 119147.5 fps total: 88793.5 | reward: -274.71 | ep_len: 54.3
mean value function: nan nan 0.0184326171875 0.29267001152038574 nan
[Epoch 1487] fps step: 126763.3 fps total: 92093.1 | reward: -248.56 | ep_len: 50.8
mean value function: nan nan 0.018310546875 0.29732924699783325 nan
[Epoch 1488] fps step: 107610.0 fps total: 82971.4 | reward: -249.23 | ep_len: 51.9
mean value function: nan nan 0.019195556640625 0.31358546018600464 nan
[Epoch 1489] fps step: 114450.3 fps total: 86783.7 | reward: -266.54 | ep_len: 53.9
mean value function: nan nan 0.018310546875 0.3117123246192932 nan
[Epoch 1490] fps step: 95983.3 fps total: 75770.4 | reward: -254.51 | ep_len: 52.5
mean value function: nan nan 0.01873779296875 0.3037487268447876 nan
[Epoch 1491] fps step: 116657.1 fps total: 89643.0 | reward: -272.69 | ep_len: 54.5
mean value function: nan nan 0.018829345703125 0.2987908720970154 nan
[Epoch 1492] fps step: 109008.0 fps total: 82920.7 | reward: -287.67 | ep_len: 56.5
mean value function: nan nan 0.0189361572265625 0.2955837547779083 nan
[Epoch 1493] fps step: 122015.5 fps total: 92661.1 | reward: -261.00 | ep_len: 53.2
mean value function: nan nan 0.0184173583984375 0.2621408700942993 nan
[Epoch 1494] fps step: 102884.0 fps total: 80373.8 | reward: -274.08 | ep_len: 54.7
mean value function: nan nan 0.018402099609375 0.2550673484802246 nan
[Epoch 1495] fps step: 125239.2 fps total: 94943.6 | reward: -264.04 | ep_len: 53.5
mean value function: nan nan 0.019134521484375 0.2568231523036957 nan
[Epoch 1496] fps step: 111911.3 fps total: 87240.8 | reward: -256.95 | ep_len: 52.1
mean value function: nan nan 0.01837158203125 0.24300029873847961 nan
[Epoch 1497] fps step: 124414.0 fps total: 93569.2 | reward: -264.46 | ep_len: 53.0
mean value function: nan nan 0.018829345703125 0.24272596836090088 nan
[Epoch 1498] fps step: 100272.1 fps total: 79007.7 | reward: -282.41 | ep_len: 55.8
mean value function: nan nan 0.0179443359375 0.2395276576280594 nan
[Epoch 1499] fps step: 122449.3 fps total: 92992.1 | reward: -257.08 | ep_len: 52.7
mean value function: nan nan 0.0193023681640625 0.258099228143692 nan
[Epoch 1500] fps step: 132439.4 fps total: 96491.7 | reward: -255.28 | ep_len: 52.4
=> saving checkpoint 'runs/HumanoidAMP_walk_retrain_08-19-54-45/nn/HumanoidAMP_walk_retrain_08-19-54-46_1500.pth'
mean value function: nan nan 0.0183258056640625 0.23719659447669983 nan
[Epoch 1501] fps step: 105345.2 fps total: 80701.8 | reward: -277.56 | ep_len: 54.7
mean value function: nan nan 0.018829345703125 0.23823300004005432 nan
[Epoch 1502] fps step: 116903.1 fps total: 88633.1 | reward: -265.01 | ep_len: 53.0
mean value function: nan nan 0.019073486328125 0.2524951100349426 nan
[Epoch 1503] fps step: 114661.3 fps total: 86466.3 | reward: -276.65 | ep_len: 55.6
mean value function: nan nan 0.018402099609375 0.23567861318588257 nan
[Epoch 1504] fps step: 110943.8 fps total: 85558.7 | reward: -258.28 | ep_len: 52.9
mean value function: nan nan 0.0182952880859375 0.2434157431125641 nan
[Epoch 1505] fps step: 107067.4 fps total: 82101.0 | reward: -257.46 | ep_len: 52.3
mean value function: nan nan 0.019134521484375 0.25320708751678467 nan
[Epoch 1506] fps step: 104907.8 fps total: 81425.7 | reward: -277.87 | ep_len: 54.5
mean value function: nan nan 0.0179595947265625 0.24140049517154694 nan
[Epoch 1507] fps step: 135360.8 fps total: 99972.3 | reward: -243.96 | ep_len: 50.4
mean value function: nan nan 0.0190582275390625 0.23102356493473053 nan
[Epoch 1508] fps step: 106725.2 fps total: 84442.8 | reward: -304.44 | ep_len: 59.1
mean value function: nan nan 0.0191802978515625 0.2394535094499588 nan
[Epoch 1509] fps step: 120512.5 fps total: 90589.7 | reward: -272.39 | ep_len: 54.5
mean value function: nan nan 0.0179443359375 0.22971989214420319 nan
[Epoch 1510] fps step: 111093.9 fps total: 86282.0 | reward: -270.38 | ep_len: 54.3
mean value function: nan nan 0.0186920166015625 0.2263799011707306 nan
[Epoch 1511] fps step: 128246.7 fps total: 95192.1 | reward: -269.86 | ep_len: 54.0
mean value function: nan nan 0.0190582275390625 0.22035083174705505 nan
[Epoch 1512] fps step: 112979.0 fps total: 86007.8 | reward: -282.81 | ep_len: 55.6
mean value function: nan nan 0.0176849365234375 0.22238129377365112 nan
[Epoch 1513] fps step: 109585.1 fps total: 84406.4 | reward: -267.46 | ep_len: 53.4
mean value function: nan nan 0.0189666748046875 0.22540612518787384 nan
[Epoch 1514] fps step: 110532.8 fps total: 85688.5 | reward: -314.46 | ep_len: 60.1
mean value function: nan nan 0.018707275390625 0.2522121071815491 nan
[Epoch 1515] fps step: 120993.3 fps total: 91371.2 | reward: -286.79 | ep_len: 56.8
mean value function: nan nan 0.018768310546875 0.24224276840686798 nan
[Epoch 1516] fps step: 101634.3 fps total: 78945.9 | reward: -263.46 | ep_len: 53.8
mean value function: nan nan 0.0180206298828125 0.24519851803779602 nan
[Epoch 1517] fps step: 99736.7 fps total: 77008.9 | reward: -260.20 | ep_len: 53.5
mean value function: nan nan 0.0189056396484375 0.2525235414505005 nan
[Epoch 1518] fps step: 103356.2 fps total: 79569.1 | reward: -278.18 | ep_len: 55.9
mean value function: nan nan 0.019378662109375 0.27219581604003906 nan
[Epoch 1519] fps step: 103670.5 fps total: 80842.5 | reward: -251.27 | ep_len: 52.6
mean value function: nan nan 0.018646240234375 0.25068897008895874 nan
[Epoch 1520] fps step: 116451.7 fps total: 88330.4 | reward: -267.13 | ep_len: 53.4
mean value function: nan nan 0.0181884765625 0.2650822401046753 nan
[Epoch 1521] fps step: 117359.2 fps total: 85773.5 | reward: -251.90 | ep_len: 51.7
mean value function: nan nan 0.0185394287109375 0.25987523794174194 nan
[Epoch 1522] fps step: 114549.6 fps total: 88238.8 | reward: -265.87 | ep_len: 53.1
mean value function: nan nan 0.01849365234375 0.24406515061855316 nan
[Epoch 1523] fps step: 95919.8 fps total: 75854.9 | reward: -271.39 | ep_len: 55.5
mean value function: nan nan 0.0195465087890625 0.2678406834602356 nan
[Epoch 1524] fps step: 117511.7 fps total: 88795.9 | reward: -271.80 | ep_len: 53.7
mean value function: nan nan 0.0179290771484375 0.25102442502975464 nan
[Epoch 1525] fps step: 126435.1 fps total: 93632.8 | reward: -269.73 | ep_len: 54.2
mean value function: nan nan 0.0181121826171875 0.23734581470489502 nan
[Epoch 1526] fps step: 116549.7 fps total: 89662.7 | reward: -265.07 | ep_len: 53.0
mean value function: nan nan 0.019378662109375 0.25234079360961914 nan
[Epoch 1527] fps step: 119533.4 fps total: 88235.8 | reward: -260.03 | ep_len: 52.9
mean value function: nan nan 0.0186309814453125 0.2500110864639282 nan
[Epoch 1528] fps step: 120126.9 fps total: 89337.5 | reward: -280.60 | ep_len: 55.2
mean value function: nan nan 0.0183868408203125 0.2581780254840851 nan
[Epoch 1529] fps step: 116282.9 fps total: 88028.9 | reward: -273.43 | ep_len: 54.4
mean value function: nan nan 0.01904296875 0.2530363202095032 nan
[Epoch 1530] fps step: 111182.5 fps total: 84911.2 | reward: -248.80 | ep_len: 51.8
mean value function: nan nan 0.0192108154296875 0.25755774974823 nan
[Epoch 1531] fps step: 130482.0 fps total: 96114.6 | reward: -261.65 | ep_len: 52.7
mean value function: nan nan 0.018646240234375 0.2509880065917969 nan
[Epoch 1532] fps step: 99701.4 fps total: 75466.2 | reward: -267.83 | ep_len: 54.2
mean value function: nan nan 0.0181884765625 0.24140426516532898 nan
[Epoch 1533] fps step: 112305.1 fps total: 86817.9 | reward: -266.34 | ep_len: 54.2
mean value function: nan nan 0.0192108154296875 0.24353578686714172 nan
[Epoch 1534] fps step: 91173.6 fps total: 73212.1 | reward: -255.65 | ep_len: 52.3
mean value function: nan nan 0.0185699462890625 0.23387505114078522 nan
[Epoch 1535] fps step: 119166.9 fps total: 90845.5 | reward: -256.97 | ep_len: 52.7
mean value function: nan nan 0.01824951171875 0.23638449609279633 nan
[Epoch 1536] fps step: 113534.2 fps total: 87859.3 | reward: -274.14 | ep_len: 54.4
mean value function: nan nan 0.0185699462890625 0.24190445244312286 nan
[Epoch 1537] fps step: 127280.3 fps total: 93415.8 | reward: -297.59 | ep_len: 58.2
mean value function: nan nan 0.0183868408203125 0.22349989414215088 nan
[Epoch 1538] fps step: 122411.0 fps total: 92680.1 | reward: -263.19 | ep_len: 53.4
mean value function: nan nan 0.01898193359375 0.24086907505989075 nan
[Epoch 1539] fps step: 111987.3 fps total: 86764.6 | reward: -268.35 | ep_len: 54.3
mean value function: nan nan 0.018890380859375 0.2233007848262787 nan
[Epoch 1540] fps step: 114835.6 fps total: 87038.1 | reward: -261.52 | ep_len: 53.2
mean value function: nan nan 0.0192108154296875 0.23527178168296814 nan
[Epoch 1541] fps step: 114508.5 fps total: 87074.5 | reward: -273.75 | ep_len: 54.6
mean value function: nan nan 0.0187530517578125 0.2185412347316742 nan
[Epoch 1542] fps step: 100668.8 fps total: 79722.0 | reward: -258.84 | ep_len: 52.2
mean value function: nan nan 0.0189361572265625 0.21904027462005615 nan
[Epoch 1543] fps step: 112843.2 fps total: 84961.3 | reward: -250.02 | ep_len: 52.1
mean value function: nan nan 0.0183563232421875 0.2489965260028839 nan
[Epoch 1544] fps step: 124746.0 fps total: 92952.6 | reward: -259.13 | ep_len: 51.8
mean value function: nan nan 0.0184478759765625 0.2348228096961975 nan
[Epoch 1545] fps step: 117127.7 fps total: 89572.1 | reward: -279.95 | ep_len: 55.7
mean value function: nan nan 0.0189208984375 0.24125385284423828 nan
[Epoch 1546] fps step: 122488.4 fps total: 93066.7 | reward: -279.72 | ep_len: 54.8
mean value function: nan nan 0.018890380859375 0.25779664516448975 nan
[Epoch 1547] fps step: 96045.5 fps total: 73682.4 | reward: -267.98 | ep_len: 55.1
mean value function: nan nan 0.0188446044921875 0.24194969236850739 nan
[Epoch 1548] fps step: 110016.2 fps total: 83574.8 | reward: -276.71 | ep_len: 54.6
mean value function: nan nan 0.0189361572265625 0.2613310217857361 nan
[Epoch 1549] fps step: 119992.3 fps total: 89024.2 | reward: -277.21 | ep_len: 54.7
mean value function: nan nan 0.017913818359375 0.2553306221961975 nan
[Epoch 1550] fps step: 90493.5 fps total: 69919.9 | reward: -260.91 | ep_len: 51.8
=> saving checkpoint 'runs/HumanoidAMP_walk_retrain_08-19-54-45/nn/HumanoidAMP_walk_retrain_08-19-54-46_1550.pth'
mean value function: nan nan 0.01861572265625 0.2614319324493408 nan
[Epoch 1551] fps step: 103781.8 fps total: 79932.8 | reward: -262.02 | ep_len: 52.6
mean value function: nan nan 0.01922607421875 0.2542017698287964 nan
[Epoch 1552] fps step: 93323.5 fps total: 73664.6 | reward: -248.35 | ep_len: 51.7
mean value function: nan nan 0.0192718505859375 0.2674660384654999 nan
[Epoch 1553] fps step: 105435.6 fps total: 80142.2 | reward: -252.63 | ep_len: 51.3
mean value function: nan nan 0.0182647705078125 0.2540547251701355 nan
[Epoch 1554] fps step: 131954.9 fps total: 98670.2 | reward: -253.15 | ep_len: 51.8
mean value function: nan nan 0.0189361572265625 0.2609793245792389 nan
[Epoch 1555] fps step: 99935.4 fps total: 79791.7 | reward: -243.94 | ep_len: 50.8
mean value function: nan nan 0.01837158203125 0.251511812210083 nan
[Epoch 1556] fps step: 115425.5 fps total: 87853.8 | reward: -251.48 | ep_len: 52.9
mean value function: nan nan 0.0186920166015625 0.24945157766342163 nan
[Epoch 1557] fps step: 104605.0 fps total: 82944.3 | reward: -267.49 | ep_len: 54.1
mean value function: nan nan 0.01904296875 0.2516484260559082 nan
[Epoch 1558] fps step: 98065.2 fps total: 76634.1 | reward: -251.70 | ep_len: 52.2
mean value function: nan nan 0.018524169921875 0.2423677146434784 nan
[Epoch 1559] fps step: 101327.3 fps total: 79613.6 | reward: -253.93 | ep_len: 52.3
mean value function: nan nan 0.0189666748046875 0.2246134877204895 nan
[Epoch 1560] fps step: 112219.6 fps total: 87139.0 | reward: -253.07 | ep_len: 52.3
mean value function: nan nan 0.01812744140625 0.2352435439825058 nan
[Epoch 1561] fps step: 112324.0 fps total: 86782.8 | reward: -254.62 | ep_len: 51.5
mean value function: nan nan 0.019012451171875 0.24709230661392212 nan
[Epoch 1562] fps step: 114035.5 fps total: 86942.8 | reward: -282.38 | ep_len: 55.4
mean value function: nan nan 0.018585205078125 0.2443164587020874 nan
[Epoch 1563] fps step: 104999.0 fps total: 80028.2 | reward: -265.98 | ep_len: 53.9
mean value function: nan nan 0.0188446044921875 0.23923954367637634 nan
[Epoch 1564] fps step: 131255.4 fps total: 97727.8 | reward: -266.52 | ep_len: 53.0
mean value function: nan nan 0.019012451171875 0.24649633467197418 nan
[Epoch 1565] fps step: 112817.4 fps total: 86885.1 | reward: -266.63 | ep_len: 53.5
mean value function: nan nan 0.01849365234375 0.23851478099822998 nan
[Epoch 1566] fps step: 128765.9 fps total: 94282.9 | reward: -258.64 | ep_len: 52.9
mean value function: nan nan 0.018035888671875 0.25330477952957153 nan
[Epoch 1567] fps step: 124581.3 fps total: 94830.8 | reward: -277.80 | ep_len: 55.0
mean value function: nan nan 0.019317626953125 0.2586923837661743 nan
[Epoch 1568] fps step: 119436.5 fps total: 91020.0 | reward: -267.07 | ep_len: 53.4
mean value function: nan nan 0.0179595947265625 0.25827568769454956 nan
[Epoch 1569] fps step: 134322.3 fps total: 98318.5 | reward: -263.65 | ep_len: 52.8
mean value function: nan nan 0.018829345703125 0.2652915418148041 nan
[Epoch 1570] fps step: 126084.8 fps total: 95703.7 | reward: -258.07 | ep_len: 52.3
mean value function: nan nan 0.01885986328125 0.27475523948669434 nan
[Epoch 1571] fps step: 116104.6 fps total: 88211.6 | reward: -265.96 | ep_len: 53.7
mean value function: nan nan 0.0185699462890625 0.2726477384567261 nan
[Epoch 1572] fps step: 100625.8 fps total: 78282.8 | reward: -265.71 | ep_len: 54.0
mean value function: nan nan 0.0181121826171875 0.3028342127799988 nan
[Epoch 1573] fps step: 116915.7 fps total: 88112.4 | reward: -258.25 | ep_len: 52.9
mean value function: nan nan 0.019256591796875 0.2904045879840851 nan
[Epoch 1574] fps step: 127436.9 fps total: 94399.0 | reward: -272.98 | ep_len: 55.1
mean value function: nan nan 0.01861572265625 0.28900146484375 nan
[Epoch 1575] fps step: 105985.9 fps total: 82250.9 | reward: -266.02 | ep_len: 53.3
mean value function: nan nan 0.018402099609375 0.2661881446838379 nan
[Epoch 1576] fps step: 109551.9 fps total: 83023.4 | reward: -283.28 | ep_len: 55.5
mean value function: nan nan 0.0186767578125 0.284042090177536 nan
[Epoch 1577] fps step: 123240.1 fps total: 92257.8 | reward: -260.80 | ep_len: 52.6
mean value function: nan nan 0.0190887451171875 0.28685736656188965 nan
[Epoch 1578] fps step: 93540.8 fps total: 74142.5 | reward: -293.15 | ep_len: 56.4
mean value function: nan nan 0.0182342529296875 0.2852797508239746 nan
[Epoch 1579] fps step: 130741.1 fps total: 97884.8 | reward: -265.39 | ep_len: 54.7
mean value function: nan nan 0.0186309814453125 0.2915429472923279 nan
[Epoch 1580] fps step: 113014.1 fps total: 86814.3 | reward: -240.50 | ep_len: 49.7
mean value function: nan nan 0.018585205078125 0.2900352478027344 nan
[Epoch 1581] fps step: 119625.8 fps total: 89465.6 | reward: -246.19 | ep_len: 51.1
mean value function: nan nan 0.0186309814453125 0.28130674362182617 nan
[Epoch 1582] fps step: 115486.3 fps total: 88545.0 | reward: -277.50 | ep_len: 54.0
mean value function: nan nan 0.0185699462890625 0.29426008462905884 nan
[Epoch 1583] fps step: 124708.9 fps total: 94270.4 | reward: -274.96 | ep_len: 55.1
mean value function: nan nan 0.0185546875 0.29155391454696655 nan
[Epoch 1584] fps step: 127589.6 fps total: 94803.3 | reward: -273.81 | ep_len: 54.0
mean value function: nan nan 0.019012451171875 0.2776023745536804 nan
[Epoch 1585] fps step: 129718.4 fps total: 96048.5 | reward: -262.30 | ep_len: 53.2
mean value function: nan nan 0.01788330078125 0.2700344920158386 nan
[Epoch 1586] fps step: 96834.6 fps total: 77427.6 | reward: -265.69 | ep_len: 53.8
mean value function: nan nan 0.0194549560546875 0.27924108505249023 nan
[Epoch 1587] fps step: 112713.5 fps total: 86736.1 | reward: -262.86 | ep_len: 53.3
mean value function: nan nan 0.017913818359375 0.26701658964157104 nan
[Epoch 1588] fps step: 115523.5 fps total: 88975.5 | reward: -257.53 | ep_len: 52.3
mean value function: nan nan 0.0181121826171875 0.26422446966171265 nan
[Epoch 1589] fps step: 101348.8 fps total: 77842.4 | reward: -288.59 | ep_len: 56.5
mean value function: nan nan 0.0195159912109375 0.2642033100128174 nan
[Epoch 1590] fps step: 102922.0 fps total: 80934.1 | reward: -259.81 | ep_len: 52.6
mean value function: nan nan 0.01837158203125 0.26910120248794556 nan
[Epoch 1591] fps step: 114294.6 fps total: 88427.0 | reward: -243.43 | ep_len: 50.9
mean value function: nan nan 0.0182342529296875 0.28212541341781616 nan
[Epoch 1592] fps step: 116122.8 fps total: 86217.8 | reward: -274.33 | ep_len: 54.8
mean value function: nan nan 0.0189361572265625 0.29832255840301514 nan
[Epoch 1593] fps step: 124954.1 fps total: 94788.9 | reward: -245.29 | ep_len: 51.0
mean value function: nan nan 0.018157958984375 0.2779916822910309 nan
[Epoch 1594] fps step: 124617.3 fps total: 94117.7 | reward: -275.36 | ep_len: 55.3
mean value function: nan nan 0.018524169921875 0.2697136104106903 nan
[Epoch 1595] fps step: 114836.2 fps total: 86059.7 | reward: -294.56 | ep_len: 57.8
mean value function: nan nan 0.01922607421875 0.28138643503189087 nan
[Epoch 1596] fps step: 108847.2 fps total: 84971.8 | reward: -279.69 | ep_len: 56.2
mean value function: nan nan 0.018463134765625 0.2982035279273987 nan
[Epoch 1597] fps step: 103863.2 fps total: 80403.1 | reward: -268.57 | ep_len: 54.2
mean value function: nan nan 0.019287109375 0.2830502986907959 nan
[Epoch 1598] fps step: 132962.0 fps total: 97365.8 | reward: -272.27 | ep_len: 54.4
mean value function: nan nan 0.0187225341796875 0.3123282492160797 nan
[Epoch 1599] fps step: 103878.3 fps total: 80526.4 | reward: -257.99 | ep_len: 53.1
mean value function: nan nan 0.01849365234375 0.3062242865562439 nan
[Epoch 1600] fps step: 105257.8 fps total: 80810.9 | reward: -271.09 | ep_len: 54.7
=> saving checkpoint 'runs/HumanoidAMP_walk_retrain_08-19-54-45/nn/HumanoidAMP_walk_retrain_08-19-54-46_1600.pth'
mean value function: nan nan 0.018524169921875 0.296795129776001 nan
[Epoch 1601] fps step: 99705.2 fps total: 78019.5 | reward: -261.09 | ep_len: 52.5
mean value function: nan nan 0.0186614990234375 0.2936938405036926 nan
[Epoch 1602] fps step: 116845.9 fps total: 88796.7 | reward: -283.60 | ep_len: 56.9
mean value function: nan nan 0.0189056396484375 0.3106491267681122 nan
[Epoch 1603] fps step: 129243.9 fps total: 94196.8 | reward: -279.81 | ep_len: 55.4
mean value function: nan nan 0.0192718505859375 0.3015299141407013 nan
[Epoch 1604] fps step: 131408.0 fps total: 98562.4 | reward: -258.96 | ep_len: 52.6
mean value function: nan nan 0.0190277099609375 0.3126429319381714 nan
[Epoch 1605] fps step: 113743.8 fps total: 85620.4 | reward: -257.34 | ep_len: 52.8
mean value function: nan nan 0.0193634033203125 0.3142017126083374 nan
[Epoch 1606] fps step: 97324.7 fps total: 77248.9 | reward: -242.89 | ep_len: 50.8
mean value function: nan nan 0.0190277099609375 0.3020356297492981 nan
[Epoch 1607] fps step: 127561.8 fps total: 94489.5 | reward: -270.50 | ep_len: 54.2
mean value function: nan nan 0.0182952880859375 0.287763386964798 nan
[Epoch 1608] fps step: 119477.4 fps total: 90926.3 | reward: -263.92 | ep_len: 53.5
mean value function: nan nan 0.018646240234375 0.3227303922176361 nan
[Epoch 1609] fps step: 98255.5 fps total: 77329.5 | reward: -247.00 | ep_len: 51.0
mean value function: nan nan 0.019378662109375 0.3171733021736145 nan
[Epoch 1610] fps step: 116830.6 fps total: 90295.3 | reward: -259.27 | ep_len: 53.0
mean value function: nan nan 0.0179901123046875 0.2974807024002075 nan
[Epoch 1611] fps step: 117091.3 fps total: 87590.4 | reward: -263.87 | ep_len: 53.8
mean value function: nan nan 0.019378662109375 0.2942449152469635 nan
[Epoch 1612] fps step: 112284.1 fps total: 85602.1 | reward: -269.78 | ep_len: 54.1
mean value function: nan nan 0.01861572265625 0.29384198784828186 nan
[Epoch 1613] fps step: 112924.0 fps total: 86381.6 | reward: -259.52 | ep_len: 52.7
mean value function: nan nan 0.01861572265625 0.2990763783454895 nan
[Epoch 1614] fps step: 115299.7 fps total: 87330.8 | reward: -273.25 | ep_len: 54.9
mean value function: nan nan 0.0186920166015625 0.2984670400619507 nan
[Epoch 1615] fps step: 109302.6 fps total: 84518.8 | reward: -264.10 | ep_len: 53.3
mean value function: nan nan 0.018768310546875 0.29653316736221313 nan
[Epoch 1616] fps step: 115682.0 fps total: 88699.6 | reward: -250.67 | ep_len: 51.1
mean value function: nan nan 0.01800537109375 0.2784762680530548 nan
[Epoch 1617] fps step: 117078.6 fps total: 88237.7 | reward: -262.37 | ep_len: 53.1
mean value function: nan nan 0.0189361572265625 0.26868122816085815 nan
[Epoch 1618] fps step: 102400.8 fps total: 80796.6 | reward: -264.76 | ep_len: 53.4
mean value function: nan nan 0.0184326171875 0.276687890291214 nan
[Epoch 1619] fps step: 101372.1 fps total: 80425.3 | reward: -267.02 | ep_len: 54.3
mean value function: nan nan 0.0182952880859375 0.27009332180023193 nan
[Epoch 1620] fps step: 122103.2 fps total: 93011.5 | reward: -267.07 | ep_len: 54.3
mean value function: nan nan 0.018585205078125 0.26410701870918274 nan
[Epoch 1621] fps step: 113432.4 fps total: 85170.4 | reward: -279.36 | ep_len: 55.7
mean value function: nan nan 0.0186767578125 0.2767942547798157 nan
[Epoch 1622] fps step: 136888.4 fps total: 101091.5 | reward: -242.10 | ep_len: 50.3
mean value function: nan nan 0.018829345703125 0.26504695415496826 nan
[Epoch 1623] fps step: 128886.7 fps total: 95122.7 | reward: -260.08 | ep_len: 53.0
mean value function: nan nan 0.0198822021484375 0.2770806550979614 nan
[Epoch 1624] fps step: 100348.7 fps total: 78616.0 | reward: -239.94 | ep_len: 50.4
mean value function: nan nan 0.0179290771484375 0.2696319818496704 nan
[Epoch 1625] fps step: 114430.9 fps total: 85719.0 | reward: -258.63 | ep_len: 52.5
mean value function: nan nan 0.0183868408203125 0.281319797039032 nan
[Epoch 1626] fps step: 126876.2 fps total: 93389.6 | reward: -245.99 | ep_len: 50.6
mean value function: nan nan 0.0181427001953125 0.2767776846885681 nan
[Epoch 1627] fps step: 113742.1 fps total: 87390.0 | reward: -253.65 | ep_len: 52.0
mean value function: nan nan 0.0183868408203125 0.2798643112182617 nan
[Epoch 1628] fps step: 107214.9 fps total: 83291.3 | reward: -291.30 | ep_len: 56.6
mean value function: nan nan 0.0191497802734375 0.27922868728637695 nan
[Epoch 1629] fps step: 106252.3 fps total: 83583.1 | reward: -269.75 | ep_len: 54.5
mean value function: nan nan 0.018951416015625 0.2848733067512512 nan
[Epoch 1630] fps step: 126638.5 fps total: 93648.0 | reward: -268.21 | ep_len: 53.8
mean value function: nan nan 0.01873779296875 0.27184468507766724 nan
[Epoch 1631] fps step: 116121.0 fps total: 88498.9 | reward: -259.80 | ep_len: 52.7
mean value function: nan nan 0.019439697265625 0.2722376883029938 nan
[Epoch 1632] fps step: 109206.6 fps total: 83771.4 | reward: -267.85 | ep_len: 54.1
mean value function: nan nan 0.018463134765625 0.2688053250312805 nan
[Epoch 1633] fps step: 107816.2 fps total: 81844.0 | reward: -267.60 | ep_len: 54.1
mean value function: nan nan 0.017791748046875 0.23951253294944763 nan
[Epoch 1634] fps step: 109318.9 fps total: 84150.7 | reward: -241.35 | ep_len: 50.4
mean value function: nan nan 0.0189056396484375 0.2400243580341339 nan
[Epoch 1635] fps step: 117105.6 fps total: 89117.6 | reward: -259.95 | ep_len: 52.1
mean value function: nan nan 0.0191650390625 0.2556023895740509 nan
[Epoch 1636] fps step: 105435.9 fps total: 81049.4 | reward: -265.40 | ep_len: 53.9
mean value function: nan nan 0.018524169921875 0.25013458728790283 nan
[Epoch 1637] fps step: 117015.2 fps total: 88619.2 | reward: -264.94 | ep_len: 53.5
mean value function: nan nan 0.018707275390625 0.2683102488517761 nan
[Epoch 1638] fps step: 113536.8 fps total: 85098.6 | reward: -256.51 | ep_len: 52.6
mean value function: nan nan 0.01885986328125 0.2746918499469757 nan
[Epoch 1639] fps step: 101507.8 fps total: 76998.5 | reward: -286.87 | ep_len: 55.7
mean value function: nan nan 0.01837158203125 0.2746107280254364 nan
[Epoch 1640] fps step: 101399.4 fps total: 80174.7 | reward: -270.44 | ep_len: 53.7
mean value function: nan nan 0.0191192626953125 0.2794995605945587 nan
[Epoch 1641] fps step: 125806.7 fps total: 92519.6 | reward: -266.19 | ep_len: 53.7
mean value function: nan nan 0.0187530517578125 0.27203381061553955 nan
[Epoch 1642] fps step: 124508.4 fps total: 92108.4 | reward: -259.56 | ep_len: 52.6
mean value function: nan nan 0.01885986328125 0.2973926067352295 nan
[Epoch 1643] fps step: 127258.5 fps total: 93161.8 | reward: -251.12 | ep_len: 51.7
mean value function: nan nan 0.019073486328125 0.304033100605011 nan
[Epoch 1644] fps step: 98788.6 fps total: 77834.4 | reward: -264.52 | ep_len: 53.2
mean value function: nan nan 0.0181427001953125 0.29381680488586426 nan
[Epoch 1645] fps step: 119602.2 fps total: 91259.6 | reward: -262.17 | ep_len: 53.8
mean value function: nan nan 0.019561767578125 0.28100740909576416 nan
[Epoch 1646] fps step: 109565.1 fps total: 85520.4 | reward: -285.12 | ep_len: 55.8
mean value function: nan nan 0.0183868408203125 0.2712882161140442 nan
[Epoch 1647] fps step: 90148.6 fps total: 70952.8 | reward: -290.45 | ep_len: 56.9
mean value function: nan nan 0.01824951171875 0.26470309495925903 nan
[Epoch 1648] fps step: 103892.8 fps total: 81527.8 | reward: -260.66 | ep_len: 53.2
mean value function: nan nan 0.01837158203125 0.26599639654159546 nan
[Epoch 1649] fps step: 103952.2 fps total: 80545.7 | reward: -273.93 | ep_len: 54.5
mean value function: nan nan 0.0191802978515625 0.28630679845809937 nan
[Epoch 1650] fps step: 120252.5 fps total: 89344.1 | reward: -267.50 | ep_len: 53.7
=> saving checkpoint 'runs/HumanoidAMP_walk_retrain_08-19-54-45/nn/HumanoidAMP_walk_retrain_08-19-54-46_1650.pth'
mean value function: nan nan 0.0178375244140625 0.29246652126312256 nan
[Epoch 1651] fps step: 115373.2 fps total: 87886.7 | reward: -279.86 | ep_len: 55.4
mean value function: nan nan 0.0191192626953125 0.2698124349117279 nan
[Epoch 1652] fps step: 106979.6 fps total: 82095.6 | reward: -266.64 | ep_len: 53.6
mean value function: nan nan 0.0189971923828125 0.2802116870880127 nan
[Epoch 1653] fps step: 123072.5 fps total: 93527.3 | reward: -267.48 | ep_len: 53.6
mean value function: nan nan 0.0179901123046875 0.25888386368751526 nan
[Epoch 1654] fps step: 109470.1 fps total: 82382.1 | reward: -275.65 | ep_len: 54.4
mean value function: nan nan 0.0186614990234375 0.26207563281059265 nan
[Epoch 1655] fps step: 108705.4 fps total: 82372.2 | reward: -250.73 | ep_len: 51.6
mean value function: nan nan 0.019256591796875 0.27202579379081726 nan
[Epoch 1656] fps step: 120469.2 fps total: 90747.2 | reward: -269.90 | ep_len: 54.4
mean value function: nan nan 0.0179595947265625 0.2665565311908722 nan
[Epoch 1657] fps step: 131614.4 fps total: 96670.9 | reward: -277.04 | ep_len: 54.7
mean value function: nan nan 0.018829345703125 0.2675357758998871 nan
[Epoch 1658] fps step: 120829.3 fps total: 92545.3 | reward: -272.68 | ep_len: 53.9
mean value function: nan nan 0.0191802978515625 0.2754362225532532 nan
[Epoch 1659] fps step: 122069.8 fps total: 92616.6 | reward: -257.19 | ep_len: 52.7
mean value function: nan nan 0.0179595947265625 0.2587324380874634 nan
[Epoch 1660] fps step: 130649.0 fps total: 97690.6 | reward: -286.93 | ep_len: 56.3
mean value function: nan nan 0.01898193359375 0.2657443881034851 nan
[Epoch 1661] fps step: 112807.4 fps total: 86857.7 | reward: -263.90 | ep_len: 53.0
mean value function: nan nan 0.019561767578125 0.27531278133392334 nan
[Epoch 1662] fps step: 99782.9 fps total: 79104.5 | reward: -263.00 | ep_len: 53.1
mean value function: nan nan 0.01727294921875 0.2670195996761322 nan
[Epoch 1663] fps step: 102143.0 fps total: 80852.0 | reward: -265.24 | ep_len: 53.9
mean value function: nan nan 0.019561767578125 0.2653382122516632 nan
[Epoch 1664] fps step: 98071.1 fps total: 77734.1 | reward: -260.83 | ep_len: 52.2
mean value function: nan nan 0.0180511474609375 0.2724537253379822 nan
[Epoch 1665] fps step: 140298.4 fps total: 100179.1 | reward: -285.64 | ep_len: 55.8
mean value function: nan nan 0.0188446044921875 0.2794642150402069 nan
[Epoch 1666] fps step: 123717.3 fps total: 90989.8 | reward: -252.06 | ep_len: 51.7
mean value function: nan nan 0.01849365234375 0.2983275055885315 nan
[Epoch 1667] fps step: 117327.0 fps total: 89537.6 | reward: -246.12 | ep_len: 50.9
mean value function: nan nan 0.0180206298828125 0.2806623578071594 nan
[Epoch 1668] fps step: 123251.0 fps total: 91820.6 | reward: -287.35 | ep_len: 56.9
mean value function: nan nan 0.0189056396484375 0.2919987440109253 nan
[Epoch 1669] fps step: 102722.2 fps total: 81081.6 | reward: -253.05 | ep_len: 52.7
mean value function: nan nan 0.0189666748046875 0.285544216632843 nan
[Epoch 1670] fps step: 100921.7 fps total: 78444.9 | reward: -272.90 | ep_len: 54.6
mean value function: nan nan 0.018798828125 0.28114748001098633 nan
[Epoch 1671] fps step: 116840.3 fps total: 88137.3 | reward: -264.70 | ep_len: 52.8
mean value function: nan nan 0.018280029296875 0.28456437587738037 nan
[Epoch 1672] fps step: 121124.9 fps total: 89384.9 | reward: -249.90 | ep_len: 51.3
mean value function: nan nan 0.0190582275390625 0.28858324885368347 nan
[Epoch 1673] fps step: 126074.6 fps total: 94794.4 | reward: -275.71 | ep_len: 54.3
mean value function: nan nan 0.018096923828125 0.2757839262485504 nan
[Epoch 1674] fps step: 131960.0 fps total: 98632.8 | reward: -266.95 | ep_len: 53.6
mean value function: nan nan 0.0186004638671875 0.2901611626148224 nan
[Epoch 1675] fps step: 119978.2 fps total: 91864.2 | reward: -253.00 | ep_len: 52.6
mean value function: nan nan 0.019287109375 0.29040348529815674 nan
[Epoch 1676] fps step: 124575.5 fps total: 92767.9 | reward: -269.67 | ep_len: 53.5
mean value function: nan nan 0.01824951171875 0.27758944034576416 nan
[Epoch 1677] fps step: 118871.9 fps total: 89260.1 | reward: -274.98 | ep_len: 54.4
mean value function: nan nan 0.01812744140625 0.26811879873275757 nan
[Epoch 1678] fps step: 112126.6 fps total: 86420.2 | reward: -265.55 | ep_len: 52.8
mean value function: nan nan 0.01922607421875 0.28464198112487793 nan
[Epoch 1679] fps step: 109824.2 fps total: 85771.6 | reward: -270.83 | ep_len: 54.1
mean value function: nan nan 0.0185546875 0.27801513671875 nan
[Epoch 1680] fps step: 127486.5 fps total: 94756.1 | reward: -250.64 | ep_len: 51.0
mean value function: nan nan 0.0186004638671875 0.26583993434906006 nan
[Epoch 1681] fps step: 113909.5 fps total: 87780.2 | reward: -263.30 | ep_len: 54.2
mean value function: nan nan 0.0183258056640625 0.27276796102523804 nan
[Epoch 1682] fps step: 110809.5 fps total: 84731.2 | reward: -258.35 | ep_len: 53.2
mean value function: nan nan 0.018585205078125 0.26965078711509705 nan
[Epoch 1683] fps step: 123347.1 fps total: 91489.8 | reward: -266.11 | ep_len: 53.3
mean value function: nan nan 0.018035888671875 0.260395348072052 nan
[Epoch 1684] fps step: 106940.0 fps total: 82227.5 | reward: -268.86 | ep_len: 54.0
mean value function: nan nan 0.0196990966796875 0.30299830436706543 nan
[Epoch 1685] fps step: 108941.8 fps total: 82971.7 | reward: -278.97 | ep_len: 55.5
mean value function: nan nan 0.018524169921875 0.31451869010925293 nan
[Epoch 1686] fps step: 116337.0 fps total: 89519.0 | reward: -289.10 | ep_len: 57.8
mean value function: nan nan 0.0186309814453125 0.3360080122947693 nan
[Epoch 1687] fps step: 127015.8 fps total: 95508.3 | reward: -260.13 | ep_len: 52.3
mean value function: nan nan 0.019866943359375 0.3406520485877991 nan
[Epoch 1688] fps step: 104059.6 fps total: 79737.0 | reward: -252.81 | ep_len: 52.3
mean value function: nan nan 0.0181427001953125 0.31930023431777954 nan
[Epoch 1689] fps step: 101598.5 fps total: 79225.8 | reward: -266.93 | ep_len: 53.1
mean value function: nan nan 0.0178070068359375 0.29213017225265503 nan
[Epoch 1690] fps step: 90137.7 fps total: 71755.9 | reward: -257.42 | ep_len: 52.3
mean value function: nan nan 0.01861572265625 0.30026039481163025 nan
[Epoch 1691] fps step: 104134.6 fps total: 81517.3 | reward: -288.52 | ep_len: 56.1
mean value function: nan nan 0.0192108154296875 0.3245266079902649 nan
[Epoch 1692] fps step: 117525.1 fps total: 90542.1 | reward: -250.01 | ep_len: 51.9
mean value function: nan nan 0.0183258056640625 0.2990151047706604 nan
[Epoch 1693] fps step: 137758.6 fps total: 100989.6 | reward: -266.28 | ep_len: 53.6
mean value function: nan nan 0.0190277099609375 0.2943698763847351 nan
[Epoch 1694] fps step: 110368.7 fps total: 85823.1 | reward: -272.96 | ep_len: 54.8
mean value function: nan nan 0.0182342529296875 0.2956865131855011 nan
[Epoch 1695] fps step: 128865.4 fps total: 94751.6 | reward: -256.22 | ep_len: 52.2
mean value function: nan nan 0.0184478759765625 0.29331132769584656 nan
[Epoch 1696] fps step: 110591.7 fps total: 84413.0 | reward: -274.94 | ep_len: 55.1
mean value function: nan nan 0.01904296875 0.2905629873275757 nan
[Epoch 1697] fps step: 101270.5 fps total: 79559.6 | reward: -258.93 | ep_len: 52.5
mean value function: nan nan 0.01873779296875 0.28578171133995056 nan
[Epoch 1698] fps step: 106793.3 fps total: 83619.0 | reward: -284.85 | ep_len: 56.1
mean value function: nan nan 0.018707275390625 0.2647581100463867 nan
[Epoch 1699] fps step: 115571.2 fps total: 88913.8 | reward: -263.01 | ep_len: 53.8
mean value function: nan nan 0.0190277099609375 0.2762858271598816 nan
[Epoch 1700] fps step: 138946.5 fps total: 102592.2 | reward: -249.19 | ep_len: 51.0
=> saving checkpoint 'runs/HumanoidAMP_walk_retrain_08-19-54-45/nn/HumanoidAMP_walk_retrain_08-19-54-46_1700.pth'
mean value function: nan nan 0.0178985595703125 0.2853366732597351 nan
[Epoch 1701] fps step: 121046.5 fps total: 89210.2 | reward: -248.41 | ep_len: 51.5
mean value function: nan nan 0.0187835693359375 0.2774258255958557 nan
[Epoch 1702] fps step: 108766.8 fps total: 83959.1 | reward: -267.65 | ep_len: 53.6
mean value function: nan nan 0.0188140869140625 0.28218093514442444 nan
[Epoch 1703] fps step: 134218.2 fps total: 98993.4 | reward: -287.52 | ep_len: 56.1
mean value function: nan nan 0.0180816650390625 0.2761155962944031 nan
[Epoch 1704] fps step: 116246.0 fps total: 89027.3 | reward: -252.41 | ep_len: 51.7
mean value function: nan nan 0.0191650390625 0.2833324372768402 nan
[Epoch 1705] fps step: 113682.0 fps total: 87753.4 | reward: -296.54 | ep_len: 58.0
mean value function: nan nan 0.0182952880859375 0.27336186170578003 nan
[Epoch 1706] fps step: 103598.9 fps total: 79847.7 | reward: -257.14 | ep_len: 52.2
mean value function: nan nan 0.0186920166015625 0.28619474172592163 nan
[Epoch 1707] fps step: 105168.0 fps total: 81813.6 | reward: -272.90 | ep_len: 54.3
mean value function: nan nan 0.01922607421875 0.2813785672187805 nan
[Epoch 1708] fps step: 113602.7 fps total: 87239.6 | reward: -277.58 | ep_len: 55.0
mean value function: nan nan 0.018341064453125 0.26607391238212585 nan
[Epoch 1709] fps step: 111816.8 fps total: 86842.0 | reward: -257.57 | ep_len: 51.8
mean value function: nan nan 0.0185699462890625 0.2880595326423645 nan
[Epoch 1710] fps step: 138229.6 fps total: 101347.6 | reward: -271.63 | ep_len: 54.0
mean value function: nan nan 0.0188446044921875 0.29221177101135254 nan
[Epoch 1711] fps step: 95829.7 fps total: 76231.0 | reward: -270.51 | ep_len: 54.0
mean value function: nan nan 0.018585205078125 0.27619022130966187 nan
[Epoch 1712] fps step: 107597.2 fps total: 82402.5 | reward: -260.65 | ep_len: 52.9
mean value function: nan nan 0.0182647705078125 0.2831047475337982 nan
[Epoch 1713] fps step: 123177.2 fps total: 91551.1 | reward: -251.96 | ep_len: 52.0
mean value function: nan nan 0.019317626953125 0.27332907915115356 nan
[Epoch 1714] fps step: 106495.1 fps total: 82196.2 | reward: -277.06 | ep_len: 54.6
mean value function: nan nan 0.01873779296875 0.2905201315879822 nan
[Epoch 1715] fps step: 116839.1 fps total: 89159.9 | reward: -274.99 | ep_len: 54.6
mean value function: nan nan 0.018218994140625 0.28221774101257324 nan
[Epoch 1716] fps step: 105473.3 fps total: 81566.4 | reward: -258.80 | ep_len: 52.7
mean value function: nan nan 0.018524169921875 0.28661367297172546 nan
[Epoch 1717] fps step: 103892.8 fps total: 80022.8 | reward: -270.48 | ep_len: 54.2
mean value function: nan nan 0.0193634033203125 0.2832465171813965 nan
[Epoch 1718] fps step: 109727.5 fps total: 84672.7 | reward: -286.69 | ep_len: 55.7
mean value function: nan nan 0.017974853515625 0.28066569566726685 nan
[Epoch 1719] fps step: 119587.6 fps total: 90543.8 | reward: -279.19 | ep_len: 55.6
mean value function: nan nan 0.017486572265625 0.27088597416877747 nan
[Epoch 1720] fps step: 102246.1 fps total: 79281.8 | reward: -261.78 | ep_len: 53.0
mean value function: nan nan 0.020233154296875 0.2943212389945984 nan
[Epoch 1721] fps step: 124555.3 fps total: 93621.7 | reward: -268.80 | ep_len: 54.3
mean value function: nan nan 0.0182952880859375 0.2910378575325012 nan
[Epoch 1722] fps step: 128043.3 fps total: 95875.2 | reward: -258.95 | ep_len: 52.3
mean value function: nan nan 0.018218994140625 0.296428918838501 nan
[Epoch 1723] fps step: 132294.3 fps total: 97683.7 | reward: -263.38 | ep_len: 53.4
mean value function: nan nan 0.0193328857421875 0.3150121569633484 nan
[Epoch 1724] fps step: 115147.5 fps total: 88226.8 | reward: -274.15 | ep_len: 55.0
mean value function: nan nan 0.018280029296875 0.2844623923301697 nan
[Epoch 1725] fps step: 105638.9 fps total: 82864.7 | reward: -261.87 | ep_len: 53.1
mean value function: nan nan 0.019195556640625 0.28705108165740967 nan
[Epoch 1726] fps step: 137686.7 fps total: 101363.3 | reward: -264.62 | ep_len: 54.0
mean value function: nan nan 0.0180511474609375 0.2832849621772766 nan
[Epoch 1727] fps step: 121719.1 fps total: 92124.5 | reward: -274.38 | ep_len: 54.3
mean value function: nan nan 0.018646240234375 0.28654980659484863 nan
[Epoch 1728] fps step: 116572.2 fps total: 87432.9 | reward: -265.96 | ep_len: 53.7
mean value function: nan nan 0.018646240234375 0.3072587847709656 nan
[Epoch 1729] fps step: 118879.5 fps total: 87689.4 | reward: -266.43 | ep_len: 53.6
mean value function: nan nan 0.0189666748046875 0.29614949226379395 nan
[Epoch 1730] fps step: 116004.1 fps total: 87581.5 | reward: -269.34 | ep_len: 54.5
mean value function: nan nan 0.0184326171875 0.29547423124313354 nan
[Epoch 1731] fps step: 115594.2 fps total: 87051.2 | reward: -261.97 | ep_len: 53.0
mean value function: nan nan 0.019195556640625 0.30260252952575684 nan
[Epoch 1732] fps step: 117270.6 fps total: 89036.6 | reward: -266.07 | ep_len: 53.4
mean value function: nan nan 0.018310546875 0.3063851594924927 nan
[Epoch 1733] fps step: 113759.7 fps total: 86013.4 | reward: -267.25 | ep_len: 53.0
mean value function: nan nan 0.0184478759765625 0.30687788128852844 nan
[Epoch 1734] fps step: 116768.9 fps total: 90112.9 | reward: -260.89 | ep_len: 53.2
mean value function: nan nan 0.0183258056640625 0.2998262047767639 nan
[Epoch 1735] fps step: 130058.9 fps total: 96699.9 | reward: -263.52 | ep_len: 53.6
mean value function: nan nan 0.0186309814453125 0.29642385244369507 nan
[Epoch 1736] fps step: 106370.1 fps total: 83325.1 | reward: -283.59 | ep_len: 56.2
mean value function: nan nan 0.0185546875 0.28023749589920044 nan
[Epoch 1737] fps step: 117059.5 fps total: 88724.0 | reward: -279.23 | ep_len: 55.3
mean value function: nan nan 0.0195159912109375 0.29074227809906006 nan
[Epoch 1738] fps step: 91578.4 fps total: 72983.5 | reward: -267.11 | ep_len: 53.4
mean value function: nan nan 0.0181427001953125 0.27730876207351685 nan
[Epoch 1739] fps step: 109693.1 fps total: 83741.9 | reward: -258.26 | ep_len: 52.7
mean value function: nan nan 0.018798828125 0.2820216715335846 nan
[Epoch 1740] fps step: 101152.6 fps total: 78792.8 | reward: -261.32 | ep_len: 53.0
mean value function: nan nan 0.017730712890625 0.2749996483325958 nan
[Epoch 1741] fps step: 102549.8 fps total: 78286.0 | reward: -275.63 | ep_len: 54.7
mean value function: nan nan 0.0189666748046875 0.286888986825943 nan
[Epoch 1742] fps step: 120440.7 fps total: 91607.0 | reward: -264.32 | ep_len: 53.7
mean value function: nan nan 0.0188751220703125 0.291847825050354 nan
[Epoch 1743] fps step: 122044.6 fps total: 93536.8 | reward: -250.95 | ep_len: 51.8
mean value function: nan nan 0.0186309814453125 0.29457443952560425 nan
[Epoch 1744] fps step: 122656.6 fps total: 92659.4 | reward: -278.22 | ep_len: 54.3
mean value function: nan nan 0.017822265625 0.2897260785102844 nan
[Epoch 1745] fps step: 119926.7 fps total: 91568.9 | reward: -265.22 | ep_len: 53.6
mean value function: nan nan 0.019317626953125 0.2975040376186371 nan
[Epoch 1746] fps step: 124371.9 fps total: 94751.8 | reward: -250.54 | ep_len: 51.1
mean value function: nan nan 0.018768310546875 0.31214410066604614 nan
[Epoch 1747] fps step: 124577.5 fps total: 94345.9 | reward: -285.08 | ep_len: 56.3
mean value function: nan nan 0.0186614990234375 0.2964836657047272 nan
[Epoch 1748] fps step: 118674.9 fps total: 89978.2 | reward: -277.99 | ep_len: 55.0
mean value function: nan nan 0.0192108154296875 0.3128230571746826 nan
[Epoch 1749] fps step: 118295.5 fps total: 89665.3 | reward: -276.04 | ep_len: 54.2
mean value function: nan nan 0.019439697265625 0.30470943450927734 nan
[Epoch 1750] fps step: 114132.5 fps total: 85852.3 | reward: -249.34 | ep_len: 51.3
=> saving checkpoint 'runs/HumanoidAMP_walk_retrain_08-19-54-45/nn/HumanoidAMP_walk_retrain_08-19-54-46_1750.pth'
mean value function: nan nan 0.018096923828125 0.27802255749702454 nan
[Epoch 1751] fps step: 122377.7 fps total: 92568.6 | reward: -255.23 | ep_len: 52.2
mean value function: nan nan 0.0178680419921875 0.27496862411499023 nan
[Epoch 1752] fps step: 113239.5 fps total: 87400.9 | reward: -248.72 | ep_len: 51.6
mean value function: nan nan 0.01947021484375 0.2729945182800293 nan
[Epoch 1753] fps step: 107089.4 fps total: 83741.2 | reward: -270.87 | ep_len: 54.7
mean value function: nan nan 0.01922607421875 0.28795918822288513 nan
[Epoch 1754] fps step: 102097.2 fps total: 81250.3 | reward: -265.64 | ep_len: 53.7
mean value function: nan nan 0.0178070068359375 0.2637169659137726 nan
[Epoch 1755] fps step: 106576.8 fps total: 81835.3 | reward: -265.94 | ep_len: 53.5
mean value function: nan nan 0.018798828125 0.28547412157058716 nan
[Epoch 1756] fps step: 121966.9 fps total: 88491.6 | reward: -275.40 | ep_len: 54.2
mean value function: nan nan 0.0186309814453125 0.29081785678863525 nan
[Epoch 1757] fps step: 111898.1 fps total: 84654.0 | reward: -271.90 | ep_len: 54.7
mean value function: nan nan 0.0185699462890625 0.2928389012813568 nan
[Epoch 1758] fps step: 108783.6 fps total: 84062.9 | reward: -258.00 | ep_len: 52.4
mean value function: nan nan 0.019439697265625 0.3227651119232178 nan
[Epoch 1759] fps step: 126644.1 fps total: 93142.5 | reward: -280.21 | ep_len: 55.4
mean value function: nan nan 0.0183868408203125 0.3012468218803406 nan
[Epoch 1760] fps step: 130789.3 fps total: 97806.0 | reward: -273.91 | ep_len: 54.3
mean value function: nan nan 0.017791748046875 0.3112088441848755 nan
[Epoch 1761] fps step: 104018.1 fps total: 81841.8 | reward: -254.24 | ep_len: 51.9
mean value function: nan nan 0.019012451171875 0.3083135187625885 nan
[Epoch 1762] fps step: 133570.7 fps total: 99766.9 | reward: -265.64 | ep_len: 53.7
mean value function: nan nan 0.0187225341796875 0.3069325089454651 nan
[Epoch 1763] fps step: 122121.1 fps total: 92945.1 | reward: -266.98 | ep_len: 53.8
mean value function: nan nan 0.0189666748046875 0.30443620681762695 nan
[Epoch 1764] fps step: 131242.6 fps total: 96693.2 | reward: -245.99 | ep_len: 51.2
mean value function: nan nan 0.0181732177734375 0.27944982051849365 nan
[Epoch 1765] fps step: 108814.1 fps total: 82957.9 | reward: -262.13 | ep_len: 52.9
mean value function: nan nan 0.0195159912109375 0.28268545866012573 nan
[Epoch 1766] fps step: 114258.6 fps total: 87607.2 | reward: -264.66 | ep_len: 54.0
mean value function: nan nan 0.018768310546875 0.26982808113098145 nan
[Epoch 1767] fps step: 113997.1 fps total: 86880.9 | reward: -267.93 | ep_len: 54.3
mean value function: nan nan 0.01873779296875 0.27944818139076233 nan
[Epoch 1768] fps step: 104931.1 fps total: 81820.5 | reward: -257.90 | ep_len: 52.4
mean value function: nan nan 0.0175628662109375 0.25193482637405396 nan
[Epoch 1769] fps step: 108509.9 fps total: 82524.9 | reward: -249.34 | ep_len: 51.8
mean value function: nan nan 0.0185394287109375 0.2625025808811188 nan
[Epoch 1770] fps step: 112083.4 fps total: 84428.5 | reward: -277.49 | ep_len: 55.3
mean value function: nan nan 0.018646240234375 0.27634307742118835 nan
[Epoch 1771] fps step: 116046.1 fps total: 89457.9 | reward: -266.55 | ep_len: 53.5
mean value function: nan nan 0.019073486328125 0.26590538024902344 nan
[Epoch 1772] fps step: 127675.9 fps total: 94765.4 | reward: -270.71 | ep_len: 54.9
mean value function: nan nan 0.01885986328125 0.2740539312362671 nan
[Epoch 1773] fps step: 114165.2 fps total: 87657.7 | reward: -255.80 | ep_len: 52.2
mean value function: nan nan 0.018402099609375 0.27275365591049194 nan
[Epoch 1774] fps step: 113676.0 fps total: 86962.8 | reward: -272.10 | ep_len: 54.7
mean value function: nan nan 0.0186309814453125 0.2744012773036957 nan
[Epoch 1775] fps step: 119083.3 fps total: 90764.9 | reward: -260.84 | ep_len: 52.5
mean value function: nan nan 0.018524169921875 0.2743023633956909 nan
[Epoch 1776] fps step: 154443.8 fps total: 111011.0 | reward: -250.01 | ep_len: 52.0
mean value function: nan nan 0.019439697265625 0.30992448329925537 nan
[Epoch 1777] fps step: 120914.3 fps total: 90083.8 | reward: -279.44 | ep_len: 55.4
mean value function: nan nan 0.017608642578125 0.2783438265323639 nan
[Epoch 1778] fps step: 127909.3 fps total: 94973.9 | reward: -269.07 | ep_len: 53.7
mean value function: nan nan 0.019287109375 0.29611754417419434 nan
[Epoch 1779] fps step: 115983.9 fps total: 87108.5 | reward: -248.60 | ep_len: 51.4
mean value function: nan nan 0.0191802978515625 0.29872822761535645 nan
[Epoch 1780] fps step: 115187.0 fps total: 88621.1 | reward: -270.98 | ep_len: 54.3
mean value function: nan nan 0.01751708984375 0.27285489439964294 nan
[Epoch 1781] fps step: 105108.5 fps total: 82487.0 | reward: -264.68 | ep_len: 53.9
mean value function: nan nan 0.019500732421875 0.2618085741996765 nan
[Epoch 1782] fps step: 123205.4 fps total: 92504.0 | reward: -254.91 | ep_len: 52.5
mean value function: nan nan 0.0191192626953125 0.2859759032726288 nan
[Epoch 1783] fps step: 118280.6 fps total: 90613.3 | reward: -270.85 | ep_len: 54.3
mean value function: nan nan 0.0181732177734375 0.2631514072418213 nan
[Epoch 1784] fps step: 131120.2 fps total: 96855.2 | reward: -277.24 | ep_len: 55.9
mean value function: nan nan 0.0185089111328125 0.2597965598106384 nan
[Epoch 1785] fps step: 104057.4 fps total: 82108.1 | reward: -264.98 | ep_len: 53.6
mean value function: nan nan 0.0190582275390625 0.28644895553588867 nan
[Epoch 1786] fps step: 112318.2 fps total: 86429.6 | reward: -256.06 | ep_len: 52.2
mean value function: nan nan 0.01812744140625 0.2663780450820923 nan
[Epoch 1787] fps step: 115546.3 fps total: 87381.9 | reward: -275.64 | ep_len: 53.7
mean value function: nan nan 0.0186614990234375 0.2932128310203552 nan
[Epoch 1788] fps step: 118095.0 fps total: 87706.4 | reward: -256.19 | ep_len: 52.3
mean value function: nan nan 0.0190277099609375 0.2878667116165161 nan
[Epoch 1789] fps step: 108898.5 fps total: 84881.2 | reward: -283.53 | ep_len: 56.3
mean value function: nan nan 0.0181427001953125 0.27831363677978516 nan
[Epoch 1790] fps step: 111610.8 fps total: 86363.8 | reward: -245.57 | ep_len: 50.4
mean value function: nan nan 0.0193023681640625 0.2779266834259033 nan
[Epoch 1791] fps step: 116714.1 fps total: 88879.2 | reward: -261.64 | ep_len: 53.5
mean value function: nan nan 0.018524169921875 0.27357974648475647 nan
[Epoch 1792] fps step: 111271.1 fps total: 85534.4 | reward: -258.94 | ep_len: 52.6
mean value function: nan nan 0.0188751220703125 0.2816113233566284 nan
[Epoch 1793] fps step: 116511.6 fps total: 88966.5 | reward: -261.76 | ep_len: 53.2
mean value function: nan nan 0.018646240234375 0.28307396173477173 nan
[Epoch 1794] fps step: 119047.8 fps total: 89612.6 | reward: -276.78 | ep_len: 54.9
mean value function: nan nan 0.018463134765625 0.2933900058269501 nan
[Epoch 1795] fps step: 108058.4 fps total: 82116.7 | reward: -260.75 | ep_len: 52.6
mean value function: nan nan 0.0182647705078125 0.2967292070388794 nan
[Epoch 1796] fps step: 120077.0 fps total: 89847.5 | reward: -277.23 | ep_len: 55.2
mean value function: nan nan 0.018951416015625 0.3076835870742798 nan
[Epoch 1797] fps step: 99179.4 fps total: 77186.6 | reward: -280.81 | ep_len: 55.2
mean value function: nan nan 0.01898193359375 0.3090108335018158 nan
[Epoch 1798] fps step: 118168.5 fps total: 89369.8 | reward: -268.84 | ep_len: 53.8
mean value function: nan nan 0.01861572265625 0.3089717626571655 nan
[Epoch 1799] fps step: 109563.4 fps total: 84161.8 | reward: -256.98 | ep_len: 52.5
mean value function: nan nan 0.017578125 0.30054590106010437 nan
[Epoch 1800] fps step: 110191.8 fps total: 83975.5 | reward: -241.15 | ep_len: 50.0
=> saving checkpoint 'runs/HumanoidAMP_walk_retrain_08-19-54-45/nn/HumanoidAMP_walk_retrain_08-19-54-46_1800.pth'
mean value function: nan nan 0.019561767578125 0.3351444900035858 nan
[Epoch 1801] fps step: 125242.1 fps total: 93316.0 | reward: -274.68 | ep_len: 55.0
mean value function: nan nan 0.018951416015625 0.31211408972740173 nan
[Epoch 1802] fps step: 97458.8 fps total: 77381.7 | reward: -279.01 | ep_len: 55.8
/home/user/anaconda3/envs/proknee_tc/lib/python3.8/site-packages/hydra/_internal/hydra.py:119: UserWarning: Future Hydra versions will no longer change working directory at job runtime by default.
See https://hydra.cc/docs/1.2/upgrades/1.1_to_1.2/changes_to_job_working_dir/ for more information.
  ret = run_job(
Using /home/user/.cache/torch_extensions/py38_cu124 as PyTorch extensions root...
Emitting ninja build file /home/user/.cache/torch_extensions/py38_cu124/gymtorch/build.ninja...
Building extension module gymtorch...
Allowing ninja to set a default number of workers... (overridable by setting the environment variable MAX_JOBS=N)
Loading extension module gymtorch...
Gym has been unmaintained since 2022 and does not support NumPy 2.0 amongst other critical functionality.
Please upgrade to Gymnasium, the maintained drop-in replacement of Gym, or contact the authors of your software and request that they upgrade.
See the migration guide at https://gymnasium.farama.org/introduction/migration_guide/ for additional information.
2026-02-08 19:54:45,085 - INFO - logger - logger initialized
Terminated

ERROR conda.cli.main_run:execute(125): `conda run python train.py task=HumanoidAMP train=HumanoidAMPPPO num_envs=4096 max_iterations=5000 motion=walk headless=True experiment=HumanoidAMP_walk_retrain` failed. (See above for error)

