motion_path,source_set,subject,action_category,action_zh,reference_frames,control_steps,duration_seconds,frequency_hz,historical_tracker_success,historical_frame_coverage,historical_done_reason,replay_candidate
KIT/10/LeftTurn01_poses,official_kit,10,turn_left,左转,371,370,3.7,100.0,True,0.9973045822102425,completed,True
KIT/10/LeftTurn02_poses,official_kit,10,turn_left,左转,291,290,2.9,100.0,True,0.9965635738831615,completed,True
KIT/10/LeftTurn03_poses,official_kit,10,turn_left,左转,358,357,3.57,100.0,True,0.9972067039106145,completed,True
KIT/10/LeftTurn04_poses,official_kit,10,turn_left,左转,448,447,4.47,100.0,True,0.9977678571428571,completed,True
KIT/10/LeftTurn05_poses,official_kit,10,turn_left,左转,388,387,3.87,100.0,True,0.9974226804123711,completed,True
KIT/10/LeftTurn06_poses,official_kit,10,turn_left,左转,389,388,3.88,100.0,True,0.9974293059125964,completed,True
KIT/10/LeftTurn07_poses,official_kit,10,turn_left,左转,390,389,3.89,100.0,True,0.9974358974358974,completed,True
KIT/10/LeftTurn08_poses,official_kit,10,turn_left,左转,534,533,5.33,100.0,True,0.99812734082397,completed,True
KIT/10/LeftTurn09_poses,official_kit,10,turn_left,左转,450,449,4.49,100.0,True,0.9977777777777778,completed,True
KIT/10/LeftTurn10_poses,official_kit,10,turn_left,左转,419,418,4.18,100.0,True,0.9976133651551312,completed,True
KIT/10/RightTurn01_poses,official_kit,10,turn_right,右转,503,502,5.02,100.0,True,0.9980119284294234,completed,True
KIT/10/RightTurn02_poses,official_kit,10,turn_right,右转,489,488,4.88,100.0,True,0.9979550102249489,completed,True
KIT/10/RightTurn03_poses,official_kit,10,turn_right,右转,536,535,5.35,100.0,True,0.9981343283582089,completed,True
KIT/10/RightTurn04_poses,official_kit,10,turn_right,右转,517,516,5.16,100.0,True,0.9980657640232108,completed,True
KIT/10/RightTurn05_poses,official_kit,10,turn_right,右转,623,622,6.22,100.0,True,0.9983948635634029,completed,True
KIT/10/RightTurn06_poses,official_kit,10,turn_right,右转,537,536,5.36,100.0,True,0.9981378026070763,completed,True
KIT/10/RightTurn07_poses,official_kit,10,turn_right,右转,511,510,5.1,100.0,True,0.9980430528375733,completed,True
KIT/10/RightTurn08_poses,official_kit,10,turn_right,右转,537,536,5.36,100.0,True,0.9981378026070763,completed,True
KIT/10/RightTurn09_poses,official_kit,10,turn_right,右转,531,530,5.3,100.0,True,0.9981167608286252,completed,True
KIT/10/RightTurn10_poses,official_kit,10,turn_right,右转,536,535,5.35,100.0,True,0.9981343283582089,completed,True
KIT/10/WalkInClockwiseCircle01_poses,official_kit,10,clockwise_circle,顺时针绕圈,677,676,6.76,100.0,True,0.9985228951255539,completed,True
KIT/10/WalkInClockwiseCircle02_poses,official_kit,10,clockwise_circle,顺时针绕圈,663,662,6.62,100.0,True,0.9984917043740573,completed,True
KIT/10/WalkInClockwiseCircle03_poses,official_kit,10,clockwise_circle,顺时针绕圈,656,655,6.55,100.0,True,0.9984756097560976,completed,True
KIT/10/WalkInClockwiseCircle04_poses,official_kit,10,clockwise_circle,顺时针绕圈,668,667,6.67,100.0,True,0.9985029940119761,completed,True
KIT/10/WalkInClockwiseCircle05_poses,official_kit,10,clockwise_circle,顺时针绕圈,650,649,6.49,100.0,True,0.9984615384615385,completed,True
KIT/10/WalkInClockwiseCircle06_poses,official_kit,10,clockwise_circle,顺时针绕圈,647,646,6.46,100.0,True,0.9984544049459042,completed,True
KIT/10/WalkInClockwiseCircle07_poses,official_kit,10,clockwise_circle,顺时针绕圈,708,707,7.07,100.0,True,0.998587570621469,completed,True
KIT/10/WalkInClockwiseCircle08_poses,official_kit,10,clockwise_circle,顺时针绕圈,682,681,6.81,100.0,True,0.998533724340176,completed,True
KIT/10/WalkInClockwiseCircle09_poses,official_kit,10,clockwise_circle,顺时针绕圈,655,654,6.54,100.0,True,0.9984732824427481,completed,True
KIT/10/WalkInClockwiseCircle10_poses,official_kit,10,clockwise_circle,顺时针绕圈,663,662,6.62,100.0,True,0.9984917043740573,completed,True
KIT/10/WalkInCounterClockwiseCircle01_poses,official_kit,10,counterclockwise_circle,逆时针绕圈,666,665,6.65,100.0,True,0.9984984984984985,completed,True
KIT/10/WalkInCounterClockwiseCircle02_poses,official_kit,10,counterclockwise_circle,逆时针绕圈,546,545,5.45,100.0,True,0.9981684981684982,completed,True
KIT/10/WalkInCounterClockwiseCircle03_poses,official_kit,10,counterclockwise_circle,逆时针绕圈,746,745,7.45,100.0,True,0.9986595174262735,completed,True
KIT/10/WalkInCounterClockwiseCircle04_poses,official_kit,10,counterclockwise_circle,逆时针绕圈,610,609,6.09,100.0,True,0.9983606557377049,completed,True
KIT/10/WalkInCounterClockwiseCircle05_poses,official_kit,10,counterclockwise_circle,逆时针绕圈,608,607,6.07,100.0,True,0.9983552631578947,completed,True
KIT/10/WalkInCounterClockwiseCircle06_poses,official_kit,10,counterclockwise_circle,逆时针绕圈,624,623,6.23,100.0,True,0.9983974358974359,completed,True
KIT/10/WalkInCounterClockwiseCircle07_poses,official_kit,10,counterclockwise_circle,逆时针绕圈,636,635,6.35,100.0,True,0.9984276729559748,completed,True
KIT/10/WalkInCounterClockwiseCircle08_poses,official_kit,10,counterclockwise_circle,逆时针绕圈,620,619,6.19,100.0,True,0.9983870967741936,completed,True
KIT/10/WalkInCounterClockwiseCircle09_poses,official_kit,10,counterclockwise_circle,逆时针绕圈,598,597,5.97,100.0,True,0.9983277591973244,completed,True
KIT/10/WalkInCounterClockwiseCircle10_poses,official_kit,10,counterclockwise_circle,逆时针绕圈,642,641,6.41,100.0,True,0.9984423676012462,completed,True
KIT/10/WalkingStraightBackwards01_poses,official_kit,10,straight_backward,直线后退,409,408,4.08,100.0,True,0.9975550122249389,completed,True
KIT/10/WalkingStraightBackwards02_poses,official_kit,10,straight_backward,直线后退,479,478,4.78,100.0,True,0.9979123173277662,completed,True
KIT/10/WalkingStraightBackwards03_poses,official_kit,10,straight_backward,直线后退,441,440,4.4,100.0,True,0.9977324263038548,completed,True
KIT/10/WalkingStraightBackwards04_poses,official_kit,10,straight_backward,直线后退,450,449,4.49,100.0,True,0.9977777777777778,completed,True
KIT/10/WalkingStraightBackwards05_poses,official_kit,10,straight_backward,直线后退,559,558,5.58,100.0,True,0.998211091234347,completed,True
KIT/10/WalkingStraightBackwards06_poses,official_kit,10,straight_backward,直线后退,634,633,6.33,100.0,True,0.998422712933754,completed,True
KIT/10/WalkingStraightBackwards07_poses,official_kit,10,straight_backward,直线后退,499,498,4.98,100.0,True,0.9979959919839679,completed,True
KIT/10/WalkingStraightBackwards08_poses,official_kit,10,straight_backward,直线后退,569,568,5.68,100.0,True,0.9982425307557118,completed,True
KIT/10/WalkingStraightBackwards09_poses,official_kit,10,straight_backward,直线后退,516,515,5.15,100.0,True,0.998062015503876,completed,True
KIT/10/WalkingStraightBackwards10_poses,official_kit,10,straight_backward,直线后退,487,486,4.86,100.0,True,0.997946611909651,completed,True
KIT/11/LeftTurn01_poses,official_kit,11,turn_left,左转,424,423,4.23,100.0,True,0.9976415094339622,completed,True
KIT/11/LeftTurn02_poses,official_kit,11,turn_left,左转,580,579,5.79,100.0,True,0.9982758620689656,completed,True
KIT/11/LeftTurn03_poses,official_kit,11,turn_left,左转,590,589,5.89,100.0,True,0.9983050847457627,completed,True
KIT/11/LeftTurn04_poses,official_kit,11,turn_left,左转,403,402,4.02,100.0,True,0.9975186104218362,completed,True
KIT/11/LeftTurn05_poses,official_kit,11,turn_left,左转,557,556,5.56,100.0,True,0.9982046678635548,completed,True
KIT/11/LeftTurn06_poses,official_kit,11,turn_left,左转,587,586,5.86,100.0,True,0.9982964224872232,completed,True
KIT/11/LeftTurn07_poses,official_kit,11,turn_left,左转,410,409,4.09,100.0,True,0.9975609756097561,completed,True
KIT/11/LeftTurn08_poses,official_kit,11,turn_left,左转,300,299,2.99,100.0,True,0.9966666666666667,completed,True
KIT/11/LeftTurn09_poses,official_kit,11,turn_left,左转,345,344,3.44,100.0,True,0.9971014492753624,completed,True
KIT/11/RightTurn01_poses,official_kit,11,turn_right,右转,386,385,3.85,100.0,True,0.9974093264248705,completed,True
KIT/11/RightTurn02_poses,official_kit,11,turn_right,右转,548,547,5.47,100.0,True,0.9981751824817519,completed,True
KIT/11/RightTurn03_poses,official_kit,11,turn_right,右转,551,550,5.5,100.0,True,0.9981851179673321,completed,True
KIT/11/RightTurn04_poses,official_kit,11,turn_right,右转,535,534,5.34,100.0,True,0.9981308411214953,completed,True
KIT/11/RightTurn05_poses,official_kit,11,turn_right,右转,510,509,5.09,100.0,True,0.9980392156862745,completed,True
KIT/11/RightTurn06_poses,official_kit,11,turn_right,右转,495,494,4.94,100.0,True,0.997979797979798,completed,True
KIT/11/RightTurn07_poses,official_kit,11,turn_right,右转,575,574,5.74,100.0,True,0.9982608695652174,completed,True
KIT/11/RightTurn08_poses,official_kit,11,turn_right,右转,542,541,5.41,100.0,True,0.9981549815498155,completed,True
KIT/11/RightTurn09_poses,official_kit,11,turn_right,右转,526,525,5.25,100.0,True,0.9980988593155894,completed,True
KIT/11/RightTurn10_poses,official_kit,11,turn_right,右转,496,495,4.95,100.0,True,0.9979838709677419,completed,True
KIT/11/WalkInClockwiseCircle01_poses,official_kit,11,clockwise_circle,顺时针绕圈,726,725,7.25,100.0,True,0.9986225895316805,completed,True
KIT/11/WalkInClockwiseCircle02_poses,official_kit,11,clockwise_circle,顺时针绕圈,654,653,6.53,100.0,True,0.9984709480122325,completed,True
KIT/11/WalkInClockwiseCircle03_poses,official_kit,11,clockwise_circle,顺时针绕圈,648,647,6.47,100.0,True,0.9984567901234568,completed,True
KIT/11/WalkInClockwiseCircle04_poses,official_kit,11,clockwise_circle,顺时针绕圈,724,723,7.23,100.0,True,0.9986187845303868,completed,True
KIT/11/WalkInClockwiseCircle05_poses,official_kit,11,clockwise_circle,顺时针绕圈,745,744,7.44,100.0,True,0.9986577181208054,completed,True
KIT/11/WalkInClockwiseCircle06_poses,official_kit,11,clockwise_circle,顺时针绕圈,689,688,6.88,100.0,True,0.9985486211901307,completed,True
KIT/11/WalkInClockwiseCircle07_poses,official_kit,11,clockwise_circle,顺时针绕圈,668,667,6.67,100.0,True,0.9985029940119761,completed,True
KIT/11/WalkInClockwiseCircle08_poses,official_kit,11,clockwise_circle,顺时针绕圈,861,860,8.6,100.0,True,0.9988385598141696,completed,True
KIT/11/WalkInClockwiseCircle09_poses,official_kit,11,clockwise_circle,顺时针绕圈,740,739,7.39,100.0,True,0.9986486486486487,completed,True
KIT/11/WalkInClockwiseCircle10_poses,official_kit,11,clockwise_circle,顺时针绕圈,723,722,7.22,100.0,True,0.9986168741355463,completed,True
KIT/11/WalkInCounterClockwiseCircle01_poses,official_kit,11,counterclockwise_circle,逆时针绕圈,812,811,8.11,100.0,True,0.9987684729064039,completed,True
KIT/11/WalkInCounterClockwiseCircle02_poses,official_kit,11,counterclockwise_circle,逆时针绕圈,758,757,7.57,100.0,True,0.9986807387862797,completed,True
KIT/11/WalkInCounterClockwiseCircle03_poses,official_kit,11,counterclockwise_circle,逆时针绕圈,689,688,6.88,100.0,True,0.9985486211901307,completed,True
KIT/11/WalkInCounterClockwiseCircle04_poses,official_kit,11,counterclockwise_circle,逆时针绕圈,811,810,8.1,100.0,True,0.998766954377312,completed,True
KIT/11/WalkInCounterClockwiseCircle05_poses,official_kit,11,counterclockwise_circle,逆时针绕圈,691,690,6.9,100.0,True,0.9985528219971056,completed,True
KIT/11/WalkInCounterClockwiseCircle06_poses,official_kit,11,counterclockwise_circle,逆时针绕圈,740,739,7.39,100.0,True,0.9986486486486487,completed,True
KIT/11/WalkInCounterClockwiseCircle07_poses,official_kit,11,counterclockwise_circle,逆时针绕圈,766,765,7.65,100.0,True,0.9986945169712794,completed,True
KIT/11/WalkInCounterClockwiseCircle08_poses,official_kit,11,counterclockwise_circle,逆时针绕圈,682,681,6.81,100.0,True,0.998533724340176,completed,True
KIT/11/WalkInCounterClockwiseCircle09_poses,official_kit,11,counterclockwise_circle,逆时针绕圈,729,728,7.28,100.0,True,0.9986282578875172,completed,True
KIT/11/WalkInCounterClockwiseCircle10_poses,official_kit,11,counterclockwise_circle,逆时针绕圈,728,727,7.27,100.0,True,0.9986263736263736,completed,True
KIT/11/WalkingStraightBackwards01_1_poses,official_kit,11,straight_backward,直线后退,549,548,5.48,100.0,True,0.9981785063752276,completed,True
KIT/11/WalkingStraightBackwards02_1_poses,official_kit,11,straight_backward,直线后退,555,554,5.54,100.0,True,0.9981981981981982,completed,True
KIT/11/WalkingStraightBackwards03_1_poses,official_kit,11,straight_backward,直线后退,542,541,5.41,100.0,True,0.9981549815498155,completed,True
KIT/11/WalkingStraightBackwards04_1_poses,official_kit,11,straight_backward,直线后退,487,486,4.86,100.0,True,0.997946611909651,completed,True
KIT/11/WalkingStraightBackwards05_1_poses,official_kit,11,straight_backward,直线后退,786,785,7.85,100.0,True,0.9987277353689568,completed,True
KIT/11/WalkingStraightBackwards06_1_poses,official_kit,11,straight_backward,直线后退,599,598,5.98,100.0,True,0.998330550918197,completed,True
KIT/11/WalkingStraightBackwards07_1_poses,official_kit,11,straight_backward,直线后退,500,499,4.99,100.0,True,0.998,completed,True
KIT/11/WalkingStraightBackwards08_1_poses,official_kit,11,straight_backward,直线后退,576,575,5.75,100.0,True,0.9982638888888888,completed,True
KIT/11/WalkingStraightBackwards09_1_poses,official_kit,11,straight_backward,直线后退,531,530,5.3,100.0,True,0.9981167608286252,completed,True
KIT/11/WalkingStraightBackwards10_poses,official_kit,11,straight_backward,直线后退,452,451,4.51,100.0,True,0.9977876106194691,completed,True
KIT/11/WalkingStraightForwards01_poses,official_kit,11,straight_forward,直线前进,500,499,4.99,100.0,True,0.998,completed,True
KIT/11/WalkingStraightForwards02_poses,official_kit,11,straight_forward,直线前进,536,535,5.35,100.0,True,0.9981343283582089,completed,True
KIT/11/WalkingStraightForwards03_poses,official_kit,11,straight_forward,直线前进,577,576,5.76,100.0,True,0.9982668977469671,completed,True
KIT/11/WalkingStraightForwards04_poses,official_kit,11,straight_forward,直线前进,533,532,5.32,100.0,True,0.99812382739212,completed,True
KIT/11/WalkingStraightForwards05_poses,official_kit,11,straight_forward,直线前进,482,481,4.81,100.0,True,0.9979253112033195,completed,True
KIT/11/WalkingStraightForwards06_poses,official_kit,11,straight_forward,直线前进,531,530,5.3,100.0,True,0.9981167608286252,completed,True
KIT/11/WalkingStraightForwards07_poses,official_kit,11,straight_forward,直线前进,477,476,4.76,100.0,True,0.9979035639412998,completed,True
KIT/11/WalkingStraightForwards08_poses,official_kit,11,straight_forward,直线前进,474,473,4.73,100.0,True,0.9978902953586498,completed,True
KIT/11/WalkingStraightForwards09_poses,official_kit,11,straight_forward,直线前进,427,426,4.26,100.0,True,0.9976580796252927,completed,True
KIT/11/WalkingStraightForwards10_poses,official_kit,11,straight_forward,直线前进,488,487,4.87,100.0,True,0.9979508196721312,completed,True
KIT/12/LeftTurn03_poses,official_kit,12,turn_left,左转,521,520,5.2,100.0,True,0.9980806142034548,completed,True
KIT/12/LeftTurn05_poses,official_kit,12,turn_left,左转,602,601,6.01,100.0,True,0.9983388704318937,completed,True
KIT/12/LeftTurn07_poses,official_kit,12,turn_left,左转,432,431,4.31,100.0,True,0.9976851851851852,completed,True
KIT/12/LeftTurn08_poses,official_kit,12,turn_left,左转,570,569,5.69,100.0,True,0.9982456140350877,completed,True
KIT/12/RightTurn01_poses,official_kit,12,turn_right,右转,427,426,4.26,100.0,True,0.9976580796252927,completed,True
KIT/12/RightTurn02_poses,official_kit,12,turn_right,右转,918,917,9.17,100.0,True,0.9989106753812637,completed,True
KIT/12/RightTurn03_poses,official_kit,12,turn_right,右转,589,588,5.88,100.0,True,0.99830220713073,completed,True
KIT/12/RightTurn04_poses,official_kit,12,turn_right,右转,729,728,7.28,100.0,True,0.9986282578875172,completed,True
KIT/12/RightTurn05_poses,official_kit,12,turn_right,右转,349,348,3.48,100.0,True,0.997134670487106,completed,True
KIT/12/RightTurn06_poses,official_kit,12,turn_right,右转,518,517,5.17,100.0,True,0.9980694980694981,completed,True
KIT/12/RightTurn07_poses,official_kit,12,turn_right,右转,611,610,6.1,100.0,True,0.9983633387888707,completed,True
KIT/12/RightTurn08_poses,official_kit,12,turn_right,右转,558,557,5.57,100.0,True,0.9982078853046595,completed,True
KIT/12/RightTurn09_poses,official_kit,12,turn_right,右转,515,514,5.14,100.0,True,0.9980582524271845,completed,True
KIT/12/RightTurn10_poses,official_kit,12,turn_right,右转,554,553,5.53,100.0,True,0.9981949458483754,completed,True
KIT/12/WalkInClockwiseCircle01_poses,official_kit,12,clockwise_circle,顺时针绕圈,560,559,5.59,100.0,True,0.9982142857142857,completed,True
KIT/12/WalkInClockwiseCircle02_poses,official_kit,12,clockwise_circle,顺时针绕圈,560,559,5.59,100.0,True,0.9982142857142857,completed,True
KIT/12/WalkInClockwiseCircle03_poses,official_kit,12,clockwise_circle,顺时针绕圈,581,580,5.8,100.0,True,0.9982788296041308,completed,True
KIT/12/WalkInClockwiseCircle05_poses,official_kit,12,clockwise_circle,顺时针绕圈,671,670,6.7,100.0,True,0.9985096870342772,completed,True
KIT/12/WalkInClockwiseCircle09_poses,official_kit,12,clockwise_circle,顺时针绕圈,641,640,6.4,100.0,True,0.9984399375975039,completed,True
KIT/12/WalkInClockwiseCircle11_poses,official_kit,12,clockwise_circle,顺时针绕圈,667,666,6.66,100.0,True,0.9985007496251874,completed,True
KIT/12/WalkInClockwiseCircle12_poses,official_kit,12,clockwise_circle,顺时针绕圈,661,660,6.6,100.0,True,0.9984871406959153,completed,True
KIT/12/WalkInCounterClockwiseCircle01_poses,official_kit,12,counterclockwise_circle,逆时针绕圈,683,682,6.82,100.0,True,0.9985358711566618,completed,True
KIT/12/WalkInCounterClockwiseCircle02_poses,official_kit,12,counterclockwise_circle,逆时针绕圈,576,575,5.75,100.0,True,0.9982638888888888,completed,True
KIT/12/WalkInCounterClockwiseCircle04_poses,official_kit,12,counterclockwise_circle,逆时针绕圈,716,715,7.15,100.0,True,0.9986033519553073,completed,True
KIT/12/WalkInCounterClockwiseCircle05_poses,official_kit,12,counterclockwise_circle,逆时针绕圈,751,750,7.5,100.0,True,0.9986684420772304,completed,True
KIT/12/WalkInCounterClockwiseCircle06_poses,official_kit,12,counterclockwise_circle,逆时针绕圈,726,725,7.25,100.0,True,0.9986225895316805,completed,True
KIT/12/WalkInCounterClockwiseCircle07_poses,official_kit,12,counterclockwise_circle,逆时针绕圈,643,642,6.42,100.0,True,0.9984447900466563,completed,True
KIT/12/WalkInCounterClockwiseCircle08_poses,official_kit,12,counterclockwise_circle,逆时针绕圈,720,719,7.19,100.0,True,0.9986111111111111,completed,True
KIT/12/WalkInCounterClockwiseCircle10_poses,official_kit,12,counterclockwise_circle,逆时针绕圈,661,660,6.6,100.0,True,0.9984871406959153,completed,True
KIT/12/WalkingStraightBackwards01_poses,official_kit,12,straight_backward,直线后退,594,593,5.93,100.0,True,0.9983164983164983,completed,True
KIT/12/WalkingStraightBackwards02_poses,official_kit,12,straight_backward,直线后退,572,571,5.71,100.0,True,0.9982517482517482,completed,True
KIT/12/WalkingStraightBackwards03_poses,official_kit,12,straight_backward,直线后退,587,586,5.86,100.0,True,0.9982964224872232,completed,True
KIT/12/WalkingStraightBackwards04_poses,official_kit,12,straight_backward,直线后退,604,603,6.03,100.0,True,0.9983443708609272,completed,True
KIT/12/WalkingStraightBackwards05_poses,official_kit,12,straight_backward,直线后退,602,601,6.01,100.0,True,0.9983388704318937,completed,True
KIT/12/WalkingStraightBackwards06_poses,official_kit,12,straight_backward,直线后退,583,582,5.82,100.0,True,0.9982847341337907,completed,True
KIT/12/WalkingStraightBackwards07_poses,official_kit,12,straight_backward,直线后退,544,543,5.43,100.0,True,0.9981617647058824,completed,True
KIT/12/WalkingStraightBackwards08_poses,official_kit,12,straight_backward,直线后退,531,530,5.3,100.0,True,0.9981167608286252,completed,True
KIT/12/WalkingStraightBackwards09_poses,official_kit,12,straight_backward,直线后退,544,543,5.43,100.0,True,0.9981617647058824,completed,True
KIT/12/WalkingStraightBackwards10_poses,official_kit,12,straight_backward,直线后退,677,676,6.76,100.0,True,0.9985228951255539,completed,True
KIT/12/WalkingStraightForwards01_1_poses,official_kit,12,straight_forward,直线前进,392,391,3.91,100.0,True,0.9974489795918368,completed,True
KIT/12/WalkingStraightForwards03_poses,official_kit,12,straight_forward,直线前进,141,140,1.4,100.0,True,0.9929078014184397,completed,True
KIT/12/WalkingStraightForwards04_1_poses,official_kit,12,straight_forward,直线前进,340,339,3.39,100.0,True,0.9970588235294118,completed,True
KIT/12/WalkingStraightForwards05_1_poses,official_kit,12,straight_forward,直线前进,348,347,3.47,100.0,True,0.9971264367816092,completed,True
KIT/12/WalkingStraightForwards06_1_poses,official_kit,12,straight_forward,直线前进,553,552,5.52,100.0,True,0.9981916817359855,completed,True
KIT/12/WalkingStraightForwards07_1_poses,official_kit,12,straight_forward,直线前进,481,480,4.8,100.0,True,0.997920997920998,completed,True
KIT/12/WalkingStraightForwards08_1_poses,official_kit,12,straight_forward,直线前进,554,553,5.53,100.0,True,0.9981949458483754,completed,True
KIT/12/WalkingStraightForwards09_1_poses,official_kit,12,straight_forward,直线前进,552,551,5.51,100.0,True,0.9981884057971014,completed,True
KIT/12/WalkingStraightForwards10_poses,official_kit,12,straight_forward,直线前进,551,550,5.5,100.0,True,0.9981851179673321,completed,True
KIT/167/turn_left01_poses,official_kit,167,turn_left,左转,537,536,5.36,100.0,True,0.9981378026070763,completed,True
KIT/167/turn_left02_poses,official_kit,167,turn_left,左转,554,553,5.53,100.0,True,0.9981949458483754,completed,True
KIT/167/turn_left03_poses,official_kit,167,turn_left,左转,600,599,5.99,100.0,True,0.9983333333333333,completed,True
KIT/167/turn_left04_poses,official_kit,167,turn_left,左转,537,536,5.36,100.0,True,0.9981378026070763,completed,True
KIT/167/turn_left05_poses,official_kit,167,turn_left,左转,599,598,5.98,100.0,True,0.998330550918197,completed,True
KIT/167/turn_left06_poses,official_kit,167,turn_left,左转,607,606,6.06,100.0,True,0.9983525535420099,completed,True
KIT/167/turn_left07_poses,official_kit,167,turn_left,左转,626,625,6.25,100.0,True,0.9984025559105432,completed,True
KIT/167/turn_left08_poses,official_kit,167,turn_left,左转,546,545,5.45,100.0,True,0.9981684981684982,completed,True
KIT/167/turn_left09_poses,official_kit,167,turn_left,左转,593,592,5.92,100.0,True,0.9983136593591906,completed,True
KIT/167/turn_left10_poses,official_kit,167,turn_left,左转,600,599,5.99,100.0,True,0.9983333333333333,completed,True
KIT/167/turn_right01_poses,official_kit,167,turn_right,右转,675,674,6.74,100.0,True,0.9985185185185185,completed,True
KIT/167/turn_right02_poses,official_kit,167,turn_right,右转,708,707,7.07,100.0,True,0.998587570621469,completed,True
KIT/167/turn_right03_poses,official_kit,167,turn_right,右转,602,601,6.01,100.0,True,0.9983388704318937,completed,True
KIT/167/turn_right04_poses,official_kit,167,turn_right,右转,631,630,6.3,100.0,True,0.9984152139461173,completed,True
KIT/167/turn_right05_poses,official_kit,167,turn_right,右转,622,621,6.21,100.0,True,0.9983922829581994,completed,True
KIT/167/turn_right06_poses,official_kit,167,turn_right,右转,626,625,6.25,100.0,True,0.9984025559105432,completed,True
KIT/167/turn_right07_poses,official_kit,167,turn_right,右转,620,619,6.19,100.0,True,0.9983870967741936,completed,True
KIT/167/turn_right08_poses,official_kit,167,turn_right,右转,592,591,5.91,100.0,True,0.9983108108108109,completed,True
KIT/167/turn_right09_poses,official_kit,167,turn_right,右转,569,568,5.68,100.0,True,0.9982425307557118,completed,True
KIT/167/turn_right10_poses,official_kit,167,turn_right,右转,558,557,5.57,100.0,True,0.9982078853046595,completed,True
KIT/167/walking_medium01_poses,official_kit,167,walking_medium,中速直行,504,503,5.03,100.0,True,0.998015873015873,completed,True
KIT/167/walking_medium02_poses,official_kit,167,walking_medium,中速直行,464,463,4.63,100.0,True,0.9978448275862069,completed,True
KIT/167/walking_medium03_poses,official_kit,167,walking_medium,中速直行,547,546,5.46,100.0,True,0.9981718464351006,completed,True
KIT/167/walking_medium04_poses,official_kit,167,walking_medium,中速直行,516,515,5.15,100.0,True,0.998062015503876,completed,True
KIT/167/walking_medium05_poses,official_kit,167,walking_medium,中速直行,517,516,5.16,100.0,True,0.9980657640232108,completed,True
KIT/167/walking_medium06_poses,official_kit,167,walking_medium,中速直行,484,483,4.83,100.0,True,0.9979338842975206,completed,True
KIT/167/walking_medium07_poses,official_kit,167,walking_medium,中速直行,514,513,5.13,100.0,True,0.9980544747081712,completed,True
KIT/167/walking_medium08_poses,official_kit,167,walking_medium,中速直行,523,522,5.22,100.0,True,0.9980879541108987,completed,True
KIT/167/walking_medium09_poses,official_kit,167,walking_medium,中速直行,485,484,4.84,100.0,True,0.9979381443298969,completed,True
KIT/167/walking_medium10_poses,official_kit,167,walking_medium,中速直行,536,535,5.35,100.0,True,0.9981343283582089,completed,True
KIT/167/walking_run01_poses,official_kit,167,walking_run,跑步,495,494,4.94,100.0,True,0.997979797979798,completed,True
KIT/167/walking_run02_poses,official_kit,167,walking_run,跑步,471,470,4.7,100.0,True,0.9978768577494692,completed,True
KIT/167/walking_run03_poses,official_kit,167,walking_run,跑步,288,287,2.87,100.0,True,0.9965277777777778,completed,True
KIT/167/walking_run04_poses,official_kit,167,walking_run,跑步,511,510,5.1,100.0,True,0.9980430528375733,completed,True
KIT/167/walking_run05_poses,official_kit,167,walking_run,跑步,471,470,4.7,100.0,True,0.9978768577494692,completed,True
KIT/167/walking_run06_poses,official_kit,167,walking_run,跑步,430,429,4.29,100.0,True,0.9976744186046511,completed,True
KIT/167/walking_run07_poses,official_kit,167,walking_run,跑步,449,448,4.48,100.0,True,0.9977728285077951,completed,True
KIT/167/walking_run08_poses,official_kit,167,walking_run,跑步,431,430,4.3,100.0,True,0.9976798143851509,completed,True
KIT/167/walking_run09_poses,official_kit,167,walking_run,跑步,530,529,5.29,100.0,True,0.9981132075471698,completed,True
KIT/167/walking_run10_poses,official_kit,167,walking_run,跑步,483,482,4.82,100.0,True,0.9979296066252588,completed,True
KIT/167/walking_slow01_poses,official_kit,167,walking_slow,慢速直行,630,629,6.29,100.0,True,0.9984126984126984,completed,True
KIT/167/walking_slow02_poses,official_kit,167,walking_slow,慢速直行,748,747,7.47,100.0,True,0.9986631016042781,completed,True
KIT/167/walking_slow03_poses,official_kit,167,walking_slow,慢速直行,596,595,5.95,100.0,True,0.9983221476510067,completed,True
KIT/167/walking_slow04_poses,official_kit,167,walking_slow,慢速直行,645,644,6.44,100.0,True,0.9984496124031008,completed,True
KIT/167/walking_slow05_poses,official_kit,167,walking_slow,慢速直行,780,779,7.79,100.0,True,0.9987179487179487,completed,True
KIT/167/walking_slow06_poses,official_kit,167,walking_slow,慢速直行,667,666,6.66,100.0,True,0.9985007496251874,completed,True
KIT/167/walking_slow07_poses,official_kit,167,walking_slow,慢速直行,742,741,7.41,100.0,True,0.9986522911051213,completed,True
KIT/167/walking_slow08_poses,official_kit,167,walking_slow,慢速直行,667,666,6.66,100.0,True,0.9985007496251874,completed,True
KIT/167/walking_slow09_poses,official_kit,167,walking_slow,慢速直行,687,686,6.86,100.0,True,0.9985443959243085,completed,True
KIT/167/walking_slow10_poses,official_kit,167,walking_slow,慢速直行,609,608,6.08,100.0,True,0.9983579638752053,completed,True
KIT/167/walking_slow11_poses,official_kit,167,walking_slow,慢速直行,718,717,7.17,100.0,True,0.9986072423398329,completed,True
KIT/183/turn_left01_poses,official_kit,183,turn_left,左转,471,470,4.7,100.0,True,0.9978768577494692,completed,True
KIT/183/turn_left02_poses,official_kit,183,turn_left,左转,472,471,4.71,100.0,True,0.9978813559322034,completed,True
KIT/183/turn_left03_poses,official_kit,183,turn_left,左转,480,479,4.79,100.0,True,0.9979166666666667,completed,True
KIT/183/turn_left04_poses,official_kit,183,turn_left,左转,495,494,4.94,100.0,True,0.997979797979798,completed,True
KIT/183/turn_left05_poses,official_kit,183,turn_left,左转,497,496,4.96,100.0,True,0.9979879275653923,completed,True
KIT/183/turn_left06_poses,official_kit,183,turn_left,左转,463,462,4.62,100.0,True,0.9978401727861771,completed,True
KIT/183/turn_left07_poses,official_kit,183,turn_left,左转,453,452,4.52,100.0,True,0.9977924944812362,completed,True
KIT/183/turn_left08_poses,official_kit,183,turn_left,左转,495,494,4.94,100.0,True,0.997979797979798,completed,True
KIT/183/turn_left09_poses,official_kit,183,turn_left,左转,478,477,4.77,100.0,True,0.997907949790795,completed,True
KIT/183/turn_left10_poses,official_kit,183,turn_left,左转,471,470,4.7,100.0,True,0.9978768577494692,completed,True
KIT/183/turn_right01_poses,official_kit,183,turn_right,右转,630,629,6.29,100.0,True,0.9984126984126984,completed,True
KIT/183/turn_right02_poses,official_kit,183,turn_right,右转,605,604,6.04,100.0,True,0.9983471074380166,completed,True
KIT/183/turn_right03_poses,official_kit,183,turn_right,右转,621,620,6.2,100.0,True,0.998389694041868,completed,True
KIT/183/turn_right04_poses,official_kit,183,turn_right,右转,503,502,5.02,100.0,True,0.9980119284294234,completed,True
KIT/183/turn_right05_poses,official_kit,183,turn_right,右转,615,614,6.14,100.0,True,0.9983739837398374,completed,True
KIT/183/turn_right06_poses,official_kit,183,turn_right,右转,535,534,5.34,100.0,True,0.9981308411214953,completed,True
KIT/183/turn_right07_poses,official_kit,183,turn_right,右转,587,586,5.86,100.0,True,0.9982964224872232,completed,True
KIT/183/turn_right08_poses,official_kit,183,turn_right,右转,474,473,4.73,100.0,True,0.9978902953586498,completed,True
KIT/183/turn_right09_poses,official_kit,183,turn_right,右转,584,583,5.83,100.0,True,0.9982876712328768,completed,True
KIT/183/turn_right10_poses,official_kit,183,turn_right,右转,608,607,6.07,100.0,True,0.9983552631578947,completed,True
KIT/183/walking_fast01_poses,official_kit,183,walking_fast,快速直行,472,471,4.71,100.0,True,0.9978813559322034,completed,True
KIT/183/walking_fast02_poses,official_kit,183,walking_fast,快速直行,567,566,5.66,100.0,True,0.9982363315696648,completed,True
KIT/183/walking_fast03_poses,official_kit,183,walking_fast,快速直行,534,533,5.33,100.0,True,0.99812734082397,completed,True
KIT/183/walking_fast04_poses,official_kit,183,walking_fast,快速直行,494,493,4.93,100.0,True,0.9979757085020243,completed,True
KIT/183/walking_fast05_poses,official_kit,183,walking_fast,快速直行,504,503,5.03,100.0,True,0.998015873015873,completed,True
KIT/183/walking_fast06_poses,official_kit,183,walking_fast,快速直行,498,497,4.97,100.0,True,0.9979919678714859,completed,True
KIT/183/walking_fast07_poses,official_kit,183,walking_fast,快速直行,496,495,4.95,100.0,True,0.9979838709677419,completed,True
KIT/183/walking_fast08_poses,official_kit,183,walking_fast,快速直行,554,553,5.53,100.0,True,0.9981949458483754,completed,True
KIT/183/walking_fast09_poses,official_kit,183,walking_fast,快速直行,472,471,4.71,100.0,True,0.9978813559322034,completed,True
KIT/183/walking_fast10_poses,official_kit,183,walking_fast,快速直行,416,415,4.15,100.0,True,0.9975961538461539,completed,True
KIT/183/walking_medium01_poses,official_kit,183,walking_medium,中速直行,551,550,5.5,100.0,True,0.9981851179673321,completed,True
KIT/183/walking_medium02_poses,official_kit,183,walking_medium,中速直行,553,552,5.52,100.0,True,0.9981916817359855,completed,True
KIT/183/walking_medium03_poses,official_kit,183,walking_medium,中速直行,460,459,4.59,100.0,True,0.9978260869565218,completed,True
KIT/183/walking_medium04_poses,official_kit,183,walking_medium,中速直行,471,470,4.7,100.0,True,0.9978768577494692,completed,True
KIT/183/walking_medium05_poses,official_kit,183,walking_medium,中速直行,528,527,5.27,100.0,True,0.9981060606060606,completed,True
KIT/183/walking_medium06_poses,official_kit,183,walking_medium,中速直行,475,474,4.74,100.0,True,0.9978947368421053,completed,True
KIT/183/walking_medium07_poses,official_kit,183,walking_medium,中速直行,451,450,4.5,100.0,True,0.9977827050997783,completed,True
KIT/183/walking_medium08_poses,official_kit,183,walking_medium,中速直行,466,465,4.65,100.0,True,0.9978540772532188,completed,True
KIT/183/walking_medium09_poses,official_kit,183,walking_medium,中速直行,489,488,4.88,100.0,True,0.9979550102249489,completed,True
KIT/183/walking_medium10_poses,official_kit,183,walking_medium,中速直行,516,515,5.15,100.0,True,0.998062015503876,completed,True
KIT/183/walking_run01_poses,official_kit,183,walking_run,跑步,363,362,3.62,100.0,True,0.9972451790633609,completed,True
KIT/183/walking_run02_poses,official_kit,183,walking_run,跑步,415,414,4.14,100.0,True,0.9975903614457832,completed,True
KIT/183/walking_run04_poses,official_kit,183,walking_run,跑步,335,334,3.34,100.0,True,0.9970149253731343,completed,True
KIT/183/walking_run05_poses,official_kit,183,walking_run,跑步,455,454,4.54,100.0,True,0.9978021978021978,completed,True
KIT/183/walking_run06_poses,official_kit,183,walking_run,跑步,360,359,3.59,100.0,True,0.9972222222222222,completed,True
KIT/183/walking_run07_poses,official_kit,183,walking_run,跑步,376,375,3.75,100.0,True,0.9973404255319149,completed,True
KIT/183/walking_run08_poses,official_kit,183,walking_run,跑步,380,379,3.79,100.0,True,0.9973684210526316,completed,True
KIT/183/walking_run09_poses,official_kit,183,walking_run,跑步,416,415,4.15,100.0,True,0.9975961538461539,completed,True
KIT/183/walking_run10_poses,official_kit,183,walking_run,跑步,292,291,2.91,100.0,True,0.9965753424657534,completed,True
KIT/183/walking_slow01_poses,official_kit,183,walking_slow,慢速直行,707,706,7.06,100.0,True,0.9985855728429985,completed,True
KIT/183/walking_slow02_poses,official_kit,183,walking_slow,慢速直行,728,727,7.27,100.0,True,0.9986263736263736,completed,True
KIT/183/walking_slow03_poses,official_kit,183,walking_slow,慢速直行,717,716,7.16,100.0,True,0.99860529986053,completed,True
KIT/183/walking_slow04_poses,official_kit,183,walking_slow,慢速直行,671,670,6.7,100.0,True,0.9985096870342772,completed,True
KIT/183/walking_slow05_poses,official_kit,183,walking_slow,慢速直行,665,664,6.64,100.0,True,0.9984962406015038,completed,True
KIT/183/walking_slow06_poses,official_kit,183,walking_slow,慢速直行,712,711,7.11,100.0,True,0.9985955056179775,completed,True
KIT/183/walking_slow07_poses,official_kit,183,walking_slow,慢速直行,689,688,6.88,100.0,True,0.9985486211901307,completed,True
KIT/183/walking_slow08_poses,official_kit,183,walking_slow,慢速直行,700,699,6.99,100.0,True,0.9985714285714286,completed,True
KIT/183/walking_slow09_poses,official_kit,183,walking_slow,慢速直行,701,700,7.0,100.0,True,0.9985734664764622,completed,True
KIT/183/walking_slow10_poses,official_kit,183,walking_slow,慢速直行,713,712,7.12,100.0,True,0.9985974754558204,completed,True
KIT/205/turn_left01_poses,official_kit,205,turn_left,左转,591,590,5.9,100.0,True,0.9983079526226735,completed,True
KIT/205/turn_left02_poses,official_kit,205,turn_left,左转,572,571,5.71,100.0,True,0.9982517482517482,completed,True
KIT/205/turn_left03_poses,official_kit,205,turn_left,左转,511,510,5.1,100.0,True,0.9980430528375733,completed,True
KIT/205/turn_left04_poses,official_kit,205,turn_left,左转,511,510,5.1,100.0,True,0.9980430528375733,completed,True
KIT/205/turn_left05_poses,official_kit,205,turn_left,左转,565,564,5.64,100.0,True,0.9982300884955753,completed,True
KIT/205/turn_left06_poses,official_kit,205,turn_left,左转,586,585,5.85,100.0,True,0.9982935153583617,completed,True
KIT/205/turn_left07_poses,official_kit,205,turn_left,左转,572,571,5.71,100.0,True,0.9982517482517482,completed,True
KIT/205/walking_medium01_poses,official_kit,205,walking_medium,中速直行,454,453,4.53,100.0,True,0.9977973568281938,completed,True
KIT/205/walking_medium02_poses,official_kit,205,walking_medium,中速直行,407,406,4.06,100.0,True,0.9975429975429976,completed,True
KIT/205/walking_medium03_poses,official_kit,205,walking_medium,中速直行,459,458,4.58,100.0,True,0.9978213507625272,completed,True
KIT/205/walking_medium04_poses,official_kit,205,walking_medium,中速直行,415,414,4.14,100.0,True,0.9975903614457832,completed,True
KIT/205/walking_medium05_poses,official_kit,205,walking_medium,中速直行,433,432,4.32,100.0,True,0.9976905311778291,completed,True
KIT/205/walking_medium06_poses,official_kit,205,walking_medium,中速直行,403,402,4.02,100.0,True,0.9975186104218362,completed,True
KIT/205/walking_medium07_poses,official_kit,205,walking_medium,中速直行,401,400,4.0,100.0,True,0.9975062344139651,completed,True
KIT/205/walking_medium08_poses,official_kit,205,walking_medium,中速直行,357,356,3.56,100.0,True,0.9971988795518207,completed,True
KIT/205/walking_medium09_poses,official_kit,205,walking_medium,中速直行,456,455,4.55,100.0,True,0.9978070175438597,completed,True
KIT/205/walking_medium10_poses,official_kit,205,walking_medium,中速直行,450,449,4.49,100.0,True,0.9977777777777778,completed,True
KIT/205/walking_run01_poses,official_kit,205,walking_run,跑步,438,437,4.37,100.0,True,0.997716894977169,completed,True
KIT/205/walking_run02_poses,official_kit,205,walking_run,跑步,331,330,3.3,100.0,True,0.9969788519637462,completed,True
KIT/205/walking_run03_poses,official_kit,205,walking_run,跑步,513,512,5.12,100.0,True,0.9980506822612085,completed,True
KIT/205/walking_run04_poses,official_kit,205,walking_run,跑步,340,339,3.39,100.0,True,0.9970588235294118,completed,True
KIT/205/walking_run05_poses,official_kit,205,walking_run,跑步,321,320,3.2,100.0,True,0.9968847352024922,completed,True
KIT/205/walking_run06_poses,official_kit,205,walking_run,跑步,338,337,3.37,100.0,True,0.9970414201183432,completed,True
KIT/205/walking_run07_poses,official_kit,205,walking_run,跑步,362,361,3.61,100.0,True,0.9972375690607734,completed,True
KIT/205/walking_run08_poses,official_kit,205,walking_run,跑步,429,428,4.28,100.0,True,0.9976689976689976,completed,True
KIT/205/walking_run09_poses,official_kit,205,walking_run,跑步,407,406,4.06,100.0,True,0.9975429975429976,completed,True
KIT/205/walking_run10_poses,official_kit,205,walking_run,跑步,446,445,4.45,100.0,True,0.9977578475336323,completed,True
KIT/205/walking_slow01_poses,official_kit,205,walking_slow,慢速直行,690,689,6.89,100.0,True,0.9985507246376811,completed,True
KIT/205/walking_slow02_poses,official_kit,205,walking_slow,慢速直行,640,639,6.39,100.0,True,0.9984375,completed,True
KIT/205/walking_slow03_poses,official_kit,205,walking_slow,慢速直行,613,612,6.12,100.0,True,0.99836867862969,completed,True
KIT/205/walking_slow04_poses,official_kit,205,walking_slow,慢速直行,557,556,5.56,100.0,True,0.9982046678635548,completed,True
KIT/205/walking_slow05_poses,official_kit,205,walking_slow,慢速直行,591,590,5.9,100.0,True,0.9983079526226735,completed,True
KIT/205/walking_slow06_poses,official_kit,205,walking_slow,慢速直行,586,585,5.85,100.0,True,0.9982935153583617,completed,True
KIT/205/walking_slow07_poses,official_kit,205,walking_slow,慢速直行,561,560,5.6,100.0,True,0.9982174688057041,completed,True
KIT/205/walking_slow08_poses,official_kit,205,walking_slow,慢速直行,479,478,4.78,100.0,True,0.9979123173277662,completed,True
KIT/205/walking_slow09_poses,official_kit,205,walking_slow,慢速直行,527,526,5.26,100.0,True,0.9981024667931688,completed,True
KIT/205/walking_slow10_poses,official_kit,205,walking_slow,慢速直行,560,559,5.59,100.0,True,0.9982142857142857,completed,True
KIT/291/nordic_walking03_poses,official_kit,291,special_walking,特殊风格行走,835,834,8.34,100.0,True,0.9988023952095808,completed,True
KIT/291/walk_like_an_egyptian01_poses,official_kit,291,special_walking,特殊风格行走,339,338,3.38,100.0,True,0.9970501474926253,completed,True
KIT/291/walk_like_an_egyptian05_poses,official_kit,291,special_walking,特殊风格行走,420,419,4.19,100.0,True,0.9976190476190476,completed,True
KIT/291/walking02_poses,official_kit,291,generic_walking,普通行走,813,812,8.12,100.0,True,0.998769987699877,completed,True
KIT/291/walking03_poses,official_kit,291,generic_walking,普通行走,741,740,7.4,100.0,True,0.9986504723346828,completed,True
KIT/3/turn_left01_poses,official_kit,3,turn_left,左转,593,592,5.92,100.0,True,0.9983136593591906,completed,True
KIT/3/turn_left03_poses,official_kit,3,turn_left,左转,666,665,6.65,100.0,True,0.9984984984984985,completed,True
KIT/3/turn_left04_poses,official_kit,3,turn_left,左转,727,726,7.26,100.0,True,0.9986244841815681,completed,True
KIT/3/turn_left05_poses,official_kit,3,turn_left,左转,544,543,5.43,100.0,True,0.9981617647058824,completed,True
KIT/3/turn_left06_poses,official_kit,3,turn_left,左转,433,432,4.32,100.0,True,0.9976905311778291,completed,True
KIT/3/turn_left07_poses,official_kit,3,turn_left,左转,509,508,5.08,100.0,True,0.9980353634577603,completed,True
KIT/3/turn_left08_poses,official_kit,3,turn_left,左转,419,418,4.18,100.0,True,0.9976133651551312,completed,True
KIT/3/turn_left10_poses,official_kit,3,turn_left,左转,556,555,5.55,100.0,True,0.9982014388489209,completed,True
KIT/3/turn_right01_poses,official_kit,3,turn_right,右转,488,487,4.87,100.0,True,0.9979508196721312,completed,True
KIT/3/turn_right02_poses,official_kit,3,turn_right,右转,489,488,4.88,100.0,True,0.9979550102249489,completed,True
KIT/3/turn_right03_poses,official_kit,3,turn_right,右转,513,512,5.12,100.0,True,0.9980506822612085,completed,True
KIT/3/turn_right04_poses,official_kit,3,turn_right,右转,396,395,3.95,100.0,True,0.9974747474747475,completed,True
KIT/3/turn_right05_poses,official_kit,3,turn_right,右转,511,510,5.1,100.0,True,0.9980430528375733,completed,True
KIT/3/turn_right06_poses,official_kit,3,turn_right,右转,440,439,4.39,100.0,True,0.9977272727272727,completed,True
KIT/3/turn_right07_poses,official_kit,3,turn_right,右转,501,500,5.0,100.0,True,0.998003992015968,completed,True
KIT/3/turn_right08_poses,official_kit,3,turn_right,右转,471,470,4.7,100.0,True,0.9978768577494692,completed,True
KIT/3/turn_right09_poses,official_kit,3,turn_right,右转,471,470,4.7,100.0,True,0.9978768577494692,completed,True
KIT/3/turn_right10_poses,official_kit,3,turn_right,右转,513,512,5.12,100.0,True,0.9980506822612085,completed,True
KIT/3/walk_6m_straight_line04_poses,official_kit,3,straight_forward,直线前进,736,735,7.35,100.0,True,0.998641304347826,completed,True
KIT/3/walk_6m_straight_line06_poses,official_kit,3,straight_forward,直线前进,1491,1490,14.9,100.0,False,0.670690811535882,unknown,True
KIT/3/walk_with_left_support02_poses,official_kit,3,supported_walking,有支撑行走,748,747,7.47,100.0,True,0.9986631016042781,completed,True
KIT/3/walk_with_left_support06_FrqONi5_poses,official_kit,3,supported_walking,有支撑行走,756,755,7.55,100.0,True,0.9986772486772487,completed,True
KIT/3/walk_with_left_support06_poses,official_kit,3,supported_walking,有支撑行走,756,755,7.55,100.0,True,0.9986772486772487,completed,True
KIT/3/walk_with_right_support02_poses,official_kit,3,supported_walking,有支撑行走,874,873,8.73,100.0,True,0.9988558352402745,completed,True
KIT/3/walk_with_support02_poses,official_kit,3,supported_walking,有支撑行走,669,668,6.68,100.0,True,0.9985052316890882,completed,True
KIT/3/walk_with_support03_poses,official_kit,3,supported_walking,有支撑行走,720,719,7.19,100.0,True,0.9986111111111111,completed,True
KIT/3/walk_with_support04_poses,official_kit,3,supported_walking,有支撑行走,668,667,6.67,100.0,True,0.9985029940119761,completed,True
KIT/3/walk_with_support05_poses,official_kit,3,supported_walking,有支撑行走,481,480,4.8,100.0,True,0.997920997920998,completed,True
KIT/3/walk_with_support06_poses,official_kit,3,supported_walking,有支撑行走,591,590,5.9,100.0,True,0.9983079526226735,completed,True
KIT/3/walking_fast02_poses,official_kit,3,walking_fast,快速直行,516,515,5.15,100.0,True,0.998062015503876,completed,True
KIT/3/walking_fast03_poses,official_kit,3,walking_fast,快速直行,405,404,4.04,100.0,True,0.9975308641975309,completed,True
KIT/3/walking_fast04_poses,official_kit,3,walking_fast,快速直行,425,424,4.24,100.0,True,0.9976470588235294,completed,True
KIT/3/walking_fast05_poses,official_kit,3,walking_fast,快速直行,373,372,3.72,100.0,True,0.9973190348525469,completed,True
KIT/3/walking_fast06_poses,official_kit,3,walking_fast,快速直行,509,508,5.08,100.0,True,0.9980353634577603,completed,True
KIT/3/walking_fast07_poses,official_kit,3,walking_fast,快速直行,491,490,4.9,100.0,True,0.9979633401221996,completed,True
KIT/3/walking_fast08_poses,official_kit,3,walking_fast,快速直行,422,421,4.21,100.0,True,0.9976303317535545,completed,True
KIT/3/walking_fast10_poses,official_kit,3,walking_fast,快速直行,425,424,4.24,100.0,True,0.9976470588235294,completed,True
KIT/3/walking_forward_4steps_right_02_poses,official_kit,3,straight_forward,直线前进,501,500,5.0,100.0,True,0.998003992015968,completed,True
KIT/3/walking_forward_4steps_right_04_poses,official_kit,3,straight_forward,直线前进,546,545,5.45,100.0,True,0.9981684981684982,completed,True
KIT/3/walking_forward_4steps_right_05_poses,official_kit,3,straight_forward,直线前进,459,458,4.58,100.0,True,0.9978213507625272,completed,True
KIT/3/walking_forward_4steps_right_poses,official_kit,3,straight_forward,直线前进,595,594,5.94,100.0,True,0.9983193277310924,completed,True
KIT/3/walking_medium01_poses,official_kit,3,walking_medium,中速直行,312,311,3.11,100.0,True,0.9967948717948718,completed,True
KIT/3/walking_medium02_poses,official_kit,3,walking_medium,中速直行,655,654,6.54,100.0,True,0.9984732824427481,completed,True
KIT/3/walking_medium03_poses,official_kit,3,walking_medium,中速直行,751,750,7.5,100.0,True,0.9986684420772304,completed,True
KIT/3/walking_medium04_poses,official_kit,3,walking_medium,中速直行,523,522,5.22,100.0,True,0.9980879541108987,completed,True
KIT/3/walking_medium05_poses,official_kit,3,walking_medium,中速直行,617,616,6.16,100.0,True,0.9983792544570502,completed,True
KIT/3/walking_medium06_poses,official_kit,3,walking_medium,中速直行,477,476,4.76,100.0,True,0.9979035639412998,completed,True
KIT/3/walking_medium07_poses,official_kit,3,walking_medium,中速直行,590,589,5.89,100.0,True,0.9983050847457627,completed,True
KIT/3/walking_medium08_poses,official_kit,3,walking_medium,中速直行,535,534,5.34,100.0,True,0.9981308411214953,completed,True
KIT/3/walking_medium09_poses,official_kit,3,walking_medium,中速直行,594,593,5.93,100.0,True,0.9983164983164983,completed,True
KIT/3/walking_medium10_poses,official_kit,3,walking_medium,中速直行,386,385,3.85,100.0,True,0.9974093264248705,completed,True
KIT/3/walking_run02_poses,official_kit,3,walking_run,跑步,549,548,5.48,100.0,True,0.9981785063752276,completed,True
KIT/3/walking_run03_poses,official_kit,3,walking_run,跑步,564,563,5.63,100.0,True,0.99822695035461,completed,True
KIT/3/walking_run04_poses,official_kit,3,walking_run,跑步,401,400,4.0,100.0,True,0.9975062344139651,completed,True
KIT/3/walking_run05_poses,official_kit,3,walking_run,跑步,569,568,5.68,100.0,True,0.9982425307557118,completed,True
KIT/3/walking_run06_poses,official_kit,3,walking_run,跑步,395,394,3.94,100.0,True,0.9974683544303797,completed,True
KIT/3/walking_slow01_poses,official_kit,3,walking_slow,慢速直行,605,604,6.04,100.0,True,0.9983471074380166,completed,True
KIT/3/walking_slow02_poses,official_kit,3,walking_slow,慢速直行,582,581,5.81,100.0,True,0.9982817869415808,completed,True
KIT/3/walking_slow03_poses,official_kit,3,walking_slow,慢速直行,645,644,6.44,100.0,True,0.9984496124031008,completed,True
KIT/3/walking_slow04_poses,official_kit,3,walking_slow,慢速直行,590,589,5.89,100.0,True,0.9983050847457627,completed,True
KIT/3/walking_slow05_poses,official_kit,3,walking_slow,慢速直行,653,652,6.52,100.0,True,0.998468606431853,completed,True
KIT/3/walking_slow06_poses,official_kit,3,walking_slow,慢速直行,632,631,6.31,100.0,True,0.9984177215189873,completed,True
KIT/3/walking_slow07_poses,official_kit,3,walking_slow,慢速直行,641,640,6.4,100.0,True,0.9984399375975039,completed,True
KIT/3/walking_slow08_poses,official_kit,3,walking_slow,慢速直行,648,647,6.47,100.0,True,0.9984567901234568,completed,True
KIT/3/walking_slow09_poses,official_kit,3,walking_slow,慢速直行,657,656,6.56,100.0,True,0.9984779299847792,completed,True
KIT/3/walking_slow10_poses,official_kit,3,walking_slow,慢速直行,599,598,5.98,100.0,True,0.998330550918197,completed,True
KIT/314/turn_left01_poses,official_kit,314,turn_left,左转,469,468,4.68,100.0,True,0.997867803837953,completed,True
KIT/314/turn_left02_poses,official_kit,314,turn_left,左转,408,407,4.07,100.0,True,0.9975490196078431,completed,True
KIT/314/turn_left03_poses,official_kit,314,turn_left,左转,394,393,3.93,100.0,True,0.9974619289340102,completed,True
KIT/314/turn_left04_poses,official_kit,314,turn_left,左转,426,425,4.25,100.0,True,0.9976525821596244,completed,True
KIT/314/turn_left05_poses,official_kit,314,turn_left,左转,491,490,4.9,100.0,True,0.9979633401221996,completed,True
KIT/314/turn_left06_poses,official_kit,314,turn_left,左转,472,471,4.71,100.0,True,0.9978813559322034,completed,True
KIT/314/turn_left07_poses,official_kit,314,turn_left,左转,395,394,3.94,100.0,True,0.9974683544303797,completed,True
KIT/314/turn_left08_poses,official_kit,314,turn_left,左转,395,394,3.94,100.0,True,0.9974683544303797,completed,True
KIT/314/turn_left09_poses,official_kit,314,turn_left,左转,437,436,4.36,100.0,True,0.9977116704805492,completed,True
KIT/314/turn_left10_poses,official_kit,314,turn_left,左转,376,375,3.75,100.0,True,0.9973404255319149,completed,True
KIT/314/turn_right01_poses,official_kit,314,turn_right,右转,520,519,5.19,100.0,True,0.9980769230769231,completed,True
KIT/314/turn_right02_poses,official_kit,314,turn_right,右转,602,601,6.01,100.0,True,0.9983388704318937,completed,True
KIT/314/turn_right03_poses,official_kit,314,turn_right,右转,485,484,4.84,100.0,True,0.9979381443298969,completed,True
KIT/314/turn_right04_poses,official_kit,314,turn_right,右转,441,440,4.4,100.0,True,0.9977324263038548,completed,True
KIT/314/turn_right05_poses,official_kit,314,turn_right,右转,417,416,4.16,100.0,True,0.9976019184652278,completed,True
KIT/314/turn_right06_poses,official_kit,314,turn_right,右转,498,497,4.97,100.0,True,0.9979919678714859,completed,True
KIT/314/turn_right07_poses,official_kit,314,turn_right,右转,436,435,4.35,100.0,True,0.9977064220183486,completed,True
KIT/314/turn_right08_poses,official_kit,314,turn_right,右转,414,413,4.13,100.0,True,0.9975845410628019,completed,True
KIT/314/turn_right09_poses,official_kit,314,turn_right,右转,408,407,4.07,100.0,True,0.9975490196078431,completed,True
KIT/314/turn_right10_poses,official_kit,314,turn_right,右转,434,433,4.33,100.0,True,0.9976958525345622,completed,True
KIT/314/turn_right11_poses,official_kit,314,turn_right,右转,437,436,4.36,100.0,True,0.9977116704805492,completed,True
KIT/314/walking_fast01_poses,official_kit,314,walking_fast,快速直行,582,581,5.81,100.0,True,0.9982817869415808,completed,True
KIT/314/walking_fast02_poses,official_kit,314,walking_fast,快速直行,689,688,6.88,100.0,True,0.9985486211901307,completed,True
KIT/314/walking_fast03_poses,official_kit,314,walking_fast,快速直行,573,572,5.72,100.0,True,0.9982547993019197,completed,True
KIT/314/walking_fast04_poses,official_kit,314,walking_fast,快速直行,428,427,4.27,100.0,True,0.9976635514018691,completed,True
KIT/314/walking_fast05_poses,official_kit,314,walking_fast,快速直行,494,493,4.93,100.0,True,0.9979757085020243,completed,True
KIT/314/walking_fast06_poses,official_kit,314,walking_fast,快速直行,447,446,4.46,100.0,True,0.9977628635346756,completed,True
KIT/314/walking_fast07_poses,official_kit,314,walking_fast,快速直行,380,379,3.79,100.0,True,0.9973684210526316,completed,True
KIT/314/walking_fast08_poses,official_kit,314,walking_fast,快速直行,450,449,4.49,100.0,True,0.9977777777777778,completed,True
KIT/314/walking_fast09_poses,official_kit,314,walking_fast,快速直行,604,603,6.03,100.0,True,0.9983443708609272,completed,True
KIT/314/walking_fast10_poses,official_kit,314,walking_fast,快速直行,425,424,4.24,100.0,True,0.9976470588235294,completed,True
KIT/314/walking_medium01_poses,official_kit,314,walking_medium,中速直行,656,655,6.55,100.0,True,0.9984756097560976,completed,True
KIT/314/walking_medium02_poses,official_kit,314,walking_medium,中速直行,577,576,5.76,100.0,True,0.9982668977469671,completed,True
KIT/314/walking_medium03_poses,official_kit,314,walking_medium,中速直行,693,692,6.92,100.0,True,0.9985569985569985,completed,True
KIT/314/walking_medium04_poses,official_kit,314,walking_medium,中速直行,825,824,8.24,100.0,True,0.9987878787878788,completed,True
KIT/314/walking_medium05_poses,official_kit,314,walking_medium,中速直行,789,788,7.88,100.0,True,0.9987325728770595,completed,True
KIT/314/walking_medium06_poses,official_kit,314,walking_medium,中速直行,638,637,6.37,100.0,True,0.9984326018808778,completed,True
KIT/314/walking_medium07_poses,official_kit,314,walking_medium,中速直行,758,757,7.57,100.0,True,0.9986807387862797,completed,True
KIT/314/walking_medium08_poses,official_kit,314,walking_medium,中速直行,676,675,6.75,100.0,True,0.9985207100591716,completed,True
KIT/314/walking_medium09_poses,official_kit,314,walking_medium,中速直行,773,772,7.72,100.0,True,0.9987063389391979,completed,True
KIT/314/walking_medium10_poses,official_kit,314,walking_medium,中速直行,719,718,7.18,100.0,True,0.9986091794158554,completed,True
KIT/314/walking_run01_poses,official_kit,314,walking_run,跑步,259,258,2.58,100.0,True,0.9961389961389961,completed,True
KIT/314/walking_run02_poses,official_kit,314,walking_run,跑步,160,159,1.59,100.0,True,0.99375,completed,True
KIT/314/walking_run03_poses,official_kit,314,walking_run,跑步,397,396,3.96,100.0,True,0.9974811083123426,completed,True
KIT/314/walking_run04_poses,official_kit,314,walking_run,跑步,378,377,3.77,100.0,True,0.9973544973544973,completed,True
KIT/314/walking_run05_poses,official_kit,314,walking_run,跑步,445,444,4.44,100.0,True,0.9977528089887641,completed,True
KIT/314/walking_run06_poses,official_kit,314,walking_run,跑步,460,459,4.59,100.0,True,0.9978260869565218,completed,True
KIT/314/walking_run08_poses,official_kit,314,walking_run,跑步,446,445,4.45,100.0,True,0.9977578475336323,completed,True
KIT/314/walking_run09_poses,official_kit,314,walking_run,跑步,430,429,4.29,100.0,True,0.9976744186046511,completed,True
KIT/314/walking_run10_poses,official_kit,314,walking_run,跑步,474,473,4.73,100.0,True,0.9978902953586498,completed,True
KIT/314/walking_slow01_poses,official_kit,314,walking_slow,慢速直行,972,971,9.71,100.0,True,0.9989711934156379,completed,True
KIT/314/walking_slow02_poses,official_kit,314,walking_slow,慢速直行,784,783,7.83,100.0,True,0.9987244897959183,completed,True
KIT/314/walking_slow03_poses,official_kit,314,walking_slow,慢速直行,756,755,7.55,100.0,True,0.9986772486772487,completed,True
KIT/314/walking_slow04_poses,official_kit,314,walking_slow,慢速直行,705,704,7.04,100.0,True,0.9985815602836879,completed,True
KIT/314/walking_slow05_poses,official_kit,314,walking_slow,慢速直行,718,717,7.17,100.0,True,0.9986072423398329,completed,True
KIT/314/walking_slow06_poses,official_kit,314,walking_slow,慢速直行,677,676,6.76,100.0,True,0.9985228951255539,completed,True
KIT/314/walking_slow07_poses,official_kit,314,walking_slow,慢速直行,788,787,7.87,100.0,True,0.998730964467005,completed,True
KIT/314/walking_slow08_poses,official_kit,314,walking_slow,慢速直行,576,575,5.75,100.0,True,0.9982638888888888,completed,True
KIT/314/walking_slow09_poses,official_kit,314,walking_slow,慢速直行,706,705,7.05,100.0,True,0.9985835694050992,completed,True
KIT/314/walking_slow10_poses,official_kit,314,walking_slow,慢速直行,805,804,8.04,100.0,True,0.9987577639751553,completed,True
KIT/317/turn_left01_poses,official_kit,317,turn_left,左转,478,477,4.77,100.0,True,0.997907949790795,completed,True
KIT/317/turn_left02_poses,official_kit,317,turn_left,左转,486,485,4.85,100.0,True,0.9979423868312757,completed,True
KIT/317/turn_left03_poses,official_kit,317,turn_left,左转,511,510,5.1,100.0,True,0.9980430528375733,completed,True
KIT/317/turn_left04_poses,official_kit,317,turn_left,左转,517,516,5.16,100.0,True,0.9980657640232108,completed,True
KIT/317/turn_left05_poses,official_kit,317,turn_left,左转,477,476,4.76,100.0,True,0.9979035639412998,completed,True
KIT/317/turn_left06_poses,official_kit,317,turn_left,左转,532,531,5.31,100.0,True,0.9981203007518797,completed,True
KIT/317/turn_left07_poses,official_kit,317,turn_left,左转,507,506,5.06,100.0,True,0.9980276134122288,completed,True
KIT/317/turn_left08_poses,official_kit,317,turn_left,左转,513,512,5.12,100.0,True,0.9980506822612085,completed,True
KIT/317/turn_left09_poses,official_kit,317,turn_left,左转,482,481,4.81,100.0,True,0.9979253112033195,completed,True
KIT/317/turn_left10_poses,official_kit,317,turn_left,左转,505,504,5.04,100.0,True,0.998019801980198,completed,True
KIT/317/turn_right01_poses,official_kit,317,turn_right,右转,478,477,4.77,100.0,True,0.997907949790795,completed,True
KIT/317/turn_right02_poses,official_kit,317,turn_right,右转,541,540,5.4,100.0,True,0.9981515711645101,completed,True
KIT/317/turn_right03_poses,official_kit,317,turn_right,右转,538,537,5.37,100.0,True,0.9981412639405205,completed,True
KIT/317/turn_right04_poses,official_kit,317,turn_right,右转,496,495,4.95,100.0,True,0.9979838709677419,completed,True
KIT/317/turn_right05_poses,official_kit,317,turn_right,右转,469,468,4.68,100.0,True,0.997867803837953,completed,True
KIT/317/turn_right06_poses,official_kit,317,turn_right,右转,543,542,5.42,100.0,True,0.998158379373849,completed,True
KIT/317/turn_right07_poses,official_kit,317,turn_right,右转,576,575,5.75,100.0,True,0.9982638888888888,completed,True
KIT/317/turn_right08_poses,official_kit,317,turn_right,右转,593,592,5.92,100.0,True,0.9983136593591906,completed,True
KIT/317/turn_right09_poses,official_kit,317,turn_right,右转,560,559,5.59,100.0,True,0.9982142857142857,completed,True
KIT/317/turn_right10_poses,official_kit,317,turn_right,右转,590,589,5.89,100.0,True,0.9983050847457627,completed,True
KIT/317/walking_fast02_poses,official_kit,317,walking_fast,快速直行,481,480,4.8,100.0,True,0.997920997920998,completed,True
KIT/317/walking_fast03_poses,official_kit,317,walking_fast,快速直行,401,400,4.0,100.0,True,0.9975062344139651,completed,True
KIT/317/walking_fast05_poses,official_kit,317,walking_fast,快速直行,311,310,3.1,100.0,True,0.9967845659163987,completed,True
KIT/317/walking_fast06_poses,official_kit,317,walking_fast,快速直行,450,449,4.49,100.0,True,0.9977777777777778,completed,True
KIT/317/walking_fast07_poses,official_kit,317,walking_fast,快速直行,358,357,3.57,100.0,True,0.9972067039106145,completed,True
KIT/317/walking_fast08_poses,official_kit,317,walking_fast,快速直行,425,424,4.24,100.0,True,0.9976470588235294,completed,True
KIT/317/walking_fast09_poses,official_kit,317,walking_fast,快速直行,495,494,4.94,100.0,True,0.997979797979798,completed,True
KIT/317/walking_fast10_poses,official_kit,317,walking_fast,快速直行,471,470,4.7,100.0,True,0.9978768577494692,completed,True
KIT/317/walking_medium01_poses,official_kit,317,walking_medium,中速直行,450,449,4.49,100.0,True,0.9977777777777778,completed,True
KIT/317/walking_medium02_poses,official_kit,317,walking_medium,中速直行,390,389,3.89,100.0,True,0.9974358974358974,completed,True
KIT/317/walking_medium03_poses,official_kit,317,walking_medium,中速直行,459,458,4.58,100.0,True,0.9978213507625272,completed,True
KIT/317/walking_medium04_poses,official_kit,317,walking_medium,中速直行,436,435,4.35,100.0,True,0.9977064220183486,completed,True
KIT/317/walking_medium05_poses,official_kit,317,walking_medium,中速直行,434,433,4.33,100.0,True,0.9976958525345622,completed,True
KIT/317/walking_medium06_poses,official_kit,317,walking_medium,中速直行,511,510,5.1,100.0,True,0.9980430528375733,completed,True
KIT/317/walking_medium07_poses,official_kit,317,walking_medium,中速直行,358,357,3.57,100.0,True,0.9972067039106145,completed,True
KIT/317/walking_medium08_poses,official_kit,317,walking_medium,中速直行,456,455,4.55,100.0,True,0.9978070175438597,completed,True
KIT/317/walking_medium09_poses,official_kit,317,walking_medium,中速直行,454,453,4.53,100.0,True,0.9977973568281938,completed,True
KIT/317/walking_medium10_poses,official_kit,317,walking_medium,中速直行,445,444,4.44,100.0,True,0.9977528089887641,completed,True
KIT/317/walking_run01_poses,official_kit,317,walking_run,跑步,410,409,4.09,100.0,True,0.9975609756097561,completed,True
KIT/317/walking_run02_poses,official_kit,317,walking_run,跑步,448,447,4.47,100.0,True,0.9977678571428571,completed,True
KIT/317/walking_run03_poses,official_kit,317,walking_run,跑步,342,341,3.41,100.0,True,0.9970760233918129,completed,True
KIT/317/walking_run04_poses,official_kit,317,walking_run,跑步,395,394,3.94,100.0,True,0.9974683544303797,completed,True
KIT/317/walking_run05_poses,official_kit,317,walking_run,跑步,395,394,3.94,100.0,True,0.9974683544303797,completed,True
KIT/317/walking_run06_poses,official_kit,317,walking_run,跑步,334,333,3.33,100.0,True,0.9970059880239521,completed,True
KIT/317/walking_run07_poses,official_kit,317,walking_run,跑步,442,441,4.41,100.0,True,0.997737556561086,completed,True
KIT/317/walking_run08_poses,official_kit,317,walking_run,跑步,338,337,3.37,100.0,True,0.9970414201183432,completed,True
KIT/317/walking_run09_poses,official_kit,317,walking_run,跑步,394,393,3.93,100.0,True,0.9974619289340102,completed,True
KIT/317/walking_run10_poses,official_kit,317,walking_run,跑步,390,389,3.89,100.0,True,0.9974358974358974,completed,True
KIT/317/walking_slow03_poses,official_kit,317,walking_slow,慢速直行,629,628,6.28,100.0,True,0.9984101748807631,completed,True
KIT/317/walking_slow04_poses,official_kit,317,walking_slow,慢速直行,657,656,6.56,100.0,True,0.9984779299847792,completed,True
KIT/317/walking_slow05_poses,official_kit,317,walking_slow,慢速直行,647,646,6.46,100.0,True,0.9984544049459042,completed,True
KIT/317/walking_slow06_poses,official_kit,317,walking_slow,慢速直行,610,609,6.09,100.0,True,0.9983606557377049,completed,True
KIT/317/walking_slow07_poses,official_kit,317,walking_slow,慢速直行,592,591,5.91,100.0,True,0.9983108108108109,completed,True
KIT/317/walking_slow08_poses,official_kit,317,walking_slow,慢速直行,536,535,5.35,100.0,True,0.9981343283582089,completed,True
KIT/317/walking_slow09_poses,official_kit,317,walking_slow,慢速直行,535,534,5.34,100.0,True,0.9981308411214953,completed,True
KIT/317/walking_slow10_poses,official_kit,317,walking_slow,慢速直行,562,561,5.61,100.0,True,0.998220640569395,completed,True
KIT/348/turn_left01_poses,official_kit,348,turn_left,左转,621,620,6.2,100.0,True,0.998389694041868,completed,True
KIT/348/turn_left02_poses,official_kit,348,turn_left,左转,620,619,6.19,100.0,True,0.9983870967741936,completed,True
KIT/348/turn_left03_poses,official_kit,348,turn_left,左转,633,632,6.32,100.0,True,0.9984202211690363,completed,True
KIT/348/turn_left04_poses,official_kit,348,turn_left,左转,588,587,5.87,100.0,True,0.9982993197278912,completed,True
KIT/348/turn_left05_poses,official_kit,348,turn_left,左转,613,612,6.12,100.0,True,0.99836867862969,completed,True
KIT/348/turn_left06_poses,official_kit,348,turn_left,左转,628,627,6.27,100.0,True,0.9984076433121019,completed,True
KIT/348/turn_left07_poses,official_kit,348,turn_left,左转,600,599,5.99,100.0,True,0.9983333333333333,completed,True
KIT/348/turn_left08_poses,official_kit,348,turn_left,左转,612,611,6.11,100.0,True,0.9983660130718954,completed,True
KIT/348/turn_left09_poses,official_kit,348,turn_left,左转,562,561,5.61,100.0,True,0.998220640569395,completed,True
KIT/348/turn_left10_poses,official_kit,348,turn_left,左转,611,610,6.1,100.0,True,0.9983633387888707,completed,True
KIT/348/turn_right01_poses,official_kit,348,turn_right,右转,644,643,6.43,100.0,True,0.9984472049689441,completed,True
KIT/348/turn_right02_poses,official_kit,348,turn_right,右转,704,703,7.03,100.0,True,0.9985795454545454,completed,True
KIT/348/turn_right03_poses,official_kit,348,turn_right,右转,618,617,6.17,100.0,True,0.9983818770226537,completed,True
KIT/348/turn_right04_poses,official_kit,348,turn_right,右转,661,660,6.6,100.0,True,0.9984871406959153,completed,True
KIT/348/turn_right05_poses,official_kit,348,turn_right,右转,679,678,6.78,100.0,True,0.9985272459499264,completed,True
KIT/348/turn_right06_poses,official_kit,348,turn_right,右转,616,615,6.15,100.0,True,0.9983766233766234,completed,True
KIT/348/turn_right07_poses,official_kit,348,turn_right,右转,652,651,6.51,100.0,True,0.9984662576687117,completed,True
KIT/348/turn_right08_poses,official_kit,348,turn_right,右转,550,549,5.49,100.0,True,0.9981818181818182,completed,True
KIT/348/turn_right09_poses,official_kit,348,turn_right,右转,655,654,6.54,100.0,True,0.9984732824427481,completed,True
KIT/348/turn_right10_poses,official_kit,348,turn_right,右转,636,635,6.35,100.0,True,0.9984276729559748,completed,True
KIT/348/walking_fast01_poses,official_kit,348,walking_fast,快速直行,440,439,4.39,100.0,True,0.9977272727272727,completed,True
KIT/348/walking_fast02_poses,official_kit,348,walking_fast,快速直行,315,314,3.14,100.0,True,0.9968253968253968,completed,True
KIT/348/walking_fast03_poses,official_kit,348,walking_fast,快速直行,300,299,2.99,100.0,True,0.9966666666666667,completed,True
KIT/348/walking_fast04_poses,official_kit,348,walking_fast,快速直行,427,426,4.26,100.0,True,0.9976580796252927,completed,True
KIT/348/walking_fast05_poses,official_kit,348,walking_fast,快速直行,471,470,4.7,100.0,True,0.9978768577494692,completed,True
KIT/348/walking_fast06_poses,official_kit,348,walking_fast,快速直行,434,433,4.33,100.0,True,0.9976958525345622,completed,True
KIT/348/walking_fast07_poses,official_kit,348,walking_fast,快速直行,405,404,4.04,100.0,True,0.9975308641975309,completed,True
KIT/348/walking_fast08_poses,official_kit,348,walking_fast,快速直行,422,421,4.21,100.0,True,0.9976303317535545,completed,True
KIT/348/walking_fast09_poses,official_kit,348,walking_fast,快速直行,327,326,3.26,100.0,True,0.9969418960244648,completed,True
KIT/348/walking_medium01_poses,official_kit,348,walking_medium,中速直行,404,403,4.03,100.0,True,0.9975247524752475,completed,True
KIT/348/walking_medium02_poses,official_kit,348,walking_medium,中速直行,487,486,4.86,100.0,True,0.997946611909651,completed,True
KIT/348/walking_medium03_poses,official_kit,348,walking_medium,中速直行,426,425,4.25,100.0,True,0.9976525821596244,completed,True
KIT/348/walking_medium04_poses,official_kit,348,walking_medium,中速直行,508,507,5.07,100.0,True,0.9980314960629921,completed,True
KIT/348/walking_medium05_poses,official_kit,348,walking_medium,中速直行,407,406,4.06,100.0,True,0.9975429975429976,completed,True
KIT/348/walking_medium06_poses,official_kit,348,walking_medium,中速直行,435,434,4.34,100.0,True,0.9977011494252873,completed,True
KIT/348/walking_medium07_poses,official_kit,348,walking_medium,中速直行,420,419,4.19,100.0,True,0.9976190476190476,completed,True
KIT/348/walking_medium08_poses,official_kit,348,walking_medium,中速直行,367,366,3.66,100.0,True,0.997275204359673,completed,True
KIT/348/walking_medium09_poses,official_kit,348,walking_medium,中速直行,546,545,5.45,100.0,True,0.9981684981684982,completed,True
KIT/348/walking_medium10_poses,official_kit,348,walking_medium,中速直行,501,500,5.0,100.0,True,0.998003992015968,completed,True
KIT/348/walking_run01_poses,official_kit,348,walking_run,跑步,365,364,3.64,100.0,True,0.9972602739726028,completed,True
KIT/348/walking_run02_poses,official_kit,348,walking_run,跑步,429,428,4.28,100.0,True,0.9976689976689976,completed,True
KIT/348/walking_run03_poses,official_kit,348,walking_run,跑步,465,464,4.64,100.0,True,0.9978494623655914,completed,True
KIT/348/walking_run04_poses,official_kit,348,walking_run,跑步,398,397,3.97,100.0,True,0.9974874371859297,completed,True
KIT/348/walking_run05_poses,official_kit,348,walking_run,跑步,362,361,3.61,100.0,True,0.9972375690607734,completed,True
KIT/348/walking_run06_poses,official_kit,348,walking_run,跑步,419,418,4.18,100.0,True,0.9976133651551312,completed,True
KIT/348/walking_run07_poses,official_kit,348,walking_run,跑步,447,446,4.46,100.0,True,0.9977628635346756,completed,True
KIT/348/walking_run08_poses,official_kit,348,walking_run,跑步,328,327,3.27,100.0,True,0.9969512195121951,completed,True
KIT/348/walking_run09_poses,official_kit,348,walking_run,跑步,473,472,4.72,100.0,True,0.9978858350951374,completed,True
KIT/348/walking_run10_poses,official_kit,348,walking_run,跑步,412,411,4.11,100.0,True,0.9975728155339806,completed,True
KIT/348/walking_slow01_poses,official_kit,348,walking_slow,慢速直行,766,765,7.65,100.0,True,0.9986945169712794,completed,True
KIT/348/walking_slow02_poses,official_kit,348,walking_slow,慢速直行,673,672,6.72,100.0,True,0.9985141158989599,completed,True
KIT/348/walking_slow03_poses,official_kit,348,walking_slow,慢速直行,713,712,7.12,100.0,True,0.9985974754558204,completed,True
KIT/348/walking_slow04_poses,official_kit,348,walking_slow,慢速直行,543,542,5.42,100.0,True,0.998158379373849,completed,True
KIT/348/walking_slow05_poses,official_kit,348,walking_slow,慢速直行,588,587,5.87,100.0,True,0.9982993197278912,completed,True
KIT/348/walking_slow06_poses,official_kit,348,walking_slow,慢速直行,637,636,6.36,100.0,True,0.9984301412872841,completed,True
KIT/348/walking_slow07_poses,official_kit,348,walking_slow,慢速直行,561,560,5.6,100.0,True,0.9982174688057041,completed,True
KIT/348/walking_slow08_poses,official_kit,348,walking_slow,慢速直行,582,581,5.81,100.0,True,0.9982817869415808,completed,True
KIT/348/walking_slow09_poses,official_kit,348,walking_slow,慢速直行,614,613,6.13,100.0,True,0.998371335504886,completed,True
KIT/348/walking_slow10_poses,official_kit,348,walking_slow,慢速直行,596,595,5.95,100.0,True,0.9983221476510067,completed,True
KIT/359/turn_left01_poses,official_kit,359,turn_left,左转,486,485,4.85,100.0,True,0.9979423868312757,completed,True
KIT/359/turn_left02_poses,official_kit,359,turn_left,左转,498,497,4.97,100.0,True,0.9979919678714859,completed,True
KIT/359/turn_left03_poses,official_kit,359,turn_left,左转,489,488,4.88,100.0,True,0.9979550102249489,completed,True
KIT/359/turn_left04_poses,official_kit,359,turn_left,左转,496,495,4.95,100.0,True,0.9979838709677419,completed,True
KIT/359/turn_left05_poses,official_kit,359,turn_left,左转,592,591,5.91,100.0,True,0.9983108108108109,completed,True
KIT/359/turn_left06_poses,official_kit,359,turn_left,左转,491,490,4.9,100.0,True,0.9979633401221996,completed,True
KIT/359/turn_left07_poses,official_kit,359,turn_left,左转,524,523,5.23,100.0,True,0.9980916030534351,completed,True
KIT/359/turn_left08_poses,official_kit,359,turn_left,左转,493,492,4.92,100.0,True,0.9979716024340771,completed,True
KIT/359/turn_left09_poses,official_kit,359,turn_left,左转,511,510,5.1,100.0,True,0.9980430528375733,completed,True
KIT/359/turn_left10_poses,official_kit,359,turn_left,左转,484,483,4.83,100.0,True,0.9979338842975206,completed,True
KIT/359/turn_right02_poses,official_kit,359,turn_right,右转,560,559,5.59,100.0,True,0.9982142857142857,completed,True
KIT/359/turn_right03_poses,official_kit,359,turn_right,右转,567,566,5.66,100.0,True,0.9982363315696648,completed,True
KIT/359/turn_right04_poses,official_kit,359,turn_right,右转,628,627,6.27,100.0,True,0.9984076433121019,completed,True
KIT/359/turn_right05_poses,official_kit,359,turn_right,右转,469,468,4.68,100.0,True,0.997867803837953,completed,True
KIT/359/turn_right06_poses,official_kit,359,turn_right,右转,572,571,5.71,100.0,True,0.9982517482517482,completed,True
KIT/359/turn_right07_poses,official_kit,359,turn_right,右转,517,516,5.16,100.0,True,0.9980657640232108,completed,True
KIT/359/turn_right08_poses,official_kit,359,turn_right,右转,542,541,5.41,100.0,True,0.9981549815498155,completed,True
KIT/359/turn_right09_poses,official_kit,359,turn_right,右转,529,528,5.28,100.0,True,0.998109640831758,completed,True
KIT/359/turn_right10_poses,official_kit,359,turn_right,右转,498,497,4.97,100.0,True,0.9979919678714859,completed,True
KIT/359/walking_fast01_poses,official_kit,359,walking_fast,快速直行,370,369,3.69,100.0,True,0.9972972972972973,completed,True
KIT/359/walking_fast02_poses,official_kit,359,walking_fast,快速直行,424,423,4.23,100.0,True,0.9976415094339622,completed,True
KIT/359/walking_fast03_poses,official_kit,359,walking_fast,快速直行,405,404,4.04,100.0,True,0.9975308641975309,completed,True
KIT/359/walking_fast04_poses,official_kit,359,walking_fast,快速直行,453,452,4.52,100.0,True,0.9977924944812362,completed,True
KIT/359/walking_fast05_poses,official_kit,359,walking_fast,快速直行,433,432,4.32,100.0,True,0.9976905311778291,completed,True
KIT/359/walking_fast06_poses,official_kit,359,walking_fast,快速直行,412,411,4.11,100.0,True,0.9975728155339806,completed,True
KIT/359/walking_fast07_poses,official_kit,359,walking_fast,快速直行,436,435,4.35,100.0,True,0.9977064220183486,completed,True
KIT/359/walking_fast09_poses,official_kit,359,walking_fast,快速直行,386,385,3.85,100.0,True,0.9974093264248705,completed,True
KIT/359/walking_fast10_poses,official_kit,359,walking_fast,快速直行,436,435,4.35,100.0,True,0.9977064220183486,completed,True
KIT/359/walking_medium01_poses,official_kit,359,walking_medium,中速直行,520,519,5.19,100.0,True,0.9980769230769231,completed,True
KIT/359/walking_medium02_poses,official_kit,359,walking_medium,中速直行,496,495,4.95,100.0,True,0.9979838709677419,completed,True
KIT/359/walking_medium03_poses,official_kit,359,walking_medium,中速直行,521,520,5.2,100.0,True,0.9980806142034548,completed,True
KIT/359/walking_medium04_poses,official_kit,359,walking_medium,中速直行,506,505,5.05,100.0,True,0.9980237154150198,completed,True
KIT/359/walking_medium05_poses,official_kit,359,walking_medium,中速直行,515,514,5.14,100.0,True,0.9980582524271845,completed,True
KIT/359/walking_medium06_poses,official_kit,359,walking_medium,中速直行,401,400,4.0,100.0,True,0.9975062344139651,completed,True
KIT/359/walking_medium07_poses,official_kit,359,walking_medium,中速直行,480,479,4.79,100.0,True,0.9979166666666667,completed,True
KIT/359/walking_medium08_poses,official_kit,359,walking_medium,中速直行,513,512,5.12,100.0,True,0.9980506822612085,completed,True
KIT/359/walking_medium09_poses,official_kit,359,walking_medium,中速直行,457,456,4.56,100.0,True,0.9978118161925602,completed,True
KIT/359/walking_medium10_poses,official_kit,359,walking_medium,中速直行,511,510,5.1,100.0,True,0.9980430528375733,completed,True
KIT/359/walking_run01_poses,official_kit,359,walking_run,跑步,546,545,5.45,100.0,True,0.9981684981684982,completed,True
KIT/359/walking_run04_poses,official_kit,359,walking_run,跑步,646,645,6.45,100.0,True,0.9984520123839009,completed,True
KIT/359/walking_run05_poses,official_kit,359,walking_run,跑步,622,621,6.21,100.0,True,0.9983922829581994,completed,True
KIT/359/walking_run06_poses,official_kit,359,walking_run,跑步,510,509,5.09,100.0,True,0.9980392156862745,completed,True
KIT/359/walking_run07_poses,official_kit,359,walking_run,跑步,496,495,4.95,100.0,True,0.9979838709677419,completed,True
KIT/359/walking_run08_poses,official_kit,359,walking_run,跑步,491,490,4.9,100.0,True,0.9979633401221996,completed,True
KIT/359/walking_run09_poses,official_kit,359,walking_run,跑步,448,447,4.47,100.0,True,0.9977678571428571,completed,True
KIT/359/walking_slow01_poses,official_kit,359,walking_slow,慢速直行,715,714,7.14,100.0,True,0.9986013986013986,completed,True
KIT/359/walking_slow02_poses,official_kit,359,walking_slow,慢速直行,722,721,7.21,100.0,True,0.9986149584487535,completed,True
KIT/359/walking_slow03_poses,official_kit,359,walking_slow,慢速直行,624,623,6.23,100.0,True,0.9983974358974359,completed,True
KIT/359/walking_slow04_poses,official_kit,359,walking_slow,慢速直行,621,620,6.2,100.0,True,0.998389694041868,completed,True
KIT/359/walking_slow05_poses,official_kit,359,walking_slow,慢速直行,648,647,6.47,100.0,True,0.9984567901234568,completed,True
KIT/359/walking_slow06_poses,official_kit,359,walking_slow,慢速直行,529,528,5.28,100.0,True,0.998109640831758,completed,True
KIT/359/walking_slow07_poses,official_kit,359,walking_slow,慢速直行,553,552,5.52,100.0,True,0.9981916817359855,completed,True
KIT/359/walking_slow08_poses,official_kit,359,walking_slow,慢速直行,573,572,5.72,100.0,True,0.9982547993019197,completed,True
KIT/359/walking_slow09_poses,official_kit,359,walking_slow,慢速直行,614,613,6.13,100.0,True,0.998371335504886,completed,True
KIT/359/walking_slow10_poses,official_kit,359,walking_slow,慢速直行,701,700,7.0,100.0,True,0.9985734664764622,completed,True
KIT/4/RightTurn01_poses,official_kit,4,turn_right,右转,518,517,5.17,100.0,True,0.9980694980694981,completed,True
KIT/4/RightTurn03_poses,official_kit,4,turn_right,右转,481,480,4.8,100.0,True,0.997920997920998,completed,True
KIT/4/RightTurn04_poses,official_kit,4,turn_right,右转,549,548,5.48,100.0,True,0.9981785063752276,completed,True
KIT/4/RightTurn05_poses,official_kit,4,turn_right,右转,534,533,5.33,100.0,True,0.99812734082397,completed,True
KIT/4/RightTurn06_poses,official_kit,4,turn_right,右转,468,467,4.67,100.0,True,0.9978632478632479,completed,True
KIT/4/RightTurn07_poses,official_kit,4,turn_right,右转,508,507,5.07,100.0,True,0.9980314960629921,completed,True
KIT/4/RightTurn08_poses,official_kit,4,turn_right,右转,532,531,5.31,100.0,True,0.9981203007518797,completed,True
KIT/4/RightTurn09_poses,official_kit,4,turn_right,右转,476,475,4.75,100.0,True,0.9978991596638656,completed,True
KIT/4/RightTurn10_poses,official_kit,4,turn_right,右转,506,505,5.05,100.0,True,0.9980237154150198,completed,True
KIT/4/WalkInClockwiseCircle01_poses,official_kit,4,clockwise_circle,顺时针绕圈,627,626,6.26,100.0,True,0.9984051036682615,completed,True
KIT/4/WalkInClockwiseCircle02_poses,official_kit,4,clockwise_circle,顺时针绕圈,761,760,7.6,100.0,True,0.9986859395532195,completed,True
KIT/4/WalkInClockwiseCircle03_poses,official_kit,4,clockwise_circle,顺时针绕圈,758,757,7.57,100.0,True,0.9986807387862797,completed,True
KIT/4/WalkInClockwiseCircle04_poses,official_kit,4,clockwise_circle,顺时针绕圈,758,757,7.57,100.0,True,0.9986807387862797,completed,True
KIT/4/WalkInClockwiseCircle05_poses,official_kit,4,clockwise_circle,顺时针绕圈,768,767,7.67,100.0,True,0.9986979166666666,completed,True
KIT/4/WalkInClockwiseCircle06_poses,official_kit,4,clockwise_circle,顺时针绕圈,823,822,8.22,100.0,True,0.9987849331713244,completed,True
KIT/4/WalkInClockwiseCircle07_poses,official_kit,4,clockwise_circle,顺时针绕圈,800,799,7.99,100.0,True,0.99875,completed,True
KIT/4/WalkInClockwiseCircle08_poses,official_kit,4,clockwise_circle,顺时针绕圈,823,822,8.22,100.0,True,0.9987849331713244,completed,True
KIT/4/WalkInClockwiseCircle09_poses,official_kit,4,clockwise_circle,顺时针绕圈,720,719,7.19,100.0,True,0.9986111111111111,completed,True
KIT/4/WalkInClockwiseCircle10_poses,official_kit,4,clockwise_circle,顺时针绕圈,772,771,7.71,100.0,True,0.9987046632124352,completed,True
KIT/4/WalkInCounterClockwiseCircle01_poses,official_kit,4,counterclockwise_circle,逆时针绕圈,903,902,9.02,100.0,True,0.9988925802879292,completed,True
KIT/4/WalkInCounterClockwiseCircle02_poses,official_kit,4,counterclockwise_circle,逆时针绕圈,890,889,8.89,100.0,True,0.998876404494382,completed,True
KIT/4/WalkInCounterClockwiseCircle03_poses,official_kit,4,counterclockwise_circle,逆时针绕圈,779,778,7.78,100.0,True,0.9987163029525032,completed,True
KIT/4/WalkInCounterClockwiseCircle04_poses,official_kit,4,counterclockwise_circle,逆时针绕圈,840,839,8.39,100.0,True,0.9988095238095238,completed,True
KIT/4/WalkInCounterClockwiseCircle06_poses,official_kit,4,counterclockwise_circle,逆时针绕圈,838,837,8.37,100.0,True,0.9988066825775657,completed,True
KIT/4/WalkInCounterClockwiseCircle07_poses,official_kit,4,counterclockwise_circle,逆时针绕圈,758,757,7.57,100.0,True,0.9986807387862797,completed,True
KIT/4/WalkInCounterClockwiseCircle08_poses,official_kit,4,counterclockwise_circle,逆时针绕圈,854,853,8.53,100.0,True,0.9988290398126464,completed,True
KIT/4/WalkInCounterClockwiseCircle09_poses,official_kit,4,counterclockwise_circle,逆时针绕圈,737,736,7.36,100.0,True,0.9986431478968792,completed,True
KIT/4/WalkInCounterClockwiseCircle10_poses,official_kit,4,counterclockwise_circle,逆时针绕圈,607,606,6.06,100.0,True,0.9983525535420099,completed,True
KIT/4/WalkingStraightBackwards01_poses,official_kit,4,straight_backward,直线后退,618,617,6.17,100.0,True,0.9983818770226537,completed,True
KIT/4/WalkingStraightBackwards02_poses,official_kit,4,straight_backward,直线后退,545,544,5.44,100.0,True,0.998165137614679,completed,True
KIT/4/WalkingStraightBackwards03_poses,official_kit,4,straight_backward,直线后退,633,632,6.32,100.0,True,0.9984202211690363,completed,True
KIT/4/WalkingStraightBackwards04_poses,official_kit,4,straight_backward,直线后退,560,559,5.59,100.0,True,0.9982142857142857,completed,True
KIT/4/WalkingStraightBackwards05_poses,official_kit,4,straight_backward,直线后退,538,537,5.37,100.0,True,0.9981412639405205,completed,True
KIT/4/WalkingStraightBackwards06_poses,official_kit,4,straight_backward,直线后退,582,581,5.81,100.0,True,0.9982817869415808,completed,True
KIT/4/WalkingStraightBackwards07_poses,official_kit,4,straight_backward,直线后退,534,533,5.33,100.0,True,0.99812734082397,completed,True
KIT/4/WalkingStraightBackwards08_poses,official_kit,4,straight_backward,直线后退,435,434,4.34,100.0,True,0.9977011494252873,completed,True
KIT/4/WalkingStraightBackwards09_poses,official_kit,4,straight_backward,直线后退,546,545,5.45,100.0,True,0.9981684981684982,completed,True
KIT/4/WalkingStraightForward01_poses,official_kit,4,straight_forward,直线前进,372,371,3.71,100.0,True,0.9973118279569892,completed,True
KIT/4/WalkingStraightForward02_poses,official_kit,4,straight_forward,直线前进,525,524,5.24,100.0,True,0.9980952380952381,completed,True
KIT/4/WalkingStraightForward03_poses,official_kit,4,straight_forward,直线前进,563,562,5.62,100.0,True,0.9982238010657194,completed,True
KIT/4/WalkingStraightForward04_poses,official_kit,4,straight_forward,直线前进,560,559,5.59,100.0,True,0.9982142857142857,completed,True
KIT/4/WalkingStraightForward05_poses,official_kit,4,straight_forward,直线前进,583,582,5.82,100.0,True,0.9982847341337907,completed,True
KIT/4/WalkingStraightForward06_poses,official_kit,4,straight_forward,直线前进,610,609,6.09,100.0,True,0.9983606557377049,completed,True
KIT/4/WalkingStraightForward07_poses,official_kit,4,straight_forward,直线前进,574,573,5.73,100.0,True,0.9982578397212544,completed,True
KIT/4/WalkingStraightForward08_poses,official_kit,4,straight_forward,直线前进,614,613,6.13,100.0,True,0.998371335504886,completed,True
KIT/4/WalkingStraightForward09_poses,official_kit,4,straight_forward,直线前进,624,623,6.23,100.0,True,0.9983974358974359,completed,True
KIT/424/turn_left01_poses,official_kit,424,turn_left,左转,507,506,5.06,100.0,True,0.9980276134122288,completed,True
KIT/424/turn_left02_poses,official_kit,424,turn_left,左转,484,483,4.83,100.0,True,0.9979338842975206,completed,True
KIT/424/turn_left04_poses,official_kit,424,turn_left,左转,629,628,6.28,100.0,True,0.9984101748807631,completed,True
KIT/424/turn_left05_poses,official_kit,424,turn_left,左转,711,710,7.1,100.0,True,0.9985935302390999,completed,True
KIT/424/turn_left06_poses,official_kit,424,turn_left,左转,711,710,7.1,100.0,True,0.9985935302390999,completed,True
KIT/424/turn_left07_poses,official_kit,424,turn_left,左转,717,716,7.16,100.0,True,0.99860529986053,completed,True
KIT/424/turn_left08_poses,official_kit,424,turn_left,左转,585,584,5.84,100.0,True,0.9982905982905983,completed,True
KIT/424/turn_left09_poses,official_kit,424,turn_left,左转,611,610,6.1,100.0,True,0.9983633387888707,completed,True
KIT/424/turn_left10_poses,official_kit,424,turn_left,左转,636,635,6.35,100.0,True,0.9984276729559748,completed,True
KIT/424/turn_right01_poses,official_kit,424,turn_right,右转,635,634,6.34,100.0,True,0.9984251968503937,completed,True
KIT/424/turn_right02_poses,official_kit,424,turn_right,右转,509,508,5.08,100.0,True,0.9980353634577603,completed,True
KIT/424/turn_right03_poses,official_kit,424,turn_right,右转,559,558,5.58,100.0,True,0.998211091234347,completed,True
KIT/424/turn_right04_poses,official_kit,424,turn_right,右转,564,563,5.63,100.0,True,0.99822695035461,completed,True
KIT/424/turn_right05_poses,official_kit,424,turn_right,右转,581,580,5.8,100.0,True,0.9982788296041308,completed,True
KIT/424/turn_right06_poses,official_kit,424,turn_right,右转,594,593,5.93,100.0,True,0.9983164983164983,completed,True
KIT/424/turn_right07_poses,official_kit,424,turn_right,右转,644,643,6.43,100.0,True,0.9984472049689441,completed,True
KIT/424/turn_right08_poses,official_kit,424,turn_right,右转,602,601,6.01,100.0,True,0.9983388704318937,completed,True
KIT/424/turn_right09_poses,official_kit,424,turn_right,右转,605,604,6.04,100.0,True,0.9983471074380166,completed,True
KIT/424/turn_right10_poses,official_kit,424,turn_right,右转,574,573,5.73,100.0,True,0.9982578397212544,completed,True
KIT/424/walking_fast01_poses,official_kit,424,walking_fast,快速直行,488,487,4.87,100.0,True,0.9979508196721312,completed,True
KIT/424/walking_fast02_poses,official_kit,424,walking_fast,快速直行,586,585,5.85,100.0,True,0.9982935153583617,completed,True
KIT/424/walking_fast03_poses,official_kit,424,walking_fast,快速直行,541,540,5.4,100.0,True,0.9981515711645101,completed,True
KIT/424/walking_fast04_poses,official_kit,424,walking_fast,快速直行,658,657,6.57,100.0,True,0.9984802431610942,completed,True
KIT/424/walking_fast05_poses,official_kit,424,walking_fast,快速直行,365,364,3.64,100.0,True,0.9972602739726028,completed,True
KIT/424/walking_fast06_poses,official_kit,424,walking_fast,快速直行,539,538,5.38,100.0,True,0.9981447124304267,completed,True
KIT/424/walking_fast07_poses,official_kit,424,walking_fast,快速直行,420,419,4.19,100.0,True,0.9976190476190476,completed,True
KIT/424/walking_fast08_poses,official_kit,424,walking_fast,快速直行,491,490,4.9,100.0,True,0.9979633401221996,completed,True
KIT/424/walking_fast09_poses,official_kit,424,walking_fast,快速直行,359,358,3.58,100.0,True,0.9972144846796658,completed,True
KIT/424/walking_fast10_poses,official_kit,424,walking_fast,快速直行,428,427,4.27,100.0,True,0.9976635514018691,completed,True
KIT/424/walking_medium01_poses,official_kit,424,walking_medium,中速直行,694,693,6.93,100.0,True,0.9985590778097982,completed,True
KIT/424/walking_medium02_poses,official_kit,424,walking_medium,中速直行,625,624,6.24,100.0,True,0.9984,completed,True
KIT/424/walking_medium03_poses,official_kit,424,walking_medium,中速直行,569,568,5.68,100.0,True,0.9982425307557118,completed,True
KIT/424/walking_medium04_poses,official_kit,424,walking_medium,中速直行,606,605,6.05,100.0,True,0.9983498349834984,completed,True
KIT/424/walking_medium05_poses,official_kit,424,walking_medium,中速直行,584,583,5.83,100.0,True,0.9982876712328768,completed,True
KIT/424/walking_medium06_poses,official_kit,424,walking_medium,中速直行,572,571,5.71,100.0,True,0.9982517482517482,completed,True
KIT/424/walking_medium07_poses,official_kit,424,walking_medium,中速直行,560,559,5.59,100.0,True,0.9982142857142857,completed,True
KIT/424/walking_medium08_poses,official_kit,424,walking_medium,中速直行,489,488,4.88,100.0,True,0.9979550102249489,completed,True
KIT/424/walking_medium09_poses,official_kit,424,walking_medium,中速直行,590,589,5.89,100.0,True,0.9983050847457627,completed,True
KIT/424/walking_medium10_poses,official_kit,424,walking_medium,中速直行,643,642,6.42,100.0,True,0.9984447900466563,completed,True
KIT/424/walking_run01_poses,official_kit,424,walking_run,跑步,388,387,3.87,100.0,True,0.9974226804123711,completed,True
KIT/424/walking_run02_poses,official_kit,424,walking_run,跑步,313,312,3.12,100.0,True,0.9968051118210862,completed,True
KIT/424/walking_run03_poses,official_kit,424,walking_run,跑步,376,375,3.75,100.0,True,0.9973404255319149,completed,True
KIT/424/walking_run04_poses,official_kit,424,walking_run,跑步,392,391,3.91,100.0,True,0.9974489795918368,completed,True
KIT/424/walking_run05_poses,official_kit,424,walking_run,跑步,399,398,3.98,100.0,True,0.9974937343358395,completed,True
KIT/424/walking_run06_poses,official_kit,424,walking_run,跑步,448,447,4.47,100.0,True,0.9977678571428571,completed,True
KIT/424/walking_run07_poses,official_kit,424,walking_run,跑步,366,365,3.65,100.0,True,0.9972677595628415,completed,True
KIT/424/walking_run08_poses,official_kit,424,walking_run,跑步,528,527,5.27,100.0,True,0.9981060606060606,completed,True
KIT/424/walking_run09_poses,official_kit,424,walking_run,跑步,423,422,4.22,100.0,True,0.9976359338061466,completed,True
KIT/424/walking_run10_poses,official_kit,424,walking_run,跑步,461,460,4.6,100.0,True,0.9978308026030369,completed,True
KIT/424/walking_slow01_poses,official_kit,424,walking_slow,慢速直行,851,850,8.5,100.0,True,0.9988249118683902,completed,True
KIT/424/walking_slow02_poses,official_kit,424,walking_slow,慢速直行,897,896,8.96,100.0,True,0.9988851727982163,completed,True
KIT/424/walking_slow03_poses,official_kit,424,walking_slow,慢速直行,827,826,8.26,100.0,True,0.9987908101571947,completed,True
KIT/424/walking_slow04_poses,official_kit,424,walking_slow,慢速直行,842,841,8.41,100.0,True,0.998812351543943,completed,True
KIT/424/walking_slow05_poses,official_kit,424,walking_slow,慢速直行,837,836,8.36,100.0,True,0.998805256869773,completed,True
KIT/424/walking_slow06_poses,official_kit,424,walking_slow,慢速直行,829,828,8.28,100.0,True,0.9987937273823885,completed,True
KIT/424/walking_slow07_poses,official_kit,424,walking_slow,慢速直行,797,796,7.96,100.0,True,0.998745294855709,completed,True
KIT/424/walking_slow08_poses,official_kit,424,walking_slow,慢速直行,852,851,8.51,100.0,True,0.9988262910798122,completed,True
KIT/424/walking_slow09_poses,official_kit,424,walking_slow,慢速直行,840,839,8.39,100.0,True,0.9988095238095238,completed,True
KIT/424/walking_slow10_poses,official_kit,424,walking_slow,慢速直行,877,876,8.76,100.0,True,0.9988597491448119,completed,True
KIT/425/turn_left01_poses,official_kit,425,turn_left,左转,557,556,5.56,100.0,True,0.9982046678635548,completed,True
KIT/425/turn_left02_poses,official_kit,425,turn_left,左转,559,558,5.58,100.0,True,0.998211091234347,completed,True
KIT/425/turn_left03_poses,official_kit,425,turn_left,左转,573,572,5.72,100.0,True,0.9982547993019197,completed,True
KIT/425/turn_left04_poses,official_kit,425,turn_left,左转,405,404,4.04,100.0,True,0.9975308641975309,completed,True
KIT/425/turn_left05_poses,official_kit,425,turn_left,左转,488,487,4.87,100.0,True,0.9979508196721312,completed,True
KIT/425/turn_left06_poses,official_kit,425,turn_left,左转,481,480,4.8,100.0,True,0.997920997920998,completed,True
KIT/425/turn_left07_poses,official_kit,425,turn_left,左转,471,470,4.7,100.0,True,0.9978768577494692,completed,True
KIT/425/turn_left08_poses,official_kit,425,turn_left,左转,473,472,4.72,100.0,True,0.9978858350951374,completed,True
KIT/425/turn_left09_poses,official_kit,425,turn_left,左转,420,419,4.19,100.0,True,0.9976190476190476,completed,True
KIT/425/turn_right01_poses,official_kit,425,turn_right,右转,560,559,5.59,100.0,True,0.9982142857142857,completed,True
KIT/425/turn_right02_poses,official_kit,425,turn_right,右转,603,602,6.02,100.0,True,0.9983416252072969,completed,True
KIT/425/turn_right03_poses,official_kit,425,turn_right,右转,562,561,5.61,100.0,True,0.998220640569395,completed,True
KIT/425/turn_right04_poses,official_kit,425,turn_right,右转,593,592,5.92,100.0,True,0.9983136593591906,completed,True
KIT/425/turn_right05_poses,official_kit,425,turn_right,右转,602,601,6.01,100.0,True,0.9983388704318937,completed,True
KIT/425/turn_right06_poses,official_kit,425,turn_right,右转,541,540,5.4,100.0,True,0.9981515711645101,completed,True
KIT/425/turn_right07_poses,official_kit,425,turn_right,右转,611,610,6.1,100.0,True,0.9983633387888707,completed,True
KIT/425/walking_01_poses,official_kit,425,generic_walking,普通行走,654,653,6.53,100.0,True,0.9984709480122325,completed,True
KIT/425/walking_02_poses,official_kit,425,generic_walking,普通行走,615,614,6.14,100.0,True,0.9983739837398374,completed,True
KIT/425/walking_03_poses,official_kit,425,generic_walking,普通行走,577,576,5.76,100.0,True,0.9982668977469671,completed,True
KIT/425/walking_04_poses,official_kit,425,generic_walking,普通行走,540,539,5.39,100.0,True,0.9981481481481481,completed,True
KIT/425/walking_05_poses,official_kit,425,generic_walking,普通行走,556,555,5.55,100.0,True,0.9982014388489209,completed,True
KIT/425/walking_06_poses,official_kit,425,generic_walking,普通行走,514,513,5.13,100.0,True,0.9980544747081712,completed,True
KIT/425/walking_07_poses,official_kit,425,generic_walking,普通行走,595,594,5.94,100.0,True,0.9983193277310924,completed,True
KIT/425/walking_08_poses,official_kit,425,generic_walking,普通行走,572,571,5.71,100.0,True,0.9982517482517482,completed,True
KIT/425/walking_09_poses,official_kit,425,generic_walking,普通行走,593,592,5.92,100.0,True,0.9983136593591906,completed,True
KIT/425/walking_10_poses,official_kit,425,generic_walking,普通行走,571,570,5.7,100.0,True,0.9982486865148862,completed,True
KIT/425/walking_11_poses,official_kit,425,generic_walking,普通行走,675,674,6.74,100.0,True,0.9985185185185185,completed,True
KIT/425/walking_fast01_poses,official_kit,425,walking_fast,快速直行,471,470,4.7,100.0,True,0.9978768577494692,completed,True
KIT/425/walking_fast02_poses,official_kit,425,walking_fast,快速直行,416,415,4.15,100.0,True,0.9975961538461539,completed,True
KIT/425/walking_fast03_poses,official_kit,425,walking_fast,快速直行,318,317,3.17,100.0,True,0.9968553459119497,completed,True
KIT/425/walking_fast04_poses,official_kit,425,walking_fast,快速直行,467,466,4.66,100.0,True,0.9978586723768736,completed,True
KIT/425/walking_fast05_poses,official_kit,425,walking_fast,快速直行,358,357,3.57,100.0,True,0.9972067039106145,completed,True
KIT/425/walking_fast06_poses,official_kit,425,walking_fast,快速直行,413,412,4.12,100.0,True,0.9975786924939467,completed,True
KIT/425/walking_fast07_poses,official_kit,425,walking_fast,快速直行,487,486,4.86,100.0,True,0.997946611909651,completed,True
KIT/425/walking_medium01_poses,official_kit,425,walking_medium,中速直行,463,462,4.62,100.0,True,0.9978401727861771,completed,True
KIT/425/walking_medium02_poses,official_kit,425,walking_medium,中速直行,426,425,4.25,100.0,True,0.9976525821596244,completed,True
KIT/425/walking_medium03_poses,official_kit,425,walking_medium,中速直行,449,448,4.48,100.0,True,0.9977728285077951,completed,True
KIT/425/walking_medium04_poses,official_kit,425,walking_medium,中速直行,482,481,4.81,100.0,True,0.9979253112033195,completed,True
KIT/425/walking_medium05_poses,official_kit,425,walking_medium,中速直行,375,374,3.74,100.0,True,0.9973333333333333,completed,True
KIT/425/walking_medium06_poses,official_kit,425,walking_medium,中速直行,547,546,5.46,100.0,True,0.9981718464351006,completed,True
KIT/425/walking_medium07_poses,official_kit,425,walking_medium,中速直行,511,510,5.1,100.0,True,0.9980430528375733,completed,True
KIT/425/walking_medium08_poses,official_kit,425,walking_medium,中速直行,478,477,4.77,100.0,True,0.997907949790795,completed,True
KIT/425/walking_medium09_poses,official_kit,425,walking_medium,中速直行,479,478,4.78,100.0,True,0.9979123173277662,completed,True
KIT/425/walking_slow01_poses,official_kit,425,walking_slow,慢速直行,566,565,5.65,100.0,True,0.9982332155477032,completed,True
KIT/425/walking_slow02_poses,official_kit,425,walking_slow,慢速直行,648,647,6.47,100.0,True,0.9984567901234568,completed,True
KIT/425/walking_slow04_poses,official_kit,425,walking_slow,慢速直行,608,607,6.07,100.0,True,0.9983552631578947,completed,True
KIT/425/walking_slow05_poses,official_kit,425,walking_slow,慢速直行,563,562,5.62,100.0,True,0.9982238010657194,completed,True
KIT/425/walking_slow07_poses,official_kit,425,walking_slow,慢速直行,532,531,5.31,100.0,True,0.9981203007518797,completed,True
KIT/425/walking_slow08_poses,official_kit,425,walking_slow,慢速直行,506,505,5.05,100.0,True,0.9980237154150198,completed,True
KIT/425/walking_slow09_poses,official_kit,425,walking_slow,慢速直行,466,465,4.65,100.0,True,0.9978540772532188,completed,True
KIT/425/walking_slow10_poses,official_kit,425,walking_slow,慢速直行,647,646,6.46,100.0,True,0.9984544049459042,completed,True
KIT/425/walking_slow11_poses,official_kit,425,walking_slow,慢速直行,505,504,5.04,100.0,True,0.998019801980198,completed,True
KIT/513/turn_left01_poses,official_kit,513,turn_left,左转,703,702,7.02,100.0,True,0.9985775248933144,completed,True
KIT/513/turn_left02_poses,official_kit,513,turn_left,左转,721,720,7.2,100.0,True,0.9986130374479889,completed,True
KIT/513/turn_left03_poses,official_kit,513,turn_left,左转,628,627,6.27,100.0,True,0.9984076433121019,completed,True
KIT/513/turn_left04_poses,official_kit,513,turn_left,左转,676,675,6.75,100.0,True,0.9985207100591716,completed,True
KIT/513/turn_left05_poses,official_kit,513,turn_left,左转,712,711,7.11,100.0,True,0.9985955056179775,completed,True
KIT/513/turn_left06_poses,official_kit,513,turn_left,左转,634,633,6.33,100.0,True,0.998422712933754,completed,True
KIT/513/turn_left07_poses,official_kit,513,turn_left,左转,665,664,6.64,100.0,True,0.9984962406015038,completed,True
KIT/513/turn_left08_poses,official_kit,513,turn_left,左转,566,565,5.65,100.0,True,0.9982332155477032,completed,True
KIT/513/turn_left09_poses,official_kit,513,turn_left,左转,546,545,5.45,100.0,True,0.9981684981684982,completed,True
KIT/513/turn_right01_poses,official_kit,513,turn_right,右转,636,635,6.35,100.0,True,0.9984276729559748,completed,True
KIT/513/turn_right02_poses,official_kit,513,turn_right,右转,623,622,6.22,100.0,True,0.9983948635634029,completed,True
KIT/513/turn_right03_poses,official_kit,513,turn_right,右转,535,534,5.34,100.0,True,0.9981308411214953,completed,True
KIT/513/turn_right04_poses,official_kit,513,turn_right,右转,686,685,6.85,100.0,True,0.9985422740524781,completed,True
KIT/513/turn_right05_poses,official_kit,513,turn_right,右转,569,568,5.68,100.0,True,0.9982425307557118,completed,True
KIT/513/turn_right06_poses,official_kit,513,turn_right,右转,712,711,7.11,100.0,True,0.9985955056179775,completed,True
KIT/513/turn_right07_poses,official_kit,513,turn_right,右转,747,746,7.46,100.0,True,0.998661311914324,completed,True
KIT/513/turn_right08_poses,official_kit,513,turn_right,右转,829,828,8.28,100.0,True,0.9987937273823885,completed,True
KIT/513/turn_right09_poses,official_kit,513,turn_right,右转,644,643,6.43,100.0,True,0.9984472049689441,completed,True
KIT/513/turn_right10_poses,official_kit,513,turn_right,右转,533,532,5.32,100.0,True,0.99812382739212,completed,True
KIT/6/LeftTurn01_1_poses,official_kit,6,turn_left,左转,605,604,6.04,100.0,True,0.9983471074380166,completed,True
KIT/6/LeftTurn02_1_poses,official_kit,6,turn_left,左转,521,520,5.2,100.0,True,0.9980806142034548,completed,True
KIT/6/LeftTurn03_1_poses,official_kit,6,turn_left,左转,540,539,5.39,100.0,True,0.9981481481481481,completed,True
KIT/6/LeftTurn04_1_poses,official_kit,6,turn_left,左转,495,494,4.94,100.0,True,0.997979797979798,completed,True
KIT/6/LeftTurn05_1_poses,official_kit,6,turn_left,左转,494,493,4.93,100.0,True,0.9979757085020243,completed,True
KIT/6/LeftTurn06_1_poses,official_kit,6,turn_left,左转,501,500,5.0,100.0,True,0.998003992015968,completed,True
KIT/6/LeftTurn07_1_poses,official_kit,6,turn_left,左转,478,477,4.77,100.0,True,0.997907949790795,completed,True
KIT/6/LeftTurn08_1_poses,official_kit,6,turn_left,左转,518,517,5.17,100.0,True,0.9980694980694981,completed,True
KIT/6/LeftTurn09_1_poses,official_kit,6,turn_left,左转,553,552,5.52,100.0,True,0.9981916817359855,completed,True
KIT/6/LeftTurn10_1_poses,official_kit,6,turn_left,左转,494,493,4.93,100.0,True,0.9979757085020243,completed,True
KIT/6/RightTurn01_1_poses,official_kit,6,turn_right,右转,502,501,5.01,100.0,True,0.99800796812749,completed,True
KIT/6/RightTurn02_1_poses,official_kit,6,turn_right,右转,498,497,4.97,100.0,True,0.9979919678714859,completed,True
KIT/6/RightTurn03_1_poses,official_kit,6,turn_right,右转,507,506,5.06,100.0,True,0.9980276134122288,completed,True
KIT/6/RightTurn04_1_poses,official_kit,6,turn_right,右转,511,510,5.1,100.0,True,0.9980430528375733,completed,True
KIT/6/RightTurn05_1_poses,official_kit,6,turn_right,右转,499,498,4.98,100.0,True,0.9979959919839679,completed,True
KIT/6/RightTurn06_1_poses,official_kit,6,turn_right,右转,469,468,4.68,100.0,True,0.997867803837953,completed,True
KIT/6/RightTurn07_1_poses,official_kit,6,turn_right,右转,519,518,5.18,100.0,True,0.9980732177263969,completed,True
KIT/6/RightTurn08_1_poses,official_kit,6,turn_right,右转,528,527,5.27,100.0,True,0.9981060606060606,completed,True
KIT/6/RightTurn09_1_poses,official_kit,6,turn_right,右转,513,512,5.12,100.0,True,0.9980506822612085,completed,True
KIT/6/RightTurn10_1_poses,official_kit,6,turn_right,右转,514,513,5.13,100.0,True,0.9980544747081712,completed,True
KIT/6/WalkInClockwiseCircle01_1_poses,official_kit,6,clockwise_circle,顺时针绕圈,700,699,6.99,100.0,True,0.9985714285714286,completed,True
KIT/6/WalkInClockwiseCircle02_1_poses,official_kit,6,clockwise_circle,顺时针绕圈,759,758,7.58,100.0,True,0.9986824769433466,completed,True
KIT/6/WalkInClockwiseCircle03_1_poses,official_kit,6,clockwise_circle,顺时针绕圈,709,708,7.08,100.0,True,0.998589562764457,completed,True
KIT/6/WalkInClockwiseCircle04_1_poses,official_kit,6,clockwise_circle,顺时针绕圈,723,722,7.22,100.0,True,0.9986168741355463,completed,True
KIT/6/WalkInClockwiseCircle05_1_poses,official_kit,6,clockwise_circle,顺时针绕圈,728,727,7.27,100.0,True,0.9986263736263736,completed,True
KIT/6/WalkInClockwiseCircle06_1_poses,official_kit,6,clockwise_circle,顺时针绕圈,729,728,7.28,100.0,True,0.9986282578875172,completed,True
KIT/6/WalkInClockwiseCircle07_1_poses,official_kit,6,clockwise_circle,顺时针绕圈,712,711,7.11,100.0,True,0.9985955056179775,completed,True
KIT/6/WalkInClockwiseCircle08_1_poses,official_kit,6,clockwise_circle,顺时针绕圈,723,722,7.22,100.0,True,0.9986168741355463,completed,True
KIT/6/WalkInClockwiseCircle09_poses,official_kit,6,clockwise_circle,顺时针绕圈,698,697,6.97,100.0,True,0.998567335243553,completed,True
KIT/6/WalkInClockwiseCircle10_poses,official_kit,6,clockwise_circle,顺时针绕圈,718,717,7.17,100.0,True,0.9986072423398329,completed,True
KIT/6/WalkInCounterClockwiseCircle01_1_poses,official_kit,6,counterclockwise_circle,逆时针绕圈,815,814,8.14,100.0,True,0.9987730061349693,completed,True
KIT/6/WalkInCounterClockwiseCircle02_1_poses,official_kit,6,counterclockwise_circle,逆时针绕圈,744,743,7.43,100.0,True,0.9986559139784946,completed,True
KIT/6/WalkInCounterClockwiseCircle03_1_poses,official_kit,6,counterclockwise_circle,逆时针绕圈,723,722,7.22,100.0,True,0.9986168741355463,completed,True
KIT/6/WalkInCounterClockwiseCircle04_1_poses,official_kit,6,counterclockwise_circle,逆时针绕圈,787,786,7.86,100.0,True,0.9987293519695044,completed,True
KIT/6/WalkInCounterClockwiseCircle05_1_poses,official_kit,6,counterclockwise_circle,逆时针绕圈,687,686,6.86,100.0,True,0.9985443959243085,completed,True
KIT/6/WalkInCounterClockwiseCircle06_1_poses,official_kit,6,counterclockwise_circle,逆时针绕圈,691,690,6.9,100.0,True,0.9985528219971056,completed,True
KIT/6/WalkInCounterClockwiseCircle07_1_poses,official_kit,6,counterclockwise_circle,逆时针绕圈,758,757,7.57,100.0,True,0.9986807387862797,completed,True
KIT/6/WalkInCounterClockwiseCircle08_1_poses,official_kit,6,counterclockwise_circle,逆时针绕圈,735,734,7.34,100.0,True,0.998639455782313,completed,True
KIT/6/WalkInCounterClockwiseCircle09_1_poses,official_kit,6,counterclockwise_circle,逆时针绕圈,733,732,7.32,100.0,True,0.9986357435197817,completed,True
KIT/6/WalkInCounterClockwiseCircle10_1_poses,official_kit,6,counterclockwise_circle,逆时针绕圈,674,673,6.73,100.0,True,0.9985163204747775,completed,True
KIT/6/WalkingStraightBackwards01_poses,official_kit,6,straight_backward,直线后退,452,451,4.51,100.0,True,0.9977876106194691,completed,True
KIT/6/WalkingStraightBackwards02_poses,official_kit,6,straight_backward,直线后退,493,492,4.92,100.0,True,0.9979716024340771,completed,True
KIT/6/WalkingStraightBackwards03_poses,official_kit,6,straight_backward,直线后退,507,506,5.06,100.0,True,0.9980276134122288,completed,True
KIT/6/WalkingStraightBackwards04_poses,official_kit,6,straight_backward,直线后退,521,520,5.2,100.0,True,0.9980806142034548,completed,True
KIT/6/WalkingStraightBackwards05_poses,official_kit,6,straight_backward,直线后退,524,523,5.23,100.0,True,0.9980916030534351,completed,True
KIT/6/WalkingStraightBackwards06_poses,official_kit,6,straight_backward,直线后退,519,518,5.18,100.0,True,0.9980732177263969,completed,True
KIT/6/WalkingStraightBackwards07_poses,official_kit,6,straight_backward,直线后退,466,465,4.65,100.0,True,0.9978540772532188,completed,True
KIT/6/WalkingStraightBackwards08_poses,official_kit,6,straight_backward,直线后退,479,478,4.78,100.0,True,0.9979123173277662,completed,True
KIT/6/WalkingStraightBackwards09_poses,official_kit,6,straight_backward,直线后退,504,503,5.03,100.0,True,0.998015873015873,completed,True
KIT/6/WalkingStraightBackwards10_poses,official_kit,6,straight_backward,直线后退,485,484,4.84,100.0,True,0.9979381443298969,completed,True
KIT/675/walk_with_handrail_beam_left01_poses,official_kit,675,handrail_walking,扶栏行走,403,402,4.02,100.0,True,0.9975186104218362,completed,True
KIT/675/walk_with_handrail_beam_left02_poses,official_kit,675,handrail_walking,扶栏行走,398,397,3.97,100.0,True,0.9974874371859297,completed,True
KIT/675/walk_with_handrail_beam_left03_poses,official_kit,675,handrail_walking,扶栏行走,385,384,3.84,100.0,True,0.9974025974025974,completed,True
KIT/675/walk_with_handrail_beam_left04_poses,official_kit,675,handrail_walking,扶栏行走,480,479,4.79,100.0,True,0.9979166666666667,completed,True
KIT/675/walk_with_handrail_beam_left05_poses,official_kit,675,handrail_walking,扶栏行走,417,416,4.16,100.0,True,0.9976019184652278,completed,True
KIT/675/walk_with_handrail_beam_left06_poses,official_kit,675,handrail_walking,扶栏行走,494,493,4.93,100.0,True,0.9979757085020243,completed,True
KIT/675/walk_with_handrail_beam_left07_poses,official_kit,675,handrail_walking,扶栏行走,419,418,4.18,100.0,True,0.9976133651551312,completed,True
KIT/675/walk_with_handrail_beam_left08_poses,official_kit,675,handrail_walking,扶栏行走,507,506,5.06,100.0,True,0.9980276134122288,completed,True
KIT/675/walk_with_handrail_beam_left09_poses,official_kit,675,handrail_walking,扶栏行走,519,518,5.18,100.0,True,0.9980732177263969,completed,True
KIT/675/walk_with_handrail_beam_left10_poses,official_kit,675,handrail_walking,扶栏行走,491,490,4.9,100.0,True,0.9979633401221996,completed,True
KIT/675/walk_with_handrail_beam_right01_poses,official_kit,675,handrail_walking,扶栏行走,498,497,4.97,100.0,True,0.9979919678714859,completed,True
KIT/675/walk_with_handrail_beam_right02_poses,official_kit,675,handrail_walking,扶栏行走,450,449,4.49,100.0,True,0.9977777777777778,completed,True
KIT/675/walk_with_handrail_beam_right03_poses,official_kit,675,handrail_walking,扶栏行走,531,530,5.3,100.0,True,0.9981167608286252,completed,True
KIT/675/walk_with_handrail_beam_right04_poses,official_kit,675,handrail_walking,扶栏行走,458,457,4.57,100.0,True,0.9978165938864629,completed,True
KIT/675/walk_with_handrail_beam_right05_poses,official_kit,675,handrail_walking,扶栏行走,467,466,4.66,100.0,True,0.9978586723768736,completed,True
KIT/675/walk_with_handrail_beam_right06_poses,official_kit,675,handrail_walking,扶栏行走,471,470,4.7,100.0,True,0.9978768577494692,completed,True
KIT/675/walk_with_handrail_beam_right07_poses,official_kit,675,handrail_walking,扶栏行走,536,535,5.35,100.0,True,0.9981343283582089,completed,True
KIT/675/walk_with_handrail_beam_right08_poses,official_kit,675,handrail_walking,扶栏行走,457,456,4.56,100.0,True,0.9978118161925602,completed,True
KIT/675/walk_with_handrail_beam_right09_poses,official_kit,675,handrail_walking,扶栏行走,483,482,4.82,100.0,True,0.9979296066252588,completed,True
KIT/675/walk_with_handrail_beam_right10_poses,official_kit,675,handrail_walking,扶栏行走,563,562,5.62,100.0,True,0.9982238010657194,completed,True
KIT/675/walk_with_handrail_left01_poses,official_kit,675,handrail_walking,扶栏行走,456,455,4.55,100.0,True,0.9978070175438597,completed,True
KIT/675/walk_with_handrail_left02_poses,official_kit,675,handrail_walking,扶栏行走,534,533,5.33,100.0,True,0.99812734082397,completed,True
KIT/675/walk_with_handrail_left03_poses,official_kit,675,handrail_walking,扶栏行走,487,486,4.86,100.0,True,0.997946611909651,completed,True
KIT/675/walk_with_handrail_left04_poses,official_kit,675,handrail_walking,扶栏行走,523,522,5.22,100.0,True,0.9980879541108987,completed,True
KIT/675/walk_with_handrail_left05_poses,official_kit,675,handrail_walking,扶栏行走,481,480,4.8,100.0,True,0.997920997920998,completed,True
KIT/675/walk_with_handrail_left06_poses,official_kit,675,handrail_walking,扶栏行走,463,462,4.62,100.0,True,0.9978401727861771,completed,True
KIT/675/walk_with_handrail_left07_poses,official_kit,675,handrail_walking,扶栏行走,439,438,4.38,100.0,True,0.9977220956719818,completed,True
KIT/675/walk_with_handrail_left08_poses,official_kit,675,handrail_walking,扶栏行走,417,416,4.16,100.0,True,0.9976019184652278,completed,True
KIT/675/walk_with_handrail_left09_poses,official_kit,675,handrail_walking,扶栏行走,450,449,4.49,100.0,True,0.9977777777777778,completed,True
KIT/675/walk_with_handrail_left10_poses,official_kit,675,handrail_walking,扶栏行走,477,476,4.76,100.0,True,0.9979035639412998,completed,True
KIT/675/walk_with_handrail_right01_poses,official_kit,675,handrail_walking,扶栏行走,394,393,3.93,100.0,True,0.9974619289340102,completed,True
KIT/675/walk_with_handrail_right02_poses,official_kit,675,handrail_walking,扶栏行走,463,462,4.62,100.0,True,0.9978401727861771,completed,True
KIT/675/walk_with_handrail_right03_poses,official_kit,675,handrail_walking,扶栏行走,333,332,3.32,100.0,True,0.996996996996997,completed,True
KIT/675/walk_with_handrail_right04_poses,official_kit,675,handrail_walking,扶栏行走,304,303,3.03,100.0,True,0.9967105263157895,completed,True
KIT/675/walk_with_handrail_right05_poses,official_kit,675,handrail_walking,扶栏行走,383,382,3.82,100.0,True,0.9973890339425587,completed,True
KIT/675/walk_with_handrail_right06_poses,official_kit,675,handrail_walking,扶栏行走,344,343,3.43,100.0,True,0.997093023255814,completed,True
KIT/675/walk_with_handrail_right07_poses,official_kit,675,handrail_walking,扶栏行走,377,376,3.76,100.0,True,0.9973474801061007,completed,True
KIT/675/walk_with_handrail_right08_poses,official_kit,675,handrail_walking,扶栏行走,413,412,4.12,100.0,True,0.9975786924939467,completed,True
KIT/675/walk_with_handrail_right09_poses,official_kit,675,handrail_walking,扶栏行走,330,329,3.29,100.0,True,0.996969696969697,completed,True
KIT/675/walk_with_handrail_right10_poses,official_kit,675,handrail_walking,扶栏行走,383,382,3.82,100.0,True,0.9973890339425587,completed,True
KIT/7/LeftTurn01_poses,official_kit,7,turn_left,左转,557,556,5.56,100.0,True,0.9982046678635548,completed,True
KIT/7/LeftTurn02_poses,official_kit,7,turn_left,左转,541,540,5.4,100.0,True,0.9981515711645101,completed,True
KIT/7/LeftTurn03_poses,official_kit,7,turn_left,左转,530,529,5.29,100.0,True,0.9981132075471698,completed,True
KIT/7/LeftTurn04_poses,official_kit,7,turn_left,左转,593,592,5.92,100.0,True,0.9983136593591906,completed,True
KIT/7/LeftTurn05_poses,official_kit,7,turn_left,左转,534,533,5.33,100.0,True,0.99812734082397,completed,True
KIT/7/LeftTurn06_poses,official_kit,7,turn_left,左转,529,528,5.28,100.0,True,0.998109640831758,completed,True
KIT/7/LeftTurn07_poses,official_kit,7,turn_left,左转,506,505,5.05,100.0,True,0.9980237154150198,completed,True
KIT/7/LeftTurn08_poses,official_kit,7,turn_left,左转,508,507,5.07,100.0,True,0.9980314960629921,completed,True
KIT/7/LeftTurn09_poses,official_kit,7,turn_left,左转,544,543,5.43,100.0,True,0.9981617647058824,completed,True
KIT/7/LeftTurn10_poses,official_kit,7,turn_left,左转,517,516,5.16,100.0,True,0.9980657640232108,completed,True
KIT/7/RightTurn01_poses,official_kit,7,turn_right,右转,541,540,5.4,100.0,True,0.9981515711645101,completed,True
KIT/7/RightTurn02_poses,official_kit,7,turn_right,右转,517,516,5.16,100.0,True,0.9980657640232108,completed,True
KIT/7/RightTurn03_poses,official_kit,7,turn_right,右转,551,550,5.5,100.0,True,0.9981851179673321,completed,True
KIT/7/RightTurn04_poses,official_kit,7,turn_right,右转,538,537,5.37,100.0,True,0.9981412639405205,completed,True
KIT/7/RightTurn05_poses,official_kit,7,turn_right,右转,531,530,5.3,100.0,True,0.9981167608286252,completed,True
KIT/7/RightTurn06_poses,official_kit,7,turn_right,右转,519,518,5.18,100.0,True,0.9980732177263969,completed,True
KIT/7/RightTurn07_poses,official_kit,7,turn_right,右转,498,497,4.97,100.0,True,0.9979919678714859,completed,True
KIT/7/RightTurn08_poses,official_kit,7,turn_right,右转,559,558,5.58,100.0,True,0.998211091234347,completed,True
KIT/7/RightTurn09_poses,official_kit,7,turn_right,右转,492,491,4.91,100.0,True,0.9979674796747967,completed,True
KIT/7/RightTurn10_poses,official_kit,7,turn_right,右转,605,604,6.04,100.0,True,0.9983471074380166,completed,True
KIT/7/WalkInClockwiseCircle01_poses,official_kit,7,clockwise_circle,顺时针绕圈,871,870,8.7,100.0,True,0.9988518943742825,completed,True
KIT/7/WalkInClockwiseCircle02_poses,official_kit,7,clockwise_circle,顺时针绕圈,715,714,7.14,100.0,True,0.9986013986013986,completed,True
KIT/7/WalkInClockwiseCircle03_poses,official_kit,7,clockwise_circle,顺时针绕圈,738,737,7.37,100.0,True,0.9986449864498645,completed,True
KIT/7/WalkInClockwiseCircle04_poses,official_kit,7,clockwise_circle,顺时针绕圈,706,705,7.05,100.0,True,0.9985835694050992,completed,True
KIT/7/WalkInClockwiseCircle05_poses,official_kit,7,clockwise_circle,顺时针绕圈,741,740,7.4,100.0,True,0.9986504723346828,completed,True
KIT/7/WalkInClockwiseCircle06_poses,official_kit,7,clockwise_circle,顺时针绕圈,726,725,7.25,100.0,True,0.9986225895316805,completed,True
KIT/7/WalkInClockwiseCircle07_poses,official_kit,7,clockwise_circle,顺时针绕圈,736,735,7.35,100.0,True,0.998641304347826,completed,True
KIT/7/WalkInClockwiseCircle08_poses,official_kit,7,clockwise_circle,顺时针绕圈,745,744,7.44,100.0,True,0.9986577181208054,completed,True
KIT/7/WalkInClockwiseCircle09_poses,official_kit,7,clockwise_circle,顺时针绕圈,734,733,7.33,100.0,True,0.9986376021798365,completed,True
KIT/7/WalkInClockwiseCircle10_poses,official_kit,7,clockwise_circle,顺时针绕圈,720,719,7.19,100.0,True,0.9986111111111111,completed,True
KIT/7/WalkInCounterClockwiseCircle01_poses,official_kit,7,counterclockwise_circle,逆时针绕圈,744,743,7.43,100.0,True,0.9986559139784946,completed,True
KIT/7/WalkInCounterClockwiseCircle02_poses,official_kit,7,counterclockwise_circle,逆时针绕圈,710,709,7.09,100.0,True,0.9985915492957746,completed,True
KIT/7/WalkInCounterClockwiseCircle03_poses,official_kit,7,counterclockwise_circle,逆时针绕圈,717,716,7.16,100.0,True,0.99860529986053,completed,True
KIT/7/WalkInCounterClockwiseCircle04_poses,official_kit,7,counterclockwise_circle,逆时针绕圈,716,715,7.15,100.0,True,0.9986033519553073,completed,True
KIT/7/WalkInCounterClockwiseCircle05_poses,official_kit,7,counterclockwise_circle,逆时针绕圈,721,720,7.2,100.0,True,0.9986130374479889,completed,True
KIT/7/WalkInCounterClockwiseCircle06_poses,official_kit,7,counterclockwise_circle,逆时针绕圈,721,720,7.2,100.0,True,0.9986130374479889,completed,True
KIT/7/WalkInCounterClockwiseCircle07_poses,official_kit,7,counterclockwise_circle,逆时针绕圈,734,733,7.33,100.0,True,0.9986376021798365,completed,True
KIT/7/WalkInCounterClockwiseCircle08_poses,official_kit,7,counterclockwise_circle,逆时针绕圈,721,720,7.2,100.0,True,0.9986130374479889,completed,True
KIT/7/WalkInCounterClockwiseCircle09_poses,official_kit,7,counterclockwise_circle,逆时针绕圈,741,740,7.4,100.0,True,0.9986504723346828,completed,True
KIT/7/WalkInCounterClockwiseCircle10_poses,official_kit,7,counterclockwise_circle,逆时针绕圈,715,714,7.14,100.0,True,0.9986013986013986,completed,True
KIT/7/WalkingStraightBackwards01_poses,official_kit,7,straight_backward,直线后退,514,513,5.13,100.0,True,0.9980544747081712,completed,True
KIT/7/WalkingStraightBackwards02_poses,official_kit,7,straight_backward,直线后退,573,572,5.72,100.0,True,0.9982547993019197,completed,True
KIT/7/WalkingStraightBackwards03_poses,official_kit,7,straight_backward,直线后退,588,587,5.87,100.0,True,0.9982993197278912,completed,True
KIT/7/WalkingStraightBackwards04_poses,official_kit,7,straight_backward,直线后退,546,545,5.45,100.0,True,0.9981684981684982,completed,True
KIT/7/WalkingStraightBackwards05_poses,official_kit,7,straight_backward,直线后退,554,553,5.53,100.0,True,0.9981949458483754,completed,True
KIT/7/WalkingStraightBackwards06_poses,official_kit,7,straight_backward,直线后退,573,572,5.72,100.0,True,0.9982547993019197,completed,True
KIT/7/WalkingStraightBackwards07_poses,official_kit,7,straight_backward,直线后退,553,552,5.52,100.0,True,0.9981916817359855,completed,True
KIT/7/WalkingStraightBackwards08_poses,official_kit,7,straight_backward,直线后退,491,490,4.9,100.0,True,0.9979633401221996,completed,True
KIT/7/WalkingStraightBackwards09_poses,official_kit,7,straight_backward,直线后退,532,531,5.31,100.0,True,0.9981203007518797,completed,True
KIT/7/WalkingStraightBackwards10_poses,official_kit,7,straight_backward,直线后退,520,519,5.19,100.0,True,0.9980769230769231,completed,True
KIT/7/WalkingStraightForwards01_poses,official_kit,7,straight_forward,直线前进,550,549,5.49,100.0,True,0.9981818181818182,completed,True
KIT/7/WalkingStraightForwards02_poses,official_kit,7,straight_forward,直线前进,517,516,5.16,100.0,True,0.9980657640232108,completed,True
KIT/7/WalkingStraightForwards03_poses,official_kit,7,straight_forward,直线前进,522,521,5.21,100.0,True,0.9980842911877394,completed,True
KIT/7/WalkingStraightForwards04_poses,official_kit,7,straight_forward,直线前进,574,573,5.73,100.0,True,0.9982578397212544,completed,True
KIT/7/WalkingStraightForwards05_poses,official_kit,7,straight_forward,直线前进,559,558,5.58,100.0,True,0.998211091234347,completed,True
KIT/7/WalkingStraightForwards06_poses,official_kit,7,straight_forward,直线前进,557,556,5.56,100.0,True,0.9982046678635548,completed,True
KIT/7/WalkingStraightForwards07_poses,official_kit,7,straight_forward,直线前进,598,597,5.97,100.0,True,0.9983277591973244,completed,True
KIT/7/WalkingStraightForwards08_poses,official_kit,7,straight_forward,直线前进,533,532,5.32,100.0,True,0.99812382739212,completed,True
KIT/7/WalkingStraightForwards09_poses,official_kit,7,straight_forward,直线前进,521,520,5.2,100.0,True,0.9980806142034548,completed,True
KIT/7/WalkingStraightForwards10_poses,official_kit,7,straight_forward,直线前进,555,554,5.54,100.0,True,0.9981981981981982,completed,True
KIT/8/RightTurn01_poses,official_kit,8,turn_right,右转,534,533,5.33,100.0,True,0.99812734082397,completed,True
KIT/8/RightTurn02_poses,official_kit,8,turn_right,右转,508,507,5.07,100.0,True,0.9980314960629921,completed,True
KIT/8/RightTurn03_poses,official_kit,8,turn_right,右转,544,543,5.43,100.0,True,0.9981617647058824,completed,True
KIT/8/RightTurn04_poses,official_kit,8,turn_right,右转,561,560,5.6,100.0,True,0.9982174688057041,completed,True
KIT/8/RightTurn05_poses,official_kit,8,turn_right,右转,492,491,4.91,100.0,True,0.9979674796747967,completed,True
KIT/8/RightTurn06_poses,official_kit,8,turn_right,右转,506,505,5.05,100.0,True,0.9980237154150198,completed,True
KIT/8/RightTurn07_poses,official_kit,8,turn_right,右转,493,492,4.92,100.0,True,0.9979716024340771,completed,True
KIT/8/RightTurn08_poses,official_kit,8,turn_right,右转,499,498,4.98,100.0,True,0.9979959919839679,completed,True
KIT/8/RightTurn09_poses,official_kit,8,turn_right,右转,576,575,5.75,100.0,True,0.9982638888888888,completed,True
KIT/8/RightTurn10_poses,official_kit,8,turn_right,右转,508,507,5.07,100.0,True,0.9980314960629921,completed,True
KIT/8/WalkInClockwiseCircle01_poses,official_kit,8,clockwise_circle,顺时针绕圈,806,805,8.05,100.0,True,0.9987593052109182,completed,True
KIT/8/WalkInClockwiseCircle02_poses,official_kit,8,clockwise_circle,顺时针绕圈,815,814,8.14,100.0,True,0.9987730061349693,completed,True
KIT/8/WalkInClockwiseCircle03_poses,official_kit,8,clockwise_circle,顺时针绕圈,763,762,7.62,100.0,True,0.9986893840104849,completed,True
KIT/8/WalkInClockwiseCircle04_poses,official_kit,8,clockwise_circle,顺时针绕圈,789,788,7.88,100.0,True,0.9987325728770595,completed,True
KIT/8/WalkInClockwiseCircle05_poses,official_kit,8,clockwise_circle,顺时针绕圈,788,787,7.87,100.0,True,0.998730964467005,completed,True
KIT/8/WalkInClockwiseCircle06_poses,official_kit,8,clockwise_circle,顺时针绕圈,760,759,7.59,100.0,True,0.9986842105263158,completed,True
KIT/8/WalkInClockwiseCircle07_poses,official_kit,8,clockwise_circle,顺时针绕圈,804,803,8.03,100.0,True,0.9987562189054726,completed,True
KIT/8/WalkInClockwiseCircle08_poses,official_kit,8,clockwise_circle,顺时针绕圈,776,775,7.75,100.0,True,0.9987113402061856,completed,True
KIT/8/WalkInClockwiseCircle09_poses,official_kit,8,clockwise_circle,顺时针绕圈,820,819,8.19,100.0,True,0.998780487804878,completed,True
KIT/8/WalkInClockwiseCircle10_poses,official_kit,8,clockwise_circle,顺时针绕圈,749,748,7.48,100.0,True,0.9986648865153538,completed,True
KIT/8/WalkInCounterClockwiseCircle01_poses,official_kit,8,counterclockwise_circle,逆时针绕圈,840,839,8.39,100.0,True,0.9988095238095238,completed,True
KIT/8/WalkInCounterClockwiseCircle02_poses,official_kit,8,counterclockwise_circle,逆时针绕圈,739,738,7.38,100.0,True,0.9986468200270636,completed,True
KIT/8/WalkInCounterClockwiseCircle03_poses,official_kit,8,counterclockwise_circle,逆时针绕圈,657,656,6.56,100.0,True,0.9984779299847792,completed,True
KIT/8/WalkInCounterClockwiseCircle04_poses,official_kit,8,counterclockwise_circle,逆时针绕圈,788,787,7.87,100.0,True,0.998730964467005,completed,True
KIT/8/WalkInCounterClockwiseCircle05_poses,official_kit,8,counterclockwise_circle,逆时针绕圈,790,789,7.89,100.0,True,0.9987341772151899,completed,True
KIT/8/WalkInCounterClockwiseCircle06_poses,official_kit,8,counterclockwise_circle,逆时针绕圈,846,845,8.45,100.0,True,0.9988179669030733,completed,True
KIT/8/WalkInCounterClockwiseCircle07_poses,official_kit,8,counterclockwise_circle,逆时针绕圈,783,782,7.82,100.0,True,0.9987228607918263,completed,True
KIT/8/WalkInCounterClockwiseCircle08_poses,official_kit,8,counterclockwise_circle,逆时针绕圈,787,786,7.86,100.0,True,0.9987293519695044,completed,True
KIT/8/WalkInCounterClockwiseCircle09_poses,official_kit,8,counterclockwise_circle,逆时针绕圈,774,773,7.73,100.0,True,0.9987080103359173,completed,True
KIT/8/WalkInCounterClockwiseCircle10_poses,official_kit,8,counterclockwise_circle,逆时针绕圈,760,759,7.59,100.0,True,0.9986842105263158,completed,True
KIT/8/WalkingStraightBackwards01_poses,official_kit,8,straight_backward,直线后退,703,702,7.02,100.0,True,0.9985775248933144,completed,True
KIT/8/WalkingStraightBackwards02_poses,official_kit,8,straight_backward,直线后退,545,544,5.44,100.0,True,0.998165137614679,completed,True
KIT/8/WalkingStraightBackwards03_poses,official_kit,8,straight_backward,直线后退,571,570,5.7,100.0,True,0.9982486865148862,completed,True
KIT/8/WalkingStraightBackwards04_poses,official_kit,8,straight_backward,直线后退,533,532,5.32,100.0,True,0.99812382739212,completed,True
KIT/8/WalkingStraightBackwards05_poses,official_kit,8,straight_backward,直线后退,573,572,5.72,100.0,True,0.9982547993019197,completed,True
KIT/8/WalkingStraightBackwards06_poses,official_kit,8,straight_backward,直线后退,611,610,6.1,100.0,True,0.9983633387888707,completed,True
KIT/8/WalkingStraightBackwards07_poses,official_kit,8,straight_backward,直线后退,608,607,6.07,100.0,True,0.9983552631578947,completed,True
KIT/8/WalkingStraightBackwards08_poses,official_kit,8,straight_backward,直线后退,583,582,5.82,100.0,True,0.9982847341337907,completed,True
KIT/8/WalkingStraightBackwards09_poses,official_kit,8,straight_backward,直线后退,613,612,6.12,100.0,True,0.99836867862969,completed,True
KIT/8/WalkingStraightBackwards10_1_poses,official_kit,8,straight_backward,直线后退,582,581,5.81,100.0,True,0.9982817869415808,completed,True
KIT/8/WalkingStraightForwards01_poses,official_kit,8,straight_forward,直线前进,537,536,5.36,100.0,True,0.9981378026070763,completed,True
KIT/8/WalkingStraightForwards02_poses,official_kit,8,straight_forward,直线前进,548,547,5.47,100.0,True,0.9981751824817519,completed,True
KIT/8/WalkingStraightForwards03_poses,official_kit,8,straight_forward,直线前进,553,552,5.52,100.0,True,0.9981916817359855,completed,True
KIT/8/WalkingStraightForwards04_poses,official_kit,8,straight_forward,直线前进,564,563,5.63,100.0,True,0.99822695035461,completed,True
KIT/8/WalkingStraightForwards05_poses,official_kit,8,straight_forward,直线前进,611,610,6.1,100.0,True,0.9983633387888707,completed,True
KIT/8/WalkingStraightForwards06_poses,official_kit,8,straight_forward,直线前进,546,545,5.45,100.0,True,0.9981684981684982,completed,True
KIT/8/WalkingStraightForwards07_poses,official_kit,8,straight_forward,直线前进,602,601,6.01,100.0,True,0.9983388704318937,completed,True
KIT/8/WalkingStraightForwards08_poses,official_kit,8,straight_forward,直线前进,509,508,5.08,100.0,True,0.9980353634577603,completed,True
KIT/8/WalkingStraightForwards09_poses,official_kit,8,straight_forward,直线前进,633,632,6.32,100.0,True,0.9984202211690363,completed,True
KIT/8/WalkingStraightForwards10_poses,official_kit,8,straight_forward,直线前进,623,622,6.22,100.0,True,0.9983948635634029,completed,True
KIT/9/LeftTurn01_poses,official_kit,9,turn_left,左转,592,591,5.91,100.0,True,0.9983108108108109,completed,True
KIT/9/LeftTurn02_poses,official_kit,9,turn_left,左转,537,536,5.36,100.0,True,0.9981378026070763,completed,True
KIT/9/LeftTurn03_poses,official_kit,9,turn_left,左转,487,486,4.86,100.0,True,0.997946611909651,completed,True
KIT/9/LeftTurn04_poses,official_kit,9,turn_left,左转,559,558,5.58,100.0,True,0.998211091234347,completed,True
KIT/9/LeftTurn05_poses,official_kit,9,turn_left,左转,462,461,4.61,100.0,True,0.9978354978354979,completed,True
KIT/9/LeftTurn06_poses,official_kit,9,turn_left,左转,476,475,4.75,100.0,True,0.9978991596638656,completed,True
KIT/9/LeftTurn07_poses,official_kit,9,turn_left,左转,468,467,4.67,100.0,True,0.9978632478632479,completed,True
KIT/9/LeftTurn08_poses,official_kit,9,turn_left,左转,543,542,5.42,100.0,True,0.998158379373849,completed,True
KIT/9/LeftTurn09_poses,official_kit,9,turn_left,左转,540,539,5.39,100.0,True,0.9981481481481481,completed,True
KIT/9/LeftTurn10_poses,official_kit,9,turn_left,左转,577,576,5.76,100.0,True,0.9982668977469671,completed,True
KIT/9/RightTurn01_poses,official_kit,9,turn_right,右转,527,526,5.26,100.0,True,0.9981024667931688,completed,True
KIT/9/RightTurn02_poses,official_kit,9,turn_right,右转,511,510,5.1,100.0,True,0.9980430528375733,completed,True
KIT/9/RightTurn03_poses,official_kit,9,turn_right,右转,550,549,5.49,100.0,True,0.9981818181818182,completed,True
KIT/9/RightTurn04_poses,official_kit,9,turn_right,右转,487,486,4.86,100.0,True,0.997946611909651,completed,True
KIT/9/RightTurn05_poses,official_kit,9,turn_right,右转,537,536,5.36,100.0,True,0.9981378026070763,completed,True
KIT/9/RightTurn06_poses,official_kit,9,turn_right,右转,412,411,4.11,100.0,True,0.9975728155339806,completed,True
KIT/9/RightTurn07_poses,official_kit,9,turn_right,右转,374,373,3.73,100.0,True,0.9973262032085561,completed,True
KIT/9/RightTurn08_poses,official_kit,9,turn_right,右转,482,481,4.81,100.0,True,0.9979253112033195,completed,True
KIT/9/RightTurn09_poses,official_kit,9,turn_right,右转,422,421,4.21,100.0,True,0.9976303317535545,completed,True
KIT/9/RightTurn10_poses,official_kit,9,turn_right,右转,415,414,4.14,100.0,True,0.9975903614457832,completed,True
KIT/9/WalkInClockwiseCircle01_poses,official_kit,9,clockwise_circle,顺时针绕圈,942,941,9.41,100.0,True,0.9989384288747346,completed,True
KIT/9/WalkInClockwiseCircle02_poses,official_kit,9,clockwise_circle,顺时针绕圈,821,820,8.2,100.0,True,0.9987819732034104,completed,True
KIT/9/WalkInClockwiseCircle03_poses,official_kit,9,clockwise_circle,顺时针绕圈,838,837,8.37,100.0,True,0.9988066825775657,completed,True
KIT/9/WalkInClockwiseCircle04_poses,official_kit,9,clockwise_circle,顺时针绕圈,855,854,8.54,100.0,True,0.9988304093567252,completed,True
KIT/9/WalkInClockwiseCircle05_poses,official_kit,9,clockwise_circle,顺时针绕圈,868,867,8.67,100.0,True,0.9988479262672811,completed,True
KIT/9/WalkInClockwiseCircle06_poses,official_kit,9,clockwise_circle,顺时针绕圈,826,825,8.25,100.0,True,0.9987893462469734,completed,True
KIT/9/WalkInClockwiseCircle07_poses,official_kit,9,clockwise_circle,顺时针绕圈,821,820,8.2,100.0,True,0.9987819732034104,completed,True
KIT/9/WalkInClockwiseCircle08_poses,official_kit,9,clockwise_circle,顺时针绕圈,852,851,8.51,100.0,True,0.9988262910798122,completed,True
KIT/9/WalkInClockwiseCircle09_poses,official_kit,9,clockwise_circle,顺时针绕圈,776,775,7.75,100.0,True,0.9987113402061856,completed,True
KIT/9/WalkInClockwiseCircle10_poses,official_kit,9,clockwise_circle,顺时针绕圈,831,830,8.3,100.0,True,0.9987966305655837,completed,True
KIT/9/WalkInCounterClockwiseCircle01_poses,official_kit,9,counterclockwise_circle,逆时针绕圈,855,854,8.54,100.0,True,0.9988304093567252,completed,True
KIT/9/WalkInCounterClockwiseCircle02_poses,official_kit,9,counterclockwise_circle,逆时针绕圈,765,764,7.64,100.0,True,0.9986928104575163,completed,True
KIT/9/WalkInCounterClockwiseCircle03_poses,official_kit,9,counterclockwise_circle,逆时针绕圈,796,795,7.95,100.0,True,0.9987437185929648,completed,True
KIT/9/WalkInCounterClockwiseCircle04_poses,official_kit,9,counterclockwise_circle,逆时针绕圈,792,791,7.91,100.0,True,0.9987373737373737,completed,True
KIT/9/WalkInCounterClockwiseCircle05_poses,official_kit,9,counterclockwise_circle,逆时针绕圈,827,826,8.26,100.0,True,0.9987908101571947,completed,True
KIT/9/WalkInCounterClockwiseCircle06_poses,official_kit,9,counterclockwise_circle,逆时针绕圈,846,845,8.45,100.0,True,0.9988179669030733,completed,True
KIT/9/WalkInCounterClockwiseCircle07_poses,official_kit,9,counterclockwise_circle,逆时针绕圈,851,850,8.5,100.0,True,0.9988249118683902,completed,True
KIT/9/WalkInCounterClockwiseCircle08_poses,official_kit,9,counterclockwise_circle,逆时针绕圈,774,773,7.73,100.0,True,0.9987080103359173,completed,True
KIT/9/WalkInCounterClockwiseCircle09_poses,official_kit,9,counterclockwise_circle,逆时针绕圈,835,834,8.34,100.0,True,0.9988023952095808,completed,True
KIT/9/WalkInCounterClockwiseCircle10_poses,official_kit,9,counterclockwise_circle,逆时针绕圈,813,812,8.12,100.0,True,0.998769987699877,completed,True
KIT/9/WalkingStraightBackwards01_poses,official_kit,9,straight_backward,直线后退,504,503,5.03,100.0,True,0.998015873015873,completed,True
KIT/9/WalkingStraightBackwards02_poses,official_kit,9,straight_backward,直线后退,473,472,4.72,100.0,True,0.9978858350951374,completed,True
KIT/9/WalkingStraightBackwards03_poses,official_kit,9,straight_backward,直线后退,484,483,4.83,100.0,True,0.9979338842975206,completed,True
KIT/9/WalkingStraightBackwards04_poses,official_kit,9,straight_backward,直线后退,478,477,4.77,100.0,True,0.997907949790795,completed,True
KIT/9/WalkingStraightBackwards05_poses,official_kit,9,straight_backward,直线后退,471,470,4.7,100.0,True,0.9978768577494692,completed,True
KIT/9/WalkingStraightBackwards06_poses,official_kit,9,straight_backward,直线后退,486,485,4.85,100.0,True,0.9979423868312757,completed,True
KIT/9/WalkingStraightBackwards07_poses,official_kit,9,straight_backward,直线后退,524,523,5.23,100.0,True,0.9980916030534351,completed,True
KIT/9/WalkingStraightBackwards09_poses,official_kit,9,straight_backward,直线后退,449,448,4.48,100.0,True,0.9977728285077951,completed,True
KIT/9/WalkingStraightBackwards10_poses,official_kit,9,straight_backward,直线后退,449,448,4.48,100.0,True,0.9977728285077951,completed,True
KIT/9/WalkingStraightForwards01_poses,official_kit,9,straight_forward,直线前进,781,780,7.8,100.0,True,0.998719590268886,completed,True
KIT/9/WalkingStraightForwards02_poses,official_kit,9,straight_forward,直线前进,701,700,7.0,100.0,True,0.9985734664764622,completed,True
KIT/9/WalkingStraightForwards03_poses,official_kit,9,straight_forward,直线前进,631,630,6.3,100.0,True,0.9984152139461173,completed,True
KIT/9/WalkingStraightForwards04_poses,official_kit,9,straight_forward,直线前进,621,620,6.2,100.0,True,0.998389694041868,completed,True
KIT/9/WalkingStraightForwards05_poses,official_kit,9,straight_forward,直线前进,532,531,5.31,100.0,True,0.9981203007518797,completed,True
KIT/9/WalkingStraightForwards06_poses,official_kit,9,straight_forward,直线前进,412,411,4.11,100.0,True,0.9975728155339806,completed,True
KIT/9/WalkingStraightForwards07_poses,official_kit,9,straight_forward,直线前进,499,498,4.98,100.0,True,0.9979959919839679,completed,True
KIT/9/WalkingStraightForwards08_poses,official_kit,9,straight_forward,直线前进,589,588,5.88,100.0,True,0.99830220713073,completed,True
KIT/9/WalkingStraightForwards09_poses,official_kit,9,straight_forward,直线前进,511,510,5.1,100.0,True,0.9980430528375733,completed,True
KIT/9/WalkingStraightForwards10_poses,official_kit,9,straight_forward,直线前进,495,494,4.94,100.0,True,0.997979797979798,completed,True
KIT/9/turn_left01_poses,official_kit,9,turn_left,左转,541,540,5.4,100.0,True,0.9981515711645101,completed,True
KIT/9/turn_left02_poses,official_kit,9,turn_left,左转,545,544,5.44,100.0,True,0.998165137614679,completed,True
KIT/9/turn_left03_poses,official_kit,9,turn_left,左转,479,478,4.78,100.0,True,0.9979123173277662,completed,True
KIT/9/turn_left04_poses,official_kit,9,turn_left,左转,456,455,4.55,100.0,True,0.9978070175438597,completed,True
KIT/9/turn_left05_poses,official_kit,9,turn_left,左转,513,512,5.12,100.0,True,0.9980506822612085,completed,True
KIT/9/turn_left06_poses,official_kit,9,turn_left,左转,578,577,5.77,100.0,True,0.9982698961937716,completed,True
KIT/9/turn_left07_poses,official_kit,9,turn_left,左转,529,528,5.28,100.0,True,0.998109640831758,completed,True
KIT/9/turn_left08_poses,official_kit,9,turn_left,左转,584,583,5.83,100.0,True,0.9982876712328768,completed,True
KIT/9/turn_left09_poses,official_kit,9,turn_left,左转,546,545,5.45,100.0,True,0.9981684981684982,completed,True
KIT/9/turn_left10_poses,official_kit,9,turn_left,左转,519,518,5.18,100.0,True,0.9980732177263969,completed,True
KIT/9/walking_medium01_poses,official_kit,9,walking_medium,中速直行,541,540,5.4,100.0,True,0.9981515711645101,completed,True
KIT/9/walking_medium02_poses,official_kit,9,walking_medium,中速直行,581,580,5.8,100.0,True,0.9982788296041308,completed,True
KIT/9/walking_medium03_poses,official_kit,9,walking_medium,中速直行,502,501,5.01,100.0,True,0.99800796812749,completed,True
KIT/9/walking_medium04_poses,official_kit,9,walking_medium,中速直行,535,534,5.34,100.0,True,0.9981308411214953,completed,True
KIT/9/walking_medium05_poses,official_kit,9,walking_medium,中速直行,451,450,4.5,100.0,True,0.9977827050997783,completed,True
KIT/9/walking_medium06_poses,official_kit,9,walking_medium,中速直行,549,548,5.48,100.0,True,0.9981785063752276,completed,True
KIT/9/walking_medium07_poses,official_kit,9,walking_medium,中速直行,537,536,5.36,100.0,True,0.9981378026070763,completed,True
KIT/9/walking_medium08_poses,official_kit,9,walking_medium,中速直行,483,482,4.82,100.0,True,0.9979296066252588,completed,True
KIT/9/walking_medium09_poses,official_kit,9,walking_medium,中速直行,548,547,5.47,100.0,True,0.9981751824817519,completed,True
KIT/9/walking_medium10_poses,official_kit,9,walking_medium,中速直行,479,478,4.78,100.0,True,0.9979123173277662,completed,True
KIT/9/walking_run01_poses,official_kit,9,walking_run,跑步,476,475,4.75,100.0,True,0.9978991596638656,completed,True
KIT/9/walking_run02_poses,official_kit,9,walking_run,跑步,366,365,3.65,100.0,True,0.9972677595628415,completed,True
KIT/9/walking_run03_poses,official_kit,9,walking_run,跑步,312,311,3.11,100.0,True,0.9967948717948718,completed,True
KIT/9/walking_run04_poses,official_kit,9,walking_run,跑步,379,378,3.78,100.0,True,0.9973614775725593,completed,True
KIT/9/walking_run05_poses,official_kit,9,walking_run,跑步,450,449,4.49,100.0,True,0.9977777777777778,completed,True
KIT/9/walking_run06_poses,official_kit,9,walking_run,跑步,331,330,3.3,100.0,True,0.9969788519637462,completed,True
KIT/9/walking_run07_poses,official_kit,9,walking_run,跑步,394,393,3.93,100.0,True,0.9974619289340102,completed,True
KIT/9/walking_run08_poses,official_kit,9,walking_run,跑步,414,413,4.13,100.0,True,0.9975845410628019,completed,True
KIT/9/walking_run09_poses,official_kit,9,walking_run,跑步,410,409,4.09,100.0,True,0.9975609756097561,completed,True
KIT/9/walking_run10_poses,official_kit,9,walking_run,跑步,413,412,4.12,100.0,True,0.9975786924939467,completed,True
KIT/9/walking_slow01_poses,official_kit,9,walking_slow,慢速直行,618,617,6.17,100.0,True,0.9983818770226537,completed,True
KIT/9/walking_slow02_poses,official_kit,9,walking_slow,慢速直行,791,790,7.9,100.0,True,0.9987357774968394,completed,True
KIT/9/walking_slow03_poses,official_kit,9,walking_slow,慢速直行,770,769,7.69,100.0,True,0.9987012987012988,completed,True
KIT/9/walking_slow04_poses,official_kit,9,walking_slow,慢速直行,759,758,7.58,100.0,True,0.9986824769433466,completed,True
KIT/9/walking_slow05_poses,official_kit,9,walking_slow,慢速直行,670,669,6.69,100.0,True,0.9985074626865672,completed,True
KIT/9/walking_slow06_poses,official_kit,9,walking_slow,慢速直行,755,754,7.54,100.0,True,0.9986754966887417,completed,True
KIT/9/walking_slow07_poses,official_kit,9,walking_slow,慢速直行,678,677,6.77,100.0,True,0.9985250737463127,completed,True
KIT/9/walking_slow08_poses,official_kit,9,walking_slow,慢速直行,872,871,8.71,100.0,True,0.9988532110091743,completed,True
KIT/9/walking_slow09_poses,official_kit,9,walking_slow,慢速直行,904,903,9.03,100.0,True,0.9988938053097345,completed,True
KIT/9/walking_slow10_poses,official_kit,9,walking_slow,慢速直行,735,734,7.34,100.0,True,0.998639455782313,completed,True
KIT/custom/official_retarget_walk6m_longseq_v1_poses,custom,custom,custom,自制长序列,1491,1490,14.9,100.0,,,not_evaluated,True
KIT/custom/official_retarget_walk6m_straightonly_longseq_v2_poses,custom,custom,custom,自制长序列,12080,12079,120.79,100.0,,,not_evaluated,True
KIT/custom/official_retarget_walk6m_straightonly_nostitch_v1_poses,custom,custom,custom,自制长序列,1100,1099,10.99,100.0,,,not_evaluated,True
KIT/custom/walk_6m_straight_line06_longwalk_v1_poses,custom,custom,custom,自制长序列,5075,5074,50.74,100.0,,,not_evaluated,True
KIT/custom/walking_slow01_longwalk_poses,custom,custom,custom,自制长序列,4650,4649,46.49,100.0,,,not_evaluated,True
KIT/custom/walking_slow01_longwalk_v2_poses,custom,custom,custom,自制长序列,4650,4649,46.49,100.0,,,not_evaluated,True
KIT/custom/walking_slow01_softclosure_longwalk_v5_poses,custom,custom,custom,自制长序列,12116,12115,121.15,100.0,,,not_evaluated,True
KIT/custom/walking_slow01_strictperiod_longwalk_v3_poses,custom,custom,custom,自制长序列,5116,5115,51.15,100.0,,,not_evaluated,True
KIT/custom/walking_slow01_strictperiod_longwalk_v4_poses,custom,custom,custom,自制长序列,12116,12115,121.15,100.0,,,not_evaluated,True
