nohup: ignoring input
bash: /home/user/anaconda3/envs/proknee_tc/lib/libtinfo.so.6: no version information available (required by bash)

╔══════════════════════════════════════════════════════════╗
║          Stage 0: Full Body AMP Walking                 ║
║          Official IsaacGymEnvs HumanoidAMP              ║
╠══════════════════════════════════════════════════════════╣
║  开始时间:    2026-03-08 20:37:17
║  最大迭代:    8000
║  工作目录:    /home/user/Workspace/ProKnee/ProKnee-HoraStyle/IsaacGymEnvs/isaacgymenvs
║  dt:          0.00556 (180Hz sim, 90Hz control)
║  motion_file: amp_humanoid_dance.npy
║  num_envs:    4096
║  额外参数:    
╠══════════════════════════════════════════════════════════╣
║  TensorBoard: tensorboard --logdir=/home/user/Workspace/ProKnee/ProKnee-HoraStyle/IsaacGymEnvs/isaacgymenvs/runs/ --port=6006
║  中断训练:    kill $$ (PID: 636351) 或 Ctrl-C
╚══════════════════════════════════════════════════════════╝

[20:37:17] >>> 训练开始 <<<

/home/user/anaconda3/envs/proknee_tc/lib/python3.8/site-packages/hydra/_internal/hydra.py:119: UserWarning: Future Hydra versions will no longer change working directory at job runtime by default.
See https://hydra.cc/docs/1.2/upgrades/1.1_to_1.2/changes_to_job_working_dir/ for more information.
  ret = run_job(
Importing module 'gym_38' (/home/user/Workspace/isaacgym/python/isaacgym/_bindings/linux-x86_64/gym_38.so)
Setting GYM_USD_PLUG_INFO_PATH to /home/user/Workspace/isaacgym/python/isaacgym/_bindings/linux-x86_64/usd/plugInfo.json
Gym has been unmaintained since 2022 and does not support NumPy 2.0 amongst other critical functionality.
Please upgrade to Gymnasium, the maintained drop-in replacement of Gym, or contact the authors of your software and request that they upgrade.
See the migration guide at https://gymnasium.farama.org/introduction/migration_guide/ for additional information.
PyTorch version 2.4.1+cu124
Device count 1
/home/user/Workspace/isaacgym/python/isaacgym/_bindings/src/gymtorch
Using /home/user/.cache/torch_extensions/py38_cu124 as PyTorch extensions root...
Emitting ninja build file /home/user/.cache/torch_extensions/py38_cu124/gymtorch/build.ninja...
Building extension module gymtorch...
Allowing ninja to set a default number of workers... (overridable by setting the environment variable MAX_JOBS=N)
ninja: no work to do.
Loading extension module gymtorch...
2026-03-08 20:37:18,524 - INFO - logger - logger initialized
<unknown>:3: DeprecationWarning: invalid escape sequence \*
Error: FBX library failed to load - importing FBX data will not succeed. Message: No module named 'fbx'
FBX tools must be installed from https://help.autodesk.com/view/FBX/2020/ENU/?guid=FBX_Developer_Help_scripting_with_python_fbx_installing_python_fbx_html
task: 
    name: HumanoidAMP
    physics_engine: physx
    env: 
        numEnvs: 4096
        envSpacing: 5
        episodeLength: 300
        cameraFollow: True
        enableDebugVis: False
        pdControl: True
        powerScale: 1.0
        controlFrequencyInv: 2
        stateInit: Random
        hybridInitProb: 0.5
        numAMPObsSteps: 2
        localRootObs: False
        contactBodies: ['right_foot', 'left_foot']
        terminationHeight: 0.5
        enableEarlyTermination: True
        motion_file: amp_humanoid_dance.npy
        asset: 
            assetFileName: mjcf/amp_humanoid.xml
        plane: 
            staticFriction: 1.0
            dynamicFriction: 1.0
            restitution: 0.0
    sim: 
        dt: 0.00556
        substeps: 2
        up_axis: z
        use_gpu_pipeline: True
        gravity: [0.0, 0.0, -9.81]
        physx: 
            num_threads: 4
            solver_type: 1
            use_gpu: True
            num_position_iterations: 4
            num_velocity_iterations: 0
            contact_offset: 0.02
            rest_offset: 0.0
            bounce_threshold_velocity: 0.2
            max_depenetration_velocity: 10.0
            default_buffer_size_multiplier: 5.0
            max_gpu_contact_pairs: 8388608
            num_subscenes: 4
            contact_collection: 2
    task: 
        randomize: False
        randomization_params: 
            frequency: 600
            observations: 
                range: [0, 0.002]
                operation: additive
                distribution: gaussian
            actions: 
                range: [0.0, 0.02]
                operation: additive
                distribution: gaussian
            sim_params: 
                gravity: 
                    range: [0, 0.4]
                    operation: additive
                    distribution: gaussian
                    schedule: linear
                    schedule_steps: 3000
            actor_params: 
                humanoid: 
                    color: True
                    rigid_body_properties: 
                        mass: 
                            range: [0.5, 1.5]
                            operation: scaling
                            distribution: uniform
                            setup_only: True
                            schedule: linear
                            schedule_steps: 3000
                    rigid_shape_properties: 
                        friction: 
                            num_buckets: 500
                            range: [0.7, 1.3]
                            operation: scaling
                            distribution: uniform
                            schedule: linear
                            schedule_steps: 3000
                        restitution: 
                            range: [0.0, 0.7]
                            operation: scaling
                            distribution: uniform
                            schedule: linear
                            schedule_steps: 3000
                    dof_properties: 
                        damping: 
                            range: [0.5, 1.5]
                            operation: scaling
                            distribution: uniform
                            schedule: linear
                            schedule_steps: 3000
                        stiffness: 
                            range: [0.5, 1.5]
                            operation: scaling
                            distribution: uniform
                            schedule: linear
                            schedule_steps: 3000
                        lower: 
                            range: [0, 0.01]
                            operation: additive
                            distribution: gaussian
                            schedule: linear
                            schedule_steps: 3000
                        upper: 
                            range: [0, 0.01]
                            operation: additive
                            distribution: gaussian
                            schedule: linear
                            schedule_steps: 3000
train: 
    params: 
        seed: 42
        algo: 
            name: amp_continuous
        model: 
            name: continuous_amp
        network: 
            name: amp
            separate: True
            space: 
                continuous: 
                    mu_activation: None
                    sigma_activation: None
                    mu_init: 
                        name: default
                    sigma_init: 
                        name: const_initializer
                        val: -2.9
                    fixed_sigma: True
                    learn_sigma: False
            mlp: 
                units: [1024, 512]
                activation: relu
                d2rl: False
                initializer: 
                    name: default
                regularizer: 
                    name: None
            disc: 
                units: [1024, 512]
                activation: relu
                initializer: 
                    name: default
        load_checkpoint: False
        load_path: 
        config: 
            name: HumanoidAMP
            full_experiment_name: HumanoidAMP
            env_name: rlgpu
            ppo: True
            multi_gpu: False
            mixed_precision: False
            normalize_input: True
            normalize_value: True
            value_bootstrap: True
            num_actors: 4096
            reward_shaper: 
                scale_value: 1
            normalize_advantage: True
            gamma: 0.99
            tau: 0.95
            learning_rate: 5e-05
            lr_schedule: constant
            kl_threshold: 0.008
            score_to_win: 20000
            max_epochs: 8000
            save_best_after: 100
            save_frequency: 50
            print_stats: True
            grad_norm: 1.0
            entropy_coef: 0.0
            truncate_grads: False
            e_clip: 0.2
            horizon_length: 16
            minibatch_size: 32768
            mini_epochs: 6
            critic_coef: 5
            clip_value: False
            seq_len: 4
            bounds_loss_coef: 10
            amp_obs_demo_buffer_size: 200000
            amp_replay_buffer_size: 1000000
            amp_replay_keep_prob: 0.01
            amp_batch_size: 512
            amp_minibatch_size: 4096
            disc_coef: 5
            disc_logit_reg: 0.05
            disc_grad_penalty: 5
            disc_reward_scale: 2
            disc_weight_decay: 0.0001
            normalize_amp_input: True
            task_reward_w: 0.0
            disc_reward_w: 1.0
pbt: 
    enabled: False
task_name: HumanoidAMP
experiment: 
num_envs: 4096
seed: 42
torch_deterministic: False
max_iterations: 8000
physics_engine: physx
pipeline: gpu
sim_device: cuda:0
rl_device: cuda:0
graphics_device_id: 0
num_threads: 4
solver_type: 1
num_subscenes: 4
test: False
checkpoint: 
sigma: 
multi_gpu: False
wandb_activate: False
wandb_group: 
wandb_name: HumanoidAMP
wandb_entity: 
wandb_project: isaacgymenvs
wandb_tags: []
wandb_logcode_dir: 
capture_video: False
capture_video_freq: 1464
capture_video_len: 100
force_render: True
headless: True
Setting seed: 42
Using rl_device: cuda:0
Using sim_device: cuda:0
{'name': 'HumanoidAMP', 'full_experiment_name': None, 'env_name': 'rlgpu', 'ppo': True, 'multi_gpu': False, 'mixed_precision': False, 'normalize_input': True, 'normalize_value': True, 'value_bootstrap': True, 'num_actors': 4096, 'reward_shaper': {'scale_value': 1}, 'normalize_advantage': True, 'gamma': 0.99, 'tau': 0.95, 'learning_rate': 5e-05, 'lr_schedule': 'constant', 'kl_threshold': 0.008, 'score_to_win': 20000, 'max_epochs': 8000, 'save_best_after': 100, 'save_frequency': 50, 'print_stats': True, 'grad_norm': 1.0, 'entropy_coef': 0.0, 'truncate_grads': False, 'e_clip': 0.2, 'horizon_length': 16, 'minibatch_size': 32768, 'mini_epochs': 6, 'critic_coef': 5, 'clip_value': False, 'seq_len': 4, 'bounds_loss_coef': 10, 'amp_obs_demo_buffer_size': 200000, 'amp_replay_buffer_size': 1000000, 'amp_replay_keep_prob': 0.01, 'amp_batch_size': 512, 'amp_minibatch_size': 4096, 'disc_coef': 5, 'disc_logit_reg': 0.05, 'disc_grad_penalty': 5, 'disc_reward_scale': 2, 'disc_weight_decay': 0.0001, 'normalize_amp_input': True, 'task_reward_w': 0.0, 'disc_reward_w': 1.0, 'device': 'cuda:0', 'population_based_training': False, 'pbt_idx': None}
self.seed = 42
Started to train
/home/user/anaconda3/envs/proknee_tc/lib/python3.8/site-packages/gym/spaces/box.py:84: UserWarning: [33mWARN: Box bound precision lowered by casting to float32[0m
  logger.warn(f"Box bound precision lowered by casting to {self.dtype}")
[Warning] [carb.gym.plugin] useGpu is set, forcing single scene (0 subscenes)
Not connected to PVD
+++ Using GPU PhysX
Physics Engine: PhysX
Physics Device: cuda:0
GPU Pipeline: enabled
/home/user/Workspace/ProKnee/ProKnee-HoraStyle/IsaacGymEnvs/isaacgymenvs/tasks/amp/humanoid_amp_base.py:186: DeprecationWarning: an integer is required (got type isaacgym._bindings.linux-x86_64.gym_38.DofDriveMode).  Implicit conversion to integers using __int__ is deprecated, and may be removed in a future version of Python.
  asset_options.default_dof_drive_mode = gymapi.DOF_MODE_NONE
Loading 1/1 motion files: /home/user/Workspace/ProKnee/ProKnee-HoraStyle/IsaacGymEnvs/isaacgymenvs/tasks/../../assets/amp/motions/amp_humanoid_dance.npy
Loaded 1 motions with a total length of 15.017s.
Box(-1.0, 1.0, (28,), float32) Box(-inf, inf, (105,), float32)
WARNING: seq_len is deprecated, use seq_length instead
seq_length: 4
current training device: cuda:0
/home/user/anaconda3/envs/proknee_tc/lib/python3.8/site-packages/rl_games/common/a2c_common.py:254: FutureWarning: `torch.cuda.amp.GradScaler(args...)` is deprecated. Please use `torch.amp.GradScaler('cuda', args...)` instead.
  self.scaler = torch.cuda.amp.GradScaler(enabled=self.mixed_precision)
build mlp: 105
build mlp: 105
build mlp: 210
sigma
actor_mlp.0.weight
actor_mlp.0.bias
actor_mlp.2.weight
actor_mlp.2.bias
critic_mlp.0.weight
critic_mlp.0.bias
critic_mlp.2.weight
critic_mlp.2.bias
value.weight
value.bias
mu.weight
mu.bias
_disc_mlp.0.weight
_disc_mlp.0.bias
_disc_mlp.2.weight
_disc_mlp.2.bias
_disc_logits.weight
_disc_logits.bias
RunningMeanStd:  (1,)
RunningMeanStd:  (105,)
RunningMeanStd:  (210,)
/home/user/Workspace/ProKnee/ProKnee-HoraStyle/IsaacGymEnvs/isaacgymenvs/learning/amp_continuous.py:291: FutureWarning: `torch.cuda.amp.autocast(args...)` is deprecated. Please use `torch.amp.autocast('cuda', args...)` instead.
  with torch.cuda.amp.autocast(enabled=self.mixed_precision):
/home/user/anaconda3/envs/proknee_tc/lib/python3.8/site-packages/torch/autograd/graph.py:769: UserWarning: Attempting to run cuBLAS, but there was no current CUDA context! Attempting to set the primary context... (Triggered internally at ../aten/src/ATen/cuda/CublasHandlePool.cpp:135.)
  return Variable._execution_engine.run_backward(  # Calls into the C++ engine to run the backward pass
fps step: 110798.8 fps total: 80978.2
fps step: 154788.7 fps total: 109883.7
fps step: 142832.0 fps total: 103731.0
fps step: 117190.6 fps total: 88304.4
fps step: 107451.2 fps total: 83118.9
fps step: 111802.7 fps total: 86488.9
fps step: 102823.6 fps total: 79538.9
fps step: 124143.1 fps total: 91783.0
fps step: 116568.9 fps total: 87919.3
fps step: 115705.2 fps total: 87874.3
fps step: 124808.5 fps total: 94143.5
fps step: 126020.7 fps total: 92250.4
fps step: 122383.8 fps total: 91175.0
fps step: 112160.0 fps total: 84694.7
fps step: 123788.0 fps total: 94465.9
fps step: 118783.6 fps total: 91350.5
fps step: 118012.2 fps total: 88827.0
fps step: 115570.2 fps total: 88906.1
fps step: 131066.2 fps total: 97442.9
fps step: 128889.8 fps total: 95521.2
fps step: 123222.7 fps total: 92979.2
fps step: 129318.4 fps total: 97062.6
fps step: 120403.3 fps total: 91152.1
fps step: 122152.2 fps total: 91689.9
fps step: 136405.1 fps total: 101274.1
fps step: 118696.4 fps total: 91217.5
fps step: 127886.7 fps total: 96392.5
fps step: 110447.1 fps total: 85445.3
fps step: 133455.5 fps total: 98287.5
fps step: 128739.6 fps total: 96337.5
fps step: 120013.5 fps total: 90012.0
fps step: 118650.3 fps total: 87884.9
fps step: 126246.9 fps total: 94156.7
fps step: 120347.2 fps total: 91158.6
fps step: 120311.5 fps total: 92360.9
fps step: 142209.1 fps total: 103500.9
fps step: 116801.6 fps total: 87314.6
fps step: 118046.6 fps total: 87453.1
fps step: 139780.2 fps total: 102562.1
fps step: 126251.5 fps total: 92564.5
fps step: 103190.1 fps total: 80094.2
fps step: 129638.4 fps total: 96731.2
fps step: 120407.7 fps total: 92104.8
fps step: 141164.8 fps total: 103526.4
fps step: 121169.1 fps total: 91618.3
fps step: 124783.6 fps total: 94661.9
fps step: 144910.1 fps total: 105317.5
fps step: 94528.4 fps total: 75068.4
fps step: 137282.5 fps total: 101282.7
fps step: 112351.9 fps total: 87210.4
=> saving checkpoint 'runs/HumanoidAMP_08-20-37-18/nn/HumanoidAMP_08-20-37-19_50.pth'
fps step: 116843.7 fps total: 90489.7
fps step: 147623.7 fps total: 107584.9
fps step: 121153.4 fps total: 92876.1
fps step: 104745.9 fps total: 82341.3
fps step: 114535.2 fps total: 85958.8
fps step: 110065.2 fps total: 85202.5
fps step: 124615.3 fps total: 93692.1
fps step: 105252.2 fps total: 81527.0
fps step: 119607.0 fps total: 89212.1
fps step: 108890.4 fps total: 84498.8
fps step: 109176.9 fps total: 83345.3
fps step: 117671.4 fps total: 88287.9
fps step: 123196.5 fps total: 91955.4
fps step: 103459.1 fps total: 80841.1
fps step: 135998.7 fps total: 99026.4
fps step: 123859.2 fps total: 93227.1
fps step: 133109.2 fps total: 100084.3
fps step: 116873.4 fps total: 89488.4
fps step: 120991.3 fps total: 90570.0
fps step: 126628.5 fps total: 95805.5
fps step: 124029.5 fps total: 92311.1
fps step: 124049.2 fps total: 93773.8
fps step: 128289.7 fps total: 93280.2
fps step: 107404.5 fps total: 82914.1
fps step: 115272.5 fps total: 88262.9
fps step: 109875.9 fps total: 85190.2
fps step: 119526.4 fps total: 90180.8
fps step: 134697.7 fps total: 98096.2
fps step: 128064.3 fps total: 95220.3
fps step: 128873.0 fps total: 97066.6
fps step: 126490.6 fps total: 93873.4
fps step: 125080.5 fps total: 95023.0
fps step: 133323.8 fps total: 99219.2
fps step: 115561.1 fps total: 85361.1
fps step: 120845.5 fps total: 92772.6
fps step: 142776.5 fps total: 104902.1
fps step: 124264.2 fps total: 93982.3
fps step: 101477.8 fps total: 80160.1
fps step: 130103.6 fps total: 95915.1
fps step: 126109.5 fps total: 93617.3
fps step: 129390.2 fps total: 94963.5
fps step: 130332.4 fps total: 97028.9
fps step: 115242.6 fps total: 87000.0
fps step: 120048.9 fps total: 89463.0
fps step: 148087.6 fps total: 107517.1
fps step: 138116.7 fps total: 101109.8
fps step: 115971.9 fps total: 88268.2
fps step: 128432.5 fps total: 96600.3
fps step: 138974.1 fps total: 102288.3
fps step: 122964.8 fps total: 92501.0
=> saving checkpoint 'runs/HumanoidAMP_08-20-37-18/nn/HumanoidAMP_08-20-37-19_100.pth'
fps step: 144554.6 fps total: 104860.0
fps step: 146417.6 fps total: 104965.5
fps step: 126845.9 fps total: 95698.1
fps step: 131392.8 fps total: 97862.1
fps step: 137619.7 fps total: 101265.5
fps step: 107487.0 fps total: 81745.6
fps step: 113019.6 fps total: 83614.6
fps step: 108174.5 fps total: 82357.2
fps step: 118246.9 fps total: 89261.9
fps step: 116454.7 fps total: 88783.6
fps step: 120934.3 fps total: 90944.4
fps step: 140718.8 fps total: 103452.8
fps step: 120880.7 fps total: 89626.8
fps step: 126110.7 fps total: 94803.8
fps step: 132807.7 fps total: 98402.7
fps step: 127608.1 fps total: 95756.8
fps step: 126471.4 fps total: 95314.4
fps step: 140454.9 fps total: 104021.6
fps step: 123650.4 fps total: 94152.3
fps step: 144032.0 fps total: 104040.3
fps step: 128897.6 fps total: 97141.2
fps step: 133339.2 fps total: 97492.3
fps step: 121210.3 fps total: 91762.8
fps step: 126490.6 fps total: 95405.7
fps step: 124185.3 fps total: 93554.9
fps step: 124395.1 fps total: 92442.9
fps step: 140899.5 fps total: 102673.0
fps step: 128223.2 fps total: 95409.3
fps step: 122283.7 fps total: 91725.6
fps step: 137560.4 fps total: 100642.1
fps step: 135929.7 fps total: 99152.6
fps step: 107031.3 fps total: 82950.4
fps step: 121051.9 fps total: 90466.8
fps step: 118535.5 fps total: 89809.7
fps step: 124318.1 fps total: 93892.5
fps step: 119691.5 fps total: 89112.9
fps step: 123807.8 fps total: 94397.9
fps step: 123484.9 fps total: 93630.0
fps step: 141902.4 fps total: 104021.4
fps step: 145913.3 fps total: 103994.2
fps step: 129127.2 fps total: 95443.2
fps step: 123168.9 fps total: 94012.9
fps step: 139412.3 fps total: 103307.7
fps step: 112379.3 fps total: 86840.2
fps step: 135113.0 fps total: 96336.4
fps step: 128967.6 fps total: 95307.6
fps step: 147111.0 fps total: 107475.7
fps step: 133144.4 fps total: 95183.6
fps step: 131782.1 fps total: 97049.4
fps step: 102863.9 fps total: 78691.1
=> saving checkpoint 'runs/HumanoidAMP_08-20-37-18/nn/HumanoidAMP_08-20-37-19_150.pth'
fps step: 119450.2 fps total: 90751.8
fps step: 123565.9 fps total: 91904.7
fps step: 138166.1 fps total: 100529.9
fps step: 131356.5 fps total: 98699.7
fps step: 132468.7 fps total: 98011.9
fps step: 109443.3 fps total: 83495.4
fps step: 120454.6 fps total: 91969.9
fps step: 122392.9 fps total: 93729.0
fps step: 139013.9 fps total: 102512.0
fps step: 110253.7 fps total: 85971.4
fps step: 124624.2 fps total: 93581.3
fps step: 132595.5 fps total: 96458.1
fps step: 120526.1 fps total: 90703.4
fps step: 143331.0 fps total: 101497.3
fps step: 116291.2 fps total: 89237.1
fps step: 125504.9 fps total: 93872.8
fps step: 123346.1 fps total: 93024.1
fps step: 139746.6 fps total: 102831.3
fps step: 143023.6 fps total: 104157.8
fps step: 129030.9 fps total: 96543.4
fps step: 122538.9 fps total: 91486.4
fps step: 131026.5 fps total: 97882.5
fps step: 124043.9 fps total: 93207.0
fps step: 139877.7 fps total: 101232.7
fps step: 136853.4 fps total: 100629.6
fps step: 112074.8 fps total: 85232.3
fps step: 125419.4 fps total: 92484.8
fps step: 108757.5 fps total: 84258.7
fps step: 119447.0 fps total: 90930.5
fps step: 129345.2 fps total: 96754.7
fps step: 137867.2 fps total: 102081.0
fps step: 134922.2 fps total: 99790.7
fps step: 126619.7 fps total: 94914.0
fps step: 132013.1 fps total: 98159.5
fps step: 130709.8 fps total: 95098.9
fps step: 122913.6 fps total: 90342.3
fps step: 130270.9 fps total: 95501.5
fps step: 131845.9 fps total: 96742.2
fps step: 123304.4 fps total: 93693.3
fps step: 145732.7 fps total: 102598.5
fps step: 122242.7 fps total: 93202.2
fps step: 131043.8 fps total: 98281.7
fps step: 142975.8 fps total: 102783.1
fps step: 131616.3 fps total: 96748.6
fps step: 123934.1 fps total: 93062.3
fps step: 118551.4 fps total: 89194.1
fps step: 125405.4 fps total: 94489.6
fps step: 131145.6 fps total: 98141.2
fps step: 129277.1 fps total: 95283.7
fps step: 124969.4 fps total: 92624.7
=> saving checkpoint 'runs/HumanoidAMP_08-20-37-18/nn/HumanoidAMP_08-20-37-19_200.pth'
fps step: 120685.1 fps total: 91349.7
fps step: 139210.0 fps total: 102635.5
fps step: 124429.6 fps total: 93740.6
fps step: 140329.2 fps total: 102129.2
fps step: 118549.8 fps total: 91072.0
fps step: 121591.0 fps total: 92581.3
fps step: 117302.8 fps total: 87810.0
fps step: 116032.0 fps total: 86194.8
fps step: 113334.2 fps total: 84338.2
fps step: 100682.2 fps total: 78973.9
fps step: 113451.8 fps total: 87101.6
fps step: 127791.7 fps total: 92239.6
fps step: 126036.3 fps total: 93847.2
fps step: 132654.3 fps total: 98621.3
fps step: 122465.3 fps total: 91426.7
fps step: 139370.3 fps total: 101517.9
fps step: 121632.1 fps total: 92078.5
fps step: 120704.4 fps total: 89555.9
fps step: 109919.8 fps total: 84811.4
fps step: 125647.2 fps total: 94632.2
fps step: 110111.9 fps total: 86005.1
fps step: 113654.7 fps total: 85817.2
fps step: 120592.9 fps total: 91511.3
fps step: 110777.3 fps total: 85834.0
fps step: 126438.7 fps total: 94191.7
fps step: 125049.4 fps total: 94810.1
fps step: 128821.2 fps total: 96112.7
fps step: 140359.3 fps total: 100814.6
fps step: 116025.0 fps total: 87236.6
fps step: 124202.7 fps total: 93650.6
fps step: 116807.4 fps total: 89882.0
fps step: 123482.7 fps total: 93462.5
fps step: 134984.9 fps total: 98499.7
fps step: 133212.2 fps total: 99390.1
fps step: 133360.9 fps total: 98806.6
fps step: 127460.2 fps total: 96230.2
fps step: 142527.4 fps total: 103394.6
fps step: 139673.2 fps total: 101102.0
fps step: 117986.2 fps total: 87683.9
fps step: 128841.7 fps total: 97302.2
fps step: 116807.4 fps total: 88197.7
fps step: 130389.2 fps total: 95126.6
fps step: 113954.8 fps total: 86189.4
fps step: 129743.0 fps total: 93815.3
fps step: 130952.3 fps total: 96950.1
fps step: 119164.6 fps total: 88442.7
fps step: 124113.2 fps total: 92766.7
fps step: 135319.7 fps total: 100509.3
fps step: 126446.9 fps total: 94067.8
fps step: 119991.0 fps total: 91468.4
=> saving checkpoint 'runs/HumanoidAMP_08-20-37-18/nn/HumanoidAMP_08-20-37-19_250.pth'
fps step: 123950.9 fps total: 94313.6
fps step: 141665.1 fps total: 103746.1
fps step: 143119.8 fps total: 103421.3
fps step: 129819.0 fps total: 97291.8
fps step: 127621.7 fps total: 94838.1
fps step: 128478.9 fps total: 96745.7
fps step: 129467.0 fps total: 95873.6
fps step: 145989.9 fps total: 104897.5
fps step: 135542.2 fps total: 99977.6
fps step: 114949.2 fps total: 88940.0
fps step: 139565.7 fps total: 102361.8
fps step: 145063.1 fps total: 105799.6
fps step: 135819.8 fps total: 99159.8
fps step: 120328.8 fps total: 90414.7
fps step: 131753.5 fps total: 98668.0
fps step: 132741.8 fps total: 98010.3
fps step: 133416.2 fps total: 99867.7
fps step: 142505.2 fps total: 102386.9
fps step: 123978.9 fps total: 94799.4
fps step: 115752.2 fps total: 85766.5
fps step: 123958.4 fps total: 91625.4
fps step: 119476.6 fps total: 90786.9
fps step: 154405.3 fps total: 107371.5
fps step: 152895.7 fps total: 109796.8
fps step: 140611.9 fps total: 102983.1
fps step: 145888.1 fps total: 105563.4
fps step: 136435.9 fps total: 101105.2
fps step: 127189.2 fps total: 94805.5
fps step: 122837.2 fps total: 92459.6
fps step: 120809.2 fps total: 91185.3
fps step: 121371.1 fps total: 91784.9
fps step: 122060.1 fps total: 91577.9
fps step: 130780.4 fps total: 97352.3
fps step: 140736.0 fps total: 102225.2
fps step: 146829.4 fps total: 106882.0
fps step: 148360.0 fps total: 107637.0
fps step: 124852.9 fps total: 94595.9
fps step: 139462.7 fps total: 102509.0
fps step: 117378.0 fps total: 87264.5
fps step: 134124.0 fps total: 97732.7
fps step: 125609.1 fps total: 94040.3
fps step: 113738.6 fps total: 87263.0
fps step: 142788.7 fps total: 103889.8
fps step: 106251.2 fps total: 82665.6
fps step: 139063.0 fps total: 101985.5
fps step: 145650.7 fps total: 106127.9
fps step: 128601.1 fps total: 96672.3
fps step: 119706.3 fps total: 90931.1
fps step: 145477.1 fps total: 105072.6
fps step: 138330.7 fps total: 99394.8
=> saving checkpoint 'runs/HumanoidAMP_08-20-37-18/nn/HumanoidAMP_08-20-37-19_300.pth'
fps step: 118486.2 fps total: 88046.9
fps step: 130925.5 fps total: 97060.8
fps step: 124253.8 fps total: 91936.6
fps step: 114969.4 fps total: 87198.9
fps step: 118913.3 fps total: 86826.2
fps step: 138807.1 fps total: 100806.4
fps step: 127449.6 fps total: 94659.5
fps step: 127220.5 fps total: 94420.0
fps step: 122357.4 fps total: 93017.1
fps step: 124468.6 fps total: 90410.8
fps step: 105055.3 fps total: 79012.4
fps step: 108482.6 fps total: 84299.8
fps step: 136875.7 fps total: 101975.6
fps step: 133507.9 fps total: 99109.2
fps step: 124059.3 fps total: 94068.0
fps step: 144165.2 fps total: 103442.6
fps step: 122748.9 fps total: 92031.4
fps step: 102470.9 fps total: 80372.2
fps step: 124772.1 fps total: 94742.2
fps step: 145005.6 fps total: 103693.3
fps step: 145619.9 fps total: 104189.0
fps step: 116926.0 fps total: 89045.8
fps step: 144746.6 fps total: 105098.5
fps step: 132970.7 fps total: 97436.2
fps step: 122888.5 fps total: 89481.1
fps step: 125330.5 fps total: 94827.2
fps step: 135169.9 fps total: 99457.0
fps step: 124308.6 fps total: 90851.5
fps step: 152160.7 fps total: 109723.9
fps step: 127675.5 fps total: 92621.0
fps step: 122838.3 fps total: 92320.2
fps step: 157558.8 fps total: 110895.8
fps step: 127341.4 fps total: 95040.5
fps step: 130062.9 fps total: 97110.8
fps step: 137334.7 fps total: 101863.9
fps step: 156973.7 fps total: 112069.6
fps step: 158448.7 fps total: 112822.4
fps step: 150342.0 fps total: 108622.2
fps step: 119279.9 fps total: 90885.0
fps step: 124508.9 fps total: 92006.4
fps step: 124728.7 fps total: 93339.1
fps step: 127185.9 fps total: 95300.8
fps step: 128493.3 fps total: 94964.4
fps step: 134398.5 fps total: 100539.6
fps step: 139889.4 fps total: 103049.9
fps step: 126703.2 fps total: 95233.0
fps step: 142594.0 fps total: 104576.2
fps step: 123943.2 fps total: 93044.6
fps step: 145066.4 fps total: 104755.7
fps step: 139967.0 fps total: 102306.2
=> saving checkpoint 'runs/HumanoidAMP_08-20-37-18/nn/HumanoidAMP_08-20-37-19_350.pth'
fps step: 143834.2 fps total: 103311.5
fps step: 142273.2 fps total: 103250.9
fps step: 110779.3 fps total: 82535.9
fps step: 127365.8 fps total: 92923.7
fps step: 135958.0 fps total: 98250.1
fps step: 153355.0 fps total: 107529.2
fps step: 122587.2 fps total: 93043.9
fps step: 133306.9 fps total: 99622.5
fps step: 153976.6 fps total: 110174.9
fps step: 137110.6 fps total: 100411.8
fps step: 126315.6 fps total: 95001.7
fps step: 153064.8 fps total: 107789.8
fps step: 153094.0 fps total: 109889.7
fps step: 153150.6 fps total: 108573.8
fps step: 149828.7 fps total: 105829.6
fps step: 143819.1 fps total: 104124.3
fps step: 131036.0 fps total: 95366.4
fps step: 126193.1 fps total: 95201.1
fps step: 134149.4 fps total: 96391.9
fps step: 141934.8 fps total: 102443.4
fps step: 124611.2 fps total: 92609.1
fps step: 130552.6 fps total: 96632.3
fps step: 142943.9 fps total: 103178.6
fps step: 123340.4 fps total: 91152.3
fps step: 124612.9 fps total: 91205.2
fps step: 125743.7 fps total: 92496.9
fps step: 108278.8 fps total: 83751.6
fps step: 132285.9 fps total: 98329.5
fps step: 138334.1 fps total: 102297.3
fps step: 152864.2 fps total: 108475.7
fps step: 118988.9 fps total: 89441.5
fps step: 124805.6 fps total: 93396.5
fps step: 143009.5 fps total: 102455.0
fps step: 125756.0 fps total: 94520.0
fps step: 137510.9 fps total: 100525.3
fps step: 147507.9 fps total: 107260.2
fps step: 132382.6 fps total: 98849.1
fps step: 146433.3 fps total: 101890.6
fps step: 125596.2 fps total: 93271.6
fps step: 137679.5 fps total: 100744.4
fps step: 156912.1 fps total: 112333.8
fps step: 156606.5 fps total: 109582.5
fps step: 154315.9 fps total: 107794.2
fps step: 132990.8 fps total: 99142.7
fps step: 123811.1 fps total: 92823.5
fps step: 121914.3 fps total: 92441.0
fps step: 135090.2 fps total: 100274.1
fps step: 137961.9 fps total: 99832.0
fps step: 125697.4 fps total: 94915.6
fps step: 127552.9 fps total: 93007.1
=> saving checkpoint 'runs/HumanoidAMP_08-20-37-18/nn/HumanoidAMP_08-20-37-19_400.pth'
fps step: 154511.5 fps total: 109930.7
fps step: 154999.9 fps total: 106763.0
fps step: 128637.1 fps total: 94536.9
fps step: 170229.5 fps total: 115790.2
fps step: 134440.5 fps total: 98419.9
fps step: 115768.7 fps total: 88269.1
fps step: 110600.0 fps total: 85841.0
fps step: 148267.1 fps total: 104107.5
fps step: 121991.6 fps total: 91077.0
fps step: 131005.2 fps total: 97731.6
fps step: 133175.0 fps total: 95882.6
fps step: 118482.1 fps total: 89060.5
fps step: 131692.5 fps total: 97647.3
fps step: 134165.5 fps total: 98168.2
fps step: 167843.3 fps total: 117880.1
fps step: 160433.3 fps total: 114038.0
fps step: 152407.2 fps total: 106813.2
fps step: 134081.0 fps total: 99387.4
fps step: 158152.4 fps total: 112473.3
fps step: 171670.0 fps total: 118188.6
fps step: 130006.1 fps total: 97209.6
fps step: 142486.1 fps total: 102901.0
fps step: 156142.9 fps total: 111965.8
fps step: 160318.7 fps total: 110891.4
fps step: 137564.9 fps total: 99744.2
fps step: 135676.0 fps total: 100339.7
fps step: 157217.8 fps total: 110361.3
fps step: 134688.4 fps total: 97587.6
fps step: 154325.4 fps total: 109222.0
fps step: 139418.6 fps total: 102012.6
fps step: 147893.9 fps total: 106890.5
fps step: 142847.2 fps total: 102979.6
fps step: 129663.2 fps total: 94061.8
fps step: 124409.4 fps total: 94345.3
fps step: 133149.8 fps total: 96837.2
fps step: 165467.1 fps total: 115302.1
fps step: 148202.7 fps total: 106617.0
fps step: 165996.2 fps total: 116956.5
fps step: 149407.9 fps total: 108733.4
fps step: 157624.5 fps total: 109949.0
fps step: 146465.3 fps total: 106392.2
fps step: 135681.7 fps total: 101148.1
fps step: 156094.2 fps total: 110294.5
fps step: 137910.7 fps total: 101520.8
fps step: 132405.7 fps total: 98052.9
fps step: 135686.2 fps total: 100866.9
fps step: 162005.6 fps total: 114105.4
fps step: 149606.0 fps total: 107904.1
fps step: 142500.1 fps total: 103454.4
fps step: 151560.7 fps total: 109596.5
=> saving checkpoint 'runs/HumanoidAMP_08-20-37-18/nn/HumanoidAMP_08-20-37-19_450.pth'
fps step: 168843.0 fps total: 115228.9
fps step: 135880.9 fps total: 100514.6
fps step: 154670.9 fps total: 111178.2
fps step: 133484.4 fps total: 100120.9
fps step: 151264.3 fps total: 108143.6
fps step: 147032.9 fps total: 106968.1
fps step: 169936.8 fps total: 116758.9
fps step: 166744.9 fps total: 117437.6
fps step: 143001.9 fps total: 103869.0
fps step: 118233.6 fps total: 89476.0
fps step: 129580.1 fps total: 94544.1
fps step: 149892.0 fps total: 104762.8
fps step: 139436.9 fps total: 101849.6
fps step: 157354.5 fps total: 107802.4
fps step: 131630.5 fps total: 93211.6
fps step: 112308.1 fps total: 85938.7
fps step: 159005.7 fps total: 113830.6
fps step: 150503.4 fps total: 106452.8
fps step: 145981.0 fps total: 102323.4
fps step: 146793.1 fps total: 105117.3
fps step: 135178.6 fps total: 97531.0
fps step: 124923.6 fps total: 91110.8
fps step: 117698.9 fps total: 89849.4
fps step: 121921.6 fps total: 89766.3
fps step: 165209.3 fps total: 115257.0
fps step: 148075.8 fps total: 103648.3
fps step: 141929.1 fps total: 103788.7
fps step: 138792.6 fps total: 100709.2
fps step: 130863.6 fps total: 94903.7
fps step: 133893.7 fps total: 98223.0
fps step: 141933.5 fps total: 100398.6
fps step: 157139.9 fps total: 112292.3
fps step: 148775.7 fps total: 107799.4
fps step: 150747.9 fps total: 105597.9
fps step: 150686.8 fps total: 106316.1
fps step: 110814.6 fps total: 85466.4
fps step: 125260.9 fps total: 92148.1
fps step: 149528.6 fps total: 103445.4
fps step: 122162.3 fps total: 91392.1
fps step: 135867.6 fps total: 100648.4
fps step: 134886.6 fps total: 99722.6
fps step: 152998.5 fps total: 109486.9
fps step: 156695.9 fps total: 112555.0
fps step: 142539.7 fps total: 104464.1
fps step: 145319.6 fps total: 102083.6
fps step: 174764.1 fps total: 120431.8
fps step: 156698.2 fps total: 103719.9
fps step: 171171.0 fps total: 118997.3
fps step: 148374.6 fps total: 106063.6
fps step: 157537.9 fps total: 112268.0
=> saving checkpoint 'runs/HumanoidAMP_08-20-37-18/nn/HumanoidAMP_08-20-37-19_500.pth'
fps step: 148889.2 fps total: 105609.5
fps step: 153288.4 fps total: 109912.5
fps step: 157886.0 fps total: 112154.8
fps step: 161930.3 fps total: 115100.7
fps step: 179129.8 fps total: 122408.8
fps step: 154920.8 fps total: 110879.0
fps step: 158548.5 fps total: 109564.0
fps step: 154451.1 fps total: 110565.6
fps step: 145527.7 fps total: 106057.6
fps step: 155623.6 fps total: 110929.2
fps step: 157803.1 fps total: 111544.7
fps step: 141605.6 fps total: 103026.0
fps step: 139706.2 fps total: 101273.6
fps step: 175408.0 fps total: 121856.2
fps step: 128502.3 fps total: 96110.0
fps step: 171125.2 fps total: 117193.3
fps step: 148401.2 fps total: 108104.9
fps step: 154786.3 fps total: 111239.1
fps step: 154729.5 fps total: 105297.5
fps step: 143906.8 fps total: 103149.9
fps step: 156047.7 fps total: 110862.6
fps step: 166362.9 fps total: 115397.9
fps step: 156877.6 fps total: 109774.1
fps step: 139621.8 fps total: 100695.8
fps step: 155219.9 fps total: 109293.3
fps step: 159863.1 fps total: 113638.3
fps step: 160375.3 fps total: 113148.2
fps step: 168458.8 fps total: 116593.2
fps step: 166661.6 fps total: 115021.0
fps step: 174494.7 fps total: 119251.8
fps step: 175700.8 fps total: 117789.2
fps step: 147632.6 fps total: 107362.1
fps step: 155262.8 fps total: 111320.2
fps step: 172743.8 fps total: 120376.8
fps step: 158474.1 fps total: 112745.4
fps step: 160755.1 fps total: 109836.3
fps step: 141859.3 fps total: 101225.9
fps step: 144880.0 fps total: 103781.0
fps step: 143187.0 fps total: 102098.3
fps step: 139185.5 fps total: 99058.0
fps step: 150637.8 fps total: 107495.4
fps step: 174199.2 fps total: 118430.7
fps step: 136959.7 fps total: 100289.4
fps step: 170765.5 fps total: 119683.1
fps step: 146682.8 fps total: 106298.3
fps step: 158429.0 fps total: 112125.2
fps step: 179709.2 fps total: 123829.3
fps step: 175861.4 fps total: 121590.0
fps step: 169997.5 fps total: 118926.3
fps step: 166235.4 fps total: 116979.8
=> saving checkpoint 'runs/HumanoidAMP_08-20-37-18/nn/HumanoidAMP_08-20-37-19_550.pth'
fps step: 171027.9 fps total: 119982.3
fps step: 173269.6 fps total: 119178.4
fps step: 179770.4 fps total: 124233.4
fps step: 154035.2 fps total: 108881.7
fps step: 153550.4 fps total: 108315.6
fps step: 154264.9 fps total: 109440.6
fps step: 162757.5 fps total: 113935.2
fps step: 167270.5 fps total: 115021.1
fps step: 163329.8 fps total: 113179.4
fps step: 159866.6 fps total: 113298.8
fps step: 163788.5 fps total: 113599.8
fps step: 158451.4 fps total: 113671.7
fps step: 171149.0 fps total: 114918.0
fps step: 156834.8 fps total: 112394.0
fps step: 156289.7 fps total: 109153.7
fps step: 151780.7 fps total: 108526.4
fps step: 141619.0 fps total: 101003.1
fps step: 147795.6 fps total: 106425.3
fps step: 160561.6 fps total: 112659.9
fps step: 163058.4 fps total: 112956.8
fps step: 154795.6 fps total: 110689.4
fps step: 156741.7 fps total: 111630.1
fps step: 146671.2 fps total: 105526.6
fps step: 155745.1 fps total: 109716.4
fps step: 167032.1 fps total: 115352.6
fps step: 178494.1 fps total: 122241.0
fps step: 163177.8 fps total: 111896.3
fps step: 181495.5 fps total: 125088.3
fps step: 170457.6 fps total: 116596.3
fps step: 174640.2 fps total: 120476.5
fps step: 158031.8 fps total: 112353.5
fps step: 178952.2 fps total: 123850.1
fps step: 183954.5 fps total: 125914.9
fps step: 186815.3 fps total: 127036.5
fps step: 186619.7 fps total: 127046.8
fps step: 182936.1 fps total: 125706.0
fps step: 182085.9 fps total: 125113.5
fps step: 190170.5 fps total: 128695.9
fps step: 184724.6 fps total: 125749.2
fps step: 150494.6 fps total: 107599.3
fps step: 173611.2 fps total: 117400.2
fps step: 153428.0 fps total: 110409.4
fps step: 169061.6 fps total: 116535.3
fps step: 157918.8 fps total: 112238.6
fps step: 170192.7 fps total: 118936.0
fps step: 173817.8 fps total: 117689.6
fps step: 163422.4 fps total: 115889.5
fps step: 163254.0 fps total: 113055.6
fps step: 141019.1 fps total: 102484.7
fps step: 166975.2 fps total: 113261.2
=> saving checkpoint 'runs/HumanoidAMP_08-20-37-18/nn/HumanoidAMP_08-20-37-19_600.pth'
fps step: 165169.7 fps total: 114650.6
fps step: 177728.0 fps total: 121674.6
fps step: 155643.7 fps total: 108899.8
fps step: 144633.5 fps total: 104290.2
fps step: 179621.5 fps total: 122414.7
fps step: 155713.7 fps total: 110795.0
fps step: 172726.6 fps total: 120674.3
fps step: 182365.6 fps total: 125212.9
fps step: 170703.5 fps total: 117807.8
fps step: 176946.7 fps total: 122490.7
fps step: 187177.6 fps total: 125586.3
fps step: 177843.5 fps total: 119459.8
fps step: 170097.7 fps total: 116748.3
fps step: 166247.9 fps total: 117057.6
fps step: 188772.8 fps total: 125613.9
fps step: 156418.4 fps total: 109381.1
fps step: 145921.5 fps total: 104082.3
fps step: 158941.8 fps total: 112369.9
fps step: 163217.2 fps total: 115676.3
fps step: 176426.5 fps total: 118327.3
fps step: 148564.7 fps total: 106752.6
fps step: 145449.2 fps total: 103708.1
fps step: 156550.2 fps total: 110069.7
fps step: 153938.3 fps total: 108414.5
fps step: 144198.2 fps total: 102558.8
fps step: 176545.4 fps total: 120430.6
fps step: 157533.4 fps total: 110129.3
fps step: 166298.3 fps total: 115926.4
fps step: 164278.2 fps total: 115947.3
fps step: 179920.3 fps total: 119607.3
fps step: 163458.7 fps total: 111374.7
fps step: 155489.8 fps total: 107535.9
fps step: 157742.1 fps total: 109066.8
fps step: 138295.3 fps total: 97897.0
fps step: 178338.8 fps total: 121821.7
fps step: 180034.8 fps total: 121747.4
fps step: 168606.0 fps total: 117528.2
fps step: 177186.6 fps total: 120922.8
fps step: 168860.2 fps total: 116640.7
fps step: 175840.5 fps total: 119151.0
fps step: 159533.1 fps total: 112307.3
fps step: 139240.4 fps total: 102264.7
fps step: 169613.0 fps total: 118577.9
fps step: 152023.3 fps total: 107345.9
fps step: 153299.0 fps total: 108088.4
fps step: 150444.2 fps total: 106657.6
fps step: 145964.4 fps total: 102898.9
fps step: 142149.6 fps total: 101323.4
fps step: 148646.4 fps total: 106031.4
fps step: 169843.1 fps total: 118429.9
=> saving checkpoint 'runs/HumanoidAMP_08-20-37-18/nn/HumanoidAMP_08-20-37-19_650.pth'
fps step: 161185.3 fps total: 110362.6
fps step: 167424.4 fps total: 115604.2
fps step: 159245.5 fps total: 112477.4
fps step: 162331.4 fps total: 111438.2
fps step: 136390.0 fps total: 100190.4
fps step: 162109.8 fps total: 114538.7
fps step: 167304.1 fps total: 112725.7
fps step: 179012.4 fps total: 123561.8
fps step: 182048.0 fps total: 121564.6
fps step: 175886.4 fps total: 119050.2
fps step: 176633.8 fps total: 117831.4
fps step: 161829.5 fps total: 113340.8
fps step: 164297.7 fps total: 114091.0
fps step: 148334.7 fps total: 106844.1
fps step: 161892.0 fps total: 115349.1
fps step: 189352.2 fps total: 128491.1
fps step: 172258.1 fps total: 118550.4
fps step: 146098.5 fps total: 103856.6
fps step: 178849.4 fps total: 121092.9
fps step: 162743.2 fps total: 115173.2
fps step: 164531.0 fps total: 116524.6
fps step: 181721.4 fps total: 123928.2
fps step: 187983.7 fps total: 126253.5
fps step: 180261.6 fps total: 123679.5
fps step: 188540.6 fps total: 125537.3
fps step: 189315.6 fps total: 128153.4
fps step: 189318.6 fps total: 126991.8
fps step: 186117.9 fps total: 125305.2
fps step: 172237.3 fps total: 119094.4
fps step: 144173.3 fps total: 103845.4
fps step: 155102.8 fps total: 110584.1
fps step: 182430.9 fps total: 125078.8
fps step: 155887.1 fps total: 110157.4
fps step: 163148.3 fps total: 113771.1
fps step: 162365.9 fps total: 113212.8
fps step: 181033.9 fps total: 123461.8
fps step: 184590.6 fps total: 126412.6
fps step: 175640.9 fps total: 121123.3
fps step: 183641.5 fps total: 124774.5
fps step: 173738.6 fps total: 121066.1
fps step: 184215.0 fps total: 125145.0
fps step: 179791.5 fps total: 124059.5
fps step: 174956.9 fps total: 120384.7
fps step: 163732.8 fps total: 111529.8
fps step: 167184.6 fps total: 116894.4
fps step: 182324.3 fps total: 124952.6
fps step: 188450.3 fps total: 127635.1
fps step: 188399.5 fps total: 128186.8
fps step: 187935.2 fps total: 127973.3
fps step: 183957.8 fps total: 125220.6
=> saving checkpoint 'runs/HumanoidAMP_08-20-37-18/nn/HumanoidAMP_08-20-37-19_700.pth'
fps step: 189113.4 fps total: 127360.5
fps step: 186145.4 fps total: 123673.3
fps step: 187086.3 fps total: 124477.8
fps step: 186940.3 fps total: 122485.1
fps step: 165478.2 fps total: 112525.2
fps step: 182924.3 fps total: 123503.6
fps step: 178399.4 fps total: 122703.8
fps step: 184632.0 fps total: 125067.8
fps step: 174830.2 fps total: 119428.7
fps step: 177876.0 fps total: 121853.3
fps step: 177157.6 fps total: 120551.1
fps step: 187774.2 fps total: 125798.8
fps step: 183544.6 fps total: 124889.2
fps step: 182243.5 fps total: 122098.3
fps step: 175932.7 fps total: 120731.6
fps step: 155662.9 fps total: 110991.4
fps step: 175829.0 fps total: 121807.3
fps step: 180963.4 fps total: 124309.9
fps step: 166380.0 fps total: 116733.8
fps step: 181601.7 fps total: 124892.6
fps step: 170611.2 fps total: 118623.8
fps step: 179493.6 fps total: 123929.0
fps step: 187444.3 fps total: 127546.1
fps step: 183307.9 fps total: 123793.5
fps step: 161368.8 fps total: 115013.6
fps step: 179929.6 fps total: 122508.7
fps step: 175006.1 fps total: 118865.9
fps step: 160099.3 fps total: 113571.6
fps step: 177479.5 fps total: 121549.0
fps step: 176734.8 fps total: 122178.4
fps step: 152644.1 fps total: 109058.4
fps step: 135124.7 fps total: 100426.7
fps step: 178979.5 fps total: 122281.5
fps step: 185822.0 fps total: 126657.3
fps step: 185137.9 fps total: 126410.4
fps step: 144012.9 fps total: 104808.9
fps step: 167175.6 fps total: 113665.3
fps step: 161459.0 fps total: 110274.4
fps step: 144023.5 fps total: 105425.9
fps step: 176674.4 fps total: 121759.8
fps step: 171371.4 fps total: 118898.9
fps step: 179360.8 fps total: 121093.7
fps step: 158071.3 fps total: 111610.1
fps step: 187466.8 fps total: 125983.9
fps step: 177275.5 fps total: 117205.6
fps step: 179773.9 fps total: 121443.1
fps step: 179948.7 fps total: 121995.9
fps step: 186950.3 fps total: 127432.1
fps step: 185567.6 fps total: 125281.2
fps step: 182947.4 fps total: 123972.4
=> saving checkpoint 'runs/HumanoidAMP_08-20-37-18/nn/HumanoidAMP_08-20-37-19_750.pth'
fps step: 181357.8 fps total: 122068.6
fps step: 187512.7 fps total: 125254.0
fps step: 187698.6 fps total: 124865.3
fps step: 189853.4 fps total: 128756.2
fps step: 188927.6 fps total: 128344.3
fps step: 186397.2 fps total: 124857.6
fps step: 187362.9 fps total: 126622.4
fps step: 182118.1 fps total: 123151.7
fps step: 188218.4 fps total: 127625.2
fps step: 189555.8 fps total: 128672.5
fps step: 188963.9 fps total: 128562.0
fps step: 188081.0 fps total: 127979.7
fps step: 190132.2 fps total: 128891.3
fps step: 190257.3 fps total: 128665.1
fps step: 185003.3 fps total: 126755.8
fps step: 175922.1 fps total: 121701.3
fps step: 185528.7 fps total: 124226.9
fps step: 178708.2 fps total: 120145.2
fps step: 185908.8 fps total: 125322.3
fps step: 184996.3 fps total: 126302.3
fps step: 187521.4 fps total: 127787.4
fps step: 187739.8 fps total: 127479.3
fps step: 187509.0 fps total: 127373.2
fps step: 187493.0 fps total: 127633.0
fps step: 187566.2 fps total: 127518.5
fps step: 186458.1 fps total: 125107.8
fps step: 158129.8 fps total: 111917.7
fps step: 181426.1 fps total: 121549.2
fps step: 188695.4 fps total: 127412.5
fps step: 190278.7 fps total: 128915.0
fps step: 186380.4 fps total: 127322.5
fps step: 187387.7 fps total: 127355.1
fps step: 186098.1 fps total: 126815.6
fps step: 185495.7 fps total: 126673.7
fps step: 180034.0 fps total: 120534.3
fps step: 171940.1 fps total: 119008.7
fps step: 164884.2 fps total: 113351.6
fps step: 187075.3 fps total: 127104.0
fps step: 189041.0 fps total: 125130.0
fps step: 190104.4 fps total: 128990.1
fps step: 184497.2 fps total: 126504.1
fps step: 182343.6 fps total: 125206.7
fps step: 171885.6 fps total: 120516.9
fps step: 183221.5 fps total: 125598.1
fps step: 179826.6 fps total: 122242.4
fps step: 188864.5 fps total: 128431.9
fps step: 158786.4 fps total: 111059.3
fps step: 160856.4 fps total: 112991.7
fps step: 157629.4 fps total: 112352.8
fps step: 142383.1 fps total: 103830.7
=> saving checkpoint 'runs/HumanoidAMP_08-20-37-18/nn/HumanoidAMP_08-20-37-19_800.pth'
fps step: 185621.0 fps total: 126043.1
fps step: 186565.6 fps total: 124262.9
fps step: 184716.7 fps total: 125073.3
fps step: 153503.1 fps total: 110188.3
fps step: 179745.7 fps total: 123880.6
fps step: 173136.4 fps total: 119778.1
fps step: 173830.0 fps total: 120199.1
fps step: 185924.7 fps total: 126536.9
fps step: 184317.3 fps total: 124197.4
fps step: 184294.1 fps total: 125677.6
fps step: 189037.1 fps total: 128272.7
fps step: 189438.1 fps total: 127943.6
fps step: 177679.7 fps total: 118486.4
fps step: 179162.7 fps total: 122298.7
fps step: 157849.7 fps total: 111332.3
fps step: 167030.5 fps total: 115043.6
fps step: 171378.4 fps total: 114463.7
fps step: 139514.2 fps total: 101301.4
fps step: 187268.6 fps total: 127488.1
fps step: 187030.3 fps total: 126009.1
fps step: 177130.1 fps total: 121308.3
fps step: 164119.5 fps total: 114142.2
fps step: 168529.6 fps total: 115097.1
fps step: 180780.1 fps total: 122444.9
fps step: 169099.1 fps total: 116746.8
fps step: 187932.7 fps total: 124789.6
fps step: 188718.9 fps total: 125803.7
fps step: 187369.1 fps total: 126671.0
fps step: 188387.5 fps total: 127569.3
fps step: 184858.2 fps total: 122087.1
fps step: 185572.0 fps total: 126660.0
fps step: 187231.7 fps total: 127592.5
fps step: 189085.5 fps total: 127277.1
fps step: 183777.3 fps total: 125891.3
fps step: 190213.1 fps total: 128970.6
fps step: 166074.4 fps total: 117004.9
fps step: 167740.0 fps total: 115067.4
fps step: 153913.2 fps total: 108746.3
fps step: 180421.4 fps total: 122401.6
fps step: 185996.9 fps total: 124904.6
fps step: 181923.3 fps total: 122944.0
fps step: 168589.3 fps total: 115952.8
fps step: 179856.7 fps total: 122412.5
fps step: 182153.7 fps total: 124227.4
fps step: 167394.4 fps total: 114404.9
fps step: 165372.8 fps total: 115334.8
fps step: 166836.2 fps total: 116129.6
fps step: 168870.5 fps total: 117025.6
fps step: 184033.3 fps total: 124769.7
fps step: 186798.1 fps total: 126944.7
=> saving checkpoint 'runs/HumanoidAMP_08-20-37-18/nn/HumanoidAMP_08-20-37-19_850.pth'
fps step: 190089.3 fps total: 129024.1
fps step: 185656.7 fps total: 126337.7
fps step: 189083.9 fps total: 127875.9
fps step: 159046.8 fps total: 113743.5
fps step: 149269.9 fps total: 108483.6
fps step: 138348.5 fps total: 101927.7
fps step: 158628.4 fps total: 112223.6
fps step: 185470.0 fps total: 125303.3
fps step: 149242.5 fps total: 106783.1
fps step: 159291.8 fps total: 109105.2
fps step: 145063.7 fps total: 103619.9
fps step: 153829.2 fps total: 108505.6
fps step: 152112.1 fps total: 107198.5
fps step: 179935.7 fps total: 122170.8
fps step: 129389.7 fps total: 93845.5
fps step: 148178.5 fps total: 104720.7
fps step: 143783.5 fps total: 101550.9
fps step: 162868.3 fps total: 112616.1
fps step: 151029.2 fps total: 109435.9
fps step: 171023.3 fps total: 118321.3
fps step: 163775.9 fps total: 115513.7
fps step: 179046.4 fps total: 122954.4
fps step: 187962.0 fps total: 126325.0
fps step: 184660.9 fps total: 125949.8
fps step: 186921.8 fps total: 125592.8
fps step: 174473.8 fps total: 117926.2
fps step: 168889.4 fps total: 115231.4
fps step: 177354.7 fps total: 122260.1
fps step: 189556.9 fps total: 127164.4
fps step: 188414.4 fps total: 123896.1
fps step: 182940.2 fps total: 121179.4
fps step: 169698.4 fps total: 118847.9
fps step: 161575.8 fps total: 113350.1
fps step: 160887.0 fps total: 113758.3
fps step: 183168.7 fps total: 124848.0
fps step: 180978.7 fps total: 124268.6
fps step: 187112.6 fps total: 127391.0
fps step: 188752.3 fps total: 127237.6
fps step: 185936.5 fps total: 124663.7
fps step: 182185.2 fps total: 123725.8
fps step: 182354.1 fps total: 123397.9
fps step: 172927.7 fps total: 119667.6
fps step: 177127.1 fps total: 119246.9
fps step: 176141.2 fps total: 119522.4
fps step: 154636.9 fps total: 110643.0
fps step: 185179.5 fps total: 124222.9
fps step: 190126.4 fps total: 125386.9
fps step: 188166.1 fps total: 127547.3
fps step: 133012.6 fps total: 97510.0
fps step: 185539.8 fps total: 126245.2
=> saving checkpoint 'runs/HumanoidAMP_08-20-37-18/nn/HumanoidAMP_08-20-37-19_900.pth'
fps step: 178457.5 fps total: 121859.6
fps step: 148130.7 fps total: 106495.3
fps step: 160449.1 fps total: 113344.5
fps step: 160339.2 fps total: 114320.0
fps step: 188056.7 fps total: 126000.1
fps step: 187893.0 fps total: 126144.4
fps step: 181850.0 fps total: 122019.4
fps step: 167680.7 fps total: 113917.7
fps step: 162552.5 fps total: 114049.6
fps step: 178241.9 fps total: 123306.7
fps step: 175051.6 fps total: 121843.1
fps step: 189003.7 fps total: 125780.8
fps step: 189459.0 fps total: 124514.1
fps step: 178700.0 fps total: 122533.4
fps step: 178405.5 fps total: 122102.9
fps step: 176875.1 fps total: 120926.9
fps step: 186743.4 fps total: 126425.1
fps step: 175774.0 fps total: 121735.0
fps step: 189262.4 fps total: 128031.3
fps step: 189248.2 fps total: 127904.3
fps step: 190998.3 fps total: 128645.6
fps step: 187339.6 fps total: 126726.2
fps step: 190899.0 fps total: 128555.8
fps step: 190929.9 fps total: 126958.3
fps step: 190609.6 fps total: 128829.1
fps step: 191107.2 fps total: 129497.9
fps step: 190342.3 fps total: 128889.6
fps step: 192782.1 fps total: 129903.1
fps step: 189689.6 fps total: 126902.3
fps step: 190120.6 fps total: 127474.5
fps step: 191869.0 fps total: 129630.0
fps step: 188657.6 fps total: 126357.0
fps step: 179993.8 fps total: 121023.7
fps step: 184914.8 fps total: 126537.3
fps step: 167481.5 fps total: 117534.3
fps step: 159283.7 fps total: 113229.0
fps step: 176761.5 fps total: 122664.5
fps step: 189756.9 fps total: 128515.8
fps step: 190296.6 fps total: 129262.7
fps step: 191390.4 fps total: 129548.7
fps step: 170895.1 fps total: 118633.3
fps step: 160612.8 fps total: 114570.1
fps step: 161498.7 fps total: 113931.4
fps step: 184816.8 fps total: 123647.4
fps step: 188527.6 fps total: 123979.0
fps step: 190991.0 fps total: 126678.3
fps step: 188685.6 fps total: 125712.1
fps step: 188941.7 fps total: 128316.5
fps step: 186388.5 fps total: 126299.7
fps step: 188165.3 fps total: 125231.8
=> saving checkpoint 'runs/HumanoidAMP_08-20-37-18/nn/HumanoidAMP_08-20-37-19_950.pth'
fps step: 168965.3 fps total: 116534.1
fps step: 162144.4 fps total: 112579.7
fps step: 172751.2 fps total: 117550.9
fps step: 176094.5 fps total: 120538.0
fps step: 161992.1 fps total: 113573.1
fps step: 174044.4 fps total: 118606.4
fps step: 180217.8 fps total: 124128.0
fps step: 191618.8 fps total: 129665.8
fps step: 180161.0 fps total: 122368.3
fps step: 189841.6 fps total: 126692.2
fps step: 174043.9 fps total: 119349.2
fps step: 145145.5 fps total: 104521.6
fps step: 150145.2 fps total: 108522.2
fps step: 152513.2 fps total: 107799.7
fps step: 189089.6 fps total: 127660.1
fps step: 187997.9 fps total: 127702.5
fps step: 185926.7 fps total: 124794.3
fps step: 190541.5 fps total: 126909.2
fps step: 191513.0 fps total: 127940.0
fps step: 190888.5 fps total: 126856.1
fps step: 186673.2 fps total: 127148.3
fps step: 171853.3 fps total: 118922.5
fps step: 189280.0 fps total: 128588.2
fps step: 190434.2 fps total: 128799.1
fps step: 186497.1 fps total: 127094.2
fps step: 189356.0 fps total: 128635.6
fps step: 186516.1 fps total: 125807.7
fps step: 191236.8 fps total: 129699.5
fps step: 191052.4 fps total: 128929.6
fps step: 191183.8 fps total: 128768.8
fps step: 186110.3 fps total: 127217.9
fps step: 166137.9 fps total: 117149.2
fps step: 166697.3 fps total: 116882.5
fps step: 189610.9 fps total: 127929.7
fps step: 184704.8 fps total: 124385.5
fps step: 188415.9 fps total: 128033.1
fps step: 189891.3 fps total: 128872.4
fps step: 186123.2 fps total: 126653.7
fps step: 188364.3 fps total: 128063.5
fps step: 180684.3 fps total: 123866.5
fps step: 191346.9 fps total: 129474.0
fps step: 173045.6 fps total: 120259.9
fps step: 189250.0 fps total: 125913.0
fps step: 180278.5 fps total: 124071.7
fps step: 190982.3 fps total: 129249.3
fps step: 174866.7 fps total: 119809.4
fps step: 184159.5 fps total: 125439.2
fps step: 184348.6 fps total: 125578.4
fps step: 185040.9 fps total: 126172.0
fps step: 165773.2 fps total: 114636.3
=> saving checkpoint 'runs/HumanoidAMP_08-20-37-18/nn/HumanoidAMP_08-20-37-19_1000.pth'
fps step: 189950.7 fps total: 125871.1
fps step: 176615.8 fps total: 120860.5
fps step: 172948.0 fps total: 118191.6
fps step: 180554.2 fps total: 119819.4
fps step: 176747.5 fps total: 121110.5
fps step: 185122.4 fps total: 124673.4
fps step: 149446.0 fps total: 106216.5
fps step: 175208.8 fps total: 120052.8
fps step: 176036.2 fps total: 119753.7
fps step: 178335.1 fps total: 121147.5
fps step: 177842.7 fps total: 121214.2
fps step: 191695.9 fps total: 127479.5
fps step: 160041.8 fps total: 110708.1
fps step: 158298.4 fps total: 112690.0
fps step: 168993.4 fps total: 118542.9
fps step: 188072.5 fps total: 127373.8
fps step: 189700.1 fps total: 128592.9
fps step: 192191.1 fps total: 129809.1
fps step: 180205.9 fps total: 122520.7
fps step: 162608.1 fps total: 114943.4
fps step: 190620.2 fps total: 128313.4
fps step: 187489.1 fps total: 125765.3
fps step: 188700.2 fps total: 125711.4
fps step: 184859.8 fps total: 125160.9
fps step: 190344.6 fps total: 122581.7
fps step: 179323.9 fps total: 121446.4
fps step: 189616.3 fps total: 123532.4
fps step: 180365.5 fps total: 120644.5
fps step: 178533.8 fps total: 117501.5
fps step: 164201.7 fps total: 115187.3
fps step: 171025.3 fps total: 117587.3
fps step: 181097.6 fps total: 119283.4
fps step: 177793.2 fps total: 115355.4
fps step: 166311.6 fps total: 117604.7
fps step: 172513.8 fps total: 119468.8
fps step: 168413.0 fps total: 116893.7
fps step: 142640.4 fps total: 104180.6
fps step: 156734.0 fps total: 111809.9
fps step: 192299.2 fps total: 129722.9
fps step: 187274.9 fps total: 126917.8
fps step: 178990.9 fps total: 122297.0
fps step: 184935.3 fps total: 125687.7
fps step: 173511.6 fps total: 119737.3
fps step: 165982.1 fps total: 115624.8
fps step: 190391.8 fps total: 129061.2
fps step: 176499.4 fps total: 121730.3
fps step: 171800.7 fps total: 119177.6
fps step: 165705.6 fps total: 112398.7
fps step: 173375.1 fps total: 118264.1
fps step: 180403.5 fps total: 122774.6
=> saving checkpoint 'runs/HumanoidAMP_08-20-37-18/nn/HumanoidAMP_08-20-37-19_1050.pth'
fps step: 191667.1 fps total: 128436.5
fps step: 191329.0 fps total: 129024.5
fps step: 189591.8 fps total: 128287.5
fps step: 191842.5 fps total: 128344.1
fps step: 190962.0 fps total: 129167.3
fps step: 153673.7 fps total: 107861.4
fps step: 151453.8 fps total: 102881.6
fps step: 161502.2 fps total: 111328.0
fps step: 159850.6 fps total: 111402.8
fps step: 147714.1 fps total: 105754.6
fps step: 152477.6 fps total: 108633.9
fps step: 167189.9 fps total: 115694.5
fps step: 149351.7 fps total: 103070.7
fps step: 140723.6 fps total: 100582.8
fps step: 171019.7 fps total: 117164.9
fps step: 188301.6 fps total: 127985.9
fps step: 162407.3 fps total: 109867.2
fps step: 150100.1 fps total: 107004.2
fps step: 166098.7 fps total: 113855.4
fps step: 161519.0 fps total: 112181.6
fps step: 156444.0 fps total: 110140.9
fps step: 148326.3 fps total: 105793.6
fps step: 189462.9 fps total: 127694.1
fps step: 176940.9 fps total: 120179.5
fps step: 174462.7 fps total: 118394.0
fps step: 183114.5 fps total: 125414.9
fps step: 181278.7 fps total: 121600.4
fps step: 188250.7 fps total: 123854.9
fps step: 189383.4 fps total: 125942.4
fps step: 180853.0 fps total: 121761.0
fps step: 182403.4 fps total: 118048.0
fps step: 177181.5 fps total: 119985.1
fps step: 159132.5 fps total: 111255.9
fps step: 145553.3 fps total: 103111.8
fps step: 155701.1 fps total: 108988.2
fps step: 164321.8 fps total: 115118.4
fps step: 192342.4 fps total: 129809.7
fps step: 191043.9 fps total: 129109.0
fps step: 192124.8 fps total: 128656.5
fps step: 192612.7 fps total: 130143.8
fps step: 167586.0 fps total: 115980.5
fps step: 153485.0 fps total: 106565.9
fps step: 151737.4 fps total: 107982.1
fps step: 165778.8 fps total: 115460.7
fps step: 188392.3 fps total: 125872.0
fps step: 191199.6 fps total: 126602.1
fps step: 164548.3 fps total: 113715.2
fps step: 174924.5 fps total: 118802.2
fps step: 189341.5 fps total: 128191.4
fps step: 191891.8 fps total: 129549.6
=> saving checkpoint 'runs/HumanoidAMP_08-20-37-18/nn/HumanoidAMP_08-20-37-19_1100.pth'
fps step: 190897.8 fps total: 129405.8
fps step: 193159.2 fps total: 130347.7
fps step: 167478.6 fps total: 116104.5
fps step: 174257.6 fps total: 119294.4
fps step: 169911.1 fps total: 117936.8
fps step: 187434.5 fps total: 127327.0
fps step: 191613.2 fps total: 129376.3
fps step: 192808.2 fps total: 128924.3
fps step: 169131.7 fps total: 116253.9
fps step: 166690.2 fps total: 115997.4
fps step: 187003.3 fps total: 123513.7
fps step: 189194.3 fps total: 127289.9
fps step: 178766.1 fps total: 121094.9
fps step: 175173.5 fps total: 118228.8
fps step: 164049.1 fps total: 112185.7
fps step: 189456.3 fps total: 126036.3
fps step: 184867.3 fps total: 125298.5
fps step: 186897.6 fps total: 125713.0
fps step: 178220.5 fps total: 122884.6
fps step: 170199.2 fps total: 118792.4
fps step: 173451.1 fps total: 119673.0
fps step: 154840.4 fps total: 110458.8
fps step: 170271.5 fps total: 119018.9
fps step: 193405.3 fps total: 127350.3
fps step: 190994.9 fps total: 128215.5
fps step: 193092.7 fps total: 130100.4
fps step: 190091.0 fps total: 128288.1
fps step: 193314.1 fps total: 129886.2
fps step: 190761.3 fps total: 129078.6
fps step: 192540.1 fps total: 129858.1
fps step: 190648.5 fps total: 128745.7
fps step: 191757.0 fps total: 129223.5
fps step: 190525.4 fps total: 128257.8
fps step: 184481.8 fps total: 125804.4
fps step: 189820.5 fps total: 127193.2
fps step: 169449.2 fps total: 116752.9
fps step: 166486.0 fps total: 114611.5
fps step: 162623.1 fps total: 115006.5
fps step: 160234.3 fps total: 112748.2
fps step: 170994.0 fps total: 118235.8
fps step: 169947.5 fps total: 116239.3
fps step: 187834.0 fps total: 124003.4
fps step: 166859.6 fps total: 116759.1
fps step: 180005.4 fps total: 124157.1
fps step: 181363.1 fps total: 124710.1
fps step: 187329.1 fps total: 126364.9
fps step: 183946.9 fps total: 124226.5
fps step: 186288.3 fps total: 126426.5
fps step: 193366.8 fps total: 130278.5
fps step: 194366.7 fps total: 130602.9
=> saving checkpoint 'runs/HumanoidAMP_08-20-37-18/nn/HumanoidAMP_08-20-37-19_1150.pth'
fps step: 190321.4 fps total: 126075.4
fps step: 168321.1 fps total: 116632.0
fps step: 175567.6 fps total: 118136.0
fps step: 163836.6 fps total: 112424.7
fps step: 157601.9 fps total: 111333.2
fps step: 134757.7 fps total: 99677.4
fps step: 149878.7 fps total: 105592.9
fps step: 187577.2 fps total: 125618.6
fps step: 168060.8 fps total: 115642.3
fps step: 169884.3 fps total: 117870.0
fps step: 139645.1 fps total: 102182.1
fps step: 192315.2 fps total: 129202.1
fps step: 178038.8 fps total: 121021.0
fps step: 192537.9 fps total: 129762.4
fps step: 184299.2 fps total: 126348.1
fps step: 194086.1 fps total: 130880.7
fps step: 183677.9 fps total: 125449.6
fps step: 152665.0 fps total: 110038.8
fps step: 158794.1 fps total: 109953.2
fps step: 145525.5 fps total: 105176.4
fps step: 153471.0 fps total: 108346.9
fps step: 146351.1 fps total: 104520.8
fps step: 142554.4 fps total: 102904.7
fps step: 161388.3 fps total: 113662.6
fps step: 166685.1 fps total: 115979.9
fps step: 166024.5 fps total: 111076.5
fps step: 150923.0 fps total: 106133.5
fps step: 192789.5 fps total: 129544.3
fps step: 187306.8 fps total: 123530.4
fps step: 190603.1 fps total: 127641.3
fps step: 169323.1 fps total: 116360.6
fps step: 191381.2 fps total: 129234.5
fps step: 189030.6 fps total: 128418.5
fps step: 192566.8 fps total: 129854.6
fps step: 192022.9 fps total: 128164.3
fps step: 191383.7 fps total: 128614.3
fps step: 192742.0 fps total: 130163.8
fps step: 192458.9 fps total: 129613.8
fps step: 191315.0 fps total: 129079.5
fps step: 190773.5 fps total: 128796.2
fps step: 192842.4 fps total: 130369.7
fps step: 189210.6 fps total: 127798.9
fps step: 192282.3 fps total: 127146.7
fps step: 172405.5 fps total: 116182.4
fps step: 166848.6 fps total: 115746.3
fps step: 181528.9 fps total: 120318.3
fps step: 192689.3 fps total: 129957.2
fps step: 178146.4 fps total: 119916.5
fps step: 184499.4 fps total: 124915.1
fps step: 185035.7 fps total: 126315.0
=> saving checkpoint 'runs/HumanoidAMP_08-20-37-18/nn/HumanoidAMP_08-20-37-19_1200.pth'
fps step: 189820.7 fps total: 127569.5
fps step: 179810.4 fps total: 124339.4
fps step: 174552.6 fps total: 121793.6
fps step: 187908.2 fps total: 127718.0
fps step: 177402.7 fps total: 120480.0
fps step: 184982.6 fps total: 125171.3
fps step: 184948.8 fps total: 125066.7
fps step: 170688.9 fps total: 118598.7
fps step: 183820.1 fps total: 122422.1
fps step: 165022.1 fps total: 115397.4
fps step: 186331.0 fps total: 125712.7
fps step: 191608.2 fps total: 127318.5
fps step: 188932.2 fps total: 127884.5
fps step: 193411.6 fps total: 128744.7
fps step: 187186.3 fps total: 127223.5
fps step: 191224.5 fps total: 128478.8
fps step: 189785.9 fps total: 126880.6
fps step: 192482.2 fps total: 129645.2
fps step: 189092.1 fps total: 127809.6
fps step: 192712.4 fps total: 129484.2
fps step: 190118.0 fps total: 128698.7
fps step: 192992.5 fps total: 129335.6
fps step: 187404.8 fps total: 123700.4
fps step: 190866.2 fps total: 127575.2
fps step: 192409.9 fps total: 129830.1
fps step: 190949.5 fps total: 127585.8
fps step: 184480.8 fps total: 123445.8
fps step: 180257.6 fps total: 120393.5
fps step: 162129.6 fps total: 110778.9
fps step: 183959.3 fps total: 121219.3
fps step: 193056.8 fps total: 128019.3
fps step: 189836.2 fps total: 126772.5
fps step: 182442.9 fps total: 122648.9
fps step: 180567.7 fps total: 123748.1
fps step: 192669.1 fps total: 129149.4
fps step: 172327.7 fps total: 117479.8
fps step: 172563.1 fps total: 118573.4
fps step: 166008.5 fps total: 113218.4
fps step: 169791.5 fps total: 116792.9
fps step: 164934.2 fps total: 115393.3
fps step: 177439.3 fps total: 120286.5
fps step: 178985.3 fps total: 123146.4
fps step: 178104.8 fps total: 120343.1
fps step: 146874.0 fps total: 105113.7
fps step: 176314.8 fps total: 121757.1
fps step: 183666.9 fps total: 122512.8
fps step: 189676.4 fps total: 128700.7
fps step: 187482.2 fps total: 124775.1
fps step: 185559.7 fps total: 125965.2
fps step: 185606.9 fps total: 126007.8
=> saving checkpoint 'runs/HumanoidAMP_08-20-37-18/nn/HumanoidAMP_08-20-37-19_1250.pth'
fps step: 176649.9 fps total: 122336.2
fps step: 187102.9 fps total: 127453.5
fps step: 177450.0 fps total: 120813.3
fps step: 178595.2 fps total: 122318.1
fps step: 183009.5 fps total: 124778.2
fps step: 180899.6 fps total: 124418.8
fps step: 184779.1 fps total: 126430.3
fps step: 182028.3 fps total: 124320.4
fps step: 178256.8 fps total: 121830.1
fps step: 182477.4 fps total: 125061.0
fps step: 179111.6 fps total: 122597.9
fps step: 158955.3 fps total: 111920.7
fps step: 169599.7 fps total: 115910.2
fps step: 190401.4 fps total: 126405.8
fps step: 178171.9 fps total: 121848.3
fps step: 181554.4 fps total: 124846.7
fps step: 164449.4 fps total: 116049.0
fps step: 163842.2 fps total: 110492.2
fps step: 159032.6 fps total: 112785.3
fps step: 185185.8 fps total: 122380.7
fps step: 178069.5 fps total: 120130.4
fps step: 178329.0 fps total: 120673.7
fps step: 170613.2 fps total: 116396.9
fps step: 172742.0 fps total: 113136.0
fps step: 166192.5 fps total: 115337.3
fps step: 167474.5 fps total: 114924.1
fps step: 162816.0 fps total: 111998.5
fps step: 177867.9 fps total: 122548.0
fps step: 175024.1 fps total: 119714.8
fps step: 187663.5 fps total: 127295.7
fps step: 184148.9 fps total: 123609.4
fps step: 190780.9 fps total: 129438.0
fps step: 186100.4 fps total: 125485.5
fps step: 192666.3 fps total: 129923.0
fps step: 190531.5 fps total: 129192.8
fps step: 191287.8 fps total: 129429.8
fps step: 188964.1 fps total: 126602.8
fps step: 190026.8 fps total: 128306.1
fps step: 187489.4 fps total: 127271.3
fps step: 181763.2 fps total: 122087.7
fps step: 149509.5 fps total: 108425.5
fps step: 184363.3 fps total: 125873.2
fps step: 157264.3 fps total: 112233.7
fps step: 177855.9 fps total: 122266.6
fps step: 192077.2 fps total: 128944.8
fps step: 188640.5 fps total: 127481.2
fps step: 190856.4 fps total: 128182.2
fps step: 191777.2 fps total: 129736.7
fps step: 191583.4 fps total: 129614.0
fps step: 188439.9 fps total: 127380.7
=> saving checkpoint 'runs/HumanoidAMP_08-20-37-18/nn/HumanoidAMP_08-20-37-19_1300.pth'
fps step: 189326.7 fps total: 128213.2
fps step: 191244.6 fps total: 129226.8
fps step: 147889.1 fps total: 107064.8
fps step: 163003.0 fps total: 115171.4
fps step: 174085.3 fps total: 121261.2
fps step: 184437.3 fps total: 123005.7
fps step: 182157.9 fps total: 124590.6
fps step: 190271.4 fps total: 128577.9
fps step: 191164.6 fps total: 129655.4
fps step: 171234.6 fps total: 118204.8
fps step: 159215.8 fps total: 112488.5
fps step: 164629.6 fps total: 116642.4
fps step: 170788.2 fps total: 116969.7
fps step: 180124.6 fps total: 123471.9
fps step: 180065.7 fps total: 122619.5
fps step: 168816.2 fps total: 114179.5
fps step: 177980.9 fps total: 121499.8
fps step: 178150.1 fps total: 118228.1
fps step: 172049.0 fps total: 118245.3
fps step: 180172.0 fps total: 120940.3
fps step: 189045.9 fps total: 126844.1
fps step: 157361.9 fps total: 111488.9
fps step: 139908.8 fps total: 103632.7
fps step: 183624.6 fps total: 124805.3
fps step: 191334.4 fps total: 128649.3
fps step: 167303.4 fps total: 118251.1
fps step: 186042.7 fps total: 125311.4
fps step: 185672.6 fps total: 126078.0
fps step: 187840.4 fps total: 124031.6
fps step: 188589.7 fps total: 126403.4
fps step: 190741.2 fps total: 127390.8
fps step: 188960.8 fps total: 127243.6
fps step: 190988.2 fps total: 129024.7
fps step: 190975.4 fps total: 128674.7
fps step: 177903.3 fps total: 119982.2
fps step: 150471.4 fps total: 106531.0
fps step: 185167.7 fps total: 125394.0
fps step: 191655.8 fps total: 127883.2
fps step: 190079.7 fps total: 129062.7
fps step: 192206.5 fps total: 129307.1
fps step: 175397.4 fps total: 118027.0
fps step: 188255.6 fps total: 126316.1
fps step: 185129.9 fps total: 126396.5
fps step: 190202.2 fps total: 128771.7
fps step: 191353.9 fps total: 128528.9
fps step: 192712.3 fps total: 128513.2
fps step: 157037.2 fps total: 110976.4
fps step: 170794.0 fps total: 119730.3
fps step: 161769.3 fps total: 112151.7
fps step: 176958.1 fps total: 121589.0
=> saving checkpoint 'runs/HumanoidAMP_08-20-37-18/nn/HumanoidAMP_08-20-37-19_1350.pth'
fps step: 164793.1 fps total: 115338.3
fps step: 147586.7 fps total: 106635.0
fps step: 176457.6 fps total: 122258.7
fps step: 159870.3 fps total: 113405.9
fps step: 190299.5 fps total: 129159.1
fps step: 166424.5 fps total: 117152.9
fps step: 162904.0 fps total: 114102.4
fps step: 193378.1 fps total: 130617.3
fps step: 174298.3 fps total: 121203.1
fps step: 151860.5 fps total: 108632.9
fps step: 149487.0 fps total: 107527.7
fps step: 155774.5 fps total: 109582.1
fps step: 187406.7 fps total: 124541.2
fps step: 188283.5 fps total: 124433.2
fps step: 192402.3 fps total: 128455.8
fps step: 168882.7 fps total: 113816.8
fps step: 192475.5 fps total: 129451.3
fps step: 135073.6 fps total: 98465.0
fps step: 175666.8 fps total: 121229.0
fps step: 169596.9 fps total: 118794.5
fps step: 159313.2 fps total: 112353.4
fps step: 191411.0 fps total: 129391.2
fps step: 184373.3 fps total: 126189.7
fps step: 188902.8 fps total: 128342.5
fps step: 190832.7 fps total: 129091.6
fps step: 190180.1 fps total: 128570.5
fps step: 183731.7 fps total: 123692.2
fps step: 187037.5 fps total: 127376.2
fps step: 167635.5 fps total: 118030.5
fps step: 192919.5 fps total: 129599.5
fps step: 167624.6 fps total: 116369.2
fps step: 164311.1 fps total: 113204.0
fps step: 161240.2 fps total: 110102.8
fps step: 176778.8 fps total: 121223.1
fps step: 189497.9 fps total: 127286.3
fps step: 160139.1 fps total: 110580.3
fps step: 171964.7 fps total: 119879.3
fps step: 178803.2 fps total: 122497.8
fps step: 183036.6 fps total: 122948.6
fps step: 189181.1 fps total: 126120.9
fps step: 191258.7 fps total: 128413.7
fps step: 191059.7 fps total: 129101.0
fps step: 190940.6 fps total: 127777.7
fps step: 191476.6 fps total: 129449.6
fps step: 189842.1 fps total: 128583.8
fps step: 164125.4 fps total: 114557.4
fps step: 166089.6 fps total: 116137.2
fps step: 183765.4 fps total: 125689.8
fps step: 174827.2 fps total: 121221.7
fps step: 190518.2 fps total: 128648.3
=> saving checkpoint 'runs/HumanoidAMP_08-20-37-18/nn/HumanoidAMP_08-20-37-19_1400.pth'
fps step: 188282.0 fps total: 126229.7
fps step: 186742.0 fps total: 126103.0
fps step: 182184.6 fps total: 123380.7
fps step: 190453.0 fps total: 127937.8
fps step: 164296.5 fps total: 115425.5
fps step: 186991.1 fps total: 127626.2
fps step: 183296.9 fps total: 124111.7
fps step: 158319.2 fps total: 112369.2
fps step: 167625.0 fps total: 116730.9
fps step: 155524.7 fps total: 111478.6
fps step: 143071.9 fps total: 103164.8
fps step: 155554.3 fps total: 109587.5
fps step: 163209.9 fps total: 115544.0
fps step: 159606.9 fps total: 113102.6
fps step: 144250.8 fps total: 104998.0
fps step: 190194.8 fps total: 128385.8
fps step: 167979.6 fps total: 116044.7
fps step: 167770.1 fps total: 115229.8
fps step: 175066.2 fps total: 119851.7
fps step: 182399.0 fps total: 124857.0
fps step: 179162.4 fps total: 120333.1
fps step: 164981.8 fps total: 113377.9
fps step: 190392.9 fps total: 127017.9
fps step: 185771.6 fps total: 126325.5
fps step: 184714.9 fps total: 125059.1
fps step: 166395.9 fps total: 115077.2
fps step: 176244.7 fps total: 118025.8
fps step: 162797.4 fps total: 115006.5
fps step: 192243.7 fps total: 127208.7
fps step: 187390.4 fps total: 125838.6
fps step: 190834.7 fps total: 128927.1
fps step: 192110.4 fps total: 129376.1
fps step: 190700.3 fps total: 128835.8
fps step: 189278.0 fps total: 128655.2
fps step: 191931.2 fps total: 129634.2
fps step: 192853.3 fps total: 130136.3
fps step: 191904.9 fps total: 129711.4
fps step: 176196.0 fps total: 121619.9
fps step: 190694.8 fps total: 127576.9
fps step: 157034.0 fps total: 107527.9
fps step: 155486.3 fps total: 110822.1
fps step: 151635.4 fps total: 107836.4
fps step: 152064.1 fps total: 109337.3
fps step: 155471.6 fps total: 109184.8
fps step: 158760.0 fps total: 112581.2
fps step: 179580.7 fps total: 119556.9
fps step: 182924.1 fps total: 123451.3
fps step: 176368.4 fps total: 120583.2
fps step: 161700.3 fps total: 111897.3
fps step: 166704.9 fps total: 114765.2
=> saving checkpoint 'runs/HumanoidAMP_08-20-37-18/nn/HumanoidAMP_08-20-37-19_1450.pth'
fps step: 177590.5 fps total: 120673.2
fps step: 170558.6 fps total: 117216.1
fps step: 186215.6 fps total: 122142.8
fps step: 186120.4 fps total: 124112.4
fps step: 184074.6 fps total: 122775.9
fps step: 188151.1 fps total: 123608.7
fps step: 171968.1 fps total: 113972.4
fps step: 186978.7 fps total: 124023.7
fps step: 183142.7 fps total: 119892.8
fps step: 184319.1 fps total: 121920.3
fps step: 169592.8 fps total: 117239.2
fps step: 160429.2 fps total: 108730.7
fps step: 164849.0 fps total: 114688.6
fps step: 165390.1 fps total: 114528.8
fps step: 180352.8 fps total: 122172.7
fps step: 163865.3 fps total: 112813.5
fps step: 155165.1 fps total: 107535.0
fps step: 162595.8 fps total: 113531.8
fps step: 191505.0 fps total: 126260.6
fps step: 166571.6 fps total: 112203.1
fps step: 166101.5 fps total: 112845.4
fps step: 149254.3 fps total: 104621.1
fps step: 161696.3 fps total: 109109.4
fps step: 192834.4 fps total: 127850.8
fps step: 188650.7 fps total: 124605.3
fps step: 187635.7 fps total: 125653.0
fps step: 188151.5 fps total: 125051.3
fps step: 185258.0 fps total: 125017.5
fps step: 191243.2 fps total: 129370.0
fps step: 191288.5 fps total: 129217.2
fps step: 192995.1 fps total: 130375.1
fps step: 192381.9 fps total: 129809.3
fps step: 160756.2 fps total: 110574.4
fps step: 148696.3 fps total: 106542.9
fps step: 185637.3 fps total: 125713.6
fps step: 188983.0 fps total: 128603.9
fps step: 192051.1 fps total: 129930.9
fps step: 191915.5 fps total: 129361.3
fps step: 190297.8 fps total: 127520.5
fps step: 188617.0 fps total: 127925.5
fps step: 192109.6 fps total: 129913.8
fps step: 188823.9 fps total: 128110.0
fps step: 182899.2 fps total: 122261.4
fps step: 145608.8 fps total: 105004.8
fps step: 190534.3 fps total: 127398.1
fps step: 188924.5 fps total: 123658.3
fps step: 179137.5 fps total: 121862.8
fps step: 188529.9 fps total: 128363.8
fps step: 188723.9 fps total: 128425.3
fps step: 193053.9 fps total: 130055.1
=> saving checkpoint 'runs/HumanoidAMP_08-20-37-18/nn/HumanoidAMP_08-20-37-19_1500.pth'
fps step: 190437.4 fps total: 128446.4
fps step: 187542.4 fps total: 127933.2
fps step: 189803.6 fps total: 128396.3
fps step: 190661.6 fps total: 128384.6
fps step: 185511.3 fps total: 122741.6
fps step: 170608.9 fps total: 118543.2
fps step: 189104.7 fps total: 128426.1
fps step: 181826.9 fps total: 124772.3
fps step: 180305.3 fps total: 124314.7
fps step: 182348.5 fps total: 123551.6
fps step: 170671.7 fps total: 118003.6
fps step: 160458.9 fps total: 111774.1
fps step: 177088.3 fps total: 122229.0
fps step: 180655.6 fps total: 123123.7
fps step: 178008.7 fps total: 123418.0
fps step: 191662.1 fps total: 129291.0
fps step: 189007.9 fps total: 126706.8
fps step: 175763.6 fps total: 121991.4
fps step: 173872.3 fps total: 120940.8
fps step: 162973.3 fps total: 115407.1
fps step: 169688.9 fps total: 116458.5
fps step: 189984.6 fps total: 126668.8
fps step: 189938.8 fps total: 126365.7
fps step: 188130.3 fps total: 124581.6
fps step: 180348.7 fps total: 121791.5
fps step: 168725.5 fps total: 116267.5
fps step: 180205.4 fps total: 124308.7
fps step: 190932.4 fps total: 129222.9
fps step: 188320.9 fps total: 128048.5
fps step: 192203.6 fps total: 129770.9
fps step: 186691.4 fps total: 126899.6
fps step: 171821.4 fps total: 118699.3
fps step: 181242.3 fps total: 124300.3
fps step: 187908.7 fps total: 125698.6
fps step: 181918.4 fps total: 121983.2
fps step: 173497.6 fps total: 120861.6
fps step: 180342.5 fps total: 123242.9
fps step: 154915.1 fps total: 111432.4
fps step: 183219.3 fps total: 125895.4
fps step: 156263.7 fps total: 109825.9
fps step: 160290.1 fps total: 113796.2
fps step: 155641.7 fps total: 112143.4
fps step: 191066.7 fps total: 128972.7
fps step: 185123.2 fps total: 126556.6
fps step: 190132.2 fps total: 128996.0
fps step: 190860.8 fps total: 126660.3
fps step: 160687.5 fps total: 112848.3
fps step: 152550.0 fps total: 108086.5
fps step: 163235.9 fps total: 114683.2
fps step: 162097.1 fps total: 115302.6
=> saving checkpoint 'runs/HumanoidAMP_08-20-37-18/nn/HumanoidAMP_08-20-37-19_1550.pth'
fps step: 184020.9 fps total: 125497.5
fps step: 178965.7 fps total: 119520.0
fps step: 187191.3 fps total: 125877.4
fps step: 147102.9 fps total: 105234.7
fps step: 161775.9 fps total: 112343.4
fps step: 156254.8 fps total: 111186.8
fps step: 161676.1 fps total: 113712.4
fps step: 173210.8 fps total: 120730.1
fps step: 131564.8 fps total: 98221.1
fps step: 155795.4 fps total: 109181.4
fps step: 161068.0 fps total: 113278.5
fps step: 190092.2 fps total: 125041.7
fps step: 163118.1 fps total: 114140.3
fps step: 185406.2 fps total: 125911.6
fps step: 190291.1 fps total: 128691.7
fps step: 188927.6 fps total: 127546.8
fps step: 186257.6 fps total: 126972.8
fps step: 193359.3 fps total: 129867.2
fps step: 190590.7 fps total: 127838.8
fps step: 165406.2 fps total: 114585.3
fps step: 160948.2 fps total: 112283.3
fps step: 190887.3 fps total: 127003.6
fps step: 169348.3 fps total: 119283.8
fps step: 180152.9 fps total: 122360.8
fps step: 192354.9 fps total: 129700.8
fps step: 174474.4 fps total: 121060.9
fps step: 171649.4 fps total: 118150.4
fps step: 183275.5 fps total: 123113.5
fps step: 168723.3 fps total: 116174.0
fps step: 185507.3 fps total: 121650.9
fps step: 179313.5 fps total: 120661.1
fps step: 179523.7 fps total: 122088.4
fps step: 169699.1 fps total: 118183.5
fps step: 168618.5 fps total: 113339.2
fps step: 161175.6 fps total: 112900.4
fps step: 154217.0 fps total: 110089.7
fps step: 162939.5 fps total: 115236.3
fps step: 144284.3 fps total: 102788.0
fps step: 166632.4 fps total: 115748.5
fps step: 173838.5 fps total: 120708.4
fps step: 158890.0 fps total: 108414.8
fps step: 175315.0 fps total: 119902.9
fps step: 141889.2 fps total: 104398.2
fps step: 183890.3 fps total: 126207.4
fps step: 182054.5 fps total: 122641.5
fps step: 147521.9 fps total: 106335.9
fps step: 157460.1 fps total: 111070.0
fps step: 164612.2 fps total: 116372.9
fps step: 163093.3 fps total: 112642.1
fps step: 192914.2 fps total: 128039.6
=> saving checkpoint 'runs/HumanoidAMP_08-20-37-18/nn/HumanoidAMP_08-20-37-19_1600.pth'
fps step: 165653.1 fps total: 113104.8
fps step: 178429.5 fps total: 120936.2
fps step: 184973.4 fps total: 126618.3
fps step: 184035.6 fps total: 123567.3
fps step: 145734.0 fps total: 102516.9
fps step: 155728.7 fps total: 110039.0
fps step: 169784.9 fps total: 117995.3
fps step: 151746.4 fps total: 109271.7
fps step: 142775.5 fps total: 102087.5
fps step: 172515.1 fps total: 117540.5
fps step: 156868.4 fps total: 111377.4
fps step: 170006.4 fps total: 116780.1
fps step: 159563.6 fps total: 110264.9
fps step: 188170.6 fps total: 126136.1
fps step: 185992.1 fps total: 124681.4
fps step: 167712.5 fps total: 112151.3
fps step: 178722.9 fps total: 116526.6
fps step: 159965.4 fps total: 109856.6
fps step: 184926.0 fps total: 124766.5
fps step: 191227.3 fps total: 129487.1
fps step: 186610.4 fps total: 126439.8
fps step: 179283.9 fps total: 123077.3
fps step: 176692.4 fps total: 122614.1
fps step: 180360.6 fps total: 124250.0
fps step: 173872.0 fps total: 120967.5
fps step: 191246.2 fps total: 127034.0
fps step: 181389.7 fps total: 124612.9
fps step: 191214.8 fps total: 129189.0
fps step: 178598.0 fps total: 122730.0
fps step: 192214.1 fps total: 130131.8
fps step: 192550.9 fps total: 130000.6
fps step: 192048.1 fps total: 129653.9
fps step: 191955.7 fps total: 127341.5
fps step: 193343.2 fps total: 130550.0
fps step: 192782.3 fps total: 129992.0
fps step: 193102.8 fps total: 130053.8
fps step: 187387.8 fps total: 123792.6
fps step: 160529.9 fps total: 114421.7
fps step: 175949.0 fps total: 120537.0
fps step: 164414.9 fps total: 115785.9
fps step: 192026.4 fps total: 130080.7
fps step: 187741.6 fps total: 127383.3
fps step: 189914.4 fps total: 129093.9
fps step: 182038.8 fps total: 123222.7
fps step: 191887.6 fps total: 128332.3
fps step: 184542.5 fps total: 121232.2
fps step: 178215.7 fps total: 118860.7
fps step: 179149.8 fps total: 120468.3
fps step: 183549.3 fps total: 122027.8
fps step: 164477.1 fps total: 114304.8
=> saving checkpoint 'runs/HumanoidAMP_08-20-37-18/nn/HumanoidAMP_08-20-37-19_1650.pth'
fps step: 158126.1 fps total: 110783.3
fps step: 160426.6 fps total: 113716.6
fps step: 188251.0 fps total: 126965.1
fps step: 188216.2 fps total: 127550.9
fps step: 188518.0 fps total: 127576.4
fps step: 191450.1 fps total: 129457.9
fps step: 174744.2 fps total: 120710.7
fps step: 152680.6 fps total: 110154.9
fps step: 166881.8 fps total: 117201.4
fps step: 174270.2 fps total: 120234.9
fps step: 186353.2 fps total: 124099.8
fps step: 164378.1 fps total: 114014.2
fps step: 169511.2 fps total: 116011.3
fps step: 176345.2 fps total: 118464.8
fps step: 178602.4 fps total: 118488.9
fps step: 183023.8 fps total: 123033.2
fps step: 176732.9 fps total: 119747.7
fps step: 180310.5 fps total: 123542.9
fps step: 165233.4 fps total: 116041.2
fps step: 151251.5 fps total: 107552.2
fps step: 147032.1 fps total: 106673.9
fps step: 142087.3 fps total: 103195.9
fps step: 152259.7 fps total: 107879.1
fps step: 191583.5 fps total: 128145.5
fps step: 190970.9 fps total: 128043.4
fps step: 191891.1 fps total: 127071.5
fps step: 174564.3 fps total: 118929.8
fps step: 181075.4 fps total: 123694.7
fps step: 158555.6 fps total: 111803.8
fps step: 153244.3 fps total: 109603.3
fps step: 161042.0 fps total: 113218.7
fps step: 192026.4 fps total: 129596.3
fps step: 186628.8 fps total: 126709.7
fps step: 186280.9 fps total: 124023.5
fps step: 178780.3 fps total: 123303.7
fps step: 175090.3 fps total: 120888.6
fps step: 192662.6 fps total: 130337.9
fps step: 191439.8 fps total: 128935.4
fps step: 191918.1 fps total: 129120.8
fps step: 191129.1 fps total: 129549.4
fps step: 181007.2 fps total: 124320.8
fps step: 183693.9 fps total: 124821.6
fps step: 195503.8 fps total: 131441.5
fps step: 190494.4 fps total: 129280.5
fps step: 193842.0 fps total: 130693.5
fps step: 193616.1 fps total: 130466.7
fps step: 172895.5 fps total: 119916.4
fps step: 170927.1 fps total: 117966.8
fps step: 171512.9 fps total: 117465.9
fps step: 193955.4 fps total: 127659.2
=> saving checkpoint 'runs/HumanoidAMP_08-20-37-18/nn/HumanoidAMP_08-20-37-19_1700.pth'
fps step: 193074.9 fps total: 127329.9
fps step: 188013.4 fps total: 127193.3
fps step: 183089.0 fps total: 122398.8
fps step: 178257.6 fps total: 122728.2
fps step: 180353.3 fps total: 123591.5
fps step: 191078.8 fps total: 129419.3
fps step: 178530.6 fps total: 123022.2
fps step: 156740.3 fps total: 110931.2
fps step: 171530.0 fps total: 117629.7
fps step: 164430.8 fps total: 115741.8
fps step: 175076.6 fps total: 120853.8
fps step: 179952.3 fps total: 122719.9
fps step: 183169.8 fps total: 120523.3
fps step: 178234.3 fps total: 121914.9
fps step: 162838.3 fps total: 115543.7
fps step: 189470.6 fps total: 128100.1
fps step: 180115.8 fps total: 123838.1
fps step: 169192.0 fps total: 117553.3
fps step: 177155.3 fps total: 122521.4
fps step: 183721.5 fps total: 125501.3
fps step: 186662.4 fps total: 125466.7
fps step: 153592.3 fps total: 106500.6
fps step: 157355.3 fps total: 110491.8
fps step: 151687.5 fps total: 105464.7
fps step: 148279.0 fps total: 102540.3
fps step: 170256.1 fps total: 116359.5
fps step: 183470.3 fps total: 116378.0
fps step: 165333.0 fps total: 112962.4
fps step: 190881.1 fps total: 123295.8
fps step: 185144.4 fps total: 123938.9
fps step: 181639.1 fps total: 122181.7
fps step: 188861.1 fps total: 128146.4
fps step: 184676.8 fps total: 122050.4
fps step: 170820.3 fps total: 115742.5
fps step: 156624.5 fps total: 111636.8
fps step: 194390.5 fps total: 130675.2
fps step: 191878.7 fps total: 128625.7
fps step: 193808.7 fps total: 130298.2
fps step: 193459.0 fps total: 130439.3
fps step: 190191.5 fps total: 127309.3
fps step: 190235.2 fps total: 126291.2
fps step: 192178.1 fps total: 128400.5
fps step: 178702.4 fps total: 122487.0
fps step: 150443.8 fps total: 104022.5
fps step: 151164.2 fps total: 106663.1
fps step: 141009.1 fps total: 100811.0
fps step: 184034.7 fps total: 120384.2
fps step: 164152.4 fps total: 112105.2
fps step: 149868.8 fps total: 107549.0
fps step: 177482.9 fps total: 121175.0
=> saving checkpoint 'runs/HumanoidAMP_08-20-37-18/nn/HumanoidAMP_08-20-37-19_1750.pth'
fps step: 174207.9 fps total: 118373.3
fps step: 184028.3 fps total: 123409.2
fps step: 176172.7 fps total: 118937.3
fps step: 166259.4 fps total: 115406.1
fps step: 188913.8 fps total: 126640.0
fps step: 176321.1 fps total: 118997.4
fps step: 184007.7 fps total: 123954.4
fps step: 192812.6 fps total: 128549.5
fps step: 170852.7 fps total: 118988.8
fps step: 181457.7 fps total: 121790.2
fps step: 180550.2 fps total: 122569.8
fps step: 155343.3 fps total: 111050.2
fps step: 166851.7 fps total: 117252.9
fps step: 188615.9 fps total: 126730.9
fps step: 188420.3 fps total: 127165.9
fps step: 190962.4 fps total: 128497.9
fps step: 162903.4 fps total: 112779.0
fps step: 176478.2 fps total: 120045.6
fps step: 194981.6 fps total: 131274.1
fps step: 194113.9 fps total: 130879.3
fps step: 193681.7 fps total: 130745.3
fps step: 191823.2 fps total: 129420.6
fps step: 194975.6 fps total: 131253.4
fps step: 191709.3 fps total: 127012.6
fps step: 186819.2 fps total: 125089.0
fps step: 180293.6 fps total: 122543.8
fps step: 177929.0 fps total: 121689.3
fps step: 180434.2 fps total: 123041.0
fps step: 192142.8 fps total: 129312.2
fps step: 189716.3 fps total: 128141.7
fps step: 192034.3 fps total: 128329.7
fps step: 191215.7 fps total: 127030.2
fps step: 190795.7 fps total: 128909.2
fps step: 193400.2 fps total: 130358.8
fps step: 177911.0 fps total: 118218.8
fps step: 183852.4 fps total: 120925.3
fps step: 155434.2 fps total: 111361.0
fps step: 188020.1 fps total: 126832.6
fps step: 167522.8 fps total: 116167.8
fps step: 151809.0 fps total: 107249.5
fps step: 191781.3 fps total: 126786.9
fps step: 193925.3 fps total: 129029.8
fps step: 192339.3 fps total: 128561.4
fps step: 155515.1 fps total: 110514.6
fps step: 148126.7 fps total: 107614.9
fps step: 171464.4 fps total: 119689.0
fps step: 189612.8 fps total: 128196.3
fps step: 190049.0 fps total: 128408.9
fps step: 190610.3 fps total: 128627.6
fps step: 192333.9 fps total: 127028.2
=> saving checkpoint 'runs/HumanoidAMP_08-20-37-18/nn/HumanoidAMP_08-20-37-19_1800.pth'
fps step: 187751.7 fps total: 126755.7
fps step: 182372.8 fps total: 125216.4
fps step: 193040.9 fps total: 129426.8
fps step: 170900.9 fps total: 117218.4
fps step: 157461.7 fps total: 110981.2
fps step: 161430.6 fps total: 113075.3
fps step: 163026.2 fps total: 113160.5
fps step: 170349.1 fps total: 116551.4
fps step: 164511.3 fps total: 115246.8
fps step: 148834.0 fps total: 106652.8
fps step: 191362.3 fps total: 129562.5
fps step: 194954.8 fps total: 129972.4
fps step: 192383.6 fps total: 126122.1
fps step: 191674.4 fps total: 128464.7
fps step: 191077.2 fps total: 129251.1
fps step: 170236.2 fps total: 117986.0
fps step: 183582.1 fps total: 125789.0
fps step: 164589.0 fps total: 113800.2
fps step: 175321.1 fps total: 121396.4
fps step: 189682.7 fps total: 126214.7
fps step: 181290.4 fps total: 124163.6
fps step: 193161.1 fps total: 129491.1
fps step: 195488.8 fps total: 129801.1
fps step: 193595.9 fps total: 129786.9
fps step: 194855.5 fps total: 128916.7
fps step: 192401.8 fps total: 129855.2
fps step: 192571.0 fps total: 129945.5
fps step: 188727.3 fps total: 127651.9
fps step: 190948.6 fps total: 129293.6
fps step: 193990.9 fps total: 129632.1
fps step: 181066.0 fps total: 122174.4
fps step: 187879.8 fps total: 123223.2
fps step: 193525.7 fps total: 128069.8
fps step: 169651.3 fps total: 118057.0
fps step: 175535.7 fps total: 119511.1
fps step: 150033.8 fps total: 107645.5
fps step: 167857.2 fps total: 116760.3
fps step: 176652.0 fps total: 118729.6
fps step: 167144.9 fps total: 116777.6
fps step: 173847.8 fps total: 120755.8
fps step: 192236.3 fps total: 128613.8
fps step: 163621.8 fps total: 114309.4
fps step: 154651.2 fps total: 110141.0
fps step: 177691.3 fps total: 122102.6
fps step: 173399.4 fps total: 119653.0
fps step: 147352.2 fps total: 105129.2
fps step: 168680.4 fps total: 118080.1
fps step: 156015.2 fps total: 111235.1
fps step: 192512.4 fps total: 130197.5
fps step: 188746.3 fps total: 128529.2
=> saving checkpoint 'runs/HumanoidAMP_08-20-37-18/nn/HumanoidAMP_08-20-37-19_1850.pth'
fps step: 196037.1 fps total: 131522.5
fps step: 194475.8 fps total: 130870.6
fps step: 194899.1 fps total: 131237.1
fps step: 193197.6 fps total: 130656.6
fps step: 195256.3 fps total: 131297.0
fps step: 191546.8 fps total: 129179.1
fps step: 194511.6 fps total: 129531.9
fps step: 193420.2 fps total: 129574.2
fps step: 192871.1 fps total: 130232.9
fps step: 193678.4 fps total: 129953.5
fps step: 190534.3 fps total: 128960.8
fps step: 194889.6 fps total: 131104.0
fps step: 165890.9 fps total: 114539.4
fps step: 168840.3 fps total: 116495.5
fps step: 167731.7 fps total: 113319.1
fps step: 171597.8 fps total: 116199.2
fps step: 174363.2 fps total: 115729.7
fps step: 176733.0 fps total: 119997.5
fps step: 178963.0 fps total: 122864.6
fps step: 175736.1 fps total: 120036.2
fps step: 182521.5 fps total: 124349.6
fps step: 168569.7 fps total: 117904.8
fps step: 190966.7 fps total: 128457.5
fps step: 191007.7 fps total: 128477.0
fps step: 185264.7 fps total: 126425.1
fps step: 172410.3 fps total: 118452.1
fps step: 171112.3 fps total: 118961.7
fps step: 175109.9 fps total: 121827.5
fps step: 182734.8 fps total: 125582.2
fps step: 179085.7 fps total: 123140.9
fps step: 164807.9 fps total: 116466.4
fps step: 187922.3 fps total: 127329.0
fps step: 181375.8 fps total: 123569.1
fps step: 148073.9 fps total: 106894.0
fps step: 164379.3 fps total: 114587.6
fps step: 191295.4 fps total: 129164.8
fps step: 187518.0 fps total: 127712.7
fps step: 184369.2 fps total: 124086.6
fps step: 156428.8 fps total: 110340.7
fps step: 164071.4 fps total: 114215.7
fps step: 180893.3 fps total: 124431.7
fps step: 185161.7 fps total: 122283.9
fps step: 166624.0 fps total: 116708.1
fps step: 176986.6 fps total: 120037.5
fps step: 169224.5 fps total: 115733.2
fps step: 191902.8 fps total: 128913.8
fps step: 178354.3 fps total: 123106.5
fps step: 185489.6 fps total: 126312.9
fps step: 194571.9 fps total: 131121.3
fps step: 192415.7 fps total: 129621.9
=> saving checkpoint 'runs/HumanoidAMP_08-20-37-18/nn/HumanoidAMP_08-20-37-19_1900.pth'
fps step: 196439.2 fps total: 132016.6
fps step: 157415.6 fps total: 110928.4
fps step: 138705.5 fps total: 101672.8
fps step: 182974.9 fps total: 122162.1
fps step: 186736.7 fps total: 126000.6
fps step: 193554.5 fps total: 130491.3
fps step: 183984.3 fps total: 125755.0
fps step: 136574.5 fps total: 99663.3
fps step: 147705.1 fps total: 107650.0
fps step: 166612.3 fps total: 116474.6
fps step: 167503.5 fps total: 116929.0
fps step: 159363.7 fps total: 108986.8
fps step: 165515.2 fps total: 112978.6
fps step: 151175.4 fps total: 107158.7
fps step: 154312.6 fps total: 108857.8
fps step: 161915.9 fps total: 112394.7
fps step: 167306.4 fps total: 112609.6
fps step: 174584.2 fps total: 120037.7
fps step: 178639.9 fps total: 121607.0
fps step: 191692.3 fps total: 129618.6
fps step: 192809.1 fps total: 128960.9
fps step: 189408.9 fps total: 128379.7
fps step: 193058.8 fps total: 130431.8
fps step: 193483.6 fps total: 130344.6
fps step: 191715.5 fps total: 129200.0
fps step: 195019.7 fps total: 130943.8
fps step: 192606.4 fps total: 130002.7
fps step: 193687.3 fps total: 130014.8
fps step: 193914.2 fps total: 130579.2
fps step: 192942.9 fps total: 130224.9
fps step: 194948.7 fps total: 131278.7
fps step: 179429.7 fps total: 123340.7
fps step: 154556.9 fps total: 108638.9
fps step: 194980.8 fps total: 128552.8
fps step: 167032.7 fps total: 115223.6
fps step: 160781.0 fps total: 112865.9
fps step: 130893.2 fps total: 95888.8
fps step: 181975.4 fps total: 122275.4
fps step: 167918.8 fps total: 116046.3
fps step: 172158.6 fps total: 115025.5
fps step: 154405.5 fps total: 110616.7
fps step: 149049.9 fps total: 105974.9
fps step: 185890.2 fps total: 126309.2
fps step: 191597.0 fps total: 128875.8
fps step: 187330.2 fps total: 122746.7
fps step: 147807.1 fps total: 105503.9
fps step: 191722.6 fps total: 126601.2
fps step: 193648.3 fps total: 129640.1
fps step: 162328.9 fps total: 113978.2
fps step: 144561.2 fps total: 105092.8
=> saving checkpoint 'runs/HumanoidAMP_08-20-37-18/nn/HumanoidAMP_08-20-37-19_1950.pth'
fps step: 167594.3 fps total: 117516.2
fps step: 190092.7 fps total: 128622.0
fps step: 176277.3 fps total: 119011.8
fps step: 190712.2 fps total: 127543.4
fps step: 194885.6 fps total: 128471.8
fps step: 171528.7 fps total: 120153.3
fps step: 191798.1 fps total: 129339.9
fps step: 191394.1 fps total: 129451.4
fps step: 195577.5 fps total: 131320.2
fps step: 192986.4 fps total: 129844.4
fps step: 189442.3 fps total: 128399.7
fps step: 188795.3 fps total: 126511.6
fps step: 160054.5 fps total: 112510.1
fps step: 175062.8 fps total: 119269.0
fps step: 188645.7 fps total: 127010.9
fps step: 191362.0 fps total: 129332.2
fps step: 167828.3 fps total: 117963.0
fps step: 165352.5 fps total: 116018.3
fps step: 156156.1 fps total: 111185.4
fps step: 163198.2 fps total: 115804.0
fps step: 180763.1 fps total: 121127.4
fps step: 169054.6 fps total: 113161.8
fps step: 163601.7 fps total: 113590.8
fps step: 184535.9 fps total: 124033.1
fps step: 184526.8 fps total: 125988.0
fps step: 192892.2 fps total: 125965.2
fps step: 189503.1 fps total: 127132.3
fps step: 183640.9 fps total: 125582.8
fps step: 185461.9 fps total: 124820.2
fps step: 193509.5 fps total: 130337.1
fps step: 193691.7 fps total: 129910.9
fps step: 191461.4 fps total: 127430.1
fps step: 191688.9 fps total: 127007.7
fps step: 192297.3 fps total: 129503.7
fps step: 191780.1 fps total: 128394.0
fps step: 191613.4 fps total: 129838.1
fps step: 193688.7 fps total: 130894.3
fps step: 192404.5 fps total: 129949.9
fps step: 193310.7 fps total: 130572.2
fps step: 192864.4 fps total: 130272.7
fps step: 194873.4 fps total: 131406.2
fps step: 161428.9 fps total: 112212.1
fps step: 159331.9 fps total: 112861.2
fps step: 128083.8 fps total: 94679.2
fps step: 159748.6 fps total: 113418.7
fps step: 184301.8 fps total: 126004.7
fps step: 187097.0 fps total: 126742.9
fps step: 190286.7 fps total: 128827.4
fps step: 174766.3 fps total: 121591.3
fps step: 157384.7 fps total: 112086.8
=> saving checkpoint 'runs/HumanoidAMP_08-20-37-18/nn/HumanoidAMP_08-20-37-19_2000.pth'
fps step: 175722.4 fps total: 120947.7
fps step: 169713.0 fps total: 117590.3
fps step: 193219.9 fps total: 129869.8
fps step: 187269.7 fps total: 122384.6
fps step: 173445.7 fps total: 118824.1
fps step: 183757.3 fps total: 124856.5
fps step: 187423.9 fps total: 127136.9
fps step: 174782.2 fps total: 119765.6
fps step: 157891.9 fps total: 113218.1
fps step: 186009.7 fps total: 126881.6
fps step: 183502.0 fps total: 120686.4
fps step: 192969.0 fps total: 130045.7
fps step: 193860.2 fps total: 130442.0
fps step: 175866.7 fps total: 121297.1
fps step: 193219.2 fps total: 130258.0
fps step: 190555.6 fps total: 128901.1
fps step: 174270.5 fps total: 119551.5
fps step: 194021.4 fps total: 130699.2
fps step: 194755.9 fps total: 130343.0
fps step: 193949.7 fps total: 130764.8
fps step: 195148.6 fps total: 131126.5
fps step: 190013.6 fps total: 128067.7
fps step: 147325.3 fps total: 106095.5
fps step: 176877.1 fps total: 121545.6
fps step: 182904.8 fps total: 124310.0
fps step: 191891.9 fps total: 126561.4
fps step: 176924.0 fps total: 122483.8
fps step: 183240.5 fps total: 124964.5
fps step: 172934.3 fps total: 120857.1
fps step: 169582.5 fps total: 118143.5
fps step: 193956.4 fps total: 130101.8
fps step: 192701.1 fps total: 130112.9
fps step: 190290.8 fps total: 122995.9
fps step: 174326.6 fps total: 121072.4
fps step: 184188.7 fps total: 125741.1
fps step: 188243.9 fps total: 124497.8
fps step: 172432.8 fps total: 116528.0
fps step: 152072.5 fps total: 105890.2
fps step: 178698.1 fps total: 119237.3
fps step: 178733.2 fps total: 120013.6
fps step: 175200.3 fps total: 119494.3
fps step: 179955.7 fps total: 120359.0
fps step: 177058.2 fps total: 120190.4
fps step: 178737.3 fps total: 121371.3
fps step: 170458.5 fps total: 119287.4
fps step: 160538.7 fps total: 114667.0
fps step: 170440.4 fps total: 117425.6
fps step: 147426.1 fps total: 105056.6
fps step: 172843.2 fps total: 119820.3
fps step: 195667.8 fps total: 131787.0
=> saving checkpoint 'runs/HumanoidAMP_08-20-37-18/nn/HumanoidAMP_08-20-37-19_2050.pth'
fps step: 194927.6 fps total: 131264.3
fps step: 192609.8 fps total: 129518.6
fps step: 194307.2 fps total: 131127.3
fps step: 193413.0 fps total: 130171.1
fps step: 178345.9 fps total: 120743.9
fps step: 177199.7 fps total: 117438.7
fps step: 169851.0 fps total: 112971.4
fps step: 162386.8 fps total: 112817.1
fps step: 192976.8 fps total: 130507.3
fps step: 192820.3 fps total: 129416.2
fps step: 193696.8 fps total: 130610.7
fps step: 191215.6 fps total: 129294.2
fps step: 191100.8 fps total: 124065.8
fps step: 150073.7 fps total: 107389.7
fps step: 157914.0 fps total: 111167.2
fps step: 163784.5 fps total: 116432.7
fps step: 193795.3 fps total: 130356.6
fps step: 194255.5 fps total: 129414.5
fps step: 193035.4 fps total: 130460.2
fps step: 195716.9 fps total: 131640.9
fps step: 195521.2 fps total: 131516.1
fps step: 194732.9 fps total: 131245.0
fps step: 194344.2 fps total: 131061.6
fps step: 194486.1 fps total: 130883.6
fps step: 194231.2 fps total: 130947.9
fps step: 193435.0 fps total: 130415.7
fps step: 195155.9 fps total: 130513.1
fps step: 195400.6 fps total: 131399.4
fps step: 190559.0 fps total: 127619.0
fps step: 194966.8 fps total: 131300.5
fps step: 194520.6 fps total: 130101.6
fps step: 194198.7 fps total: 131187.0
fps step: 193569.3 fps total: 130795.4
fps step: 194527.8 fps total: 131152.9
fps step: 194340.9 fps total: 131154.7
fps step: 176192.0 fps total: 120979.6
fps step: 191760.7 fps total: 126475.4
fps step: 194657.3 fps total: 130462.6
fps step: 193248.4 fps total: 129581.3
fps step: 156751.2 fps total: 111821.3
fps step: 178095.8 fps total: 122788.9
fps step: 151355.3 fps total: 108877.7
fps step: 170459.4 fps total: 116701.3
fps step: 180164.4 fps total: 117765.9
fps step: 179270.6 fps total: 119704.6
fps step: 157878.3 fps total: 108811.0
fps step: 178264.9 fps total: 119808.5
fps step: 177438.5 fps total: 120224.4
fps step: 178012.0 fps total: 119578.6
fps step: 189684.1 fps total: 127884.0
=> saving checkpoint 'runs/HumanoidAMP_08-20-37-18/nn/HumanoidAMP_08-20-37-19_2100.pth'
fps step: 176986.3 fps total: 119200.2
fps step: 192194.0 fps total: 126067.4
fps step: 193286.9 fps total: 128682.2
fps step: 191206.0 fps total: 126883.1
fps step: 186722.4 fps total: 123488.3
fps step: 150256.8 fps total: 105333.0
fps step: 161830.5 fps total: 111362.9
fps step: 191807.7 fps total: 123255.1
fps step: 190871.7 fps total: 122688.3
fps step: 162634.6 fps total: 111048.1
fps step: 156714.4 fps total: 109719.9
fps step: 165418.7 fps total: 113043.0
fps step: 173707.7 fps total: 115924.7
fps step: 165895.7 fps total: 114097.8
fps step: 172477.7 fps total: 118312.3
fps step: 176607.3 fps total: 120237.7
fps step: 155303.8 fps total: 111383.2
fps step: 165809.6 fps total: 116419.2
fps step: 172046.2 fps total: 119575.4
fps step: 154431.7 fps total: 109656.1
fps step: 181507.4 fps total: 124230.3
fps step: 193459.1 fps total: 129998.6
fps step: 186520.3 fps total: 123578.0
fps step: 196039.2 fps total: 130696.3
fps step: 193126.4 fps total: 130143.6
fps step: 196675.4 fps total: 132156.6
fps step: 194424.2 fps total: 131080.9
fps step: 195701.3 fps total: 130956.5
fps step: 171818.5 fps total: 117664.3
fps step: 173687.3 fps total: 119350.8
fps step: 186235.6 fps total: 124830.6
fps step: 194309.4 fps total: 123807.8
fps step: 183677.8 fps total: 122013.7
fps step: 167717.7 fps total: 116074.4
fps step: 188401.5 fps total: 126356.2
fps step: 181257.9 fps total: 123112.6
fps step: 186098.2 fps total: 126866.2
fps step: 186375.1 fps total: 124870.6
fps step: 174052.7 fps total: 119685.1
fps step: 157687.3 fps total: 111304.0
fps step: 188377.3 fps total: 125551.5
fps step: 179630.4 fps total: 120121.8
fps step: 191576.4 fps total: 125968.6
fps step: 168939.0 fps total: 116123.3
fps step: 195526.4 fps total: 128683.6
fps step: 193725.9 fps total: 130698.5
fps step: 195261.8 fps total: 130581.0
fps step: 166404.6 fps total: 115444.2
fps step: 172687.9 fps total: 119114.7
fps step: 173028.2 fps total: 119869.8
=> saving checkpoint 'runs/HumanoidAMP_08-20-37-18/nn/HumanoidAMP_08-20-37-19_2150.pth'
fps step: 173147.4 fps total: 119209.5
fps step: 163015.5 fps total: 114844.9
fps step: 185839.8 fps total: 127073.5
fps step: 178992.3 fps total: 120296.3
fps step: 193405.1 fps total: 127535.2
fps step: 180651.3 fps total: 119933.8
fps step: 173514.2 fps total: 117706.4
fps step: 166016.6 fps total: 115357.1
fps step: 181817.4 fps total: 122253.6
fps step: 160164.6 fps total: 112232.8
fps step: 179336.9 fps total: 119532.1
fps step: 174911.7 fps total: 118895.6
fps step: 194357.3 fps total: 130473.5
fps step: 186064.7 fps total: 123672.3
fps step: 181404.3 fps total: 121315.5
fps step: 182835.0 fps total: 123130.5
fps step: 187510.9 fps total: 125873.7
fps step: 173506.5 fps total: 115328.1
fps step: 172120.4 fps total: 119195.5
fps step: 164652.6 fps total: 114375.4
fps step: 173720.8 fps total: 118588.0
fps step: 193088.9 fps total: 130466.1
fps step: 193795.7 fps total: 130753.1
fps step: 190313.5 fps total: 126604.3
fps step: 173307.3 fps total: 120130.0
fps step: 194187.7 fps total: 127010.8
fps step: 192240.1 fps total: 126861.6
fps step: 191724.5 fps total: 128019.5
fps step: 195328.2 fps total: 129151.1
fps step: 194564.6 fps total: 129705.6
fps step: 190951.5 fps total: 126475.1
fps step: 179263.3 fps total: 122578.5
fps step: 174489.6 fps total: 118899.7
fps step: 179300.3 fps total: 121692.2
fps step: 181347.1 fps total: 122646.4
fps step: 159321.5 fps total: 113168.4
fps step: 173175.7 fps total: 117488.3
fps step: 183480.2 fps total: 123585.1
fps step: 173027.1 fps total: 119506.7
fps step: 161511.5 fps total: 112828.9
fps step: 162845.5 fps total: 115076.3
fps step: 186023.1 fps total: 127023.8
fps step: 162575.9 fps total: 114680.9
fps step: 191239.9 fps total: 129072.7
fps step: 174121.6 fps total: 120713.0
fps step: 159601.7 fps total: 113603.5
fps step: 157236.1 fps total: 110921.5
fps step: 165375.5 fps total: 115750.0
fps step: 184633.6 fps total: 123866.6
fps step: 177705.4 fps total: 123087.3
=> saving checkpoint 'runs/HumanoidAMP_08-20-37-18/nn/HumanoidAMP_08-20-37-19_2200.pth'
fps step: 172824.5 fps total: 120671.9
fps step: 179868.0 fps total: 122729.0
fps step: 179894.2 fps total: 122181.1
fps step: 172954.7 fps total: 119116.3
fps step: 186183.7 fps total: 127456.1
fps step: 180263.8 fps total: 123538.9
fps step: 193882.2 fps total: 129471.1
fps step: 184966.7 fps total: 126632.5
fps step: 164010.4 fps total: 114000.9
fps step: 151928.2 fps total: 110241.5
fps step: 175858.9 fps total: 119714.5
fps step: 190235.9 fps total: 128387.7
fps step: 192841.8 fps total: 130199.7
fps step: 194263.2 fps total: 130853.2
fps step: 194549.4 fps total: 130776.8
fps step: 190613.2 fps total: 128956.2
fps step: 195107.6 fps total: 130144.9
fps step: 191012.9 fps total: 127702.4
fps step: 194901.9 fps total: 131094.3
fps step: 192867.1 fps total: 129716.6
fps step: 192407.3 fps total: 127118.9
fps step: 193825.8 fps total: 130893.6
fps step: 196132.9 fps total: 131565.0
fps step: 194004.9 fps total: 130548.5
fps step: 194755.5 fps total: 129643.4
fps step: 195236.2 fps total: 131457.8
fps step: 194137.8 fps total: 130951.5
fps step: 194628.6 fps total: 130667.5
fps step: 194897.2 fps total: 131040.9
fps step: 195308.5 fps total: 130495.3
fps step: 188388.7 fps total: 127464.5
fps step: 152781.9 fps total: 109950.6
fps step: 192095.6 fps total: 128855.8
fps step: 162792.9 fps total: 114554.9
fps step: 192253.1 fps total: 130054.8
fps step: 197063.6 fps total: 132101.9
fps step: 194472.3 fps total: 130646.3
fps step: 195346.1 fps total: 131564.5
fps step: 192727.3 fps total: 130331.5
fps step: 195758.0 fps total: 131301.4
fps step: 167802.5 fps total: 116361.3
fps step: 193985.5 fps total: 129569.5
fps step: 191440.4 fps total: 128209.6
fps step: 176584.1 fps total: 119565.3
fps step: 155780.6 fps total: 108394.9
fps step: 151228.4 fps total: 107398.3
fps step: 160683.0 fps total: 114492.8
fps step: 162584.0 fps total: 113310.4
fps step: 170355.3 fps total: 115913.8
fps step: 181501.7 fps total: 118102.1
=> saving checkpoint 'runs/HumanoidAMP_08-20-37-18/nn/HumanoidAMP_08-20-37-19_2250.pth'
fps step: 181274.0 fps total: 123751.4
fps step: 184517.0 fps total: 124543.3
fps step: 192952.3 fps total: 126356.8
fps step: 148824.0 fps total: 106245.7
fps step: 190222.3 fps total: 128766.0
fps step: 196100.9 fps total: 131690.2
fps step: 161011.7 fps total: 110308.7
fps step: 152872.8 fps total: 107574.8
fps step: 183584.1 fps total: 122154.0
fps step: 166913.7 fps total: 114923.2
fps step: 177585.0 fps total: 119344.6
fps step: 181181.9 fps total: 124331.2
fps step: 187171.7 fps total: 126536.5
fps step: 169804.8 fps total: 118410.7
fps step: 169013.0 fps total: 116450.0
fps step: 174365.2 fps total: 121049.7
fps step: 193855.0 fps total: 129465.3
fps step: 195357.2 fps total: 131284.7
fps step: 195055.0 fps total: 128385.5
fps step: 188861.1 fps total: 126203.5
fps step: 190601.0 fps total: 129488.8
fps step: 194350.4 fps total: 129967.3
fps step: 184448.3 fps total: 124972.6
fps step: 183169.6 fps total: 124019.8
fps step: 182518.5 fps total: 123231.3
fps step: 189778.5 fps total: 128176.7
fps step: 192861.9 fps total: 129906.7
fps step: 185892.0 fps total: 127162.5
fps step: 180875.7 fps total: 123661.8
fps step: 182333.7 fps total: 120994.2
fps step: 182116.5 fps total: 122030.7
fps step: 183086.2 fps total: 124047.7
fps step: 178308.1 fps total: 120723.7
fps step: 190811.6 fps total: 128054.8
fps step: 176272.7 fps total: 115770.8
fps step: 188848.1 fps total: 124690.5
fps step: 189731.3 fps total: 126809.3
fps step: 189374.7 fps total: 127842.7
fps step: 183359.4 fps total: 123479.5
fps step: 184646.3 fps total: 126493.6
fps step: 177935.9 fps total: 123519.5
fps step: 184211.1 fps total: 125501.0
fps step: 147643.1 fps total: 106236.6
fps step: 190370.4 fps total: 128015.2
fps step: 186842.6 fps total: 127428.7
fps step: 190319.8 fps total: 127811.3
fps step: 190890.9 fps total: 128753.9
fps step: 191699.4 fps total: 129588.5
fps step: 194839.8 fps total: 131058.5
fps step: 187229.7 fps total: 127179.6
=> saving checkpoint 'runs/HumanoidAMP_08-20-37-18/nn/HumanoidAMP_08-20-37-19_2300.pth'
fps step: 179909.3 fps total: 123344.6
fps step: 184833.4 fps total: 125599.2
fps step: 164434.9 fps total: 115169.6
fps step: 174101.8 fps total: 120724.0
fps step: 192736.2 fps total: 128645.0
fps step: 192065.2 fps total: 129352.2
fps step: 182823.2 fps total: 123676.8
fps step: 190006.5 fps total: 127534.9
fps step: 167955.1 fps total: 116683.1
fps step: 192833.7 fps total: 129428.2
fps step: 177551.0 fps total: 119023.3
fps step: 183755.3 fps total: 121650.5
fps step: 172646.0 fps total: 120652.3
fps step: 174469.9 fps total: 121153.0
fps step: 168092.5 fps total: 116952.4
fps step: 165302.0 fps total: 116129.7
fps step: 183430.8 fps total: 122668.7
fps step: 177168.0 fps total: 115114.8
fps step: 176318.3 fps total: 118667.6
fps step: 189836.7 fps total: 128746.0
fps step: 173212.9 fps total: 119621.0
fps step: 186306.9 fps total: 123307.9
fps step: 162978.9 fps total: 114332.6
fps step: 188557.8 fps total: 126337.5
fps step: 164634.2 fps total: 110345.6
fps step: 191653.5 fps total: 128828.7
fps step: 190226.7 fps total: 126802.3
fps step: 188821.8 fps total: 125335.1
fps step: 195387.9 fps total: 129082.6
fps step: 193945.4 fps total: 130596.0
fps step: 194718.5 fps total: 130694.2
fps step: 191810.1 fps total: 128910.0
fps step: 196021.0 fps total: 131086.1
fps step: 192731.8 fps total: 126770.6
fps step: 181451.9 fps total: 124537.7
fps step: 186540.4 fps total: 125232.4
fps step: 177504.0 fps total: 119670.2
fps step: 178618.9 fps total: 123257.5
fps step: 189398.7 fps total: 128343.2
fps step: 191242.7 fps total: 129129.0
fps step: 174729.1 fps total: 118735.9
fps step: 195528.2 fps total: 129596.0
fps step: 194859.3 fps total: 129355.6
fps step: 194867.3 fps total: 130595.3
fps step: 187733.8 fps total: 127948.7
fps step: 175779.1 fps total: 116654.2
fps step: 190803.6 fps total: 127726.5
fps step: 192219.6 fps total: 127099.2
fps step: 193550.4 fps total: 127600.9
fps step: 195191.7 fps total: 129298.7
=> saving checkpoint 'runs/HumanoidAMP_08-20-37-18/nn/HumanoidAMP_08-20-37-19_2350.pth'
fps step: 191550.3 fps total: 126579.4
fps step: 181574.0 fps total: 123202.3
fps step: 167049.6 fps total: 116048.1
fps step: 188867.7 fps total: 128122.5
fps step: 193414.9 fps total: 127304.0
fps step: 193160.2 fps total: 128965.1
fps step: 186850.3 fps total: 126282.5
fps step: 186258.9 fps total: 124133.6
fps step: 170552.5 fps total: 118316.4
fps step: 168084.8 fps total: 117211.3
fps step: 151371.8 fps total: 108617.5
fps step: 181683.5 fps total: 123895.3
fps step: 153602.1 fps total: 110353.4
fps step: 175360.1 fps total: 119210.9
fps step: 187610.1 fps total: 126733.7
fps step: 193604.3 fps total: 129065.1
fps step: 193695.2 fps total: 130377.9
fps step: 195602.3 fps total: 131207.6
fps step: 189886.4 fps total: 127240.1
fps step: 194870.2 fps total: 131247.5
fps step: 167601.7 fps total: 114446.8
fps step: 186067.8 fps total: 125513.1
fps step: 187428.6 fps total: 125846.0
fps step: 192242.7 fps total: 125465.0
fps step: 181815.7 fps total: 123078.2
fps step: 187643.5 fps total: 127338.8
fps step: 157412.3 fps total: 109968.3
fps step: 167978.9 fps total: 117918.3
fps step: 192979.7 fps total: 130282.0
fps step: 179474.8 fps total: 122991.3
fps step: 184924.3 fps total: 125693.1
fps step: 190438.5 fps total: 128513.1
fps step: 176149.0 fps total: 121563.1
fps step: 180425.3 fps total: 123513.1
fps step: 175585.6 fps total: 119349.9
fps step: 189885.0 fps total: 122920.2
fps step: 185081.4 fps total: 121195.6
fps step: 172855.6 fps total: 117786.8
fps step: 188439.6 fps total: 126153.7
fps step: 179186.8 fps total: 120185.1
fps step: 185156.5 fps total: 120579.4
fps step: 164639.4 fps total: 115344.3
fps step: 154157.6 fps total: 111125.9
fps step: 165138.0 fps total: 116251.2
fps step: 192213.2 fps total: 129817.6
fps step: 192457.2 fps total: 128906.4
fps step: 193033.9 fps total: 129232.4
fps step: 195738.2 fps total: 131074.8
fps step: 190574.7 fps total: 128521.4
fps step: 192000.1 fps total: 128735.4
=> saving checkpoint 'runs/HumanoidAMP_08-20-37-18/nn/HumanoidAMP_08-20-37-19_2400.pth'
fps step: 191874.7 fps total: 128248.0
fps step: 196171.7 fps total: 129029.0
fps step: 186129.1 fps total: 125633.7
fps step: 195306.8 fps total: 128777.7
fps step: 182606.5 fps total: 122492.2
fps step: 170972.1 fps total: 118700.2
fps step: 193089.3 fps total: 129891.4
fps step: 197441.8 fps total: 127919.9
fps step: 191346.9 fps total: 129351.8
fps step: 191814.0 fps total: 128705.6
fps step: 151221.7 fps total: 108733.2
fps step: 175068.6 fps total: 121625.8
fps step: 192127.5 fps total: 128388.6
fps step: 192868.1 fps total: 126789.3
fps step: 190666.3 fps total: 128529.5
fps step: 192321.0 fps total: 128690.3
fps step: 185523.4 fps total: 122747.2
fps step: 185090.6 fps total: 126840.8
fps step: 183265.1 fps total: 125900.7
fps step: 166138.6 fps total: 115716.0
fps step: 195367.6 fps total: 130994.9
fps step: 190191.1 fps total: 128699.4
fps step: 193876.1 fps total: 128836.6
fps step: 167468.3 fps total: 116817.9
fps step: 162828.1 fps total: 114000.1
fps step: 162196.1 fps total: 113561.6
fps step: 189413.3 fps total: 127951.5
fps step: 183918.0 fps total: 125102.5
fps step: 185944.5 fps total: 122581.0
fps step: 187066.6 fps total: 125273.4
fps step: 192374.1 fps total: 128263.7
fps step: 187633.7 fps total: 122631.6
fps step: 179815.7 fps total: 121248.3
fps step: 190327.4 fps total: 128505.1
fps step: 190093.3 fps total: 128015.7
fps step: 187660.5 fps total: 127424.3
fps step: 190719.9 fps total: 129456.8
fps step: 187767.4 fps total: 127343.5
fps step: 192825.6 fps total: 130219.0
fps step: 184278.9 fps total: 125132.6
fps step: 194372.2 fps total: 131071.3
fps step: 195433.6 fps total: 131532.4
fps step: 187176.7 fps total: 127043.1
fps step: 144136.6 fps total: 103012.6
fps step: 138783.3 fps total: 99637.8
fps step: 148148.9 fps total: 104636.5
fps step: 160482.6 fps total: 111678.2
fps step: 160718.1 fps total: 113141.0
fps step: 155354.2 fps total: 110027.1
fps step: 172400.8 fps total: 120241.0
=> saving checkpoint 'runs/HumanoidAMP_08-20-37-18/nn/HumanoidAMP_08-20-37-19_2450.pth'
fps step: 194382.1 fps total: 130962.2
fps step: 193473.3 fps total: 130360.9
fps step: 193367.2 fps total: 130003.7
fps step: 193900.4 fps total: 129415.4
fps step: 167813.9 fps total: 111027.7
fps step: 147548.5 fps total: 106225.0
fps step: 152048.6 fps total: 106803.5
fps step: 171148.4 fps total: 119603.7
fps step: 156310.2 fps total: 109078.1
fps step: 155306.9 fps total: 107393.0
fps step: 149903.6 fps total: 107841.1
fps step: 192793.1 fps total: 128860.9
fps step: 186989.6 fps total: 126148.4
fps step: 195421.9 fps total: 131214.3
fps step: 147281.6 fps total: 102642.8
fps step: 154018.9 fps total: 106521.3
fps step: 156701.1 fps total: 112022.4
fps step: 135495.9 fps total: 99997.0
fps step: 195327.2 fps total: 129282.6
fps step: 191760.9 fps total: 126328.8
fps step: 183221.4 fps total: 124545.0
fps step: 177471.1 fps total: 122879.5
fps step: 178130.1 fps total: 123330.4
fps step: 176794.5 fps total: 121539.5
fps step: 189636.1 fps total: 128343.8
fps step: 192838.6 fps total: 130127.7
fps step: 195483.6 fps total: 131278.3
fps step: 195779.9 fps total: 131690.4
fps step: 194639.4 fps total: 131094.1
fps step: 192448.8 fps total: 129477.7
fps step: 194955.6 fps total: 129885.4
fps step: 191032.4 fps total: 129174.0
fps step: 194783.8 fps total: 130665.1
fps step: 195135.0 fps total: 131105.0
fps step: 196210.7 fps total: 131859.1
fps step: 193756.8 fps total: 130498.0
fps step: 184146.5 fps total: 126200.0
fps step: 191573.4 fps total: 129535.8
fps step: 195090.4 fps total: 130921.3
fps step: 194126.8 fps total: 130771.8
fps step: 167003.5 fps total: 117705.5
fps step: 157950.8 fps total: 112910.3
fps step: 174621.0 fps total: 120759.9
fps step: 176543.5 fps total: 120887.0
fps step: 183305.0 fps total: 123170.1
fps step: 166511.1 fps total: 117431.2
fps step: 189811.6 fps total: 126092.6
fps step: 170219.2 fps total: 118852.1
fps step: 176990.4 fps total: 122258.4
fps step: 169441.0 fps total: 118509.8
=> saving checkpoint 'runs/HumanoidAMP_08-20-37-18/nn/HumanoidAMP_08-20-37-19_2500.pth'
fps step: 163352.6 fps total: 114531.6
fps step: 182672.5 fps total: 123941.5
fps step: 186252.7 fps total: 125767.9
fps step: 167522.5 fps total: 115573.7
fps step: 183180.6 fps total: 125571.7
fps step: 189104.5 fps total: 127758.5
fps step: 192856.7 fps total: 128870.4
fps step: 166741.1 fps total: 115677.9
fps step: 173987.5 fps total: 120120.6
fps step: 182708.9 fps total: 124920.5
fps step: 184755.9 fps total: 125246.6
fps step: 192351.6 fps total: 129281.4
fps step: 186829.7 fps total: 123870.6
fps step: 169981.7 fps total: 117944.6
fps step: 161480.5 fps total: 113769.5
fps step: 154842.6 fps total: 111501.7
fps step: 192113.1 fps total: 129478.8
fps step: 195307.5 fps total: 131404.2
fps step: 195503.4 fps total: 131562.0
fps step: 192058.5 fps total: 129436.1
fps step: 194778.8 fps total: 130861.7
fps step: 195969.3 fps total: 131502.9
fps step: 195197.0 fps total: 128029.1
fps step: 181348.9 fps total: 121731.6
fps step: 195104.8 fps total: 127616.0
fps step: 196424.0 fps total: 128740.9
fps step: 194273.0 fps total: 127117.3
fps step: 195082.8 fps total: 127503.2
fps step: 194288.2 fps total: 126539.0
fps step: 195462.3 fps total: 131175.9
fps step: 195076.8 fps total: 129662.6
fps step: 195021.9 fps total: 128312.8
fps step: 190020.3 fps total: 128780.5
fps step: 195526.2 fps total: 131665.3
fps step: 191773.1 fps total: 129418.0
fps step: 196348.2 fps total: 131866.1
fps step: 195178.4 fps total: 131324.1
fps step: 195442.3 fps total: 131553.0
fps step: 191858.5 fps total: 129802.8
fps step: 193740.0 fps total: 130565.8
fps step: 172378.1 fps total: 120220.9
fps step: 193762.2 fps total: 130831.9
fps step: 179529.2 fps total: 122464.0
fps step: 194216.6 fps total: 126896.2
fps step: 179936.1 fps total: 120137.9
fps step: 196205.3 fps total: 126319.4
fps step: 185159.1 fps total: 122803.2
fps step: 192990.0 fps total: 128812.9
fps step: 190708.6 fps total: 126962.1
fps step: 186196.1 fps total: 125222.3
=> saving checkpoint 'runs/HumanoidAMP_08-20-37-18/nn/HumanoidAMP_08-20-37-19_2550.pth'
fps step: 181098.4 fps total: 124391.1
fps step: 191758.3 fps total: 129136.8
fps step: 189965.6 fps total: 128919.9
fps step: 194409.5 fps total: 131090.4
fps step: 194984.5 fps total: 129011.2
fps step: 186073.6 fps total: 127062.8
fps step: 186726.0 fps total: 125637.3
fps step: 184965.2 fps total: 126139.0
fps step: 163238.7 fps total: 115957.2
fps step: 166705.8 fps total: 116574.6
fps step: 164482.6 fps total: 114069.7
fps step: 191151.3 fps total: 125366.3
fps step: 177945.3 fps total: 119085.8
fps step: 178269.4 fps total: 121971.3
fps step: 171246.1 fps total: 117734.2
fps step: 191370.8 fps total: 129345.1
fps step: 193017.5 fps total: 129937.2
fps step: 190017.6 fps total: 128656.5
fps step: 186918.8 fps total: 126781.5
fps step: 194651.8 fps total: 131256.4
fps step: 188670.0 fps total: 124362.0
fps step: 184543.7 fps total: 121650.8
fps step: 172084.8 fps total: 115710.4
fps step: 174538.0 fps total: 118037.8
fps step: 162931.1 fps total: 114728.3
fps step: 182744.8 fps total: 123222.2
fps step: 166187.8 fps total: 114308.4
fps step: 159767.3 fps total: 113868.5
fps step: 189636.5 fps total: 125859.1
fps step: 171019.2 fps total: 117545.6
fps step: 184560.7 fps total: 125438.2
fps step: 188419.9 fps total: 128058.4
fps step: 191504.9 fps total: 129605.5
fps step: 167139.0 fps total: 116046.3
fps step: 188985.8 fps total: 124851.9
fps step: 142974.9 fps total: 103704.0
fps step: 170703.7 fps total: 117954.3
fps step: 193192.7 fps total: 129814.3
fps step: 195653.9 fps total: 129154.2
fps step: 195823.8 fps total: 131834.2
fps step: 192651.3 fps total: 129777.2
fps step: 150024.0 fps total: 105651.9
fps step: 161082.6 fps total: 112031.9
fps step: 167734.9 fps total: 116444.9
fps step: 172554.5 fps total: 119228.9
fps step: 148781.2 fps total: 106962.7
fps step: 193406.7 fps total: 129773.3
fps step: 194408.9 fps total: 127893.4
fps step: 194705.1 fps total: 127418.0
fps step: 193965.4 fps total: 126698.3
=> saving checkpoint 'runs/HumanoidAMP_08-20-37-18/nn/HumanoidAMP_08-20-37-19_2600.pth'
fps step: 187778.0 fps total: 127516.7
fps step: 193634.1 fps total: 130894.5
fps step: 196352.6 fps total: 131772.7
fps step: 192394.3 fps total: 129870.9
fps step: 195397.0 fps total: 131715.7
fps step: 192804.5 fps total: 127278.1
fps step: 174591.2 fps total: 117811.0
fps step: 186863.4 fps total: 125859.8
fps step: 184229.8 fps total: 123704.4
fps step: 176696.0 fps total: 121128.2
fps step: 192331.9 fps total: 129851.2
fps step: 184656.6 fps total: 125462.7
fps step: 193789.2 fps total: 130688.2
fps step: 186055.3 fps total: 124845.3
fps step: 175294.7 fps total: 120647.3
fps step: 188425.9 fps total: 127911.3
fps step: 188982.5 fps total: 126397.6
fps step: 166491.2 fps total: 116588.1
fps step: 171540.0 fps total: 119499.7
fps step: 185534.9 fps total: 125061.9
fps step: 179691.3 fps total: 122892.1
fps step: 180726.8 fps total: 123346.4
fps step: 176995.4 fps total: 121724.2
fps step: 173085.3 fps total: 120147.3
fps step: 192583.8 fps total: 127722.5
fps step: 192546.5 fps total: 130217.1
fps step: 194920.3 fps total: 130371.9
fps step: 174788.6 fps total: 120177.6
fps step: 193272.5 fps total: 130183.9
fps step: 169824.4 fps total: 117006.3
fps step: 161500.0 fps total: 113562.7
fps step: 154170.8 fps total: 109827.5
fps step: 189883.2 fps total: 127684.5
fps step: 195014.3 fps total: 130351.0
fps step: 183188.9 fps total: 120895.9
fps step: 186247.8 fps total: 125991.7
fps step: 192783.9 fps total: 130055.6
fps step: 155620.0 fps total: 110374.6
fps step: 145608.2 fps total: 104076.7
fps step: 157931.3 fps total: 110233.6
fps step: 159949.0 fps total: 110280.3
fps step: 195541.7 fps total: 131776.4
fps step: 196608.5 fps total: 132212.7
fps step: 171507.3 fps total: 114565.1
fps step: 176622.0 fps total: 120518.7
fps step: 194222.8 fps total: 126968.7
fps step: 189181.3 fps total: 124415.8
fps step: 163198.7 fps total: 115358.5
fps step: 192842.8 fps total: 129043.6
fps step: 194424.3 fps total: 129709.7
=> saving checkpoint 'runs/HumanoidAMP_08-20-37-18/nn/HumanoidAMP_08-20-37-19_2650.pth'
fps step: 164527.8 fps total: 114333.0
fps step: 160987.8 fps total: 112672.0
fps step: 178845.3 fps total: 122515.0
fps step: 167636.2 fps total: 116700.5
fps step: 151854.8 fps total: 109274.4
fps step: 160236.0 fps total: 110998.7
fps step: 192818.7 fps total: 126910.4
fps step: 134020.5 fps total: 96049.9
fps step: 155725.3 fps total: 107835.4
fps step: 174877.5 fps total: 118471.5
fps step: 185073.9 fps total: 122410.6
fps step: 184884.8 fps total: 125810.4
fps step: 188826.3 fps total: 128076.9
fps step: 188142.1 fps total: 126255.1
fps step: 193634.2 fps total: 130384.4
fps step: 196266.6 fps total: 132158.7
fps step: 189852.2 fps total: 126204.3
fps step: 179650.7 fps total: 123827.2
fps step: 193059.1 fps total: 130148.4
fps step: 161575.0 fps total: 110675.8
fps step: 170390.3 fps total: 116486.2
fps step: 183015.2 fps total: 123333.3
fps step: 179528.8 fps total: 122681.0
fps step: 193768.4 fps total: 129475.6
fps step: 190551.5 fps total: 128211.1
fps step: 193584.3 fps total: 128635.0
fps step: 192747.0 fps total: 126676.2
fps step: 190526.8 fps total: 128143.2
fps step: 193417.9 fps total: 129627.0
fps step: 187961.0 fps total: 124678.0
fps step: 185018.1 fps total: 126447.6
fps step: 183248.9 fps total: 125165.0
fps step: 187562.0 fps total: 126320.5
fps step: 184466.2 fps total: 126041.6
fps step: 157602.3 fps total: 111867.0
fps step: 149557.8 fps total: 106128.6
fps step: 168804.9 fps total: 116872.1
fps step: 193084.3 fps total: 128924.2
fps step: 192673.5 fps total: 128515.7
fps step: 194090.7 fps total: 130617.2
fps step: 164339.9 fps total: 114857.7
fps step: 186282.0 fps total: 127200.5
fps step: 178345.8 fps total: 122248.7
fps step: 184148.4 fps total: 125329.6
fps step: 163692.3 fps total: 113223.9
fps step: 159682.3 fps total: 109479.3
fps step: 159552.5 fps total: 112286.8
fps step: 169334.8 fps total: 114817.1
fps step: 188222.3 fps total: 122895.9
fps step: 154855.7 fps total: 109247.9
=> saving checkpoint 'runs/HumanoidAMP_08-20-37-18/nn/HumanoidAMP_08-20-37-19_2700.pth'
fps step: 190782.1 fps total: 126332.7
fps step: 185817.3 fps total: 124641.6
fps step: 191529.3 fps total: 124576.8
fps step: 190314.5 fps total: 127213.2
fps step: 184938.0 fps total: 120523.6
fps step: 191724.1 fps total: 127316.8
fps step: 154343.1 fps total: 110040.0
fps step: 194824.7 fps total: 130039.5
fps step: 138299.5 fps total: 101934.2
fps step: 181522.5 fps total: 124635.3
fps step: 193727.8 fps total: 127501.6
fps step: 194547.8 fps total: 129644.1
fps step: 195048.6 fps total: 131084.8
fps step: 195267.5 fps total: 131434.4
fps step: 194346.9 fps total: 131016.2
fps step: 195698.9 fps total: 131432.8
fps step: 194012.1 fps total: 130536.8
fps step: 194181.4 fps total: 130619.8
fps step: 193713.6 fps total: 127039.9
fps step: 194442.6 fps total: 130755.5
fps step: 195182.1 fps total: 130025.4
fps step: 196010.7 fps total: 131837.0
fps step: 158976.1 fps total: 112295.4
fps step: 193150.0 fps total: 127817.7
fps step: 192068.1 fps total: 126936.9
fps step: 177357.9 fps total: 122920.9
fps step: 195492.9 fps total: 131378.7
fps step: 195064.4 fps total: 130597.5
fps step: 192472.5 fps total: 129845.0
fps step: 194759.8 fps total: 130773.4
fps step: 194842.6 fps total: 131252.2
fps step: 194078.7 fps total: 130736.2
fps step: 195999.8 fps total: 131446.8
fps step: 195659.6 fps total: 131231.5
fps step: 194238.0 fps total: 130801.1
fps step: 195400.9 fps total: 131260.3
fps step: 192810.6 fps total: 128548.6
fps step: 194186.9 fps total: 127685.4
fps step: 159050.6 fps total: 110270.6
fps step: 178420.8 fps total: 120609.0
fps step: 186369.9 fps total: 123361.7
fps step: 171396.8 fps total: 116320.1
fps step: 186429.8 fps total: 123561.8
fps step: 177192.0 fps total: 118742.4
fps step: 171096.7 fps total: 115909.4
fps step: 167133.1 fps total: 117344.2
fps step: 172724.7 fps total: 120004.0
fps step: 193422.5 fps total: 128749.3
fps step: 194495.7 fps total: 130555.7
fps step: 189008.6 fps total: 128132.8
=> saving checkpoint 'runs/HumanoidAMP_08-20-37-18/nn/HumanoidAMP_08-20-37-19_2750.pth'
fps step: 194465.1 fps total: 130965.0
fps step: 177626.7 fps total: 122273.4
fps step: 160988.0 fps total: 113544.3
fps step: 171817.7 fps total: 120318.4
fps step: 171655.1 fps total: 120229.9
fps step: 170230.9 fps total: 118646.9
fps step: 168000.6 fps total: 118344.1
fps step: 178913.4 fps total: 122827.5
fps step: 191519.8 fps total: 128790.2
fps step: 187609.6 fps total: 124479.6
fps step: 181544.7 fps total: 122731.8
fps step: 177250.4 fps total: 121668.9
fps step: 193685.5 fps total: 130368.4
fps step: 190226.9 fps total: 128140.9
fps step: 167577.8 fps total: 117942.3
fps step: 194690.0 fps total: 130979.0
fps step: 191651.1 fps total: 129325.8
fps step: 183565.3 fps total: 125048.1
fps step: 192323.5 fps total: 128690.8
fps step: 168956.6 fps total: 115552.4
fps step: 165212.3 fps total: 115604.4
fps step: 167450.7 fps total: 117161.9
fps step: 168084.1 fps total: 116327.5
fps step: 168568.4 fps total: 117678.9
fps step: 155522.5 fps total: 110784.9
fps step: 171580.5 fps total: 117366.7
fps step: 189409.1 fps total: 125091.8
fps step: 189878.7 fps total: 126416.5
fps step: 193155.7 fps total: 129910.5
fps step: 190121.9 fps total: 124093.1
fps step: 148572.3 fps total: 104606.0
fps step: 146846.7 fps total: 103625.7
fps step: 155735.5 fps total: 110807.7
fps step: 190517.4 fps total: 128499.3
fps step: 188089.9 fps total: 126235.4
fps step: 194684.6 fps total: 130407.2
fps step: 193868.0 fps total: 129615.0
fps step: 151340.7 fps total: 108020.0
fps step: 152268.5 fps total: 109060.3
fps step: 169435.3 fps total: 116926.1
fps step: 182528.6 fps total: 124123.5
fps step: 185877.4 fps total: 124899.4
fps step: 180107.5 fps total: 118369.6
fps step: 170080.7 fps total: 116076.2
fps step: 193426.6 fps total: 130532.0
fps step: 194344.7 fps total: 130349.4
fps step: 189697.6 fps total: 127815.9
fps step: 191910.6 fps total: 128998.7
fps step: 193660.7 fps total: 130433.1
fps step: 195788.1 fps total: 130391.7
=> saving checkpoint 'runs/HumanoidAMP_08-20-37-18/nn/HumanoidAMP_08-20-37-19_2800.pth'
fps step: 190904.9 fps total: 127173.1
fps step: 178471.8 fps total: 123065.2
fps step: 192077.5 fps total: 129536.5
fps step: 196280.0 fps total: 131482.3
fps step: 193315.4 fps total: 130537.6
fps step: 190381.3 fps total: 128859.5
fps step: 189991.3 fps total: 128345.3
fps step: 194516.5 fps total: 130902.5
fps step: 195342.2 fps total: 131584.8
fps step: 191724.9 fps total: 129835.0
fps step: 191383.4 fps total: 129203.9
fps step: 193074.7 fps total: 130097.4
fps step: 195220.8 fps total: 131127.4
fps step: 190877.9 fps total: 128818.2
fps step: 172938.1 fps total: 119947.0
fps step: 177665.0 fps total: 122442.2
fps step: 180060.4 fps total: 121027.1
fps step: 191984.4 fps total: 127943.5
fps step: 186805.2 fps total: 126469.1
fps step: 173361.5 fps total: 119871.1
fps step: 162691.5 fps total: 113931.5
fps step: 191637.9 fps total: 129661.9
fps step: 187004.2 fps total: 126931.2
fps step: 194061.6 fps total: 129581.5
fps step: 192181.5 fps total: 129989.6
fps step: 186662.8 fps total: 126939.4
fps step: 190098.9 fps total: 129105.0
fps step: 159810.7 fps total: 107911.7
fps step: 143968.5 fps total: 103401.6
fps step: 163062.4 fps total: 112463.9
fps step: 184175.5 fps total: 125540.1
fps step: 195220.9 fps total: 129428.3
fps step: 194852.7 fps total: 128969.0
fps step: 175655.1 fps total: 120216.2
fps step: 185677.1 fps total: 125307.7
fps step: 160508.5 fps total: 113520.6
fps step: 186792.0 fps total: 122916.5
fps step: 175057.6 fps total: 118448.6
fps step: 189973.5 fps total: 127077.9
fps step: 193815.4 fps total: 127770.6
fps step: 193892.8 fps total: 128862.6
fps step: 189415.3 fps total: 126428.5
fps step: 143333.5 fps total: 104158.5
fps step: 188035.9 fps total: 124982.8
fps step: 185272.6 fps total: 124016.1
fps step: 178909.7 fps total: 121729.6
fps step: 195627.5 fps total: 129741.5
fps step: 194298.7 fps total: 130322.4
fps step: 190054.8 fps total: 127431.0
fps step: 192866.2 fps total: 129892.5
=> saving checkpoint 'runs/HumanoidAMP_08-20-37-18/nn/HumanoidAMP_08-20-37-19_2850.pth'
fps step: 195435.1 fps total: 130736.9
fps step: 160097.5 fps total: 112918.0
fps step: 194543.5 fps total: 130900.8
fps step: 195544.0 fps total: 131323.9
fps step: 195509.3 fps total: 131424.1
fps step: 188279.4 fps total: 127330.8
fps step: 192972.9 fps total: 129756.2
fps step: 171236.3 fps total: 117691.4
fps step: 163143.9 fps total: 111516.4
fps step: 175886.4 fps total: 120421.4
fps step: 182539.7 fps total: 123877.9
fps step: 175083.3 fps total: 119442.9
fps step: 179720.9 fps total: 123242.6
fps step: 163284.6 fps total: 113054.5
fps step: 169578.0 fps total: 117154.8
fps step: 174634.9 fps total: 120580.3
fps step: 164744.7 fps total: 115705.4
fps step: 188106.1 fps total: 126207.7
fps step: 178829.7 fps total: 122048.2
fps step: 184410.0 fps total: 125456.6
fps step: 191473.6 fps total: 129229.3
fps step: 191668.6 fps total: 129155.3
fps step: 191792.1 fps total: 129338.7
fps step: 192047.9 fps total: 129429.6
fps step: 192748.3 fps total: 130277.5
fps step: 177035.1 fps total: 122198.9
fps step: 186385.6 fps total: 126960.2
fps step: 178778.8 fps total: 123865.0
fps step: 193661.1 fps total: 130113.2
fps step: 189865.5 fps total: 128305.2
fps step: 178995.3 fps total: 122173.4
fps step: 189974.4 fps total: 127492.4
fps step: 167173.6 fps total: 117570.9
fps step: 188868.0 fps total: 127630.5
fps step: 156501.7 fps total: 108506.9
fps step: 164291.3 fps total: 112503.4
fps step: 165347.8 fps total: 116626.0
fps step: 188932.0 fps total: 128346.0
fps step: 192724.9 fps total: 129351.5
fps step: 192604.6 fps total: 129587.3
fps step: 193510.3 fps total: 127643.1
fps step: 190304.1 fps total: 126649.3
fps step: 191344.3 fps total: 128489.1
fps step: 194905.6 fps total: 129481.7
fps step: 188686.0 fps total: 125527.6
fps step: 167597.2 fps total: 116132.8
fps step: 163414.4 fps total: 113263.4
fps step: 150338.5 fps total: 108559.5
fps step: 152900.7 fps total: 108370.1
fps step: 162765.9 fps total: 113319.1
=> saving checkpoint 'runs/HumanoidAMP_08-20-37-18/nn/HumanoidAMP_08-20-37-19_2900.pth'
fps step: 181475.2 fps total: 123441.3
fps step: 184963.0 fps total: 123491.3
fps step: 163620.0 fps total: 114748.1
fps step: 161734.1 fps total: 114104.4
fps step: 187761.1 fps total: 123744.7
fps step: 188157.7 fps total: 128094.0
fps step: 192465.9 fps total: 130054.6
fps step: 193720.7 fps total: 130604.3
fps step: 191502.5 fps total: 129678.8
fps step: 192563.4 fps total: 126619.7
fps step: 154481.0 fps total: 108609.4
fps step: 145815.5 fps total: 104835.6
fps step: 180197.1 fps total: 120753.5
fps step: 169561.4 fps total: 118851.2
fps step: 178709.2 fps total: 123040.1
fps step: 182916.6 fps total: 124623.3
fps step: 168602.4 fps total: 118335.5
fps step: 170442.4 fps total: 118755.0
fps step: 191585.0 fps total: 129387.5
fps step: 186642.5 fps total: 126759.2
fps step: 179752.3 fps total: 122517.7
fps step: 178521.0 fps total: 121959.3
fps step: 164171.3 fps total: 115936.0
fps step: 173483.8 fps total: 118354.7
fps step: 189113.8 fps total: 127580.9
fps step: 189427.1 fps total: 125557.3
fps step: 185415.9 fps total: 124563.9
fps step: 174107.5 fps total: 121004.6
fps step: 187803.7 fps total: 124770.1
fps step: 191041.5 fps total: 128437.9
fps step: 184381.0 fps total: 121916.2
fps step: 190064.2 fps total: 128799.8
fps step: 192976.8 fps total: 130320.5
fps step: 194125.7 fps total: 131095.8
fps step: 192117.8 fps total: 129938.3
fps step: 193181.2 fps total: 130490.5
fps step: 192572.8 fps total: 129662.8
fps step: 188616.6 fps total: 125349.6
fps step: 187240.9 fps total: 126293.7
fps step: 192832.1 fps total: 128241.9
fps step: 191192.3 fps total: 129416.4
fps step: 193132.2 fps total: 130353.2
fps step: 190139.4 fps total: 128029.6
fps step: 192690.4 fps total: 129564.7
fps step: 192729.1 fps total: 128212.3
fps step: 180474.6 fps total: 121751.5
fps step: 169646.2 fps total: 117150.7
fps step: 192690.4 fps total: 127899.1
fps step: 147703.0 fps total: 105691.9
fps step: 176390.9 fps total: 121236.2
=> saving checkpoint 'runs/HumanoidAMP_08-20-37-18/nn/HumanoidAMP_08-20-37-19_2950.pth'
fps step: 128466.2 fps total: 96682.9
fps step: 166399.4 fps total: 116709.1
fps step: 190878.2 fps total: 126564.2
fps step: 160830.7 fps total: 112822.4
fps step: 183389.5 fps total: 122953.4
fps step: 186450.1 fps total: 125441.4
fps step: 148849.2 fps total: 105643.3
fps step: 152177.0 fps total: 108622.4
fps step: 175627.6 fps total: 121341.6
fps step: 190813.2 fps total: 128735.0
fps step: 190231.8 fps total: 127136.0
fps step: 192206.6 fps total: 130179.6
fps step: 192034.8 fps total: 128825.6
fps step: 193024.2 fps total: 128387.7
fps step: 189790.1 fps total: 127646.0
fps step: 193968.3 fps total: 129568.2
fps step: 190169.0 fps total: 127022.9
fps step: 161012.7 fps total: 112303.4
fps step: 153504.3 fps total: 110618.6
fps step: 189483.4 fps total: 128730.6
fps step: 169053.1 fps total: 118518.2
fps step: 190198.9 fps total: 128897.7
fps step: 176602.3 fps total: 122800.0
fps step: 190519.6 fps total: 128825.0
fps step: 187950.4 fps total: 127584.9
fps step: 190832.2 fps total: 129101.6
fps step: 191435.7 fps total: 128311.3
fps step: 189247.3 fps total: 128012.3
fps step: 183806.2 fps total: 125835.0
fps step: 189109.7 fps total: 128370.5
fps step: 192363.0 fps total: 129653.8
fps step: 182411.4 fps total: 123514.9
fps step: 184868.7 fps total: 125579.1
fps step: 172902.0 fps total: 117641.1
fps step: 162054.8 fps total: 114197.1
fps step: 146529.0 fps total: 106624.9
fps step: 155857.7 fps total: 110162.9
fps step: 152529.8 fps total: 108677.9
fps step: 169173.9 fps total: 118214.4
fps step: 192442.2 fps total: 129771.5
fps step: 187091.6 fps total: 127207.9
fps step: 180810.9 fps total: 118845.3
fps step: 148881.5 fps total: 104895.9
fps step: 182919.4 fps total: 122493.8
fps step: 177818.2 fps total: 121503.8
fps step: 159425.1 fps total: 111811.2
fps step: 162866.3 fps total: 113447.7
fps step: 150832.3 fps total: 107647.7
fps step: 172540.7 fps total: 120178.4
fps step: 194083.1 fps total: 129900.9
=> saving checkpoint 'runs/HumanoidAMP_08-20-37-18/nn/HumanoidAMP_08-20-37-19_3000.pth'
fps step: 193535.0 fps total: 130686.0
fps step: 193951.7 fps total: 130819.1
fps step: 184147.1 fps total: 124673.9
fps step: 148433.4 fps total: 107382.8
fps step: 169860.8 fps total: 119151.2
fps step: 155508.7 fps total: 111080.5
fps step: 177539.9 fps total: 121834.1
fps step: 175255.6 fps total: 120377.5
fps step: 181419.5 fps total: 121682.6
fps step: 168961.7 fps total: 117327.7
fps step: 189110.5 fps total: 127480.4
fps step: 177414.5 fps total: 121420.6
fps step: 183994.3 fps total: 123240.4
fps step: 190790.7 fps total: 128188.5
fps step: 176818.3 fps total: 122675.8
fps step: 180324.7 fps total: 123745.6
fps step: 188964.8 fps total: 127661.1
fps step: 193163.4 fps total: 127629.6
fps step: 192185.9 fps total: 127420.3
fps step: 186114.8 fps total: 126777.9
fps step: 192716.4 fps total: 130200.6
fps step: 177673.2 fps total: 122318.2
fps step: 193367.0 fps total: 130703.0
fps step: 186401.6 fps total: 126665.7
fps step: 192941.1 fps total: 128999.5
fps step: 191550.3 fps total: 129289.2
fps step: 190856.7 fps total: 129085.3
fps step: 191598.7 fps total: 128616.4
fps step: 189750.0 fps total: 126273.0
fps step: 163180.8 fps total: 112660.1
fps step: 169630.8 fps total: 116517.7
fps step: 192226.9 fps total: 128218.0
fps step: 192001.4 fps total: 129985.6
fps step: 187567.7 fps total: 126009.6
fps step: 150798.6 fps total: 108646.6
fps step: 188814.8 fps total: 127824.9
fps step: 192930.4 fps total: 129924.9
fps step: 191117.3 fps total: 128163.8
fps step: 154394.0 fps total: 110277.8
fps step: 192021.4 fps total: 129798.1
fps step: 190515.8 fps total: 128098.4
fps step: 192817.1 fps total: 130186.0
fps step: 187538.3 fps total: 127380.7
fps step: 184432.7 fps total: 125668.6
fps step: 152555.1 fps total: 109309.3
fps step: 178288.6 fps total: 122789.3
fps step: 192090.4 fps total: 130075.0
fps step: 192058.9 fps total: 129673.1
fps step: 191925.0 fps total: 129887.5
fps step: 157795.8 fps total: 113046.2
=> saving checkpoint 'runs/HumanoidAMP_08-20-37-18/nn/HumanoidAMP_08-20-37-19_3050.pth'
fps step: 190467.3 fps total: 129314.8
fps step: 191025.3 fps total: 129241.6
fps step: 192238.0 fps total: 129955.8
fps step: 190988.8 fps total: 128599.9
fps step: 191616.4 fps total: 129653.5
fps step: 190781.3 fps total: 128521.7
fps step: 186443.0 fps total: 125925.6
fps step: 192293.0 fps total: 130220.6
fps step: 189961.1 fps total: 128211.6
fps step: 191791.4 fps total: 129461.7
fps step: 185893.4 fps total: 127377.4
fps step: 192221.8 fps total: 129853.7
fps step: 163203.5 fps total: 115018.2
fps step: 156621.5 fps total: 110193.4
fps step: 152598.1 fps total: 108177.4
fps step: 150852.1 fps total: 108360.6
fps step: 177862.1 fps total: 121229.3
fps step: 157984.4 fps total: 111632.9
fps step: 162536.9 fps total: 115697.1
fps step: 156990.6 fps total: 112232.9
fps step: 161621.6 fps total: 113976.7
fps step: 183641.1 fps total: 125058.0
fps step: 182137.0 fps total: 124231.6
fps step: 192239.9 fps total: 130267.7
fps step: 191418.0 fps total: 129741.8
fps step: 182988.4 fps total: 123632.6
fps step: 182855.5 fps total: 123341.2
fps step: 179682.4 fps total: 122004.3
fps step: 174264.3 fps total: 120865.8
fps step: 163803.4 fps total: 113494.8
fps step: 163807.3 fps total: 113932.2
fps step: 191909.2 fps total: 127246.8
fps step: 183970.0 fps total: 124799.7
fps step: 187621.9 fps total: 126942.5
fps step: 189693.4 fps total: 128717.0
fps step: 181642.9 fps total: 120948.4
fps step: 182077.3 fps total: 124001.8
fps step: 184924.9 fps total: 125589.0
fps step: 191456.8 fps total: 125910.1
fps step: 189954.2 fps total: 125569.4
fps step: 153911.8 fps total: 108282.0
fps step: 140228.9 fps total: 100717.3
fps step: 157000.2 fps total: 110201.2
fps step: 155424.0 fps total: 109045.3
fps step: 152091.7 fps total: 108963.5
fps step: 168526.4 fps total: 115782.2
fps step: 178040.2 fps total: 122506.3
fps step: 183187.3 fps total: 119810.6
fps step: 176047.8 fps total: 120758.3
fps step: 191296.2 fps total: 128631.3
=> saving checkpoint 'runs/HumanoidAMP_08-20-37-18/nn/HumanoidAMP_08-20-37-19_3100.pth'
fps step: 189319.6 fps total: 125844.6
fps step: 191811.9 fps total: 126411.5
fps step: 179664.2 fps total: 121138.5
fps step: 181416.4 fps total: 124173.3
fps step: 189074.8 fps total: 127105.8
fps step: 193124.9 fps total: 130668.8
fps step: 193096.9 fps total: 130626.2
fps step: 185958.0 fps total: 126790.2
fps step: 191533.5 fps total: 129564.4
fps step: 179222.1 fps total: 123821.4
fps step: 193106.6 fps total: 130419.5
fps step: 187187.7 fps total: 127301.1
fps step: 154295.2 fps total: 110086.6
fps step: 164434.2 fps total: 116000.2
fps step: 157904.3 fps total: 112362.5
fps step: 170764.0 fps total: 117780.8
fps step: 177579.7 fps total: 119669.6
fps step: 161615.1 fps total: 113027.0
fps step: 178143.8 fps total: 122467.5
fps step: 159079.5 fps total: 113736.0
fps step: 160057.1 fps total: 112559.0
fps step: 167370.6 fps total: 116372.0
fps step: 161132.5 fps total: 113818.0
fps step: 154559.0 fps total: 109793.3
fps step: 182572.3 fps total: 122236.0
fps step: 192883.2 fps total: 130613.2
fps step: 192597.5 fps total: 130243.1
fps step: 175963.8 fps total: 118226.5
fps step: 183102.8 fps total: 124804.3
fps step: 193686.3 fps total: 130526.5
fps step: 189374.2 fps total: 126955.5
fps step: 189207.8 fps total: 125092.5
fps step: 191547.9 fps total: 129116.5
fps step: 190978.1 fps total: 128825.5
fps step: 180725.3 fps total: 123741.6
fps step: 192464.7 fps total: 130015.3
fps step: 192673.3 fps total: 129058.6
fps step: 191433.0 fps total: 127463.5
fps step: 166377.8 fps total: 114908.8
fps step: 169405.7 fps total: 118429.2
fps step: 191266.1 fps total: 128576.1
fps step: 189008.9 fps total: 127239.6
fps step: 191440.2 fps total: 127987.7
fps step: 165091.0 fps total: 115939.0
fps step: 169956.8 fps total: 117817.0
fps step: 179378.9 fps total: 120166.5
fps step: 188151.9 fps total: 127827.7
fps step: 165781.7 fps total: 115118.9
fps step: 164764.6 fps total: 112983.5
fps step: 159060.4 fps total: 112341.8
=> saving checkpoint 'runs/HumanoidAMP_08-20-37-18/nn/HumanoidAMP_08-20-37-19_3150.pth'
fps step: 147457.0 fps total: 104905.4
fps step: 138177.1 fps total: 99095.0
fps step: 167822.7 fps total: 115144.8
fps step: 144627.9 fps total: 105213.6
fps step: 190210.3 fps total: 127419.5
fps step: 182093.8 fps total: 124330.8
fps step: 190900.6 fps total: 128867.7
fps step: 188838.0 fps total: 128074.3
fps step: 169236.7 fps total: 118798.4
fps step: 190386.9 fps total: 128415.0
fps step: 175005.8 fps total: 120305.3
fps step: 151587.5 fps total: 108974.4
fps step: 188145.7 fps total: 127266.8
fps step: 192839.3 fps total: 130200.4
fps step: 191450.5 fps total: 129744.0
fps step: 191146.5 fps total: 125214.3
fps step: 146880.3 fps total: 104490.6
fps step: 160915.0 fps total: 113805.7
fps step: 151242.1 fps total: 107429.5
fps step: 168641.3 fps total: 117839.7
fps step: 183901.4 fps total: 124336.0
fps step: 184202.5 fps total: 124345.7
fps step: 188228.1 fps total: 126977.9
fps step: 190203.9 fps total: 127648.4
fps step: 185402.1 fps total: 123209.2
fps step: 182397.0 fps total: 123514.9
fps step: 189964.0 fps total: 127392.4
fps step: 190602.1 fps total: 126041.6
fps step: 180489.5 fps total: 122581.2
fps step: 182526.1 fps total: 123149.6
fps step: 168963.6 fps total: 114546.8
fps step: 178361.3 fps total: 123692.3
fps step: 185841.7 fps total: 126062.3
fps step: 177482.2 fps total: 122956.0
fps step: 165379.9 fps total: 116224.8
fps step: 187885.4 fps total: 128096.7
fps step: 176134.8 fps total: 119711.6
fps step: 190127.6 fps total: 128647.1
fps step: 186955.4 fps total: 127375.4
fps step: 188626.8 fps total: 128289.7
fps step: 183875.3 fps total: 123332.7
fps step: 189566.3 fps total: 125058.3
fps step: 191573.2 fps total: 128187.8
fps step: 179150.1 fps total: 123058.6
fps step: 191911.4 fps total: 129169.6
fps step: 192516.3 fps total: 129119.2
fps step: 190971.5 fps total: 129123.3
fps step: 191862.6 fps total: 128681.1
fps step: 190391.5 fps total: 129196.2
fps step: 192574.5 fps total: 129580.5
=> saving checkpoint 'runs/HumanoidAMP_08-20-37-18/nn/HumanoidAMP_08-20-37-19_3200.pth'
fps step: 192264.3 fps total: 128908.9
fps step: 181623.9 fps total: 123357.2
fps step: 193368.6 fps total: 130468.3
fps step: 190343.5 fps total: 128552.7
fps step: 191613.3 fps total: 129653.3
fps step: 191895.4 fps total: 129619.9
fps step: 190592.8 fps total: 128637.2
fps step: 176138.6 fps total: 122019.0
fps step: 180064.8 fps total: 124310.6
fps step: 186301.6 fps total: 126841.2
fps step: 180862.9 fps total: 124886.8
fps step: 188271.9 fps total: 125922.2
fps step: 181754.0 fps total: 124395.1
fps step: 184784.9 fps total: 126139.4
fps step: 192187.9 fps total: 127595.2
fps step: 166130.1 fps total: 115825.6
fps step: 190069.3 fps total: 127991.3
fps step: 191762.9 fps total: 129144.9
fps step: 184837.7 fps total: 125784.1
fps step: 170026.2 fps total: 112633.5
fps step: 146548.0 fps total: 105201.9
fps step: 154775.8 fps total: 108825.6
fps step: 149665.3 fps total: 106807.5
fps step: 148642.1 fps total: 103622.5
fps step: 163586.4 fps total: 113179.1
fps step: 155147.5 fps total: 107023.2
fps step: 145395.1 fps total: 105570.0
fps step: 193038.7 fps total: 128556.4
fps step: 193499.0 fps total: 130248.8
fps step: 191196.1 fps total: 127650.1
fps step: 189785.8 fps total: 125496.9
fps step: 186231.6 fps total: 124127.1
fps step: 147656.2 fps total: 103909.1
fps step: 146906.3 fps total: 105932.6
fps step: 161159.8 fps total: 113765.4
fps step: 152151.5 fps total: 108629.3
fps step: 152778.8 fps total: 108861.0
fps step: 164603.5 fps total: 114010.0
fps step: 156120.6 fps total: 112161.3
fps step: 165333.4 fps total: 114359.8
fps step: 165275.4 fps total: 116953.1
fps step: 182608.8 fps total: 122819.4
fps step: 182021.2 fps total: 125149.2
fps step: 174781.6 fps total: 118916.5
fps step: 191601.1 fps total: 127468.7
fps step: 193226.1 fps total: 129368.4
fps step: 183276.6 fps total: 124666.1
fps step: 169154.6 fps total: 118319.2
fps step: 184878.1 fps total: 125272.0
fps step: 191384.4 fps total: 129397.7
=> saving checkpoint 'runs/HumanoidAMP_08-20-37-18/nn/HumanoidAMP_08-20-37-19_3250.pth'
fps step: 192319.8 fps total: 130054.2
fps step: 188845.8 fps total: 126533.4
fps step: 162890.5 fps total: 114945.4
fps step: 179664.8 fps total: 120989.7
fps step: 188359.4 fps total: 127456.9
fps step: 193879.2 fps total: 127053.2
fps step: 186193.8 fps total: 123742.7
fps step: 192668.7 fps total: 126226.3
fps step: 183393.8 fps total: 122522.2
fps step: 176335.7 fps total: 119980.2
fps step: 193366.6 fps total: 130241.8
fps step: 193218.0 fps total: 130070.1
fps step: 192598.2 fps total: 129601.8
fps step: 192724.5 fps total: 130029.0
fps step: 192021.3 fps total: 128845.2
fps step: 189274.7 fps total: 125370.4
fps step: 176527.0 fps total: 119675.7
fps step: 190067.2 fps total: 125733.3
fps step: 191132.9 fps total: 128099.5
fps step: 192877.7 fps total: 129881.1
fps step: 192339.7 fps total: 130199.3
fps step: 191933.5 fps total: 129137.9
fps step: 189566.8 fps total: 128969.1
fps step: 193282.5 fps total: 130125.1
fps step: 193008.7 fps total: 130323.5
fps step: 193667.9 fps total: 130502.4
fps step: 178413.5 fps total: 120619.4
fps step: 190111.1 fps total: 126592.9
fps step: 189527.1 fps total: 128861.4
fps step: 192525.1 fps total: 129836.3
fps step: 192880.5 fps total: 129163.1
fps step: 192725.1 fps total: 130010.1
fps step: 186457.6 fps total: 127023.7
fps step: 191468.2 fps total: 129201.6
fps step: 189671.6 fps total: 128876.2
fps step: 191467.8 fps total: 129478.4
fps step: 192887.0 fps total: 130332.7
fps step: 190608.9 fps total: 128293.6
fps step: 187880.0 fps total: 127227.4
fps step: 171589.2 fps total: 119905.3
fps step: 192335.7 fps total: 129987.2
fps step: 192035.9 fps total: 129587.8
fps step: 181811.9 fps total: 125142.4
fps step: 183419.5 fps total: 125572.4
fps step: 192408.7 fps total: 130043.6
fps step: 178682.2 fps total: 122128.0
fps step: 164253.8 fps total: 114748.7
fps step: 179371.2 fps total: 122255.4
fps step: 167405.8 fps total: 113439.5
fps step: 145744.0 fps total: 104949.4
=> saving checkpoint 'runs/HumanoidAMP_08-20-37-18/nn/HumanoidAMP_08-20-37-19_3300.pth'
fps step: 170212.6 fps total: 115428.0
fps step: 163024.1 fps total: 111767.2
fps step: 160143.1 fps total: 111655.0
fps step: 148548.9 fps total: 104061.8
fps step: 174420.3 fps total: 120512.5
fps step: 190259.8 fps total: 128695.2
fps step: 171728.7 fps total: 118129.6
fps step: 185631.4 fps total: 124525.7
fps step: 182462.7 fps total: 123394.9
fps step: 188150.4 fps total: 125624.7
fps step: 178541.8 fps total: 122527.1
fps step: 189094.5 fps total: 127699.8
fps step: 147710.0 fps total: 106666.2
fps step: 183137.7 fps total: 124968.6
fps step: 169617.1 fps total: 117742.1
fps step: 169206.6 fps total: 118048.1
fps step: 173482.4 fps total: 118882.9
fps step: 184204.8 fps total: 124622.1
fps step: 184049.9 fps total: 125106.6
fps step: 159487.5 fps total: 112363.9
fps step: 162545.5 fps total: 114454.1
fps step: 171361.2 fps total: 120076.0
fps step: 164196.5 fps total: 115538.2
fps step: 178464.6 fps total: 120195.6
fps step: 165608.1 fps total: 116615.6
fps step: 178141.9 fps total: 123439.2
fps step: 175251.0 fps total: 117625.5
fps step: 160219.6 fps total: 112569.0
fps step: 188843.6 fps total: 125759.7
fps step: 180258.7 fps total: 118477.1
fps step: 175290.6 fps total: 119608.0
fps step: 166024.0 fps total: 114745.3
fps step: 158775.2 fps total: 111393.5
fps step: 144648.1 fps total: 104502.7
fps step: 155253.0 fps total: 108216.3
fps step: 183025.5 fps total: 120768.3
fps step: 169783.8 fps total: 114706.3
fps step: 159595.6 fps total: 112029.7
fps step: 173759.1 fps total: 117339.8
fps step: 178426.3 fps total: 121500.6
fps step: 192055.8 fps total: 127291.6
fps step: 189163.9 fps total: 125938.6
fps step: 182961.6 fps total: 124280.9
fps step: 149637.5 fps total: 107176.5
fps step: 183292.5 fps total: 123521.2
fps step: 191300.9 fps total: 129548.2
fps step: 192354.0 fps total: 129771.2
fps step: 193475.3 fps total: 130489.6
fps step: 190780.9 fps total: 129035.2
fps step: 192386.9 fps total: 129436.6
=> saving checkpoint 'runs/HumanoidAMP_08-20-37-18/nn/HumanoidAMP_08-20-37-19_3350.pth'
fps step: 191751.1 fps total: 129455.1
fps step: 163596.5 fps total: 114507.7
fps step: 184495.2 fps total: 125929.9
fps step: 183773.5 fps total: 124939.6
fps step: 173166.7 fps total: 120333.6
fps step: 182603.9 fps total: 122871.9
fps step: 166989.7 fps total: 117310.3
fps step: 169117.9 fps total: 118844.5
fps step: 194321.0 fps total: 130118.3
fps step: 191182.7 fps total: 129335.1
fps step: 165526.0 fps total: 112479.7
fps step: 185380.1 fps total: 124091.5
fps step: 174672.8 fps total: 115864.4
fps step: 163580.6 fps total: 115972.0
fps step: 180355.2 fps total: 123092.2
fps step: 184422.7 fps total: 125599.6
fps step: 179819.7 fps total: 122378.5
fps step: 184967.1 fps total: 124507.5
fps step: 175069.9 fps total: 120896.4
fps step: 175359.5 fps total: 122029.7
fps step: 186928.6 fps total: 127228.3
fps step: 167048.4 fps total: 117162.6
fps step: 152887.7 fps total: 110361.3
fps step: 193071.3 fps total: 130041.9
fps step: 189035.5 fps total: 127993.8
fps step: 169104.2 fps total: 117364.0
fps step: 154141.9 fps total: 107798.9
fps step: 184787.4 fps total: 124602.9
fps step: 192707.3 fps total: 125989.8
fps step: 191168.7 fps total: 127652.3
fps step: 190508.8 fps total: 128184.4
fps step: 192991.7 fps total: 130531.0
fps step: 195424.3 fps total: 126809.3
fps step: 180842.5 fps total: 123173.0
fps step: 187424.1 fps total: 125785.7
fps step: 169540.0 fps total: 118291.2
fps step: 148717.6 fps total: 107511.6
fps step: 140626.1 fps total: 101647.2
fps step: 193381.4 fps total: 130723.2
fps step: 193096.1 fps total: 130459.7
fps step: 188953.8 fps total: 128461.8
fps step: 193955.7 fps total: 130549.5
fps step: 192661.4 fps total: 128772.2
fps step: 192772.2 fps total: 130011.1
fps step: 194315.6 fps total: 130917.2
fps step: 195187.4 fps total: 130958.2
fps step: 194916.4 fps total: 131030.0
fps step: 193493.1 fps total: 129997.9
fps step: 193772.8 fps total: 130886.5
fps step: 194441.9 fps total: 129202.1
=> saving checkpoint 'runs/HumanoidAMP_08-20-37-18/nn/HumanoidAMP_08-20-37-19_3400.pth'
fps step: 177652.8 fps total: 118939.5
fps step: 160369.2 fps total: 111590.0
fps step: 186750.5 fps total: 126567.0
fps step: 174779.7 fps total: 120655.0
fps step: 190607.2 fps total: 127910.9
fps step: 189760.9 fps total: 128574.2
fps step: 185284.3 fps total: 125472.8
fps step: 171502.3 fps total: 119520.9
fps step: 178659.8 fps total: 122000.6
fps step: 188034.5 fps total: 128322.4
fps step: 187790.2 fps total: 127657.4
fps step: 185905.6 fps total: 123868.3
fps step: 185510.7 fps total: 121561.6
fps step: 187103.0 fps total: 124595.6
fps step: 188381.7 fps total: 122371.4
fps step: 173821.1 fps total: 118801.2
fps step: 158032.0 fps total: 110803.4
fps step: 169856.6 fps total: 118672.8
fps step: 161993.4 fps total: 114609.7
fps step: 186202.3 fps total: 124558.1
fps step: 178513.2 fps total: 122918.6
fps step: 189148.2 fps total: 127785.9
fps step: 187015.3 fps total: 126072.6
fps step: 177063.7 fps total: 121586.9
fps step: 192789.5 fps total: 129216.0
fps step: 191600.6 fps total: 128422.7
fps step: 154532.0 fps total: 109760.7
fps step: 167854.1 fps total: 114437.7
fps step: 152877.8 fps total: 108571.1
fps step: 148770.4 fps total: 105171.6
fps step: 164105.5 fps total: 111367.8
fps step: 146981.4 fps total: 104053.4
fps step: 148948.1 fps total: 106185.1
fps step: 148808.8 fps total: 105094.9
fps step: 169536.0 fps total: 115694.1
fps step: 141609.3 fps total: 103310.0
fps step: 152820.9 fps total: 108115.9
fps step: 165119.0 fps total: 116147.3
fps step: 159305.2 fps total: 111749.6
fps step: 156225.0 fps total: 111195.9
fps step: 193673.0 fps total: 128786.5
fps step: 170178.2 fps total: 119032.5
fps step: 166202.2 fps total: 115930.4
fps step: 174293.0 fps total: 119001.7
fps step: 170557.1 fps total: 116769.4
fps step: 155585.6 fps total: 109161.4
fps step: 132538.5 fps total: 97545.9
fps step: 164133.5 fps total: 115593.9
fps step: 156273.8 fps total: 112282.2
fps step: 192035.4 fps total: 129974.7
=> saving checkpoint 'runs/HumanoidAMP_08-20-37-18/nn/HumanoidAMP_08-20-37-19_3450.pth'
fps step: 191976.0 fps total: 129862.0
fps step: 194384.9 fps total: 128440.4
fps step: 192602.1 fps total: 130390.1
fps step: 160650.7 fps total: 113246.9
fps step: 181636.6 fps total: 122328.5
fps step: 180345.4 fps total: 122280.9
fps step: 161865.2 fps total: 110400.3
fps step: 171311.1 fps total: 118790.9
fps step: 174751.4 fps total: 119527.0
fps step: 150198.6 fps total: 108736.7
fps step: 145726.6 fps total: 106144.5
fps step: 178700.8 fps total: 123657.2
fps step: 185335.6 fps total: 127038.4
fps step: 192454.9 fps total: 128664.7
fps step: 172262.3 fps total: 119400.1
fps step: 152308.1 fps total: 109698.1
fps step: 148144.1 fps total: 106232.8
fps step: 156154.8 fps total: 111842.1
fps step: 183219.4 fps total: 125053.6
fps step: 177466.6 fps total: 122048.0
fps step: 173163.7 fps total: 120415.0
fps step: 188674.2 fps total: 127472.5
fps step: 191335.5 fps total: 128500.0
fps step: 188309.7 fps total: 127125.3
fps step: 164902.6 fps total: 116219.0
fps step: 185783.9 fps total: 125429.3
fps step: 179506.6 fps total: 120163.5
fps step: 182989.4 fps total: 122130.2
fps step: 184435.6 fps total: 123180.4
fps step: 190506.0 fps total: 125095.6
fps step: 167830.4 fps total: 116073.1
fps step: 154181.7 fps total: 109447.3
fps step: 189057.4 fps total: 128627.8
fps step: 188505.5 fps total: 126538.4
fps step: 195081.0 fps total: 131383.6
fps step: 191943.3 fps total: 129851.0
fps step: 157922.1 fps total: 111488.5
fps step: 174314.8 fps total: 119936.9
fps step: 171096.0 fps total: 117458.4
fps step: 179686.0 fps total: 121869.6
fps step: 193884.8 fps total: 130823.8
fps step: 189912.6 fps total: 126929.9
fps step: 172390.0 fps total: 120329.4
fps step: 194747.6 fps total: 128551.1
fps step: 166300.0 fps total: 115322.6
fps step: 163075.7 fps total: 112114.0
fps step: 189658.6 fps total: 128801.9
fps step: 195708.8 fps total: 131711.3
fps step: 175116.7 fps total: 121516.0
fps step: 158448.7 fps total: 112388.9
=> saving checkpoint 'runs/HumanoidAMP_08-20-37-18/nn/HumanoidAMP_08-20-37-19_3500.pth'
fps step: 162567.6 fps total: 114196.8
fps step: 187695.7 fps total: 125377.1
fps step: 165267.0 fps total: 112187.6
fps step: 163027.2 fps total: 111852.9
fps step: 171592.8 fps total: 116536.1
fps step: 193280.5 fps total: 127326.9
fps step: 194675.8 fps total: 128349.4
fps step: 192550.2 fps total: 126938.2
fps step: 193269.8 fps total: 128965.0
fps step: 193467.4 fps total: 130319.0
fps step: 140616.8 fps total: 102584.8
fps step: 192469.7 fps total: 130008.8
fps step: 161783.1 fps total: 113738.3
fps step: 162528.1 fps total: 112412.4
fps step: 169436.8 fps total: 117517.8
fps step: 162039.4 fps total: 113722.3
fps step: 169341.4 fps total: 116700.1
fps step: 192413.0 fps total: 127283.9
fps step: 188616.6 fps total: 125776.2
fps step: 192266.3 fps total: 126233.0
fps step: 192709.9 fps total: 128511.8
fps step: 193921.1 fps total: 129493.7
fps step: 193249.9 fps total: 130541.5
fps step: 192453.7 fps total: 129352.9
fps step: 178008.2 fps total: 123113.1
fps step: 194567.6 fps total: 130718.8
fps step: 178183.2 fps total: 121737.5
fps step: 193125.7 fps total: 129890.9
fps step: 193386.4 fps total: 129618.4
fps step: 190084.5 fps total: 128575.6
fps step: 167345.6 fps total: 116336.0
fps step: 142071.1 fps total: 102538.9
fps step: 183011.6 fps total: 124427.4
fps step: 142769.5 fps total: 102178.9
fps step: 164041.7 fps total: 113940.6
fps step: 160274.6 fps total: 112948.9
fps step: 152414.0 fps total: 107642.8
fps step: 163338.0 fps total: 113965.3
fps step: 156080.7 fps total: 110356.3
fps step: 160063.3 fps total: 112448.4
fps step: 174813.5 fps total: 118206.3
fps step: 162466.9 fps total: 114342.7
fps step: 168268.1 fps total: 115704.5
fps step: 193223.3 fps total: 127994.6
fps step: 194062.7 fps total: 130190.4
fps step: 193472.2 fps total: 130701.6
fps step: 195192.7 fps total: 131556.8
fps step: 184461.0 fps total: 122893.1
fps step: 181255.3 fps total: 123279.1
fps step: 174686.5 fps total: 120289.7
=> saving checkpoint 'runs/HumanoidAMP_08-20-37-18/nn/HumanoidAMP_08-20-37-19_3550.pth'
fps step: 192573.0 fps total: 126662.4
fps step: 193086.9 fps total: 126830.2
fps step: 191668.8 fps total: 128094.2
fps step: 192099.5 fps total: 129596.3
fps step: 189686.7 fps total: 126602.4
fps step: 193561.7 fps total: 129338.2
fps step: 190815.3 fps total: 128084.6
fps step: 192796.4 fps total: 130295.4
fps step: 188345.4 fps total: 127400.2
fps step: 178037.8 fps total: 121068.3
fps step: 172132.2 fps total: 119639.7
fps step: 170689.2 fps total: 117472.1
fps step: 179203.3 fps total: 122459.3
fps step: 173210.1 fps total: 119941.6
fps step: 187490.6 fps total: 126656.1
fps step: 190663.3 fps total: 126817.8
fps step: 190275.1 fps total: 127914.9
fps step: 191919.0 fps total: 127140.6
fps step: 192658.6 fps total: 128278.6
fps step: 180280.8 fps total: 121661.1
fps step: 180379.6 fps total: 121253.7
fps step: 167157.3 fps total: 115416.0
fps step: 178053.3 fps total: 121338.4
fps step: 191209.6 fps total: 129270.4
fps step: 193418.7 fps total: 130855.3
fps step: 191638.2 fps total: 128743.8
fps step: 194007.3 fps total: 131020.8
fps step: 190048.7 fps total: 128749.3
fps step: 154309.1 fps total: 110386.6
fps step: 189883.6 fps total: 127127.5
fps step: 189975.3 fps total: 128998.6
fps step: 190626.6 fps total: 127220.5
fps step: 151418.8 fps total: 108941.8
fps step: 192035.0 fps total: 128821.0
fps step: 194059.8 fps total: 128596.3
fps step: 178400.3 fps total: 121285.4
fps step: 193981.3 fps total: 130359.3
fps step: 194498.8 fps total: 128229.6
fps step: 189570.8 fps total: 126734.6
fps step: 164889.4 fps total: 116888.4
fps step: 183938.6 fps total: 126089.4
fps step: 181126.7 fps total: 122144.7
fps step: 185654.1 fps total: 125326.5
fps step: 172188.8 fps total: 119010.9
fps step: 187781.3 fps total: 125157.9
fps step: 189496.5 fps total: 128481.4
fps step: 172797.0 fps total: 118403.5
fps step: 178230.6 fps total: 121800.1
fps step: 188302.2 fps total: 126972.2
fps step: 173937.7 fps total: 120076.8
=> saving checkpoint 'runs/HumanoidAMP_08-20-37-18/nn/HumanoidAMP_08-20-37-19_3600.pth'
fps step: 192300.4 fps total: 127473.9
fps step: 189159.3 fps total: 128095.3
fps step: 191700.8 fps total: 129729.3
fps step: 184467.6 fps total: 124578.9
fps step: 188795.2 fps total: 128283.1
fps step: 181327.0 fps total: 122843.4
fps step: 191851.8 fps total: 129028.7
fps step: 190192.8 fps total: 128122.2
fps step: 191711.3 fps total: 129467.7
fps step: 194764.2 fps total: 131146.4
fps step: 193953.0 fps total: 129314.2
fps step: 173622.7 fps total: 117951.9
fps step: 170033.3 fps total: 117340.6
fps step: 149284.5 fps total: 107316.8
fps step: 174917.7 fps total: 119869.6
fps step: 182716.9 fps total: 123711.3
fps step: 194422.3 fps total: 129141.5
fps step: 194477.2 fps total: 128984.4
fps step: 193708.4 fps total: 129262.1
fps step: 183556.9 fps total: 125447.3
fps step: 195303.2 fps total: 131531.0
fps step: 192180.2 fps total: 129923.5
fps step: 192990.4 fps total: 130019.5
fps step: 194923.0 fps total: 130671.4
fps step: 195889.4 fps total: 130853.0
fps step: 169852.7 fps total: 119288.0
fps step: 194409.2 fps total: 131103.3
fps step: 173039.8 fps total: 118887.7
fps step: 154423.6 fps total: 109386.6
fps step: 168563.1 fps total: 117873.3
fps step: 184212.4 fps total: 124482.4
fps step: 169247.1 fps total: 116960.0
fps step: 176194.3 fps total: 118769.5
fps step: 167080.6 fps total: 116276.6
fps step: 194732.2 fps total: 130849.8
fps step: 184886.7 fps total: 123467.6
fps step: 190827.4 fps total: 127799.5
fps step: 192352.3 fps total: 129095.8
fps step: 175453.7 fps total: 119697.2
fps step: 190866.0 fps total: 127274.7
fps step: 180032.5 fps total: 122175.0
fps step: 167406.0 fps total: 115559.3
fps step: 178151.3 fps total: 121766.2
fps step: 167910.9 fps total: 116728.4
fps step: 147344.3 fps total: 107390.0
fps step: 178493.3 fps total: 121794.1
fps step: 195382.3 fps total: 130148.9
fps step: 186277.7 fps total: 126485.4
fps step: 161709.2 fps total: 113620.0
fps step: 188625.6 fps total: 127558.8
=> saving checkpoint 'runs/HumanoidAMP_08-20-37-18/nn/HumanoidAMP_08-20-37-19_3650.pth'
fps step: 178706.0 fps total: 122871.5
fps step: 183320.5 fps total: 124095.9
fps step: 192565.0 fps total: 128398.8
fps step: 188740.9 fps total: 124386.4
fps step: 179987.0 fps total: 123698.2
fps step: 194925.4 fps total: 131113.7
fps step: 185663.2 fps total: 123403.4
fps step: 193973.5 fps total: 126899.4
fps step: 186759.8 fps total: 126465.9
fps step: 194798.6 fps total: 130601.4
fps step: 186019.9 fps total: 124328.8
fps step: 188758.9 fps total: 126172.7
fps step: 165404.5 fps total: 111579.7
fps step: 165984.7 fps total: 115450.5
fps step: 192796.4 fps total: 128728.2
fps step: 195208.5 fps total: 131379.7
fps step: 180176.6 fps total: 123117.0
fps step: 174892.5 fps total: 120108.4
fps step: 192606.7 fps total: 129227.3
fps step: 188688.4 fps total: 126532.5
fps step: 188397.7 fps total: 127951.4
fps step: 194086.9 fps total: 129939.7
fps step: 194769.6 fps total: 129904.0
fps step: 192288.6 fps total: 128082.5
fps step: 194841.4 fps total: 131106.6
fps step: 192630.1 fps total: 129701.2
fps step: 188328.0 fps total: 127916.9
fps step: 189938.1 fps total: 128496.6
fps step: 193580.9 fps total: 130282.9
fps step: 182996.5 fps total: 124122.8
fps step: 185312.5 fps total: 125796.6
fps step: 193286.6 fps total: 130412.9
fps step: 190998.3 fps total: 125093.8
fps step: 160189.6 fps total: 111711.6
fps step: 183477.7 fps total: 124109.4
fps step: 187146.5 fps total: 127147.1
fps step: 169241.7 fps total: 117472.9
fps step: 153761.9 fps total: 110408.3
fps step: 152976.0 fps total: 110622.8
fps step: 160018.6 fps total: 114350.0
fps step: 161929.6 fps total: 114639.1
fps step: 167700.6 fps total: 116294.6
fps step: 183459.1 fps total: 125141.8
fps step: 196023.8 fps total: 127903.0
fps step: 194840.1 fps total: 127850.4
fps step: 191954.0 fps total: 128211.1
fps step: 195487.8 fps total: 127606.1
fps step: 188001.5 fps total: 126316.0
fps step: 194151.7 fps total: 130866.3
fps step: 196093.0 fps total: 131252.4
=> saving checkpoint 'runs/HumanoidAMP_08-20-37-18/nn/HumanoidAMP_08-20-37-19_3700.pth'
fps step: 194994.0 fps total: 131281.4
fps step: 194853.8 fps total: 131120.7
fps step: 193814.8 fps total: 130918.3
fps step: 195603.4 fps total: 129133.2
fps step: 161338.8 fps total: 113089.3
fps step: 143718.4 fps total: 103930.5
fps step: 147831.4 fps total: 107814.7
fps step: 191031.4 fps total: 128901.3
fps step: 194552.6 fps total: 131218.8
fps step: 193751.2 fps total: 130614.2
fps step: 193945.6 fps total: 130542.8
fps step: 189451.2 fps total: 128010.7
fps step: 176140.0 fps total: 120737.6
fps step: 190753.6 fps total: 129301.7
fps step: 194526.6 fps total: 130967.8
fps step: 194761.2 fps total: 131101.6
fps step: 182866.9 fps total: 124961.7
fps step: 192859.4 fps total: 130320.2
fps step: 186888.5 fps total: 126517.7
fps step: 163817.8 fps total: 115758.7
fps step: 186296.5 fps total: 127008.6
fps step: 191721.0 fps total: 129920.4
fps step: 161732.6 fps total: 114587.8
fps step: 186938.1 fps total: 125798.6
fps step: 193482.5 fps total: 129607.7
fps step: 194210.6 fps total: 130624.0
fps step: 193617.0 fps total: 130007.5
fps step: 193508.8 fps total: 128762.2
fps step: 195092.4 fps total: 126493.4
fps step: 195994.5 fps total: 131889.9
fps step: 195436.9 fps total: 131445.4
fps step: 194085.5 fps total: 130355.4
fps step: 182194.0 fps total: 124291.0
fps step: 194497.8 fps total: 130740.5
fps step: 176464.0 fps total: 120375.9
fps step: 195766.4 fps total: 131206.9
fps step: 189297.2 fps total: 128735.7
fps step: 196962.4 fps total: 132086.2
fps step: 187831.1 fps total: 128058.7
fps step: 193445.9 fps total: 130348.9
fps step: 180955.6 fps total: 124354.7
fps step: 189068.7 fps total: 125783.6
fps step: 183759.1 fps total: 123395.6
fps step: 195636.7 fps total: 129826.6
fps step: 177901.8 fps total: 121879.0
fps step: 187784.4 fps total: 127292.6
fps step: 168122.0 fps total: 116939.2
fps step: 156427.5 fps total: 111815.9
fps step: 176270.7 fps total: 121290.4
fps step: 156178.1 fps total: 111044.1
=> saving checkpoint 'runs/HumanoidAMP_08-20-37-18/nn/HumanoidAMP_08-20-37-19_3750.pth'
fps step: 176970.1 fps total: 121966.6
fps step: 168885.8 fps total: 117410.3
fps step: 171137.1 fps total: 119279.1
fps step: 183829.2 fps total: 124226.7
fps step: 174725.9 fps total: 118042.5
fps step: 165004.2 fps total: 114619.7
fps step: 190735.4 fps total: 128724.8
fps step: 193518.9 fps total: 128914.5
fps step: 155808.6 fps total: 111495.0
fps step: 193380.2 fps total: 130416.9
fps step: 189577.5 fps total: 127292.4
fps step: 192836.4 fps total: 128841.2
fps step: 194008.0 fps total: 127116.9
fps step: 193436.1 fps total: 127409.5
fps step: 192948.1 fps total: 128994.3
fps step: 194796.1 fps total: 130857.3
fps step: 193473.9 fps total: 130057.8
fps step: 191139.1 fps total: 129328.9
fps step: 188806.9 fps total: 128498.3
fps step: 188690.9 fps total: 124963.0
fps step: 189815.9 fps total: 127130.7
fps step: 191676.2 fps total: 127913.9
fps step: 193986.5 fps total: 130434.9
fps step: 195375.4 fps total: 131236.4
fps step: 195864.4 fps total: 130805.9
fps step: 193833.3 fps total: 130444.5
fps step: 192894.9 fps total: 128943.3
fps step: 178711.7 fps total: 123016.2
fps step: 186469.7 fps total: 126391.4
fps step: 189097.2 fps total: 127003.5
fps step: 187201.9 fps total: 127577.2
fps step: 194163.5 fps total: 130814.9
fps step: 191924.8 fps total: 128945.0
fps step: 193405.2 fps total: 128530.1
fps step: 193893.2 fps total: 130083.6
fps step: 192385.8 fps total: 129312.6
fps step: 160024.9 fps total: 112721.6
fps step: 188464.1 fps total: 125719.8
fps step: 186196.4 fps total: 126068.3
fps step: 168126.1 fps total: 116869.3
fps step: 178941.6 fps total: 122226.1
fps step: 158261.0 fps total: 112846.3
fps step: 190055.2 fps total: 126807.7
fps step: 182221.9 fps total: 123634.8
fps step: 185075.7 fps total: 126093.4
fps step: 185595.6 fps total: 125368.2
fps step: 179251.1 fps total: 123305.7
fps step: 158931.7 fps total: 112869.3
fps step: 146429.0 fps total: 107162.2
fps step: 193617.3 fps total: 130411.2
=> saving checkpoint 'runs/HumanoidAMP_08-20-37-18/nn/HumanoidAMP_08-20-37-19_3800.pth'
fps step: 190791.2 fps total: 129014.7
fps step: 193936.5 fps total: 130819.5
fps step: 181843.0 fps total: 124724.8
fps step: 181502.5 fps total: 124081.5
fps step: 161277.3 fps total: 114499.2
fps step: 191357.3 fps total: 128435.0
fps step: 166860.4 fps total: 116737.8
fps step: 194390.9 fps total: 130822.1
fps step: 193290.5 fps total: 129625.7
fps step: 194406.9 fps total: 131223.7
fps step: 189855.0 fps total: 126203.2
fps step: 182456.1 fps total: 121667.2
fps step: 194734.1 fps total: 129904.7
fps step: 180264.5 fps total: 121321.5
fps step: 190588.4 fps total: 127166.9
fps step: 192715.3 fps total: 128490.1
fps step: 196345.4 fps total: 129728.7
fps step: 192417.2 fps total: 126082.8
fps step: 190399.4 fps total: 125155.6
fps step: 192875.1 fps total: 129605.6
fps step: 178218.5 fps total: 122678.6
fps step: 189837.3 fps total: 126728.5
fps step: 191326.7 fps total: 127863.5
fps step: 184368.8 fps total: 122930.8
fps step: 188884.5 fps total: 122928.8
fps step: 181028.2 fps total: 123047.2
fps step: 190137.7 fps total: 125253.1
fps step: 189219.0 fps total: 126284.3
fps step: 189212.4 fps total: 128307.9
fps step: 181271.5 fps total: 124565.9
fps step: 167301.6 fps total: 117229.6
fps step: 149325.2 fps total: 106493.0
fps step: 158169.7 fps total: 111283.2
fps step: 193391.2 fps total: 129031.9
fps step: 190588.6 fps total: 127565.9
fps step: 194391.2 fps total: 130157.4
fps step: 193883.2 fps total: 130332.1
fps step: 185091.6 fps total: 124181.1
fps step: 183534.3 fps total: 124928.5
fps step: 171911.5 fps total: 119635.6
fps step: 178942.1 fps total: 122965.2
fps step: 190227.6 fps total: 129214.3
fps step: 185632.7 fps total: 126840.1
fps step: 190382.0 fps total: 128315.9
fps step: 192662.3 fps total: 129721.0
fps step: 192027.2 fps total: 129099.5
fps step: 181760.9 fps total: 125274.5
fps step: 192500.0 fps total: 129241.5
fps step: 194769.3 fps total: 129836.9
fps step: 194000.6 fps total: 130008.5
=> saving checkpoint 'runs/HumanoidAMP_08-20-37-18/nn/HumanoidAMP_08-20-37-19_3850.pth'
fps step: 192944.3 fps total: 129614.5
fps step: 194656.6 fps total: 131004.9
fps step: 190268.8 fps total: 128824.6
fps step: 193002.1 fps total: 128531.1
fps step: 189554.1 fps total: 127567.7
fps step: 194300.1 fps total: 130488.1
fps step: 195705.7 fps total: 130574.3
fps step: 190872.7 fps total: 126449.0
fps step: 191104.3 fps total: 124119.8
fps step: 135962.9 fps total: 98544.6
fps step: 168109.4 fps total: 115657.2
fps step: 192191.4 fps total: 128206.7
fps step: 172196.6 fps total: 116029.6
fps step: 182475.4 fps total: 119407.9
fps step: 180598.1 fps total: 119470.4
fps step: 186549.0 fps total: 121430.7
fps step: 166383.0 fps total: 114321.2
fps step: 178518.1 fps total: 116739.1
fps step: 188833.1 fps total: 125130.8
fps step: 176189.4 fps total: 121553.7
fps step: 178347.8 fps total: 120963.7
fps step: 169970.2 fps total: 115850.7
fps step: 172732.2 fps total: 116589.7
fps step: 172392.4 fps total: 117111.6
fps step: 178631.3 fps total: 121706.6
fps step: 165457.1 fps total: 113095.8
fps step: 183524.5 fps total: 121864.1
fps step: 182166.6 fps total: 121718.8
fps step: 190100.9 fps total: 125456.0
fps step: 193312.4 fps total: 128507.0
fps step: 158611.5 fps total: 113068.0
fps step: 171330.4 fps total: 120314.8
fps step: 193490.4 fps total: 130593.4
fps step: 153813.7 fps total: 109608.6
fps step: 137655.4 fps total: 100494.2
fps step: 177108.5 fps total: 122655.1
fps step: 187148.1 fps total: 126541.3
fps step: 189788.0 fps total: 127659.8
fps step: 182836.8 fps total: 124036.0
fps step: 178546.8 fps total: 123612.6
fps step: 193613.5 fps total: 130455.8
fps step: 193916.7 fps total: 129315.1
fps step: 175709.2 fps total: 122386.6
fps step: 179098.2 fps total: 123209.8
fps step: 192678.9 fps total: 130039.0
fps step: 191767.0 fps total: 128156.5
fps step: 174525.2 fps total: 121454.4
fps step: 182488.4 fps total: 120751.0
fps step: 167212.8 fps total: 115852.0
fps step: 174127.0 fps total: 119062.5
=> saving checkpoint 'runs/HumanoidAMP_08-20-37-18/nn/HumanoidAMP_08-20-37-19_3900.pth'
fps step: 150846.2 fps total: 108531.3
fps step: 149910.3 fps total: 106735.9
fps step: 144251.4 fps total: 101829.0
fps step: 160172.8 fps total: 111648.5
fps step: 153162.1 fps total: 108057.1
fps step: 146691.0 fps total: 106502.9
fps step: 176633.5 fps total: 117561.6
fps step: 151158.6 fps total: 106495.7
fps step: 163687.3 fps total: 112920.8
fps step: 184670.3 fps total: 123910.5
fps step: 159049.9 fps total: 110119.7
fps step: 163382.7 fps total: 114141.6
fps step: 145673.7 fps total: 103323.3
fps step: 165302.9 fps total: 115216.3
fps step: 194174.2 fps total: 128302.1
fps step: 175626.9 fps total: 120067.4
fps step: 161106.9 fps total: 114272.6
fps step: 174742.7 fps total: 121616.3
fps step: 164067.1 fps total: 113572.9
fps step: 193551.0 fps total: 126954.0
fps step: 192556.4 fps total: 126296.2
fps step: 194702.8 fps total: 127999.2
fps step: 193158.3 fps total: 127501.3
fps step: 192351.0 fps total: 127179.1
fps step: 191561.4 fps total: 129558.6
fps step: 176345.5 fps total: 119845.3
fps step: 149420.3 fps total: 106935.4
fps step: 169181.1 fps total: 118422.9
fps step: 194260.4 fps total: 130481.4
fps step: 170011.0 fps total: 117617.9
fps step: 160050.2 fps total: 112196.3
fps step: 160724.9 fps total: 113839.5
fps step: 185128.2 fps total: 126957.5
fps step: 177491.5 fps total: 122904.2
fps step: 182901.7 fps total: 125160.7
fps step: 192075.4 fps total: 128662.0
fps step: 193466.6 fps total: 128309.9
fps step: 190130.3 fps total: 128102.2
fps step: 194193.6 fps total: 129847.4
fps step: 185789.5 fps total: 126868.1
fps step: 190538.6 fps total: 126321.8
fps step: 193412.8 fps total: 128991.9
fps step: 192954.7 fps total: 130184.0
fps step: 187528.0 fps total: 125059.0
fps step: 182081.8 fps total: 119268.5
fps step: 193624.5 fps total: 129801.3
fps step: 162600.4 fps total: 113233.3
fps step: 178409.4 fps total: 119339.9
fps step: 167298.5 fps total: 117134.0
fps step: 145805.4 fps total: 106513.2
=> saving checkpoint 'runs/HumanoidAMP_08-20-37-18/nn/HumanoidAMP_08-20-37-19_3950.pth'
fps step: 194205.2 fps total: 128918.3
fps step: 193975.7 fps total: 127567.1
fps step: 159388.3 fps total: 108845.7
fps step: 157853.9 fps total: 109340.4
fps step: 153310.7 fps total: 108129.4
fps step: 156613.8 fps total: 109250.5
fps step: 166139.0 fps total: 115008.0
fps step: 150507.1 fps total: 107687.9
fps step: 178367.3 fps total: 121483.5
fps step: 167851.5 fps total: 116921.5
fps step: 176107.5 fps total: 121880.6
fps step: 163082.6 fps total: 114893.2
fps step: 161690.3 fps total: 114420.0
fps step: 154233.3 fps total: 107221.3
fps step: 156035.2 fps total: 110951.9
fps step: 168882.8 fps total: 115744.5
fps step: 156365.2 fps total: 111398.0
fps step: 137956.1 fps total: 99843.7
fps step: 185767.0 fps total: 123381.0
fps step: 146062.9 fps total: 102945.0
fps step: 174197.1 fps total: 121086.4
fps step: 151552.3 fps total: 107847.4
fps step: 171054.9 fps total: 118972.4
fps step: 180037.8 fps total: 121938.6
fps step: 188596.9 fps total: 128132.0
fps step: 178535.5 fps total: 122324.2
fps step: 164907.8 fps total: 116167.7
fps step: 172089.0 fps total: 117175.4
fps step: 169887.5 fps total: 115103.3
fps step: 171933.8 fps total: 117985.5
fps step: 181542.3 fps total: 123037.7
fps step: 157150.0 fps total: 111077.8
fps step: 160396.0 fps total: 111936.4
fps step: 175939.5 fps total: 119762.6
fps step: 191802.4 fps total: 127822.5
fps step: 186022.9 fps total: 126708.0
fps step: 186324.6 fps total: 125166.5
fps step: 154519.3 fps total: 107393.1
fps step: 193266.9 fps total: 127892.4
fps step: 194752.5 fps total: 131347.6
fps step: 193947.5 fps total: 130767.2
fps step: 194719.8 fps total: 130841.3
fps step: 193441.3 fps total: 130392.2
fps step: 188724.1 fps total: 127945.3
fps step: 187053.5 fps total: 124402.9
fps step: 195965.1 fps total: 130799.8
fps step: 190178.9 fps total: 128984.5
fps step: 194936.4 fps total: 131399.6
fps step: 191955.9 fps total: 129884.2
fps step: 194238.6 fps total: 130426.4
=> saving checkpoint 'runs/HumanoidAMP_08-20-37-18/nn/HumanoidAMP_08-20-37-19_4000.pth'
fps step: 193383.2 fps total: 129140.2
fps step: 195078.6 fps total: 131046.0
fps step: 190806.2 fps total: 128982.3
fps step: 194117.1 fps total: 130300.4
fps step: 188961.9 fps total: 128238.4
fps step: 188599.9 fps total: 127833.6
fps step: 182487.1 fps total: 125172.4
fps step: 171233.5 fps total: 117378.0
fps step: 190553.2 fps total: 125709.8
fps step: 190595.7 fps total: 126128.3
fps step: 181769.9 fps total: 122029.0
fps step: 184758.0 fps total: 120503.7
fps step: 162366.5 fps total: 113619.7
fps step: 156074.2 fps total: 111804.5
fps step: 184057.9 fps total: 124037.6
fps step: 160101.2 fps total: 112593.9
fps step: 165134.4 fps total: 113770.2
fps step: 159667.0 fps total: 111939.7
fps step: 166502.7 fps total: 115666.4
fps step: 176893.3 fps total: 120678.0
fps step: 161678.1 fps total: 114834.2
fps step: 194032.9 fps total: 131031.5
fps step: 192994.6 fps total: 127442.8
fps step: 152677.7 fps total: 105104.9
fps step: 176958.7 fps total: 122524.5
fps step: 193303.1 fps total: 130252.3
fps step: 161016.9 fps total: 113527.4
fps step: 181845.2 fps total: 122903.7
fps step: 185563.2 fps total: 125931.2
fps step: 169249.7 fps total: 117880.7
fps step: 159113.3 fps total: 111932.7
fps step: 159553.6 fps total: 113744.6
fps step: 138928.9 fps total: 100383.3
fps step: 153651.7 fps total: 109515.0
fps step: 191767.6 fps total: 128761.7
fps step: 195096.4 fps total: 131058.4
fps step: 192123.3 fps total: 129141.2
fps step: 160009.1 fps total: 111247.3
fps step: 161132.4 fps total: 113043.2
fps step: 148217.6 fps total: 106703.5
fps step: 163975.9 fps total: 110579.9
fps step: 163198.0 fps total: 111697.2
fps step: 156853.3 fps total: 109711.9
fps step: 150815.9 fps total: 108452.1
fps step: 151352.0 fps total: 104682.4
fps step: 188833.5 fps total: 124481.8
fps step: 154107.7 fps total: 107741.3
fps step: 153361.7 fps total: 110433.2
fps step: 192812.6 fps total: 128428.9
fps step: 192309.7 fps total: 129304.6
=> saving checkpoint 'runs/HumanoidAMP_08-20-37-18/nn/HumanoidAMP_08-20-37-19_4050.pth'
fps step: 185806.5 fps total: 123623.0
fps step: 188921.2 fps total: 120337.5
fps step: 180992.9 fps total: 122883.7
fps step: 167609.7 fps total: 116422.7
fps step: 170661.6 fps total: 116557.3
fps step: 188965.5 fps total: 124563.6
fps step: 180124.0 fps total: 118936.2
fps step: 182509.9 fps total: 122541.6
fps step: 186446.0 fps total: 125524.1
fps step: 179815.9 fps total: 121158.0
fps step: 172761.7 fps total: 118809.1
fps step: 169068.0 fps total: 118011.3
fps step: 195028.5 fps total: 128711.9
fps step: 180244.7 fps total: 123725.6
fps step: 188327.9 fps total: 126704.6
fps step: 159633.5 fps total: 113593.6
fps step: 191824.3 fps total: 129660.1
fps step: 192900.7 fps total: 129864.7
fps step: 190259.3 fps total: 126455.1
fps step: 187005.6 fps total: 123868.1
fps step: 191959.3 fps total: 129469.7
fps step: 193409.1 fps total: 130390.0
fps step: 194631.0 fps total: 130810.2
fps step: 194553.8 fps total: 131186.3
fps step: 193852.8 fps total: 130854.5
fps step: 194854.2 fps total: 131176.1
fps step: 192073.0 fps total: 129751.3
fps step: 167869.0 fps total: 117446.8
fps step: 186195.7 fps total: 127217.8
fps step: 161838.5 fps total: 114087.5
fps step: 172806.9 fps total: 116407.7
fps step: 186267.1 fps total: 122757.8
fps step: 187609.7 fps total: 124178.5
fps step: 183739.8 fps total: 124013.1
fps step: 185764.3 fps total: 124094.4
fps step: 176569.9 fps total: 119388.1
fps step: 189946.0 fps total: 125502.1
fps step: 184935.3 fps total: 123393.8
fps step: 189671.3 fps total: 126972.7
fps step: 187310.5 fps total: 124689.2
fps step: 186868.3 fps total: 124972.1
fps step: 179882.6 fps total: 122750.1
fps step: 161406.4 fps total: 113797.7
fps step: 183187.1 fps total: 124041.8
fps step: 167856.3 fps total: 116649.1
fps step: 184825.2 fps total: 124714.7
fps step: 175274.0 fps total: 120599.6
fps step: 177312.8 fps total: 120534.7
fps step: 170946.9 fps total: 117697.7
fps step: 169909.3 fps total: 118248.7
=> saving checkpoint 'runs/HumanoidAMP_08-20-37-18/nn/HumanoidAMP_08-20-37-19_4100.pth'
fps step: 178084.6 fps total: 122295.8
fps step: 177808.2 fps total: 121892.1
fps step: 155147.4 fps total: 109887.2
fps step: 160312.6 fps total: 112816.4
fps step: 157595.5 fps total: 112684.3
fps step: 173652.8 fps total: 119465.7
fps step: 193008.7 fps total: 130015.8
fps step: 179288.1 fps total: 121427.7
fps step: 192909.0 fps total: 128997.8
fps step: 186212.3 fps total: 125324.0
fps step: 186896.9 fps total: 125708.7
fps step: 184344.5 fps total: 125319.1
fps step: 147865.1 fps total: 105999.6
fps step: 161187.3 fps total: 111381.4
fps step: 161693.7 fps total: 112940.0
fps step: 192166.3 fps total: 126137.4
fps step: 193339.9 fps total: 128559.6
fps step: 192925.9 fps total: 128824.2
fps step: 194968.4 fps total: 130736.7
fps step: 182126.5 fps total: 122642.6
fps step: 162118.3 fps total: 114989.1
fps step: 191730.9 fps total: 129140.5
fps step: 193383.2 fps total: 129682.2
fps step: 193524.9 fps total: 130097.7
fps step: 193455.7 fps total: 129000.9
fps step: 190508.9 fps total: 126871.7
fps step: 154399.5 fps total: 111303.7
fps step: 191402.8 fps total: 129210.6
fps step: 150146.0 fps total: 106547.0
fps step: 182711.4 fps total: 124838.1
fps step: 160271.4 fps total: 113860.0
fps step: 176408.0 fps total: 121056.2
fps step: 167169.5 fps total: 117618.4
fps step: 182548.9 fps total: 122259.0
fps step: 179033.9 fps total: 122079.1
fps step: 167889.6 fps total: 118146.1
fps step: 191982.1 fps total: 130053.5
fps step: 188220.6 fps total: 127831.8
fps step: 192703.4 fps total: 130234.9
fps step: 192828.2 fps total: 130267.3
fps step: 194385.7 fps total: 131048.8
fps step: 191268.0 fps total: 129325.9
fps step: 193093.8 fps total: 130625.7
fps step: 192258.3 fps total: 129808.1
fps step: 193370.2 fps total: 129519.9
fps step: 190037.5 fps total: 123704.0
fps step: 176762.4 fps total: 122005.8
fps step: 183912.1 fps total: 122899.0
fps step: 186408.1 fps total: 124554.6
fps step: 175267.2 fps total: 121406.9
=> saving checkpoint 'runs/HumanoidAMP_08-20-37-18/nn/HumanoidAMP_08-20-37-19_4150.pth'
fps step: 156739.6 fps total: 112445.7
fps step: 192067.3 fps total: 129884.6
fps step: 189619.5 fps total: 128786.0
fps step: 186305.2 fps total: 126962.3
fps step: 184327.7 fps total: 126244.0
fps step: 186979.8 fps total: 126952.7
fps step: 165461.0 fps total: 117193.6
fps step: 148425.4 fps total: 107168.6
fps step: 176540.9 fps total: 122094.4
fps step: 179813.9 fps total: 122854.4
fps step: 192057.4 fps total: 128039.9
fps step: 193672.0 fps total: 128561.3
fps step: 179019.1 fps total: 121920.4
fps step: 167416.7 fps total: 114044.4
fps step: 142742.7 fps total: 102220.3
fps step: 160117.5 fps total: 109724.5
fps step: 153213.9 fps total: 107909.0
fps step: 179806.1 fps total: 123023.2
fps step: 191509.3 fps total: 129670.8
fps step: 187110.9 fps total: 125235.9
fps step: 193380.4 fps total: 130144.1
fps step: 191903.9 fps total: 129398.2
fps step: 193249.5 fps total: 130291.5
fps step: 194497.4 fps total: 130911.0
fps step: 191648.2 fps total: 129398.1
fps step: 190127.8 fps total: 128435.5
fps step: 181096.9 fps total: 121273.5
fps step: 165091.1 fps total: 114885.2
fps step: 179162.5 fps total: 122535.1
fps step: 170483.3 fps total: 118501.2
fps step: 186558.6 fps total: 127018.7
fps step: 191073.5 fps total: 129679.6
fps step: 166687.9 fps total: 115970.8
fps step: 176571.2 fps total: 120118.3
fps step: 158633.0 fps total: 113158.7
fps step: 182420.2 fps total: 123885.9
fps step: 162862.3 fps total: 115169.4
fps step: 174127.3 fps total: 119474.2
fps step: 181593.9 fps total: 122053.8
fps step: 169392.3 fps total: 116762.8
fps step: 164070.6 fps total: 115777.1
fps step: 188810.5 fps total: 128143.4
fps step: 194376.5 fps total: 129011.5
fps step: 191593.5 fps total: 129235.6
fps step: 191602.1 fps total: 128674.0
fps step: 173245.2 fps total: 117027.4
fps step: 190933.4 fps total: 128844.0
fps step: 187795.7 fps total: 127911.7
fps step: 191632.8 fps total: 127685.9
fps step: 188930.3 fps total: 128528.4
=> saving checkpoint 'runs/HumanoidAMP_08-20-37-18/nn/HumanoidAMP_08-20-37-19_4200.pth'
fps step: 194157.9 fps total: 130696.5
fps step: 192578.9 fps total: 129045.8
fps step: 192891.6 fps total: 128724.1
fps step: 157517.3 fps total: 113069.5
fps step: 191293.1 fps total: 127821.2
fps step: 191427.6 fps total: 126468.4
fps step: 191885.9 fps total: 129852.3
fps step: 177301.9 fps total: 122402.2
fps step: 191055.9 fps total: 127809.8
fps step: 189380.0 fps total: 128706.2
fps step: 192523.6 fps total: 130322.4
fps step: 191522.3 fps total: 129079.3
fps step: 191081.7 fps total: 128878.0
fps step: 193987.1 fps total: 128204.7
fps step: 185537.4 fps total: 126567.1
fps step: 160025.0 fps total: 112529.8
fps step: 161016.3 fps total: 112272.6
fps step: 146291.3 fps total: 104704.1
fps step: 184539.0 fps total: 124784.4
fps step: 193464.1 fps total: 130249.1
fps step: 190618.3 fps total: 129358.9
fps step: 193053.5 fps total: 130550.1
fps step: 193209.6 fps total: 130442.0
fps step: 192593.2 fps total: 130079.2
fps step: 190938.4 fps total: 127927.3
fps step: 189067.4 fps total: 128233.5
fps step: 193947.5 fps total: 130926.0
fps step: 192576.2 fps total: 130030.5
fps step: 194370.4 fps total: 131110.6
fps step: 193052.0 fps total: 130376.2
fps step: 188432.6 fps total: 125600.8
fps step: 178323.8 fps total: 122588.3
fps step: 173134.2 fps total: 118353.4
fps step: 174149.8 fps total: 120042.6
fps step: 186293.6 fps total: 125781.4
fps step: 170529.6 fps total: 117774.8
fps step: 193534.3 fps total: 130146.8
fps step: 194962.1 fps total: 130756.7
fps step: 188241.0 fps total: 124940.8
fps step: 190491.9 fps total: 126420.9
fps step: 194460.6 fps total: 128368.1
fps step: 195233.0 fps total: 131779.2
fps step: 192269.6 fps total: 129930.8
fps step: 194021.1 fps total: 130910.3
fps step: 187772.1 fps total: 122457.1
fps step: 181536.4 fps total: 121675.1
fps step: 189542.5 fps total: 128715.1
fps step: 190900.4 fps total: 127469.9
fps step: 178365.4 fps total: 123335.6
fps step: 182755.8 fps total: 125426.9
=> saving checkpoint 'runs/HumanoidAMP_08-20-37-18/nn/HumanoidAMP_08-20-37-19_4250.pth'
fps step: 170164.5 fps total: 118211.5
fps step: 172440.4 fps total: 117960.9
fps step: 168212.0 fps total: 116818.6
fps step: 179139.0 fps total: 123517.2
fps step: 192361.4 fps total: 130363.0
fps step: 189866.8 fps total: 127752.4
fps step: 190338.0 fps total: 124788.0
fps step: 189634.4 fps total: 126263.4
fps step: 188162.7 fps total: 126919.5
fps step: 192243.7 fps total: 127533.6
fps step: 193665.2 fps total: 129429.9
fps step: 191366.5 fps total: 129554.3
fps step: 189845.1 fps total: 127979.1
fps step: 170488.0 fps total: 112891.4
fps step: 171066.3 fps total: 116359.3
fps step: 154973.0 fps total: 108265.6
fps step: 190951.1 fps total: 127551.7
fps step: 192185.4 fps total: 126716.6
fps step: 193324.1 fps total: 128046.9
fps step: 169937.0 fps total: 117043.8
fps step: 157574.9 fps total: 110542.1
fps step: 166474.4 fps total: 115204.8
fps step: 161352.6 fps total: 108354.2
fps step: 184397.2 fps total: 125945.8
fps step: 189848.4 fps total: 129107.4
fps step: 188332.8 fps total: 128119.4
fps step: 167238.0 fps total: 117335.1
fps step: 169013.1 fps total: 117908.0
fps step: 168195.9 fps total: 116729.8
fps step: 156789.7 fps total: 112093.1
fps step: 191399.2 fps total: 129712.7
fps step: 181501.5 fps total: 122202.7
fps step: 150200.8 fps total: 107390.0
fps step: 139645.6 fps total: 101282.8
fps step: 178381.9 fps total: 122535.2
fps step: 175303.4 fps total: 119027.5
fps step: 193054.5 fps total: 128792.4
fps step: 189934.7 fps total: 128337.8
fps step: 193628.5 fps total: 126829.0
fps step: 168848.9 fps total: 116740.8
fps step: 159387.5 fps total: 112990.1
fps step: 170839.1 fps total: 115640.7
fps step: 187723.8 fps total: 127726.0
fps step: 189349.8 fps total: 126507.2
fps step: 170255.4 fps total: 116654.7
fps step: 163337.8 fps total: 113509.0
fps step: 167255.3 fps total: 116396.3
fps step: 162884.2 fps total: 114144.8
fps step: 178716.5 fps total: 118720.7
fps step: 182808.7 fps total: 121263.2
=> saving checkpoint 'runs/HumanoidAMP_08-20-37-18/nn/HumanoidAMP_08-20-37-19_4300.pth'
fps step: 172739.5 fps total: 116269.4
fps step: 167045.3 fps total: 112392.2
fps step: 164499.3 fps total: 112777.0
fps step: 157102.4 fps total: 111260.7
fps step: 151248.5 fps total: 106599.7
fps step: 174811.7 fps total: 119504.5
fps step: 166631.0 fps total: 110352.0
fps step: 158424.2 fps total: 111149.7
fps step: 153747.8 fps total: 108999.7
fps step: 189474.8 fps total: 125293.6
fps step: 193459.6 fps total: 128989.8
fps step: 178180.7 fps total: 121811.3
fps step: 190552.9 fps total: 129311.2
fps step: 190135.6 fps total: 128962.1
fps step: 193620.6 fps total: 130827.1
fps step: 188439.9 fps total: 127672.0
fps step: 191599.9 fps total: 127464.8
fps step: 190574.8 fps total: 128537.2
fps step: 189764.1 fps total: 126354.2
fps step: 150565.9 fps total: 108663.8
fps step: 140485.9 fps total: 101873.5
fps step: 166648.4 fps total: 115698.9
fps step: 186976.8 fps total: 125609.8
fps step: 165299.4 fps total: 116573.9
fps step: 166683.5 fps total: 117115.3
fps step: 191861.3 fps total: 129442.2
fps step: 171330.6 fps total: 116404.9
fps step: 152135.5 fps total: 104711.0
fps step: 164324.4 fps total: 112234.3
fps step: 164755.1 fps total: 112623.6
fps step: 173884.9 fps total: 115219.1
fps step: 171699.6 fps total: 117329.9
fps step: 168943.2 fps total: 117696.9
fps step: 168953.4 fps total: 113115.6
fps step: 169393.5 fps total: 117650.1
fps step: 169050.9 fps total: 114941.3
fps step: 177797.8 fps total: 117543.3
fps step: 180444.6 fps total: 122663.8
fps step: 175818.2 fps total: 120566.6
fps step: 179405.4 fps total: 120238.1
fps step: 173375.7 fps total: 116644.5
fps step: 164787.0 fps total: 112820.9
fps step: 157699.2 fps total: 108801.2
fps step: 189347.1 fps total: 128412.1
fps step: 189531.6 fps total: 126497.0
fps step: 168040.9 fps total: 118589.4
fps step: 176296.8 fps total: 122249.4
fps step: 153411.0 fps total: 108495.5
fps step: 192339.9 fps total: 130127.0
fps step: 190212.1 fps total: 128641.7
=> saving checkpoint 'runs/HumanoidAMP_08-20-37-18/nn/HumanoidAMP_08-20-37-19_4350.pth'
fps step: 189539.2 fps total: 127321.3
fps step: 193159.7 fps total: 130329.2
fps step: 191726.2 fps total: 128279.8
fps step: 189829.5 fps total: 128896.4
fps step: 192943.4 fps total: 130498.0
fps step: 192020.8 fps total: 129800.8
fps step: 193878.6 fps total: 130258.5
fps step: 181087.5 fps total: 124246.8
fps step: 192149.3 fps total: 126673.4
fps step: 187757.6 fps total: 126357.1
fps step: 184817.7 fps total: 125933.5
fps step: 188952.5 fps total: 126186.6
fps step: 177402.0 fps total: 122054.9
fps step: 186867.3 fps total: 123687.3
fps step: 184759.8 fps total: 126275.6
fps step: 181306.6 fps total: 121929.5
fps step: 186484.3 fps total: 125686.3
fps step: 193921.0 fps total: 128072.3
fps step: 173864.3 fps total: 117249.0
fps step: 176171.7 fps total: 122632.9
fps step: 185578.7 fps total: 125214.0
fps step: 190802.5 fps total: 127128.5
fps step: 188818.3 fps total: 128390.9
fps step: 193907.0 fps total: 127877.4
fps step: 193139.3 fps total: 130298.7
fps step: 194789.6 fps total: 130842.5
fps step: 162115.4 fps total: 113182.2
fps step: 149348.9 fps total: 106858.6
fps step: 153949.6 fps total: 109045.2
fps step: 194848.4 fps total: 131112.7
fps step: 192678.4 fps total: 129841.8
fps step: 188712.4 fps total: 128224.4
fps step: 193699.8 fps total: 130604.0
fps step: 193505.0 fps total: 129954.5
fps step: 187573.9 fps total: 123957.0
fps step: 163652.6 fps total: 115628.7
fps step: 193279.1 fps total: 129844.1
fps step: 171160.5 fps total: 119172.5
fps step: 188177.7 fps total: 128302.2
fps step: 153753.0 fps total: 109555.6
fps step: 153258.5 fps total: 110643.5
fps step: 191494.8 fps total: 129420.6
fps step: 194386.1 fps total: 130633.2
fps step: 192031.0 fps total: 127079.6
fps step: 156978.3 fps total: 111393.7
fps step: 166190.8 fps total: 115540.9
fps step: 175920.4 fps total: 118541.6
fps step: 179516.1 fps total: 124210.3
fps step: 190615.1 fps total: 123633.2
fps step: 182250.2 fps total: 121209.0
=> saving checkpoint 'runs/HumanoidAMP_08-20-37-18/nn/HumanoidAMP_08-20-37-19_4400.pth'
fps step: 170217.0 fps total: 118712.4
fps step: 182041.7 fps total: 124552.2
fps step: 185591.9 fps total: 126364.2
fps step: 166939.2 fps total: 116882.3
fps step: 170484.3 fps total: 115893.6
fps step: 156724.9 fps total: 108840.3
fps step: 191400.1 fps total: 128739.4
fps step: 150853.7 fps total: 105572.9
fps step: 158313.2 fps total: 111528.7
fps step: 188353.6 fps total: 127922.8
fps step: 195433.9 fps total: 131190.7
fps step: 194360.6 fps total: 130191.0
fps step: 192568.4 fps total: 130110.1
fps step: 187221.4 fps total: 124090.9
fps step: 181853.1 fps total: 122396.3
fps step: 159338.3 fps total: 108823.7
fps step: 184767.9 fps total: 123895.0
fps step: 192381.5 fps total: 130380.2
fps step: 190603.4 fps total: 128883.8
fps step: 193646.2 fps total: 129946.6
fps step: 191786.7 fps total: 127759.0
fps step: 193834.1 fps total: 130151.8
fps step: 188830.8 fps total: 126517.6
fps step: 157704.6 fps total: 111033.8
fps step: 175648.7 fps total: 118702.1
fps step: 168260.8 fps total: 116382.1
fps step: 167201.9 fps total: 115999.5
fps step: 193019.8 fps total: 129748.7
fps step: 189815.4 fps total: 128715.9
fps step: 191331.1 fps total: 129592.9
fps step: 192774.3 fps total: 130347.8
fps step: 194226.8 fps total: 130875.9
fps step: 192717.6 fps total: 128933.3
fps step: 184628.8 fps total: 126129.8
fps step: 189559.9 fps total: 127984.7
fps step: 171190.1 fps total: 118003.2
fps step: 181320.9 fps total: 123239.3
fps step: 169726.6 fps total: 118366.3
fps step: 192685.7 fps total: 126804.3
fps step: 193013.1 fps total: 126760.0
fps step: 172872.7 fps total: 118028.2
fps step: 189777.2 fps total: 128449.8
fps step: 190286.1 fps total: 129043.5
fps step: 175353.5 fps total: 119580.5
fps step: 173692.7 fps total: 119870.6
fps step: 179739.1 fps total: 122676.5
fps step: 156903.3 fps total: 112584.8
fps step: 186232.9 fps total: 127354.0
fps step: 167601.1 fps total: 114573.7
fps step: 191771.4 fps total: 129421.9
=> saving checkpoint 'runs/HumanoidAMP_08-20-37-18/nn/HumanoidAMP_08-20-37-19_4450.pth'
fps step: 191937.2 fps total: 128972.0
fps step: 167861.0 fps total: 117956.1
fps step: 153253.9 fps total: 108979.3
fps step: 190210.1 fps total: 128960.6
fps step: 184917.6 fps total: 126636.7
fps step: 183768.0 fps total: 123905.4
fps step: 173854.4 fps total: 120323.2
fps step: 190882.8 fps total: 129135.4
fps step: 187229.6 fps total: 127443.2
fps step: 190164.2 fps total: 128875.0
fps step: 177435.6 fps total: 122823.8
fps step: 181063.0 fps total: 121475.8
fps step: 168385.5 fps total: 118355.1
fps step: 173673.6 fps total: 119447.5
fps step: 176440.1 fps total: 119970.3
fps step: 182466.8 fps total: 124484.1
fps step: 181468.1 fps total: 124732.2
fps step: 190607.7 fps total: 128961.1
fps step: 192077.4 fps total: 130103.0
fps step: 178225.9 fps total: 122123.3
fps step: 181812.1 fps total: 124067.5
fps step: 177770.6 fps total: 121857.8
fps step: 180445.3 fps total: 122569.9
fps step: 185882.9 fps total: 125545.8
fps step: 175429.4 fps total: 121504.1
fps step: 190639.2 fps total: 128750.4
fps step: 192593.1 fps total: 130113.1
fps step: 194174.9 fps total: 130774.4
fps step: 191281.7 fps total: 126190.0
fps step: 192436.0 fps total: 128913.9
fps step: 164599.7 fps total: 115109.5
fps step: 191106.1 fps total: 129164.4
fps step: 184266.3 fps total: 124987.7
fps step: 188046.6 fps total: 128194.2
fps step: 182040.4 fps total: 125344.2
fps step: 189829.7 fps total: 126367.3
fps step: 159891.8 fps total: 112537.7
fps step: 178483.7 fps total: 118781.4
fps step: 173974.5 fps total: 120930.3
fps step: 180137.8 fps total: 123600.3
fps step: 192721.2 fps total: 130252.3
fps step: 194112.9 fps total: 130534.7
fps step: 191200.7 fps total: 129458.5
fps step: 192088.1 fps total: 129289.8
fps step: 192024.2 fps total: 129133.8
fps step: 182904.7 fps total: 125524.9
fps step: 194741.8 fps total: 126792.3
fps step: 187560.6 fps total: 127416.7
fps step: 184038.8 fps total: 124756.4
fps step: 173870.9 fps total: 116866.1
=> saving checkpoint 'runs/HumanoidAMP_08-20-37-18/nn/HumanoidAMP_08-20-37-19_4500.pth'
fps step: 168047.7 fps total: 116892.6
fps step: 157507.0 fps total: 110063.1
fps step: 191390.4 fps total: 128085.9
fps step: 192197.2 fps total: 129355.5
fps step: 172889.7 fps total: 116087.3
fps step: 188347.7 fps total: 127879.3
fps step: 173023.9 fps total: 120040.1
fps step: 188335.5 fps total: 127109.9
fps step: 189403.5 fps total: 126071.2
fps step: 193134.0 fps total: 129908.7
fps step: 193377.4 fps total: 130599.7
fps step: 191241.5 fps total: 128884.5
fps step: 191651.8 fps total: 128705.1
fps step: 188758.1 fps total: 128385.7
fps step: 179264.8 fps total: 124028.6
fps step: 172653.4 fps total: 118941.5
fps step: 179977.1 fps total: 123748.5
fps step: 183690.7 fps total: 125767.0
fps step: 183297.6 fps total: 125313.2
fps step: 190625.9 fps total: 128627.8
fps step: 187386.8 fps total: 127173.6
fps step: 179302.9 fps total: 121885.0
fps step: 164152.4 fps total: 115329.0
fps step: 143340.9 fps total: 104596.5
fps step: 192597.5 fps total: 129749.5
fps step: 191169.9 fps total: 127961.1
fps step: 192617.1 fps total: 128767.0
fps step: 186468.9 fps total: 126773.3
fps step: 188730.4 fps total: 126468.9
fps step: 172797.0 fps total: 119277.9
fps step: 180375.0 fps total: 123530.9
fps step: 169507.0 fps total: 117984.5
fps step: 155419.2 fps total: 111317.3
fps step: 174160.2 fps total: 120468.7
fps step: 179640.0 fps total: 124005.8
fps step: 188057.2 fps total: 128108.3
fps step: 175733.6 fps total: 120040.0
fps step: 186605.6 fps total: 125989.2
fps step: 170611.9 fps total: 119207.1
fps step: 184580.4 fps total: 124400.4
fps step: 182467.8 fps total: 123257.2
fps step: 188167.2 fps total: 126685.4
fps step: 166856.9 fps total: 117241.2
fps step: 192334.6 fps total: 127314.3
fps step: 190851.8 fps total: 124422.1
fps step: 192941.2 fps total: 126502.9
fps step: 189610.6 fps total: 126175.7
fps step: 193478.2 fps total: 130409.7
fps step: 193267.4 fps total: 130649.3
fps step: 193795.7 fps total: 130675.8
=> saving checkpoint 'runs/HumanoidAMP_08-20-37-18/nn/HumanoidAMP_08-20-37-19_4550.pth'
fps step: 177553.9 fps total: 122964.7
fps step: 186920.8 fps total: 125311.0
fps step: 191528.8 fps total: 129365.1
fps step: 193564.0 fps total: 129747.8
fps step: 192949.0 fps total: 129673.4
fps step: 194070.6 fps total: 128238.7
fps step: 193401.2 fps total: 129655.5
fps step: 193352.5 fps total: 130087.9
fps step: 191575.6 fps total: 126259.5
fps step: 192891.9 fps total: 126601.8
fps step: 192339.7 fps total: 125449.3
fps step: 187246.1 fps total: 126845.3
fps step: 167293.4 fps total: 115383.4
fps step: 190400.7 fps total: 128136.5
fps step: 187109.9 fps total: 127643.0
fps step: 169630.2 fps total: 119129.4
fps step: 182644.1 fps total: 125189.3
fps step: 171801.7 fps total: 120070.1
fps step: 182965.8 fps total: 124370.9
fps step: 176580.3 fps total: 121771.1
fps step: 134704.9 fps total: 100150.1
fps step: 157706.2 fps total: 111402.7
fps step: 180364.1 fps total: 124175.5
fps step: 174559.3 fps total: 120843.0
fps step: 161198.5 fps total: 114692.8
fps step: 165801.4 fps total: 116322.5
fps step: 179675.4 fps total: 123189.5
fps step: 182551.4 fps total: 123648.7
fps step: 163252.5 fps total: 112549.2
fps step: 179248.8 fps total: 120258.4
fps step: 171110.8 fps total: 116677.4
fps step: 170499.9 fps total: 115646.4
fps step: 171460.0 fps total: 119132.8
fps step: 189159.1 fps total: 127975.8
fps step: 180266.8 fps total: 123068.8
fps step: 193078.1 fps total: 127938.7
fps step: 194328.5 fps total: 131075.3
fps step: 191877.3 fps total: 129685.9
fps step: 194948.5 fps total: 131003.3
fps step: 188047.3 fps total: 126616.2
fps step: 172161.0 fps total: 119135.5
fps step: 191535.1 fps total: 129744.3
fps step: 162512.7 fps total: 110739.2
fps step: 180712.1 fps total: 123683.8
fps step: 162521.4 fps total: 111525.9
fps step: 165064.4 fps total: 113536.1
fps step: 178706.8 fps total: 123309.6
fps step: 175811.3 fps total: 121246.8
fps step: 166121.7 fps total: 115896.2
fps step: 169816.1 fps total: 116849.4
=> saving checkpoint 'runs/HumanoidAMP_08-20-37-18/nn/HumanoidAMP_08-20-37-19_4600.pth'
fps step: 181289.8 fps total: 122127.1
fps step: 178127.7 fps total: 120446.9
fps step: 173935.9 fps total: 121265.4
fps step: 166786.5 fps total: 116959.1
fps step: 187770.1 fps total: 127886.5
fps step: 173201.7 fps total: 121286.9
fps step: 176688.1 fps total: 122936.5
fps step: 172180.1 fps total: 119732.5
fps step: 173924.4 fps total: 118355.1
fps step: 184518.1 fps total: 126432.8
fps step: 177244.1 fps total: 121045.9
fps step: 175211.8 fps total: 121105.9
fps step: 161610.7 fps total: 113601.9
fps step: 190978.4 fps total: 128745.4
fps step: 180260.3 fps total: 122192.1
fps step: 146106.7 fps total: 105216.1
fps step: 189854.7 fps total: 128704.6
fps step: 167852.1 fps total: 115547.2
fps step: 183970.3 fps total: 124797.2
fps step: 193048.0 fps total: 130284.1
fps step: 190022.6 fps total: 129059.6
fps step: 194107.3 fps total: 130979.9
fps step: 193987.3 fps total: 130907.4
fps step: 192035.6 fps total: 129400.3
fps step: 191649.5 fps total: 128571.8
fps step: 194251.2 fps total: 130914.6
fps step: 194272.9 fps total: 131133.2
fps step: 195277.4 fps total: 131033.9
fps step: 192766.5 fps total: 130283.8
fps step: 195411.9 fps total: 128875.6
fps step: 192621.7 fps total: 129286.0
fps step: 188393.6 fps total: 126219.4
fps step: 189210.6 fps total: 127333.2
fps step: 195066.5 fps total: 131190.2
fps step: 193718.6 fps total: 128320.4
fps step: 194720.7 fps total: 130857.7
fps step: 186615.0 fps total: 127462.6
fps step: 193197.8 fps total: 128356.2
fps step: 192746.8 fps total: 130073.7
fps step: 193364.5 fps total: 130243.6
fps step: 193817.0 fps total: 129459.3
fps step: 194025.9 fps total: 130711.3
fps step: 193297.5 fps total: 130578.3
fps step: 193878.4 fps total: 130287.0
fps step: 194105.0 fps total: 131034.1
fps step: 191764.6 fps total: 127499.2
fps step: 192715.7 fps total: 130043.1
fps step: 192815.2 fps total: 129962.7
fps step: 193140.2 fps total: 130382.9
fps step: 190552.9 fps total: 124711.2
=> saving checkpoint 'runs/HumanoidAMP_08-20-37-18/nn/HumanoidAMP_08-20-37-19_4650.pth'
fps step: 185142.9 fps total: 126260.8
fps step: 177421.6 fps total: 120734.4
fps step: 175818.6 fps total: 120114.3
fps step: 176495.1 fps total: 120728.6
fps step: 185878.7 fps total: 126840.1
fps step: 165906.8 fps total: 115854.6
fps step: 150129.7 fps total: 107310.9
fps step: 182501.2 fps total: 125139.6
fps step: 176096.7 fps total: 122060.4
fps step: 170431.9 fps total: 117171.9
fps step: 184912.0 fps total: 125303.5
fps step: 176644.7 fps total: 121419.8
fps step: 181944.4 fps total: 123207.7
fps step: 189148.3 fps total: 122927.7
fps step: 176132.1 fps total: 118370.0
fps step: 179729.1 fps total: 121960.0
fps step: 156571.2 fps total: 109703.8
fps step: 168041.8 fps total: 113576.4
fps step: 175904.2 fps total: 119547.1
fps step: 168843.7 fps total: 113426.7
fps step: 144018.2 fps total: 103874.2
fps step: 145092.4 fps total: 105074.0
fps step: 138465.3 fps total: 99708.4
fps step: 126694.2 fps total: 93861.4
fps step: 155399.6 fps total: 110180.1
fps step: 160439.0 fps total: 110876.9
fps step: 164821.9 fps total: 111560.5
fps step: 151116.7 fps total: 105905.9
fps step: 143138.7 fps total: 104665.7
fps step: 192772.0 fps total: 129933.3
fps step: 142824.2 fps total: 100035.0
fps step: 152986.9 fps total: 108785.3
fps step: 162553.4 fps total: 110911.5
fps step: 190583.7 fps total: 126107.8
fps step: 166079.3 fps total: 116262.4
fps step: 178607.3 fps total: 122145.8
fps step: 181782.5 fps total: 124796.8
fps step: 190825.7 fps total: 127758.6
fps step: 159472.9 fps total: 111236.0
fps step: 162822.4 fps total: 113377.3
fps step: 189021.6 fps total: 128324.0
fps step: 191680.4 fps total: 128601.0
fps step: 161587.1 fps total: 110271.0
fps step: 169546.6 fps total: 116988.4
fps step: 184745.4 fps total: 119560.7
fps step: 166250.0 fps total: 112526.8
fps step: 172063.7 fps total: 118520.4
fps step: 175770.7 fps total: 115166.7
fps step: 163896.9 fps total: 113224.4
fps step: 176401.7 fps total: 116307.9
=> saving checkpoint 'runs/HumanoidAMP_08-20-37-18/nn/HumanoidAMP_08-20-37-19_4700.pth'
fps step: 163477.9 fps total: 113544.2
fps step: 187561.5 fps total: 127834.6
fps step: 181719.3 fps total: 120937.4
fps step: 187671.0 fps total: 127837.5
fps step: 178769.4 fps total: 122877.1
fps step: 168877.7 fps total: 117265.4
fps step: 163412.0 fps total: 115160.5
fps step: 191562.3 fps total: 129549.1
fps step: 193581.9 fps total: 130877.9
fps step: 189687.8 fps total: 128655.8
fps step: 194111.4 fps total: 130880.8
fps step: 192979.8 fps total: 130142.6
fps step: 194629.2 fps total: 131280.8
fps step: 191677.0 fps total: 129536.0
fps step: 192811.0 fps total: 130174.2
fps step: 191391.7 fps total: 129357.2
fps step: 191515.8 fps total: 129359.7
fps step: 192190.2 fps total: 129766.2
fps step: 193367.8 fps total: 130276.9
fps step: 177076.6 fps total: 118582.8
fps step: 159386.2 fps total: 110151.9
fps step: 158620.3 fps total: 112738.6
fps step: 155216.3 fps total: 108973.6
fps step: 177918.1 fps total: 119231.4
fps step: 177973.8 fps total: 118765.3
fps step: 188358.2 fps total: 126392.0
fps step: 176784.6 fps total: 120956.8
fps step: 175878.3 fps total: 119551.7
fps step: 169262.2 fps total: 119153.3
fps step: 193875.1 fps total: 130612.8
fps step: 192359.4 fps total: 128763.0
fps step: 173061.7 fps total: 119175.2
fps step: 149255.9 fps total: 106762.5
fps step: 157461.8 fps total: 110921.4
fps step: 158391.4 fps total: 112179.9
fps step: 190422.9 fps total: 128208.8
fps step: 188480.5 fps total: 125264.7
fps step: 191753.7 fps total: 128480.9
fps step: 190776.7 fps total: 128562.4
fps step: 191146.4 fps total: 128505.8
fps step: 187653.7 fps total: 126319.4
fps step: 188706.0 fps total: 127626.5
fps step: 191144.8 fps total: 128647.6
fps step: 161136.7 fps total: 111208.1
fps step: 154071.9 fps total: 109965.2
fps step: 178418.1 fps total: 123262.0
fps step: 193139.7 fps total: 127082.7
fps step: 162396.0 fps total: 114349.8
fps step: 187362.9 fps total: 126764.6
fps step: 184163.9 fps total: 126106.8
=> saving checkpoint 'runs/HumanoidAMP_08-20-37-18/nn/HumanoidAMP_08-20-37-19_4750.pth'
fps step: 192707.0 fps total: 130214.5
fps step: 170777.2 fps total: 118399.6
fps step: 181915.5 fps total: 122822.7
fps step: 190200.3 fps total: 127942.0
fps step: 182552.3 fps total: 122918.4
fps step: 181313.8 fps total: 123297.5
fps step: 177523.4 fps total: 119879.7
fps step: 187212.1 fps total: 126979.2
fps step: 168859.2 fps total: 118317.5
fps step: 167755.1 fps total: 115198.5
fps step: 182758.2 fps total: 124266.9
fps step: 167507.9 fps total: 115298.0
fps step: 161545.1 fps total: 111914.3
fps step: 163409.4 fps total: 112914.2
fps step: 193753.0 fps total: 130460.9
fps step: 190600.2 fps total: 129102.4
fps step: 192916.9 fps total: 130070.2
fps step: 191266.1 fps total: 128819.7
fps step: 190062.6 fps total: 127345.1
fps step: 190991.0 fps total: 129195.1
fps step: 192804.4 fps total: 130183.4
fps step: 193045.4 fps total: 130191.0
fps step: 194812.2 fps total: 131039.3
fps step: 192002.8 fps total: 129679.0
fps step: 194027.6 fps total: 130102.2
fps step: 168738.3 fps total: 112561.5
fps step: 156892.1 fps total: 110775.1
fps step: 194077.7 fps total: 127967.4
fps step: 192709.2 fps total: 128911.5
fps step: 157846.0 fps total: 111510.1
fps step: 157878.6 fps total: 109491.8
fps step: 160951.7 fps total: 114031.4
fps step: 184570.8 fps total: 125928.9
fps step: 177434.0 fps total: 122901.3
fps step: 192816.5 fps total: 128875.8
fps step: 194046.6 fps total: 129092.5
fps step: 142704.9 fps total: 103510.5
fps step: 152283.7 fps total: 108675.7
fps step: 160209.9 fps total: 111515.2
fps step: 166926.1 fps total: 116295.1
fps step: 179887.1 fps total: 121969.9
fps step: 184306.4 fps total: 123830.3
fps step: 182128.4 fps total: 122834.4
fps step: 183640.5 fps total: 124336.9
fps step: 182865.0 fps total: 125212.6
fps step: 191073.6 fps total: 127013.3
fps step: 180256.7 fps total: 123876.0
fps step: 190211.1 fps total: 128333.7
fps step: 162655.1 fps total: 115971.1
fps step: 182346.9 fps total: 124075.1
=> saving checkpoint 'runs/HumanoidAMP_08-20-37-18/nn/HumanoidAMP_08-20-37-19_4800.pth'
fps step: 164470.2 fps total: 114340.1
fps step: 150903.5 fps total: 108178.0
fps step: 179715.7 fps total: 124166.9
fps step: 183169.5 fps total: 124754.4
fps step: 183215.9 fps total: 125430.1
fps step: 184484.0 fps total: 125650.0
fps step: 183129.5 fps total: 124356.9
fps step: 178862.0 fps total: 123275.5
fps step: 191151.3 fps total: 129407.2
fps step: 191306.3 fps total: 129508.8
fps step: 192996.3 fps total: 130509.9
fps step: 191077.3 fps total: 128996.8
fps step: 191572.3 fps total: 128172.8
fps step: 192519.2 fps total: 130349.6
fps step: 193807.1 fps total: 130774.4
fps step: 192879.5 fps total: 130220.0
fps step: 190805.0 fps total: 128434.5
fps step: 192921.1 fps total: 130484.0
fps step: 194744.6 fps total: 131132.2
fps step: 176466.6 fps total: 121175.9
fps step: 184092.6 fps total: 126430.9
fps step: 166583.1 fps total: 115380.1
fps step: 172778.2 fps total: 117083.6
fps step: 171351.0 fps total: 117935.7
fps step: 151874.4 fps total: 106895.7
fps step: 176641.3 fps total: 120580.6
fps step: 168808.7 fps total: 117381.4
fps step: 187810.1 fps total: 127502.6
fps step: 186742.7 fps total: 126267.2
fps step: 173366.0 fps total: 121120.2
fps step: 181593.6 fps total: 125062.9
fps step: 192755.7 fps total: 129960.6
fps step: 185854.4 fps total: 125900.4
fps step: 190098.5 fps total: 128960.0
fps step: 178617.4 fps total: 121420.1
fps step: 189431.1 fps total: 127463.3
fps step: 192080.2 fps total: 128069.1
fps step: 191471.2 fps total: 128916.4
fps step: 187523.5 fps total: 124034.7
fps step: 186424.1 fps total: 121550.2
fps step: 169423.4 fps total: 116870.2
fps step: 163777.1 fps total: 114236.2
fps step: 169682.5 fps total: 117440.0
fps step: 181137.0 fps total: 122933.5
fps step: 184927.9 fps total: 126628.9
fps step: 186999.4 fps total: 127800.4
fps step: 167033.6 fps total: 115282.6
fps step: 153061.1 fps total: 110819.6
fps step: 186299.3 fps total: 123791.3
fps step: 178387.5 fps total: 122627.0
=> saving checkpoint 'runs/HumanoidAMP_08-20-37-18/nn/HumanoidAMP_08-20-37-19_4850.pth'
fps step: 172347.4 fps total: 118362.5
fps step: 190097.9 fps total: 127459.7
fps step: 153169.6 fps total: 107699.9
fps step: 184240.0 fps total: 124382.1
fps step: 176484.5 fps total: 113964.3
fps step: 170792.4 fps total: 114845.2
fps step: 148477.3 fps total: 104434.6
fps step: 147986.6 fps total: 104162.0
fps step: 162341.7 fps total: 113293.9
fps step: 176235.1 fps total: 119706.3
fps step: 174667.6 fps total: 117528.3
fps step: 182327.5 fps total: 123912.5
fps step: 188623.4 fps total: 124958.0
fps step: 179300.9 fps total: 120622.1
fps step: 173213.5 fps total: 116766.0
fps step: 177969.7 fps total: 123128.5
fps step: 183574.5 fps total: 123969.6
fps step: 183015.2 fps total: 125291.1
fps step: 183785.9 fps total: 122080.0
fps step: 175790.2 fps total: 121973.0
fps step: 175599.5 fps total: 120900.2
fps step: 193360.3 fps total: 129620.4
fps step: 180955.5 fps total: 123245.1
fps step: 182413.9 fps total: 124005.6
fps step: 164184.0 fps total: 113891.3
fps step: 164627.6 fps total: 113290.0
fps step: 191541.6 fps total: 127243.9
fps step: 189993.3 fps total: 126307.2
fps step: 192188.2 fps total: 129804.7
fps step: 192596.7 fps total: 128590.8
fps step: 191062.4 fps total: 127923.2
fps step: 192346.9 fps total: 129432.5
fps step: 191557.9 fps total: 129193.7
fps step: 189593.3 fps total: 127489.1
fps step: 158075.8 fps total: 111938.5
fps step: 168421.4 fps total: 118613.9
fps step: 185507.3 fps total: 125155.9
fps step: 172979.2 fps total: 120029.7
fps step: 160601.0 fps total: 113424.5
fps step: 153725.6 fps total: 109762.1
fps step: 189143.4 fps total: 128089.6
fps step: 191928.8 fps total: 129180.6
fps step: 184506.2 fps total: 123214.0
fps step: 172876.8 fps total: 120840.1
fps step: 172602.0 fps total: 118421.4
fps step: 183900.6 fps total: 125540.0
fps step: 186803.3 fps total: 126039.5
fps step: 182464.2 fps total: 122039.7
fps step: 189615.2 fps total: 127044.8
fps step: 190606.8 fps total: 127627.6
=> saving checkpoint 'runs/HumanoidAMP_08-20-37-18/nn/HumanoidAMP_08-20-37-19_4900.pth'
fps step: 174142.5 fps total: 117531.6
fps step: 188869.2 fps total: 121384.8
fps step: 180140.7 fps total: 123079.6
fps step: 168374.5 fps total: 116716.7
fps step: 168381.2 fps total: 116435.6
fps step: 158172.6 fps total: 112038.3
fps step: 192770.2 fps total: 130315.1
fps step: 192376.6 fps total: 129721.4
fps step: 190227.5 fps total: 129083.6
fps step: 192511.3 fps total: 130269.3
fps step: 185852.6 fps total: 125433.7
fps step: 174221.9 fps total: 118977.0
fps step: 159431.2 fps total: 110347.5
fps step: 156186.4 fps total: 111040.9
fps step: 148608.0 fps total: 108232.6
fps step: 152798.2 fps total: 108772.9
fps step: 154030.2 fps total: 109358.6
fps step: 159752.1 fps total: 111605.5
fps step: 173471.8 fps total: 117482.4
fps step: 172837.9 fps total: 118425.1
fps step: 183655.7 fps total: 124840.7
fps step: 150117.8 fps total: 107614.0
fps step: 192662.1 fps total: 129904.1
fps step: 191584.6 fps total: 129642.3
fps step: 192999.0 fps total: 130530.9
fps step: 193241.5 fps total: 130286.0
fps step: 154792.2 fps total: 109672.9
fps step: 187730.9 fps total: 127555.2
fps step: 191301.8 fps total: 128102.4
fps step: 154936.3 fps total: 110037.1
fps step: 179141.0 fps total: 120100.2
fps step: 183079.2 fps total: 123992.7
fps step: 177618.8 fps total: 121713.9
fps step: 191255.7 fps total: 125462.9
fps step: 189473.0 fps total: 126180.4
fps step: 193458.1 fps total: 128198.2
fps step: 193353.4 fps total: 129643.7
fps step: 190042.4 fps total: 126122.0
fps step: 168610.6 fps total: 116258.3
fps step: 156057.5 fps total: 109180.2
fps step: 186010.0 fps total: 124619.6
fps step: 148612.8 fps total: 105643.5
fps step: 188729.2 fps total: 127919.7
fps step: 187387.3 fps total: 126560.1
fps step: 150320.3 fps total: 106636.0
fps step: 145453.4 fps total: 104676.7
fps step: 176579.7 fps total: 119442.3
fps step: 158497.2 fps total: 111664.6
fps step: 190115.4 fps total: 129023.1
fps step: 148756.5 fps total: 108144.7
=> saving checkpoint 'runs/HumanoidAMP_08-20-37-18/nn/HumanoidAMP_08-20-37-19_4950.pth'
fps step: 190838.9 fps total: 129089.8
fps step: 191099.1 fps total: 129123.8
fps step: 171039.2 fps total: 120158.5
fps step: 193238.8 fps total: 130206.8
fps step: 152235.1 fps total: 109568.1
fps step: 193617.3 fps total: 130125.4
fps step: 191204.4 fps total: 129353.5
fps step: 191973.7 fps total: 130009.0
fps step: 188395.3 fps total: 128077.9
fps step: 190093.4 fps total: 128172.9
fps step: 188972.9 fps total: 126962.0
fps step: 191065.0 fps total: 129006.7
fps step: 190292.9 fps total: 126887.0
fps step: 155640.6 fps total: 111985.1
fps step: 151942.6 fps total: 108818.9
fps step: 171499.7 fps total: 120051.1
fps step: 176083.7 fps total: 119362.4
fps step: 162395.4 fps total: 110893.4
fps step: 182395.8 fps total: 124397.8
fps step: 157215.9 fps total: 112604.3
fps step: 192289.7 fps total: 129770.9
fps step: 193595.9 fps total: 130576.8
fps step: 193639.9 fps total: 130510.6
fps step: 192122.0 fps total: 129731.3
fps step: 171488.7 fps total: 119381.9
fps step: 138768.4 fps total: 101731.2
fps step: 174514.2 fps total: 120427.3
fps step: 160145.6 fps total: 113581.4
fps step: 161417.1 fps total: 114302.5
fps step: 163376.4 fps total: 113638.8
fps step: 182746.9 fps total: 123829.5
fps step: 167941.2 fps total: 115952.4
fps step: 178169.0 fps total: 119438.6
fps step: 154151.7 fps total: 110113.4
fps step: 133287.1 fps total: 98413.7
fps step: 147598.8 fps total: 105457.0
fps step: 155762.0 fps total: 108591.9
fps step: 191071.2 fps total: 125810.0
fps step: 189397.0 fps total: 126660.1
fps step: 188713.8 fps total: 126776.3
fps step: 178083.1 fps total: 121769.8
fps step: 189234.9 fps total: 128608.7
fps step: 192191.0 fps total: 128363.5
fps step: 158038.7 fps total: 111512.2
fps step: 166952.7 fps total: 117149.1
fps step: 167278.4 fps total: 116003.2
fps step: 189916.0 fps total: 125486.5
fps step: 193327.4 fps total: 126883.5
fps step: 182678.9 fps total: 124560.1
fps step: 188973.7 fps total: 126590.2
=> saving checkpoint 'runs/HumanoidAMP_08-20-37-18/nn/HumanoidAMP_08-20-37-19_5000.pth'
fps step: 184163.2 fps total: 125052.1
fps step: 185541.0 fps total: 126120.3
fps step: 184090.8 fps total: 126299.2
fps step: 189622.0 fps total: 128039.5
fps step: 164020.4 fps total: 113342.7
fps step: 180431.8 fps total: 122161.0
fps step: 172890.0 fps total: 119880.9
fps step: 187295.8 fps total: 124053.9
fps step: 150701.3 fps total: 106251.9
fps step: 190631.4 fps total: 129094.8
fps step: 183248.0 fps total: 126013.2
fps step: 177420.5 fps total: 122234.6
fps step: 180913.3 fps total: 121745.5
fps step: 150978.3 fps total: 108519.4
fps step: 149704.5 fps total: 108259.8
fps step: 192800.7 fps total: 126731.8
fps step: 170682.6 fps total: 118678.4
fps step: 181059.0 fps total: 124347.2
fps step: 163818.6 fps total: 113492.8
fps step: 159682.3 fps total: 112504.6
fps step: 162033.8 fps total: 113305.2
fps step: 173756.4 fps total: 119989.2
fps step: 151773.8 fps total: 109490.3
fps step: 174071.9 fps total: 119437.4
fps step: 156351.6 fps total: 107285.0
fps step: 146645.5 fps total: 104829.1
fps step: 165622.9 fps total: 116973.5
fps step: 188597.2 fps total: 128334.3
fps step: 192157.1 fps total: 129822.2
fps step: 190223.1 fps total: 129107.2
fps step: 191538.3 fps total: 127207.9
fps step: 191686.5 fps total: 125442.5
fps step: 188667.4 fps total: 127312.6
fps step: 190489.1 fps total: 126454.8
fps step: 175267.8 fps total: 118665.5
fps step: 186946.4 fps total: 124970.2
fps step: 176130.5 fps total: 120188.9
fps step: 164890.2 fps total: 116776.4
fps step: 182163.8 fps total: 124499.2
fps step: 190070.3 fps total: 127813.3
fps step: 181333.4 fps total: 122952.3
fps step: 176220.4 fps total: 121795.0
fps step: 165954.3 fps total: 117265.4
fps step: 180987.5 fps total: 122495.4
fps step: 192423.1 fps total: 129690.1
fps step: 179704.2 fps total: 124135.8
fps step: 174286.6 fps total: 120237.8
fps step: 180316.7 fps total: 121964.5
fps step: 151976.3 fps total: 107644.9
fps step: 189263.7 fps total: 128584.6
=> saving checkpoint 'runs/HumanoidAMP_08-20-37-18/nn/HumanoidAMP_08-20-37-19_5050.pth'
fps step: 193968.4 fps total: 128777.1
fps step: 159093.1 fps total: 111683.5
fps step: 172758.6 fps total: 116450.6
fps step: 159622.5 fps total: 112352.3
fps step: 174984.1 fps total: 120160.5
fps step: 182428.1 fps total: 125017.1
fps step: 174142.0 fps total: 116776.3
fps step: 162576.5 fps total: 112300.4
fps step: 158061.2 fps total: 111215.1
fps step: 174600.7 fps total: 117974.9
fps step: 171952.2 fps total: 119212.0
fps step: 186269.3 fps total: 125220.2
fps step: 180902.6 fps total: 123204.9
fps step: 184426.9 fps total: 121690.5
fps step: 188926.1 fps total: 125888.4
fps step: 185419.1 fps total: 124470.3
fps step: 184724.9 fps total: 123639.6
fps step: 188516.3 fps total: 127826.5
fps step: 194227.5 fps total: 127950.8
fps step: 184431.6 fps total: 125201.2
fps step: 192376.1 fps total: 128811.5
fps step: 190980.5 fps total: 128408.1
fps step: 194036.6 fps total: 127998.3
fps step: 191209.4 fps total: 127274.3
fps step: 189552.5 fps total: 126699.5
fps step: 192513.9 fps total: 129492.7
fps step: 191694.5 fps total: 128650.1
fps step: 187188.8 fps total: 123566.7
fps step: 189117.9 fps total: 127585.0
fps step: 191738.1 fps total: 128868.0
fps step: 187205.1 fps total: 126075.0
fps step: 194026.9 fps total: 130552.9
fps step: 187170.2 fps total: 126681.8
fps step: 190725.2 fps total: 128345.3
fps step: 178582.1 fps total: 120041.2
fps step: 170695.9 fps total: 117435.5
fps step: 192171.1 fps total: 129685.1
fps step: 164562.0 fps total: 114903.9
fps step: 181697.1 fps total: 122044.7
fps step: 191226.1 fps total: 124823.5
fps step: 178445.2 fps total: 120012.0
fps step: 182642.2 fps total: 122420.0
fps step: 190756.6 fps total: 128348.7
fps step: 169398.1 fps total: 118601.6
fps step: 189486.8 fps total: 128832.6
fps step: 194339.4 fps total: 130608.4
fps step: 191135.6 fps total: 129355.0
fps step: 193722.9 fps total: 130884.8
fps step: 192468.8 fps total: 129996.9
fps step: 191027.7 fps total: 129128.5
=> saving checkpoint 'runs/HumanoidAMP_08-20-37-18/nn/HumanoidAMP_08-20-37-19_5100.pth'
fps step: 193189.2 fps total: 130480.1
fps step: 165751.3 fps total: 115690.5
fps step: 174391.2 fps total: 120285.9
fps step: 190680.3 fps total: 127265.0
fps step: 194471.2 fps total: 128958.3
fps step: 192181.3 fps total: 129566.1
fps step: 193608.2 fps total: 128956.0
fps step: 189249.6 fps total: 123727.1
fps step: 169335.3 fps total: 114564.1
fps step: 161463.6 fps total: 110094.2
fps step: 176082.7 fps total: 119514.5
fps step: 168760.1 fps total: 115998.4
fps step: 182738.2 fps total: 120743.3
fps step: 178290.7 fps total: 122423.2
fps step: 171606.1 fps total: 116306.8
fps step: 191422.9 fps total: 129686.3
fps step: 185961.4 fps total: 126519.0
fps step: 180310.2 fps total: 124206.5
fps step: 190859.9 fps total: 129188.0
fps step: 190892.9 fps total: 128732.0
fps step: 172453.2 fps total: 116104.6
fps step: 181060.4 fps total: 122760.6
fps step: 181097.0 fps total: 119890.5
fps step: 165049.9 fps total: 112452.4
fps step: 159580.9 fps total: 109802.2
fps step: 182628.0 fps total: 121408.5
fps step: 162572.8 fps total: 112842.4
fps step: 157198.9 fps total: 108363.1
fps step: 150770.8 fps total: 105260.1
fps step: 159954.6 fps total: 111550.3
fps step: 154597.0 fps total: 111216.0
fps step: 188245.5 fps total: 125475.0
fps step: 189747.9 fps total: 125646.0
fps step: 181211.3 fps total: 123475.2
fps step: 169761.1 fps total: 118039.8
fps step: 192883.4 fps total: 129168.4
fps step: 188894.1 fps total: 124748.1
fps step: 189428.6 fps total: 122051.2
fps step: 183460.5 fps total: 122438.9
fps step: 174372.1 fps total: 119871.7
fps step: 170655.1 fps total: 118618.4
fps step: 176910.1 fps total: 122158.8
fps step: 183681.8 fps total: 124327.3
fps step: 188573.9 fps total: 127489.9
fps step: 171892.9 fps total: 120226.3
fps step: 182572.0 fps total: 124640.4
fps step: 172500.7 fps total: 119845.5
fps step: 145813.1 fps total: 106480.7
fps step: 190722.0 fps total: 126705.3
fps step: 182299.2 fps total: 125195.2
=> saving checkpoint 'runs/HumanoidAMP_08-20-37-18/nn/HumanoidAMP_08-20-37-19_5150.pth'
fps step: 188139.7 fps total: 126454.5
fps step: 193198.8 fps total: 129681.8
fps step: 193198.0 fps total: 128305.0
fps step: 191558.4 fps total: 126414.5
fps step: 191788.2 fps total: 128292.6
fps step: 171363.7 fps total: 119479.0
fps step: 179061.5 fps total: 123191.9
fps step: 163504.0 fps total: 115023.9
fps step: 158325.4 fps total: 112354.2
fps step: 186568.6 fps total: 124277.6
fps step: 183478.1 fps total: 125649.9
fps step: 156158.0 fps total: 111940.3
fps step: 184370.3 fps total: 125741.1
fps step: 161321.4 fps total: 114111.3
fps step: 158922.3 fps total: 113949.8
fps step: 162965.6 fps total: 114356.3
fps step: 182086.0 fps total: 124551.3
fps step: 175804.7 fps total: 119061.4
fps step: 158421.7 fps total: 110067.9
fps step: 152292.8 fps total: 108586.9
fps step: 170400.8 fps total: 119593.6
fps step: 192071.1 fps total: 126107.3
fps step: 193618.1 fps total: 129519.6
fps step: 163779.0 fps total: 115120.1
fps step: 190266.2 fps total: 125689.9
fps step: 146634.8 fps total: 105280.1
fps step: 176965.8 fps total: 119001.3
fps step: 178521.0 fps total: 122779.6
fps step: 188974.2 fps total: 128157.5
fps step: 189461.0 fps total: 127639.1
fps step: 192923.2 fps total: 128883.4
fps step: 188983.2 fps total: 127253.6
fps step: 191788.4 fps total: 129889.0
fps step: 192440.3 fps total: 129578.8
fps step: 189556.5 fps total: 127288.6
fps step: 193063.0 fps total: 130663.2
fps step: 192761.5 fps total: 130437.5
fps step: 191793.9 fps total: 125858.1
fps step: 191550.7 fps total: 129781.2
fps step: 193476.9 fps total: 130597.8
fps step: 189271.9 fps total: 128373.4
fps step: 191967.8 fps total: 129564.8
fps step: 189352.4 fps total: 128391.9
fps step: 189925.8 fps total: 127706.4
fps step: 191727.8 fps total: 129786.4
fps step: 193572.7 fps total: 130322.1
fps step: 194048.8 fps total: 130625.6
fps step: 179193.4 fps total: 121264.6
fps step: 162530.1 fps total: 113441.1
fps step: 189912.3 fps total: 128401.5
=> saving checkpoint 'runs/HumanoidAMP_08-20-37-18/nn/HumanoidAMP_08-20-37-19_5200.pth'
fps step: 194146.8 fps total: 129652.5
fps step: 182353.3 fps total: 124087.0
fps step: 148451.3 fps total: 104714.6
fps step: 136672.6 fps total: 100332.7
fps step: 186388.4 fps total: 124675.5
fps step: 185703.5 fps total: 126390.2
fps step: 183954.6 fps total: 126209.6
fps step: 193939.4 fps total: 130834.2
fps step: 178172.7 fps total: 122753.5
fps step: 185788.6 fps total: 122614.5
fps step: 183915.8 fps total: 124968.4
fps step: 190811.2 fps total: 128526.1
fps step: 190231.8 fps total: 125961.3
fps step: 158778.1 fps total: 111606.3
fps step: 193914.4 fps total: 130741.2
fps step: 194906.6 fps total: 131160.5
fps step: 191897.0 fps total: 129091.6
fps step: 191509.6 fps total: 128624.8
fps step: 191640.3 fps total: 127047.4
fps step: 191679.4 fps total: 128052.7
fps step: 183011.5 fps total: 124063.4
fps step: 193136.9 fps total: 128098.8
fps step: 186991.6 fps total: 125085.7
fps step: 178342.5 fps total: 121428.5
fps step: 160768.7 fps total: 113316.2
fps step: 165709.0 fps total: 116719.6
fps step: 181061.3 fps total: 122356.6
fps step: 160693.4 fps total: 113609.6
fps step: 156506.0 fps total: 111149.7
fps step: 172626.0 fps total: 118523.7
fps step: 162169.4 fps total: 115470.6
fps step: 170355.5 fps total: 118384.9
fps step: 184734.6 fps total: 125678.5
fps step: 178948.7 fps total: 122901.3
fps step: 183857.1 fps total: 124955.1
fps step: 189888.7 fps total: 127478.1
fps step: 156088.2 fps total: 109372.9
fps step: 185954.2 fps total: 124717.6
fps step: 191541.3 fps total: 128776.0
fps step: 188785.1 fps total: 127262.2
fps step: 193096.2 fps total: 128139.7
fps step: 194639.7 fps total: 130073.4
fps step: 189447.8 fps total: 127133.9
fps step: 192001.8 fps total: 127443.9
fps step: 193395.5 fps total: 128104.4
fps step: 194113.2 fps total: 130834.5
fps step: 194995.8 fps total: 130972.3
fps step: 194581.1 fps total: 130657.0
fps step: 192686.6 fps total: 129105.0
fps step: 193501.6 fps total: 130731.6
=> saving checkpoint 'runs/HumanoidAMP_08-20-37-18/nn/HumanoidAMP_08-20-37-19_5250.pth'
fps step: 193588.3 fps total: 130491.5
fps step: 192427.1 fps total: 129365.0
fps step: 192382.7 fps total: 129738.2
fps step: 194638.7 fps total: 131002.8
fps step: 190788.2 fps total: 129153.9
fps step: 191773.1 fps total: 129132.4
fps step: 193463.6 fps total: 130636.5
fps step: 193143.3 fps total: 128891.0
fps step: 144178.9 fps total: 105866.9
fps step: 191410.5 fps total: 129150.2
fps step: 192485.6 fps total: 130021.7
fps step: 190140.9 fps total: 128522.6
fps step: 189940.2 fps total: 127948.7
fps step: 193202.1 fps total: 129112.4
fps step: 189138.7 fps total: 124318.1
fps step: 188853.1 fps total: 124803.9
fps step: 194248.6 fps total: 129104.4
fps step: 190523.2 fps total: 127967.0
fps step: 190891.7 fps total: 127875.7
fps step: 174704.1 fps total: 120414.7
fps step: 183050.6 fps total: 120812.6
fps step: 191276.2 fps total: 123943.2
fps step: 192465.8 fps total: 128481.7
fps step: 158912.7 fps total: 113211.8
fps step: 167920.5 fps total: 116591.0
fps step: 193405.5 fps total: 128991.7
fps step: 192295.6 fps total: 129548.7
fps step: 160632.8 fps total: 113190.0
fps step: 193439.5 fps total: 130682.0
fps step: 195562.6 fps total: 131354.0
fps step: 193517.1 fps total: 127168.5
fps step: 164124.3 fps total: 116071.4
fps step: 193522.6 fps total: 129872.5
fps step: 177856.1 fps total: 122841.9
fps step: 183010.4 fps total: 124852.8
fps step: 186427.4 fps total: 122583.8
fps step: 191240.6 fps total: 123087.9
fps step: 161062.8 fps total: 112251.6
fps step: 181188.0 fps total: 123697.3
fps step: 173719.8 fps total: 118033.0
fps step: 179994.0 fps total: 121474.6
fps step: 164735.9 fps total: 114643.0
fps step: 147484.4 fps total: 104600.4
fps step: 189749.9 fps total: 127462.0
fps step: 174782.8 fps total: 118564.1
fps step: 178949.7 fps total: 121005.1
fps step: 192148.4 fps total: 125639.5
fps step: 190782.9 fps total: 126279.9
fps step: 189287.2 fps total: 127787.5
fps step: 192776.9 fps total: 129484.9
=> saving checkpoint 'runs/HumanoidAMP_08-20-37-18/nn/HumanoidAMP_08-20-37-19_5300.pth'
fps step: 190656.0 fps total: 126385.4
fps step: 180234.2 fps total: 119168.4
fps step: 168539.0 fps total: 113688.4
fps step: 184380.7 fps total: 121167.8
fps step: 177373.3 fps total: 117191.4
fps step: 171063.3 fps total: 116267.7
fps step: 157577.4 fps total: 111152.5
fps step: 172226.1 fps total: 114410.1
fps step: 169972.2 fps total: 114813.8
fps step: 173915.2 fps total: 120097.1
fps step: 185772.1 fps total: 121845.2
fps step: 154102.4 fps total: 107333.7
fps step: 143862.1 fps total: 99823.7
fps step: 148992.5 fps total: 107551.9
fps step: 154544.7 fps total: 107843.4
fps step: 172566.5 fps total: 119524.2
fps step: 190813.8 fps total: 127576.2
fps step: 194005.3 fps total: 129887.0
fps step: 175567.6 fps total: 117555.5
fps step: 161650.3 fps total: 113526.2
fps step: 192499.8 fps total: 126962.4
fps step: 192737.4 fps total: 128051.4
fps step: 193333.6 fps total: 127821.7
fps step: 192245.6 fps total: 128349.0
fps step: 191226.9 fps total: 129030.9
fps step: 163393.0 fps total: 112703.8
fps step: 192651.8 fps total: 130215.9
fps step: 190387.9 fps total: 128643.2
fps step: 170817.1 fps total: 117494.1
fps step: 191802.9 fps total: 129896.5
fps step: 195356.9 fps total: 131423.4
fps step: 185527.7 fps total: 124724.1
fps step: 165790.5 fps total: 113726.3
fps step: 152912.6 fps total: 108658.0
fps step: 159937.8 fps total: 110586.4
fps step: 151046.3 fps total: 106417.8
fps step: 191135.1 fps total: 129319.0
fps step: 193033.9 fps total: 130330.3
fps step: 166038.6 fps total: 114105.3
fps step: 141758.3 fps total: 103616.6
fps step: 154450.5 fps total: 111167.1
fps step: 193218.5 fps total: 129139.6
fps step: 163802.8 fps total: 112970.6
fps step: 149717.3 fps total: 108787.4
fps step: 186169.1 fps total: 125319.8
fps step: 192511.9 fps total: 130067.3
fps step: 194976.9 fps total: 131204.3
fps step: 192888.7 fps total: 129739.6
fps step: 191073.5 fps total: 128982.5
fps step: 191600.5 fps total: 129476.9
=> saving checkpoint 'runs/HumanoidAMP_08-20-37-18/nn/HumanoidAMP_08-20-37-19_5350.pth'
fps step: 192511.6 fps total: 129803.1
fps step: 160765.0 fps total: 114074.2
fps step: 170610.8 fps total: 119367.8
fps step: 170377.5 fps total: 118967.0
fps step: 144904.0 fps total: 103613.9
fps step: 159068.0 fps total: 112655.4
fps step: 158920.7 fps total: 112427.7
fps step: 149282.5 fps total: 108164.0
fps step: 146037.6 fps total: 105642.4
fps step: 160975.8 fps total: 110960.1
fps step: 172876.8 fps total: 115672.5
fps step: 166343.2 fps total: 113389.1
fps step: 142799.3 fps total: 103118.1
fps step: 164864.3 fps total: 114775.8
fps step: 166576.2 fps total: 114677.1
fps step: 162966.1 fps total: 114230.8
fps step: 184082.1 fps total: 124384.4
fps step: 182047.9 fps total: 121477.2
fps step: 188476.6 fps total: 126478.4
fps step: 187920.5 fps total: 125347.4
fps step: 186946.9 fps total: 125546.3
fps step: 182340.7 fps total: 124176.8
fps step: 174663.9 fps total: 121421.1
fps step: 179314.9 fps total: 124134.0
fps step: 185886.7 fps total: 125564.5
fps step: 183549.3 fps total: 124899.6
fps step: 188830.4 fps total: 127567.3
fps step: 182324.5 fps total: 124650.6
fps step: 186776.9 fps total: 127604.1
fps step: 184196.5 fps total: 125330.4
fps step: 183028.9 fps total: 125603.8
fps step: 190331.0 fps total: 129146.0
fps step: 191036.3 fps total: 129079.4
fps step: 187954.0 fps total: 127397.1
fps step: 188103.9 fps total: 127738.7
fps step: 183593.5 fps total: 123948.6
fps step: 151351.4 fps total: 107619.8
fps step: 147719.3 fps total: 104986.6
fps step: 147926.7 fps total: 101856.6
fps step: 180427.5 fps total: 123426.9
fps step: 193124.2 fps total: 130187.1
fps step: 192589.3 fps total: 128558.8
fps step: 193282.1 fps total: 127019.5
fps step: 186768.9 fps total: 126867.2
fps step: 191397.3 fps total: 128944.6
fps step: 189520.3 fps total: 127737.2
fps step: 191773.9 fps total: 128904.4
fps step: 188420.2 fps total: 126668.2
fps step: 159346.2 fps total: 111488.2
fps step: 152070.7 fps total: 107741.9
=> saving checkpoint 'runs/HumanoidAMP_08-20-37-18/nn/HumanoidAMP_08-20-37-19_5400.pth'
fps step: 168529.9 fps total: 114236.2
fps step: 176189.4 fps total: 121310.5
fps step: 193254.9 fps total: 127059.5
fps step: 192049.5 fps total: 127522.0
fps step: 194260.6 fps total: 130752.2
fps step: 189794.3 fps total: 123641.8
fps step: 187729.5 fps total: 126317.6
fps step: 180570.2 fps total: 121625.3
fps step: 175424.0 fps total: 119848.3
fps step: 186960.6 fps total: 126932.6
fps step: 188208.6 fps total: 127536.3
fps step: 184746.8 fps total: 125372.6
fps step: 193992.8 fps total: 130363.1
fps step: 193933.5 fps total: 130600.8
fps step: 193748.2 fps total: 130272.1
fps step: 193737.4 fps total: 130635.0
fps step: 193110.9 fps total: 129346.8
fps step: 179643.0 fps total: 123767.4
fps step: 174879.6 fps total: 120740.3
fps step: 191610.5 fps total: 126856.3
fps step: 193668.3 fps total: 128532.2
fps step: 189989.7 fps total: 129110.8
fps step: 194093.8 fps total: 130951.3
fps step: 189469.6 fps total: 127034.6
fps step: 159214.0 fps total: 111390.3
fps step: 152002.0 fps total: 107880.6
fps step: 191893.8 fps total: 129979.7
fps step: 192182.4 fps total: 129943.1
fps step: 194250.3 fps total: 130675.6
fps step: 193637.8 fps total: 130811.2
fps step: 193508.1 fps total: 130195.0
fps step: 192518.4 fps total: 130067.0
fps step: 192488.2 fps total: 130220.1
fps step: 192492.7 fps total: 130306.6
fps step: 191808.4 fps total: 129724.4
fps step: 193117.4 fps total: 130279.0
fps step: 193122.2 fps total: 130371.9
fps step: 188606.7 fps total: 127992.5
fps step: 186344.0 fps total: 126814.8
fps step: 167107.1 fps total: 117466.4
fps step: 167099.6 fps total: 116032.7
fps step: 164720.8 fps total: 116521.1
fps step: 173576.8 fps total: 119383.6
fps step: 173951.9 fps total: 118292.9
fps step: 144761.3 fps total: 106012.6
fps step: 164931.1 fps total: 114959.2
fps step: 161497.5 fps total: 112171.5
fps step: 190987.4 fps total: 129393.0
fps step: 187896.9 fps total: 127379.4
fps step: 192838.7 fps total: 130067.9
=> saving checkpoint 'runs/HumanoidAMP_08-20-37-18/nn/HumanoidAMP_08-20-37-19_5450.pth'
fps step: 193734.7 fps total: 130511.8
fps step: 177426.1 fps total: 120970.9
fps step: 179970.6 fps total: 123463.7
fps step: 180908.3 fps total: 124290.4
fps step: 179506.7 fps total: 123218.3
fps step: 188998.9 fps total: 128507.8
fps step: 190398.3 fps total: 127580.8
fps step: 188571.4 fps total: 128238.4
fps step: 189007.9 fps total: 127943.3
fps step: 188765.4 fps total: 127240.0
fps step: 192796.8 fps total: 129476.5
fps step: 192591.7 fps total: 127387.8
fps step: 187956.9 fps total: 124410.9
fps step: 177844.7 fps total: 120358.7
fps step: 185926.3 fps total: 124016.2
fps step: 184341.3 fps total: 120562.7
fps step: 188809.9 fps total: 124345.1
fps step: 194170.5 fps total: 129786.1
fps step: 193503.0 fps total: 129971.0
fps step: 190928.0 fps total: 128944.1
fps step: 194179.3 fps total: 130587.9
fps step: 180851.9 fps total: 123224.2
fps step: 181850.7 fps total: 123542.4
fps step: 192563.7 fps total: 129891.5
fps step: 192764.6 fps total: 130427.2
fps step: 192929.5 fps total: 129638.0
fps step: 193831.0 fps total: 129861.7
fps step: 175896.2 fps total: 122286.1
fps step: 191945.9 fps total: 128393.2
fps step: 183085.6 fps total: 125375.1
fps step: 159842.2 fps total: 114229.8
fps step: 192310.8 fps total: 130177.6
fps step: 171559.9 fps total: 118993.0
fps step: 185741.1 fps total: 126569.7
fps step: 193462.1 fps total: 128777.9
fps step: 189903.8 fps total: 123735.2
fps step: 160467.4 fps total: 109448.9
fps step: 186606.4 fps total: 126411.9
fps step: 194860.6 fps total: 128335.8
fps step: 190679.3 fps total: 128266.8
fps step: 186896.5 fps total: 125138.0
fps step: 174102.4 fps total: 119303.8
fps step: 182653.0 fps total: 121074.6
fps step: 154350.6 fps total: 106376.2
fps step: 156992.5 fps total: 111278.7
fps step: 167736.2 fps total: 114514.7
fps step: 145787.3 fps total: 104854.0
fps step: 182063.2 fps total: 125012.9
fps step: 169219.5 fps total: 116410.3
fps step: 153431.1 fps total: 109279.6
=> saving checkpoint 'runs/HumanoidAMP_08-20-37-18/nn/HumanoidAMP_08-20-37-19_5500.pth'
fps step: 158331.4 fps total: 108902.0
fps step: 185130.5 fps total: 122671.0
fps step: 188845.5 fps total: 125024.2
fps step: 188296.9 fps total: 124972.9
fps step: 190398.1 fps total: 124905.8
fps step: 170774.4 fps total: 119635.1
fps step: 189563.0 fps total: 128953.9
fps step: 193518.3 fps total: 130273.0
fps step: 191312.0 fps total: 129304.6
fps step: 189731.3 fps total: 128245.1
fps step: 187601.7 fps total: 127574.5
fps step: 188080.1 fps total: 127485.5
fps step: 193736.4 fps total: 130806.9
fps step: 193695.8 fps total: 130716.3
fps step: 193112.1 fps total: 130488.3
fps step: 186548.4 fps total: 126769.6
fps step: 193155.9 fps total: 130352.6
fps step: 193703.1 fps total: 130759.5
fps step: 190656.8 fps total: 129385.8
fps step: 193744.4 fps total: 130707.8
fps step: 186442.1 fps total: 125657.8
fps step: 191185.6 fps total: 128690.6
fps step: 168961.9 fps total: 117870.5
fps step: 147304.4 fps total: 106813.4
fps step: 192845.5 fps total: 130450.9
fps step: 194318.6 fps total: 131058.9
fps step: 193619.8 fps total: 130543.9
fps step: 190029.5 fps total: 128460.0
fps step: 189211.3 fps total: 128358.7
fps step: 193541.5 fps total: 130680.6
fps step: 188590.3 fps total: 127839.4
fps step: 192925.7 fps total: 130059.3
fps step: 182144.3 fps total: 118535.8
fps step: 157840.5 fps total: 111677.0
fps step: 173113.1 fps total: 118508.0
fps step: 180353.5 fps total: 121372.0
fps step: 186668.2 fps total: 126353.3
fps step: 189540.5 fps total: 128034.1
fps step: 193697.8 fps total: 130722.9
fps step: 186572.2 fps total: 126080.0
fps step: 191407.6 fps total: 129240.9
fps step: 193485.2 fps total: 130278.0
fps step: 193000.1 fps total: 129697.4
fps step: 174980.4 fps total: 119331.5
fps step: 178629.6 fps total: 122187.2
fps step: 179619.8 fps total: 122832.6
fps step: 177323.7 fps total: 121134.2
fps step: 175020.9 fps total: 119821.9
fps step: 167345.8 fps total: 118320.4
fps step: 191676.1 fps total: 127327.6
=> saving checkpoint 'runs/HumanoidAMP_08-20-37-18/nn/HumanoidAMP_08-20-37-19_5550.pth'
fps step: 174609.9 fps total: 120702.3
fps step: 170033.4 fps total: 118878.6
fps step: 182592.9 fps total: 121455.0
fps step: 165448.7 fps total: 114716.4
fps step: 180933.7 fps total: 124183.1
fps step: 186637.0 fps total: 126552.9
fps step: 183509.5 fps total: 123956.4
fps step: 178765.5 fps total: 121642.5
fps step: 153797.9 fps total: 109157.6
fps step: 186743.0 fps total: 124669.2
fps step: 167981.0 fps total: 115714.9
fps step: 162339.4 fps total: 114209.6
fps step: 191878.0 fps total: 129438.8
fps step: 189077.3 fps total: 125353.6
fps step: 189127.5 fps total: 126135.2
fps step: 159682.0 fps total: 114327.9
fps step: 174152.5 fps total: 120993.0
fps step: 172134.1 fps total: 117967.4
fps step: 175484.9 fps total: 120021.1
fps step: 176800.4 fps total: 122637.5
fps step: 177183.5 fps total: 121926.8
fps step: 191828.1 fps total: 128956.8
fps step: 194783.4 fps total: 130693.3
fps step: 193377.6 fps total: 128022.4
fps step: 162202.8 fps total: 113676.4
fps step: 155532.1 fps total: 111066.4
fps step: 163434.9 fps total: 114367.2
fps step: 158787.7 fps total: 112558.1
fps step: 174131.4 fps total: 120235.6
fps step: 182917.2 fps total: 122987.5
fps step: 175165.5 fps total: 120445.2
fps step: 192728.8 fps total: 130511.0
fps step: 187550.9 fps total: 127675.4
fps step: 176520.6 fps total: 120853.7
fps step: 165078.2 fps total: 115103.8
fps step: 188805.7 fps total: 128517.9
fps step: 194567.6 fps total: 131245.8
fps step: 192084.0 fps total: 129489.6
fps step: 191075.9 fps total: 127606.4
fps step: 191673.6 fps total: 129688.6
fps step: 194551.2 fps total: 131077.1
fps step: 192684.8 fps total: 129587.8
fps step: 192812.8 fps total: 130428.4
fps step: 192941.2 fps total: 130217.6
fps step: 193902.1 fps total: 130581.9
fps step: 190890.4 fps total: 129193.9
fps step: 190974.7 fps total: 128943.2
fps step: 186350.4 fps total: 119772.5
fps step: 171410.0 fps total: 118454.4
fps step: 174185.5 fps total: 119538.5
=> saving checkpoint 'runs/HumanoidAMP_08-20-37-18/nn/HumanoidAMP_08-20-37-19_5600.pth'
fps step: 146546.5 fps total: 101607.8
fps step: 169988.2 fps total: 114926.0
fps step: 188288.8 fps total: 124619.4
fps step: 145321.7 fps total: 104319.6
fps step: 152090.9 fps total: 106422.7
fps step: 150645.9 fps total: 107233.4
fps step: 166408.1 fps total: 115663.7
fps step: 153137.5 fps total: 106807.8
fps step: 159250.3 fps total: 113470.6
fps step: 189353.7 fps total: 127796.8
fps step: 192778.5 fps total: 129413.9
fps step: 192243.8 fps total: 129196.7
fps step: 193357.9 fps total: 128918.8
fps step: 175993.8 fps total: 121208.1
fps step: 174969.8 fps total: 122002.3
fps step: 166280.4 fps total: 117626.3
fps step: 167566.2 fps total: 115222.5
fps step: 181625.9 fps total: 124236.7
fps step: 186488.5 fps total: 127473.4
fps step: 183261.8 fps total: 125767.3
fps step: 186269.1 fps total: 126531.8
fps step: 192683.0 fps total: 129758.1
fps step: 190918.6 fps total: 128630.7
fps step: 189379.6 fps total: 126370.0
fps step: 191393.8 fps total: 127399.4
fps step: 192608.5 fps total: 130207.8
fps step: 192081.7 fps total: 129520.0
fps step: 191332.5 fps total: 129492.1
fps step: 193061.0 fps total: 129946.6
fps step: 178578.7 fps total: 120811.5
fps step: 175259.7 fps total: 119725.9
fps step: 172750.5 fps total: 119727.9
fps step: 146491.7 fps total: 105255.9
fps step: 184692.5 fps total: 125698.9
fps step: 169724.9 fps total: 119357.2
fps step: 159234.6 fps total: 112958.1
fps step: 164715.8 fps total: 114949.6
fps step: 156689.9 fps total: 112125.0
fps step: 192311.1 fps total: 130285.7
fps step: 176976.5 fps total: 119689.0
fps step: 184166.1 fps total: 124365.1
fps step: 171929.3 fps total: 118152.2
fps step: 176360.5 fps total: 120567.0
fps step: 168805.6 fps total: 117153.5
fps step: 160126.0 fps total: 109977.5
fps step: 160174.2 fps total: 111441.9
fps step: 155326.1 fps total: 109974.6
fps step: 179344.0 fps total: 120021.4
fps step: 174929.8 fps total: 118248.3
fps step: 161726.8 fps total: 112265.3
=> saving checkpoint 'runs/HumanoidAMP_08-20-37-18/nn/HumanoidAMP_08-20-37-19_5650.pth'
fps step: 134790.7 fps total: 98410.1
fps step: 159930.6 fps total: 109193.7
fps step: 170426.0 fps total: 116651.9
fps step: 163733.0 fps total: 114083.7
fps step: 174274.6 fps total: 119190.4
fps step: 174556.7 fps total: 119999.1
fps step: 168822.4 fps total: 117178.8
fps step: 192604.4 fps total: 130391.2
fps step: 183164.1 fps total: 125031.2
fps step: 180285.9 fps total: 119559.4
fps step: 176588.0 fps total: 119125.9
fps step: 171482.8 fps total: 116091.4
fps step: 190815.3 fps total: 126221.3
fps step: 175036.2 fps total: 119238.7
fps step: 165591.5 fps total: 113670.2
fps step: 167399.2 fps total: 117506.9
fps step: 192631.4 fps total: 128621.6
fps step: 189429.0 fps total: 126574.1
fps step: 187367.3 fps total: 127871.7
fps step: 187276.1 fps total: 127473.5
fps step: 191973.6 fps total: 129960.2
fps step: 189148.5 fps total: 128299.7
fps step: 187943.5 fps total: 127719.1
fps step: 190367.5 fps total: 128687.8
fps step: 192788.3 fps total: 129909.8
fps step: 192147.9 fps total: 129874.4
fps step: 193816.2 fps total: 129202.5
fps step: 190910.1 fps total: 129651.2
fps step: 195580.8 fps total: 131247.2
fps step: 190851.3 fps total: 128890.6
fps step: 193655.8 fps total: 129196.8
fps step: 193120.1 fps total: 130540.5
fps step: 193450.1 fps total: 130611.6
fps step: 190492.0 fps total: 128829.1
fps step: 192430.6 fps total: 130324.7
fps step: 193829.1 fps total: 130780.0
fps step: 191829.8 fps total: 129698.9
fps step: 192962.7 fps total: 130282.7
fps step: 193333.2 fps total: 130356.1
fps step: 190790.2 fps total: 129332.5
fps step: 167390.1 fps total: 116187.2
fps step: 191386.1 fps total: 128982.0
fps step: 188781.9 fps total: 126236.1
fps step: 190719.5 fps total: 128670.5
fps step: 176482.0 fps total: 122427.7
fps step: 173095.7 fps total: 119371.4
fps step: 153240.8 fps total: 107282.9
fps step: 173218.9 fps total: 118024.2
fps step: 184549.8 fps total: 125671.9
fps step: 176582.5 fps total: 119833.5
=> saving checkpoint 'runs/HumanoidAMP_08-20-37-18/nn/HumanoidAMP_08-20-37-19_5700.pth'
fps step: 178456.3 fps total: 120411.4
fps step: 171254.6 fps total: 119278.4
fps step: 179397.5 fps total: 122848.4
fps step: 150977.3 fps total: 107300.5
fps step: 193029.7 fps total: 128049.6
fps step: 180420.5 fps total: 118194.5
fps step: 142880.5 fps total: 103636.3
fps step: 154601.2 fps total: 108140.6
fps step: 178044.4 fps total: 120761.8
fps step: 165074.1 fps total: 115733.9
fps step: 177156.6 fps total: 122251.4
fps step: 183229.0 fps total: 124967.8
fps step: 188634.3 fps total: 124517.9
fps step: 180195.0 fps total: 120617.5
fps step: 183308.6 fps total: 123112.2
fps step: 189810.5 fps total: 123483.1
fps step: 185023.8 fps total: 123328.7
fps step: 167776.3 fps total: 113599.2
fps step: 174139.9 fps total: 119443.6
fps step: 175797.5 fps total: 120161.4
fps step: 175201.5 fps total: 120815.1
fps step: 172700.7 fps total: 118882.5
fps step: 181089.2 fps total: 124285.1
fps step: 192095.6 fps total: 129810.1
fps step: 195447.7 fps total: 131539.7
fps step: 190859.6 fps total: 129397.5
fps step: 188396.3 fps total: 128273.3
fps step: 194914.7 fps total: 131044.9
fps step: 191178.2 fps total: 126171.5
fps step: 192543.4 fps total: 128347.7
fps step: 189251.9 fps total: 126705.9
fps step: 190044.1 fps total: 126784.3
fps step: 189734.0 fps total: 125237.7
fps step: 193396.5 fps total: 130483.7
fps step: 193986.1 fps total: 130790.1
fps step: 189371.3 fps total: 128048.6
fps step: 187353.9 fps total: 127508.2
fps step: 189500.9 fps total: 128306.7
fps step: 160179.4 fps total: 112278.7
fps step: 175123.5 fps total: 119405.3
fps step: 143850.4 fps total: 105472.5
fps step: 191223.5 fps total: 129302.0
fps step: 191327.8 fps total: 129058.4
fps step: 188584.1 fps total: 125202.5
fps step: 193305.4 fps total: 129110.1
fps step: 181023.4 fps total: 122931.9
fps step: 182129.9 fps total: 125226.9
fps step: 179892.2 fps total: 123989.7
fps step: 171482.3 fps total: 116532.8
fps step: 174250.0 fps total: 118967.0
=> saving checkpoint 'runs/HumanoidAMP_08-20-37-18/nn/HumanoidAMP_08-20-37-19_5750.pth'
fps step: 191378.4 fps total: 129076.3
fps step: 182608.7 fps total: 123378.9
fps step: 167835.4 fps total: 118062.0
fps step: 188445.2 fps total: 127314.6
fps step: 175950.8 fps total: 121494.6
fps step: 162166.8 fps total: 114527.7
fps step: 191426.8 fps total: 127814.6
fps step: 165492.2 fps total: 113991.8
fps step: 182122.9 fps total: 122581.6
fps step: 163873.0 fps total: 114221.5
fps step: 173674.6 fps total: 116827.3
fps step: 172797.2 fps total: 120707.8
fps step: 167077.4 fps total: 117552.0
fps step: 160347.3 fps total: 114137.2
fps step: 153688.6 fps total: 108535.0
fps step: 160144.5 fps total: 112787.5
fps step: 190317.0 fps total: 126513.7
fps step: 185984.3 fps total: 125199.1
fps step: 193954.2 fps total: 127298.1
fps step: 191951.3 fps total: 128928.1
fps step: 191536.1 fps total: 128770.7
fps step: 178389.7 fps total: 122071.7
fps step: 191502.1 fps total: 128519.9
fps step: 165964.8 fps total: 115160.2
fps step: 185017.2 fps total: 125286.9
fps step: 191840.2 fps total: 128960.4
fps step: 188210.5 fps total: 126473.8
fps step: 188242.4 fps total: 128193.2
fps step: 193621.0 fps total: 130724.1
fps step: 192328.2 fps total: 129051.0
fps step: 193839.4 fps total: 130503.8
fps step: 192320.1 fps total: 130124.1
fps step: 196274.1 fps total: 131924.7
fps step: 193892.6 fps total: 130351.6
fps step: 195989.6 fps total: 131755.0
fps step: 194216.4 fps total: 130873.6
fps step: 193895.0 fps total: 130471.0
fps step: 189079.8 fps total: 127856.7
fps step: 190169.7 fps total: 128571.3
fps step: 194509.6 fps total: 131059.1
fps step: 192564.5 fps total: 128958.5
fps step: 145016.3 fps total: 104670.1
fps step: 144502.6 fps total: 102536.6
fps step: 158135.8 fps total: 111210.3
fps step: 155375.2 fps total: 110328.1
fps step: 192301.5 fps total: 129869.3
fps step: 194293.4 fps total: 130164.5
fps step: 193751.9 fps total: 130806.8
fps step: 191000.6 fps total: 127579.4
fps step: 192549.1 fps total: 129864.2
=> saving checkpoint 'runs/HumanoidAMP_08-20-37-18/nn/HumanoidAMP_08-20-37-19_5800.pth'
fps step: 187933.0 fps total: 128013.4
fps step: 194307.0 fps total: 130694.0
fps step: 193605.3 fps total: 130256.8
fps step: 187903.6 fps total: 124891.1
fps step: 189015.0 fps total: 128455.7
fps step: 193580.4 fps total: 130867.0
fps step: 188020.3 fps total: 125184.7
fps step: 191861.0 fps total: 127364.8
fps step: 188669.1 fps total: 126222.8
fps step: 192804.4 fps total: 130369.2
fps step: 192750.0 fps total: 130305.6
fps step: 183914.4 fps total: 123089.7
fps step: 191185.4 fps total: 129049.3
fps step: 194682.7 fps total: 129832.5
fps step: 191996.6 fps total: 129531.9
fps step: 192732.3 fps total: 129614.8
fps step: 194669.0 fps total: 130933.4
fps step: 194749.1 fps total: 131091.4
fps step: 192010.6 fps total: 130072.7
fps step: 184832.0 fps total: 125952.3
fps step: 169812.3 fps total: 117048.4
fps step: 181191.4 fps total: 123925.5
fps step: 185528.9 fps total: 125419.2
fps step: 169322.5 fps total: 118082.1
fps step: 170153.8 fps total: 116515.7
fps step: 154873.4 fps total: 111233.3
fps step: 172747.2 fps total: 118391.9
fps step: 152132.5 fps total: 103092.5
fps step: 151118.5 fps total: 107700.7
fps step: 191958.4 fps total: 125617.2
fps step: 194502.8 fps total: 129890.9
fps step: 185401.6 fps total: 126180.4
fps step: 166289.2 fps total: 116610.0
fps step: 179757.8 fps total: 124330.4
fps step: 179586.7 fps total: 123893.4
fps step: 185367.0 fps total: 126634.8
fps step: 186900.0 fps total: 127075.3
fps step: 180174.2 fps total: 122935.1
fps step: 188117.8 fps total: 126514.9
fps step: 180994.5 fps total: 123642.4
fps step: 167906.0 fps total: 115961.5
fps step: 189251.2 fps total: 128189.0
fps step: 193764.6 fps total: 130904.8
fps step: 187522.3 fps total: 127415.9
fps step: 188782.6 fps total: 124984.5
fps step: 190492.2 fps total: 129399.1
fps step: 193343.8 fps total: 129287.9
fps step: 192800.6 fps total: 130026.0
fps step: 192761.6 fps total: 129888.2
fps step: 192552.2 fps total: 130253.6
=> saving checkpoint 'runs/HumanoidAMP_08-20-37-18/nn/HumanoidAMP_08-20-37-19_5850.pth'
fps step: 192041.0 fps total: 130137.3
fps step: 193021.5 fps total: 130051.0
fps step: 192175.5 fps total: 128294.1
fps step: 145783.5 fps total: 102377.1
fps step: 131496.2 fps total: 94785.2
fps step: 164362.4 fps total: 114173.8
fps step: 170515.1 fps total: 115812.7
fps step: 163507.2 fps total: 112275.0
fps step: 181380.1 fps total: 123649.8
fps step: 153342.7 fps total: 109272.5
fps step: 154659.2 fps total: 111765.1
fps step: 164921.7 fps total: 113258.1
fps step: 192506.8 fps total: 130414.7
fps step: 191794.2 fps total: 127923.4
fps step: 191280.9 fps total: 129292.6
fps step: 188819.2 fps total: 128014.4
fps step: 191962.2 fps total: 127570.0
fps step: 169500.8 fps total: 115762.8
fps step: 170588.4 fps total: 119015.2
fps step: 179478.9 fps total: 122571.7
fps step: 175587.0 fps total: 120417.8
fps step: 193240.0 fps total: 126855.2
fps step: 192086.4 fps total: 125644.4
fps step: 191200.8 fps total: 128856.6
fps step: 191654.3 fps total: 129698.5
fps step: 192400.0 fps total: 129352.2
fps step: 190965.5 fps total: 129266.4
fps step: 190885.6 fps total: 128329.5
fps step: 171322.0 fps total: 118702.6
fps step: 179607.6 fps total: 122053.3
fps step: 176589.1 fps total: 122031.3
fps step: 177567.9 fps total: 120483.8
fps step: 185824.5 fps total: 126039.7
fps step: 181661.2 fps total: 124487.5
fps step: 189429.7 fps total: 126513.2
fps step: 187503.4 fps total: 124895.7
fps step: 191728.0 fps total: 129801.1
fps step: 178797.5 fps total: 121725.9
fps step: 186456.4 fps total: 125684.7
fps step: 175613.6 fps total: 122097.5
fps step: 150116.7 fps total: 108253.0
fps step: 157225.1 fps total: 111842.8
fps step: 137633.6 fps total: 100752.0
fps step: 181497.3 fps total: 123888.6
fps step: 165909.9 fps total: 115396.3
fps step: 176358.6 fps total: 121119.9
fps step: 192487.5 fps total: 127801.6
fps step: 188423.1 fps total: 127720.2
fps step: 163539.6 fps total: 115719.2
fps step: 167795.7 fps total: 118054.0
=> saving checkpoint 'runs/HumanoidAMP_08-20-37-18/nn/HumanoidAMP_08-20-37-19_5900.pth'
fps step: 187206.0 fps total: 127584.9
fps step: 176527.0 fps total: 122402.6
fps step: 175713.0 fps total: 122574.7
fps step: 183197.5 fps total: 123759.3
fps step: 185640.5 fps total: 125671.5
fps step: 185532.0 fps total: 122153.1
fps step: 192991.9 fps total: 129215.5
fps step: 182964.1 fps total: 121670.8
fps step: 181788.8 fps total: 123351.5
fps step: 191507.3 fps total: 129599.9
fps step: 191857.4 fps total: 129880.1
fps step: 191652.7 fps total: 129568.8
fps step: 190036.5 fps total: 129186.1
fps step: 186872.1 fps total: 127166.9
fps step: 186405.9 fps total: 126922.4
fps step: 172247.3 fps total: 119203.4
fps step: 192692.6 fps total: 129985.1
fps step: 189904.4 fps total: 128283.8
fps step: 192359.9 fps total: 128252.9
fps step: 192274.2 fps total: 127137.3
fps step: 190812.3 fps total: 126599.7
fps step: 192662.7 fps total: 126991.3
fps step: 184848.9 fps total: 123913.9
fps step: 189559.7 fps total: 127415.4
fps step: 194257.7 fps total: 131132.3
fps step: 188623.4 fps total: 126791.3
fps step: 161980.4 fps total: 115231.9
fps step: 186581.7 fps total: 126960.5
fps step: 192646.3 fps total: 129990.7
fps step: 188820.9 fps total: 127947.7
fps step: 188266.9 fps total: 125748.8
fps step: 155520.8 fps total: 111373.1
fps step: 190035.7 fps total: 128241.1
fps step: 189052.4 fps total: 126908.5
fps step: 189343.9 fps total: 125511.8
fps step: 182868.8 fps total: 124211.6
fps step: 185915.9 fps total: 123598.6
fps step: 172751.0 fps total: 120456.6
fps step: 190006.9 fps total: 127318.2
fps step: 175618.6 fps total: 121763.9
fps step: 186383.4 fps total: 125365.0
fps step: 169960.5 fps total: 116869.3
fps step: 181426.7 fps total: 123418.3
fps step: 173358.9 fps total: 119623.8
fps step: 185940.6 fps total: 124929.5
fps step: 160806.9 fps total: 112346.5
fps step: 168423.9 fps total: 115743.7
fps step: 181700.1 fps total: 122877.0
fps step: 155629.2 fps total: 107800.6
fps step: 181430.6 fps total: 121432.4
=> saving checkpoint 'runs/HumanoidAMP_08-20-37-18/nn/HumanoidAMP_08-20-37-19_5950.pth'
fps step: 192024.1 fps total: 129505.8
fps step: 187182.1 fps total: 125985.6
fps step: 191974.4 fps total: 128268.3
fps step: 188396.5 fps total: 128320.4
fps step: 192325.3 fps total: 130204.3
fps step: 193027.6 fps total: 130331.8
fps step: 191354.3 fps total: 129570.2
fps step: 182424.3 fps total: 121961.3
fps step: 164272.3 fps total: 113229.0
fps step: 150015.9 fps total: 108259.4
fps step: 192370.8 fps total: 127021.9
fps step: 191387.7 fps total: 129732.3
fps step: 193805.6 fps total: 130844.7
fps step: 191344.9 fps total: 129205.1
fps step: 168821.6 fps total: 118086.3
fps step: 192308.4 fps total: 129737.7
fps step: 188368.7 fps total: 128020.4
fps step: 193130.8 fps total: 129332.6
fps step: 163997.6 fps total: 113392.0
fps step: 166088.7 fps total: 116026.8
fps step: 136144.2 fps total: 101263.5
fps step: 156099.5 fps total: 112191.9
fps step: 189542.7 fps total: 128739.2
fps step: 185194.9 fps total: 124281.1
fps step: 136944.4 fps total: 100290.5
fps step: 155487.4 fps total: 110987.0
fps step: 190184.3 fps total: 128904.4
fps step: 194121.4 fps total: 129415.8
fps step: 192717.9 fps total: 127595.0
fps step: 185634.6 fps total: 126394.8
fps step: 189731.7 fps total: 128983.3
fps step: 192151.5 fps total: 130226.6
fps step: 192879.3 fps total: 130457.0
fps step: 190672.9 fps total: 129207.2
fps step: 192073.1 fps total: 128232.5
fps step: 161826.7 fps total: 115245.9
fps step: 179399.2 fps total: 122419.3
fps step: 188921.7 fps total: 128242.1
fps step: 186151.7 fps total: 124311.8
fps step: 186510.9 fps total: 125123.2
fps step: 162653.7 fps total: 114625.4
fps step: 173869.9 fps total: 117515.9
fps step: 190130.6 fps total: 128461.2
fps step: 191856.6 fps total: 129617.8
fps step: 192177.3 fps total: 130279.1
fps step: 190963.2 fps total: 129490.6
fps step: 187298.6 fps total: 126603.3
fps step: 192411.0 fps total: 130364.9
fps step: 190662.6 fps total: 129027.2
fps step: 190082.6 fps total: 128367.1
=> saving checkpoint 'runs/HumanoidAMP_08-20-37-18/nn/HumanoidAMP_08-20-37-19_6000.pth'
fps step: 191741.4 fps total: 128488.4
fps step: 191031.1 fps total: 129368.9
fps step: 189424.5 fps total: 128787.0
fps step: 187749.8 fps total: 127469.9
fps step: 193616.6 fps total: 130456.1
fps step: 190888.0 fps total: 129236.8
fps step: 192897.0 fps total: 130579.2
fps step: 192067.2 fps total: 129570.3
fps step: 191415.2 fps total: 129755.3
fps step: 192602.8 fps total: 129800.3
fps step: 192714.7 fps total: 129419.5
fps step: 186251.8 fps total: 125133.8
fps step: 188535.8 fps total: 126699.9
fps step: 192010.2 fps total: 126723.8
fps step: 189853.5 fps total: 128219.8
fps step: 181507.3 fps total: 121528.9
fps step: 191924.9 fps total: 125221.8
fps step: 191432.9 fps total: 129154.2
fps step: 191692.3 fps total: 129164.7
fps step: 183457.7 fps total: 121588.0
fps step: 191467.2 fps total: 129657.0
fps step: 179801.1 fps total: 123151.7
fps step: 192516.5 fps total: 129997.4
fps step: 194166.8 fps total: 131006.0
fps step: 193026.7 fps total: 125464.1
fps step: 184114.7 fps total: 126550.4
fps step: 189176.0 fps total: 127556.5
fps step: 174736.1 fps total: 121812.9
fps step: 158349.8 fps total: 110481.4
fps step: 178192.2 fps total: 122016.0
fps step: 155518.6 fps total: 110172.7
fps step: 146044.7 fps total: 104235.0
fps step: 174663.3 fps total: 118231.9
fps step: 190675.0 fps total: 122403.1
fps step: 166829.4 fps total: 115458.2
fps step: 181997.9 fps total: 120642.2
fps step: 178136.3 fps total: 119299.3
fps step: 172922.6 fps total: 119262.7
fps step: 164903.0 fps total: 114847.1
fps step: 157253.0 fps total: 112066.8
fps step: 153636.7 fps total: 110757.9
fps step: 188879.3 fps total: 128238.1
fps step: 193124.9 fps total: 130113.9
fps step: 175934.7 fps total: 121572.4
fps step: 185253.4 fps total: 126678.9
fps step: 181297.0 fps total: 121223.0
fps step: 160358.8 fps total: 112427.4
fps step: 169792.8 fps total: 115759.5
fps step: 159095.5 fps total: 113354.4
fps step: 152592.0 fps total: 110071.8
=> saving checkpoint 'runs/HumanoidAMP_08-20-37-18/nn/HumanoidAMP_08-20-37-19_6050.pth'
fps step: 168831.1 fps total: 115630.5
fps step: 167415.2 fps total: 118196.7
fps step: 192017.5 fps total: 129531.6
fps step: 185784.1 fps total: 125618.8
fps step: 192614.5 fps total: 130275.3
fps step: 187839.5 fps total: 128057.5
fps step: 192984.8 fps total: 130199.0
fps step: 191668.6 fps total: 129819.2
fps step: 168551.9 fps total: 116588.4
fps step: 161607.5 fps total: 112158.8
fps step: 147459.4 fps total: 106451.5
fps step: 172297.4 fps total: 118104.5
fps step: 190745.6 fps total: 128558.3
fps step: 194598.3 fps total: 130739.5
fps step: 173234.8 fps total: 114914.5
fps step: 145526.1 fps total: 102963.7
fps step: 131425.6 fps total: 97413.4
fps step: 166018.4 fps total: 112737.4
fps step: 137754.0 fps total: 101580.7
fps step: 194695.2 fps total: 131152.2
fps step: 162503.5 fps total: 113496.6
fps step: 174297.5 fps total: 119397.3
fps step: 184167.9 fps total: 125107.0
fps step: 174103.6 fps total: 120869.8
fps step: 189302.7 fps total: 128330.1
fps step: 142200.8 fps total: 102242.5
fps step: 191323.2 fps total: 129257.7
fps step: 188764.0 fps total: 127661.4
fps step: 188685.3 fps total: 125046.1
fps step: 171480.4 fps total: 117772.9
fps step: 164952.6 fps total: 114106.7
fps step: 174259.5 fps total: 121704.7
fps step: 188132.6 fps total: 126807.9
fps step: 160201.0 fps total: 114069.2
fps step: 189880.8 fps total: 129019.7
fps step: 178036.2 fps total: 121980.3
fps step: 168873.6 fps total: 118357.8
fps step: 176051.1 fps total: 122022.6
fps step: 167644.8 fps total: 117952.4
fps step: 182308.9 fps total: 123580.0
fps step: 171123.3 fps total: 119189.2
fps step: 145284.8 fps total: 106181.0
fps step: 194162.7 fps total: 127751.4
fps step: 191386.1 fps total: 126330.3
fps step: 186675.8 fps total: 126268.5
fps step: 188764.9 fps total: 128129.1
fps step: 192770.7 fps total: 129001.2
fps step: 193080.6 fps total: 130548.6
fps step: 192313.6 fps total: 129806.2
fps step: 192800.4 fps total: 127059.6
=> saving checkpoint 'runs/HumanoidAMP_08-20-37-18/nn/HumanoidAMP_08-20-37-19_6100.pth'
fps step: 157718.1 fps total: 112546.0
fps step: 139188.1 fps total: 101507.4
fps step: 160132.6 fps total: 112032.4
fps step: 154769.3 fps total: 110178.3
fps step: 193485.1 fps total: 130686.6
fps step: 191488.2 fps total: 128295.0
fps step: 175942.9 fps total: 121584.4
fps step: 175097.6 fps total: 119861.3
fps step: 168209.4 fps total: 117825.9
fps step: 185572.0 fps total: 124955.5
fps step: 170943.3 fps total: 118569.6
fps step: 173720.9 fps total: 120098.0
fps step: 188052.4 fps total: 125225.7
fps step: 192453.8 fps total: 128949.3
fps step: 192123.4 fps total: 129833.9
fps step: 189796.9 fps total: 128339.5
fps step: 192510.5 fps total: 129308.4
fps step: 191349.1 fps total: 129314.8
fps step: 190417.6 fps total: 127986.9
fps step: 188478.7 fps total: 124181.4
fps step: 193120.1 fps total: 127599.0
fps step: 190097.6 fps total: 127968.5
fps step: 167662.3 fps total: 118319.6
fps step: 182372.3 fps total: 123459.8
fps step: 186459.4 fps total: 126937.1
fps step: 176916.8 fps total: 121097.5
fps step: 193737.8 fps total: 129278.9
fps step: 169789.6 fps total: 116986.2
fps step: 165576.4 fps total: 109892.2
fps step: 183805.6 fps total: 123615.2
fps step: 180362.2 fps total: 124019.8
fps step: 184157.1 fps total: 124078.6
fps step: 156489.6 fps total: 110086.2
fps step: 189970.7 fps total: 129060.9
fps step: 190951.1 fps total: 129571.2
fps step: 192432.0 fps total: 130198.4
fps step: 192742.4 fps total: 130543.0
fps step: 181041.5 fps total: 121285.3
fps step: 139105.4 fps total: 103194.4
fps step: 169409.4 fps total: 116929.4
fps step: 185469.0 fps total: 123711.0
fps step: 194150.8 fps total: 128969.1
fps step: 192147.2 fps total: 128368.6
fps step: 191659.3 fps total: 127275.8
fps step: 168355.1 fps total: 115879.1
fps step: 168326.6 fps total: 114579.5
fps step: 174438.9 fps total: 120910.4
fps step: 182607.1 fps total: 122664.1
fps step: 185241.9 fps total: 123055.8
fps step: 171889.0 fps total: 117794.4
=> saving checkpoint 'runs/HumanoidAMP_08-20-37-18/nn/HumanoidAMP_08-20-37-19_6150.pth'
fps step: 156078.4 fps total: 109802.0
fps step: 161498.6 fps total: 111840.6
fps step: 165636.8 fps total: 113327.6
fps step: 156070.3 fps total: 110997.1
fps step: 174344.8 fps total: 121384.3
fps step: 161413.2 fps total: 113654.6
fps step: 164175.3 fps total: 113349.7
fps step: 150246.7 fps total: 106483.2
fps step: 162801.7 fps total: 115372.3
fps step: 189082.1 fps total: 125021.6
fps step: 186628.0 fps total: 124470.9
fps step: 187061.1 fps total: 127415.1
fps step: 170189.0 fps total: 116683.3
fps step: 176278.5 fps total: 119540.3
fps step: 160291.8 fps total: 112335.1
fps step: 150182.6 fps total: 107011.1
fps step: 166402.2 fps total: 116224.0
fps step: 164667.2 fps total: 113878.0
fps step: 180215.8 fps total: 124177.1
fps step: 190807.1 fps total: 126085.1
fps step: 193099.1 fps total: 127400.5
fps step: 183820.8 fps total: 121057.9
fps step: 189519.5 fps total: 123200.2
fps step: 162915.7 fps total: 111133.3
fps step: 168475.2 fps total: 116971.3
fps step: 172806.5 fps total: 117138.8
fps step: 167345.6 fps total: 114072.0
fps step: 169022.0 fps total: 116156.7
fps step: 149951.2 fps total: 107725.8
fps step: 190768.9 fps total: 128402.4
fps step: 193019.2 fps total: 127749.6
fps step: 182450.6 fps total: 124181.9
fps step: 193251.5 fps total: 129740.0
fps step: 189395.4 fps total: 125190.0
fps step: 192468.1 fps total: 129041.3
fps step: 193113.5 fps total: 130433.7
fps step: 178485.4 fps total: 119817.3
fps step: 156946.7 fps total: 111992.2
fps step: 167484.2 fps total: 118137.6
fps step: 180759.5 fps total: 123957.3
fps step: 168260.2 fps total: 114356.7
fps step: 148698.2 fps total: 105513.4
fps step: 173044.6 fps total: 113881.1
fps step: 170020.3 fps total: 117511.6
fps step: 193306.2 fps total: 128960.0
fps step: 192959.7 fps total: 130152.5
fps step: 193598.2 fps total: 130220.5
fps step: 189992.0 fps total: 129083.4
fps step: 194380.9 fps total: 130964.5
fps step: 183682.9 fps total: 123069.3
=> saving checkpoint 'runs/HumanoidAMP_08-20-37-18/nn/HumanoidAMP_08-20-37-19_6200.pth'
fps step: 192103.7 fps total: 130105.5
fps step: 194012.8 fps total: 131062.5
fps step: 158603.1 fps total: 111357.6
fps step: 192284.3 fps total: 129695.8
fps step: 194223.5 fps total: 129831.7
fps step: 170581.3 fps total: 118864.6
fps step: 187285.6 fps total: 127120.0
fps step: 193989.1 fps total: 127291.1
fps step: 192920.9 fps total: 126260.1
fps step: 191966.3 fps total: 127257.9
fps step: 186974.0 fps total: 127220.5
fps step: 194636.1 fps total: 131056.3
fps step: 193839.2 fps total: 130700.9
fps step: 179305.4 fps total: 119692.4
fps step: 148111.6 fps total: 106082.7
fps step: 138140.2 fps total: 97656.0
fps step: 157629.4 fps total: 111113.2
fps step: 163262.8 fps total: 114097.8
fps step: 194514.3 fps total: 129651.7
fps step: 193874.9 fps total: 127779.9
fps step: 192287.8 fps total: 128638.9
fps step: 192818.6 fps total: 127043.1
fps step: 195477.1 fps total: 130681.0
fps step: 195084.0 fps total: 130733.8
fps step: 195157.7 fps total: 130316.0
fps step: 194334.7 fps total: 130828.0
fps step: 194694.9 fps total: 131092.5
fps step: 194043.3 fps total: 130552.9
fps step: 195126.0 fps total: 131355.0
fps step: 194744.2 fps total: 131230.9
fps step: 192135.6 fps total: 129885.6
fps step: 192845.1 fps total: 130226.7
fps step: 195786.6 fps total: 131482.0
fps step: 189335.8 fps total: 125936.2
fps step: 150349.5 fps total: 108254.9
fps step: 158568.0 fps total: 112913.3
fps step: 182696.9 fps total: 125012.4
fps step: 144460.4 fps total: 104048.8
fps step: 151042.1 fps total: 108506.2
fps step: 190523.6 fps total: 129215.4
fps step: 190591.4 fps total: 128392.9
fps step: 193335.1 fps total: 130502.5
fps step: 190101.9 fps total: 128530.8
fps step: 159053.7 fps total: 111421.6
fps step: 184980.9 fps total: 124352.6
fps step: 193539.7 fps total: 126552.2
fps step: 182418.5 fps total: 122980.7
fps step: 166845.2 fps total: 115639.2
fps step: 176324.3 fps total: 121160.1
fps step: 180496.8 fps total: 121196.1
=> saving checkpoint 'runs/HumanoidAMP_08-20-37-18/nn/HumanoidAMP_08-20-37-19_6250.pth'
fps step: 193337.6 fps total: 129104.8
fps step: 188508.6 fps total: 127697.7
fps step: 184488.6 fps total: 125464.0
fps step: 192459.6 fps total: 129379.1
fps step: 194039.8 fps total: 130361.4
fps step: 190936.2 fps total: 128951.4
fps step: 188720.8 fps total: 126655.2
fps step: 190949.5 fps total: 129360.9
fps step: 193118.8 fps total: 130237.7
fps step: 190721.0 fps total: 127452.1
fps step: 194395.6 fps total: 130967.1
fps step: 188834.6 fps total: 128209.2
fps step: 192278.0 fps total: 129840.7
fps step: 192848.6 fps total: 130273.4
fps step: 192528.9 fps total: 129732.3
fps step: 192554.6 fps total: 130284.1
fps step: 195093.7 fps total: 131433.7
fps step: 193745.7 fps total: 130492.0
fps step: 189715.4 fps total: 128446.6
fps step: 192984.3 fps total: 130048.7
fps step: 194409.8 fps total: 129113.5
fps step: 190486.0 fps total: 128200.3
fps step: 193403.6 fps total: 129226.4
fps step: 194710.2 fps total: 130438.1
fps step: 156324.5 fps total: 110579.5
fps step: 161840.2 fps total: 113199.8
fps step: 146275.4 fps total: 104349.8
fps step: 136195.1 fps total: 100032.0
fps step: 189464.3 fps total: 128487.5
fps step: 194343.9 fps total: 130767.9
fps step: 194157.0 fps total: 130729.0
fps step: 192136.7 fps total: 129357.6
fps step: 193339.5 fps total: 130510.5
fps step: 195374.8 fps total: 129739.6
fps step: 193469.2 fps total: 129901.1
fps step: 193659.0 fps total: 130682.7
fps step: 192039.0 fps total: 129209.2
fps step: 193638.0 fps total: 130331.5
fps step: 193819.6 fps total: 129295.0
fps step: 192585.3 fps total: 128254.4
fps step: 167203.3 fps total: 115963.8
fps step: 153649.3 fps total: 110239.7
fps step: 151207.0 fps total: 108477.3
fps step: 184388.3 fps total: 124808.7
fps step: 153031.2 fps total: 109804.4
fps step: 164920.1 fps total: 116326.8
fps step: 158358.4 fps total: 112815.3
fps step: 192781.4 fps total: 130102.1
fps step: 192661.0 fps total: 129913.0
fps step: 192754.6 fps total: 129195.4
=> saving checkpoint 'runs/HumanoidAMP_08-20-37-18/nn/HumanoidAMP_08-20-37-19_6300.pth'
fps step: 192556.9 fps total: 130216.5
fps step: 192870.9 fps total: 129579.7
fps step: 191257.2 fps total: 129156.4
fps step: 192605.1 fps total: 130121.4
fps step: 193255.6 fps total: 129242.8
fps step: 190131.0 fps total: 128883.7
fps step: 192388.1 fps total: 129766.6
fps step: 194049.8 fps total: 130444.5
fps step: 193264.2 fps total: 130087.9
fps step: 190140.6 fps total: 129137.2
fps step: 194175.9 fps total: 130839.5
fps step: 186117.8 fps total: 126690.4
fps step: 194243.0 fps total: 130657.3
fps step: 193516.3 fps total: 130377.5
fps step: 193403.6 fps total: 130371.6
fps step: 194016.1 fps total: 130796.5
fps step: 193018.1 fps total: 130264.4
fps step: 194015.5 fps total: 130781.3
fps step: 194865.7 fps total: 130873.6
fps step: 195318.7 fps total: 129860.9
fps step: 193884.4 fps total: 129758.8
fps step: 195894.7 fps total: 131669.0
fps step: 179343.4 fps total: 122548.8
fps step: 161589.8 fps total: 113643.3
fps step: 159692.0 fps total: 112120.1
fps step: 164814.7 fps total: 115981.6
fps step: 194213.9 fps total: 130686.6
fps step: 190980.9 fps total: 129342.9
fps step: 184183.5 fps total: 125680.9
fps step: 169771.1 fps total: 117702.1
fps step: 165071.2 fps total: 111586.9
fps step: 152248.7 fps total: 108701.6
fps step: 159474.3 fps total: 114172.4
fps step: 194674.3 fps total: 131219.9
fps step: 195308.3 fps total: 131622.8
fps step: 195987.9 fps total: 131445.6
fps step: 193544.4 fps total: 129517.2
fps step: 193559.5 fps total: 130519.3
fps step: 193742.3 fps total: 129525.2
fps step: 195009.7 fps total: 131327.9
fps step: 188173.0 fps total: 128133.9
fps step: 194481.1 fps total: 131186.0
fps step: 190502.6 fps total: 128997.6
fps step: 192596.5 fps total: 129845.3
fps step: 190607.6 fps total: 128928.3
fps step: 192998.1 fps total: 130612.3
fps step: 156840.1 fps total: 108215.4
fps step: 169576.7 fps total: 116439.3
fps step: 187948.8 fps total: 123008.6
fps step: 169270.0 fps total: 114745.1
=> saving checkpoint 'runs/HumanoidAMP_08-20-37-18/nn/HumanoidAMP_08-20-37-19_6350.pth'
fps step: 175397.9 fps total: 118916.6
fps step: 172576.3 fps total: 117736.5
fps step: 175805.2 fps total: 119023.8
fps step: 158637.3 fps total: 112176.6
fps step: 194436.2 fps total: 130926.7
fps step: 194883.5 fps total: 130800.6
fps step: 190594.8 fps total: 126574.2
fps step: 187468.7 fps total: 125811.8
fps step: 187302.8 fps total: 127676.0
fps step: 195171.9 fps total: 130899.0
fps step: 193824.7 fps total: 130788.8
fps step: 190988.5 fps total: 129060.8
fps step: 189044.9 fps total: 128184.1
fps step: 192846.4 fps total: 129476.0
fps step: 160113.9 fps total: 111339.3
fps step: 168673.2 fps total: 118505.2
fps step: 193273.2 fps total: 128225.5
fps step: 177974.2 fps total: 120689.1
fps step: 168673.4 fps total: 118007.9
fps step: 192000.8 fps total: 130144.1
fps step: 196734.1 fps total: 132020.7
fps step: 173231.8 fps total: 120209.2
fps step: 192842.9 fps total: 130105.1
fps step: 193979.5 fps total: 130868.4
fps step: 193543.4 fps total: 130425.5
fps step: 193527.5 fps total: 130611.8
fps step: 177780.4 fps total: 121805.9
fps step: 180827.9 fps total: 122302.8
fps step: 184340.4 fps total: 124798.5
fps step: 190944.7 fps total: 129211.3
fps step: 192430.6 fps total: 130022.8
fps step: 193557.0 fps total: 130627.6
fps step: 194256.6 fps total: 130674.6
fps step: 194942.0 fps total: 131049.6
fps step: 194877.8 fps total: 129277.8
fps step: 174815.9 fps total: 117898.8
fps step: 185195.0 fps total: 125638.6
fps step: 179833.1 fps total: 122851.4
fps step: 182312.2 fps total: 123132.8
fps step: 183911.1 fps total: 123987.9
fps step: 174817.9 fps total: 117846.1
fps step: 181235.4 fps total: 121866.2
fps step: 186836.6 fps total: 126333.6
fps step: 187236.1 fps total: 122008.0
fps step: 154333.7 fps total: 109866.5
fps step: 177239.6 fps total: 122218.3
fps step: 195428.8 fps total: 130893.2
fps step: 194848.8 fps total: 130634.0
fps step: 166672.5 fps total: 117175.7
fps step: 187759.8 fps total: 127179.1
=> saving checkpoint 'runs/HumanoidAMP_08-20-37-18/nn/HumanoidAMP_08-20-37-19_6400.pth'
fps step: 186052.0 fps total: 125080.1
fps step: 166076.9 fps total: 116119.2
fps step: 163565.0 fps total: 114859.0
fps step: 169340.6 fps total: 119037.7
fps step: 159485.1 fps total: 113448.7
fps step: 166779.2 fps total: 116444.9
fps step: 158680.3 fps total: 112671.7
fps step: 194428.3 fps total: 130443.8
fps step: 193211.1 fps total: 130074.6
fps step: 194911.1 fps total: 131115.4
fps step: 187139.1 fps total: 125715.3
fps step: 154143.4 fps total: 108292.6
fps step: 163180.1 fps total: 114079.9
fps step: 193890.3 fps total: 129790.8
fps step: 191604.1 fps total: 128649.1
fps step: 193807.9 fps total: 130154.1
fps step: 191426.5 fps total: 128171.9
fps step: 194087.3 fps total: 130590.6
fps step: 194811.1 fps total: 131334.2
fps step: 194205.4 fps total: 130546.2
fps step: 191751.2 fps total: 129259.4
fps step: 195936.9 fps total: 131722.2
fps step: 193012.3 fps total: 130267.0
fps step: 191487.8 fps total: 128877.4
fps step: 174202.5 fps total: 116953.7
fps step: 191492.9 fps total: 125606.9
fps step: 175237.3 fps total: 120366.8
fps step: 185568.5 fps total: 124449.5
fps step: 172277.4 fps total: 119534.7
fps step: 193153.6 fps total: 130550.1
fps step: 193011.0 fps total: 130138.9
fps step: 193115.4 fps total: 130394.7
fps step: 191553.1 fps total: 128887.6
fps step: 182089.0 fps total: 124618.6
fps step: 160902.4 fps total: 113960.7
fps step: 194682.0 fps total: 129337.0
fps step: 192231.9 fps total: 129054.8
fps step: 137042.0 fps total: 101585.4
fps step: 156086.4 fps total: 111026.4
fps step: 156056.8 fps total: 108666.4
fps step: 147544.1 fps total: 106395.9
fps step: 178106.1 fps total: 120303.8
fps step: 171463.6 fps total: 116283.0
fps step: 166540.9 fps total: 115671.3
fps step: 191936.3 fps total: 129560.0
fps step: 170739.5 fps total: 118962.9
fps step: 170517.6 fps total: 118856.8
fps step: 155407.3 fps total: 111049.8
fps step: 173149.1 fps total: 120229.9
fps step: 183715.6 fps total: 123420.2
=> saving checkpoint 'runs/HumanoidAMP_08-20-37-18/nn/HumanoidAMP_08-20-37-19_6450.pth'
fps step: 187236.2 fps total: 127475.5
fps step: 180091.2 fps total: 122591.0
fps step: 171887.8 fps total: 116055.1
fps step: 168203.9 fps total: 116047.4
fps step: 162895.1 fps total: 114069.7
fps step: 194668.2 fps total: 130415.2
fps step: 194194.0 fps total: 129968.4
fps step: 196479.0 fps total: 130203.0
fps step: 148351.1 fps total: 106276.0
fps step: 151093.6 fps total: 106622.6
fps step: 152423.6 fps total: 108622.1
fps step: 178080.3 fps total: 120213.0
fps step: 163042.4 fps total: 114291.7
fps step: 161783.3 fps total: 114115.6
fps step: 194897.9 fps total: 128428.6
fps step: 189817.5 fps total: 127943.9
fps step: 194067.4 fps total: 130931.3
fps step: 165452.9 fps total: 112913.8
fps step: 173227.8 fps total: 118520.7
fps step: 158972.0 fps total: 112144.6
fps step: 155208.8 fps total: 109002.3
fps step: 194428.1 fps total: 130540.1
fps step: 192269.1 fps total: 128190.8
fps step: 194549.6 fps total: 129623.1
fps step: 182530.9 fps total: 122336.1
fps step: 192439.5 fps total: 129458.2
fps step: 183847.4 fps total: 124912.4
fps step: 181262.9 fps total: 125057.6
fps step: 181280.0 fps total: 125185.8
fps step: 180908.1 fps total: 120374.1
fps step: 188827.6 fps total: 123321.0
fps step: 185148.8 fps total: 122731.3
fps step: 180394.0 fps total: 123662.7
fps step: 189653.8 fps total: 127084.0
fps step: 180625.9 fps total: 121995.4
fps step: 187952.9 fps total: 124736.0
fps step: 177583.2 fps total: 122299.7
fps step: 181548.6 fps total: 120732.9
fps step: 186338.6 fps total: 125064.7
fps step: 186259.3 fps total: 124352.7
fps step: 193161.6 fps total: 127208.5
fps step: 191480.9 fps total: 127553.3
fps step: 161846.1 fps total: 114541.5
fps step: 193048.9 fps total: 127723.4
fps step: 173448.0 fps total: 117323.7
fps step: 166905.3 fps total: 115024.4
fps step: 165210.8 fps total: 110619.4
fps step: 171723.6 fps total: 118915.4
fps step: 181530.1 fps total: 119556.9
fps step: 170399.0 fps total: 117763.4
=> saving checkpoint 'runs/HumanoidAMP_08-20-37-18/nn/HumanoidAMP_08-20-37-19_6500.pth'
fps step: 175184.6 fps total: 118859.2
fps step: 174325.3 fps total: 116435.0
fps step: 156146.6 fps total: 110626.0
fps step: 195042.9 fps total: 130564.9
fps step: 193286.6 fps total: 129639.4
fps step: 193443.7 fps total: 129983.1
fps step: 186784.4 fps total: 127184.1
fps step: 191100.8 fps total: 126468.4
fps step: 172813.8 fps total: 119830.6
fps step: 193523.4 fps total: 130463.5
fps step: 190433.8 fps total: 129435.6
fps step: 188824.0 fps total: 125812.9
fps step: 167290.2 fps total: 113269.6
fps step: 193844.2 fps total: 130386.7
fps step: 190880.4 fps total: 128712.3
fps step: 191839.7 fps total: 128723.2
fps step: 193710.8 fps total: 129644.0
fps step: 195910.6 fps total: 130839.1
fps step: 194364.5 fps total: 130680.0
fps step: 193261.5 fps total: 130060.4
fps step: 193218.5 fps total: 130571.4
fps step: 192660.3 fps total: 130200.2
fps step: 195576.7 fps total: 131567.5
fps step: 192117.9 fps total: 129054.1
fps step: 190355.2 fps total: 128779.5
fps step: 191372.1 fps total: 129582.9
fps step: 194813.3 fps total: 131158.7
fps step: 192817.1 fps total: 130178.5
fps step: 192498.9 fps total: 128715.5
fps step: 191850.0 fps total: 129460.6
fps step: 191222.5 fps total: 129518.3
fps step: 191342.4 fps total: 128995.1
fps step: 191266.9 fps total: 129645.6
fps step: 190613.0 fps total: 128321.7
fps step: 193679.2 fps total: 130404.7
fps step: 190115.9 fps total: 128662.9
fps step: 193567.9 fps total: 130765.7
fps step: 194282.1 fps total: 129566.8
fps step: 194000.2 fps total: 129927.5
fps step: 194404.9 fps total: 130267.3
fps step: 193605.2 fps total: 125744.4
fps step: 171580.2 fps total: 118232.2
fps step: 186168.1 fps total: 124281.0
fps step: 168496.1 fps total: 117698.0
fps step: 190926.4 fps total: 128219.8
fps step: 193089.5 fps total: 130298.1
fps step: 187232.1 fps total: 127354.8
fps step: 194034.2 fps total: 130719.0
fps step: 192892.9 fps total: 130333.9
fps step: 193241.1 fps total: 130426.9
=> saving checkpoint 'runs/HumanoidAMP_08-20-37-18/nn/HumanoidAMP_08-20-37-19_6550.pth'
fps step: 191691.7 fps total: 129355.9
fps step: 185903.9 fps total: 126552.6
fps step: 182032.7 fps total: 125141.7
fps step: 185480.2 fps total: 125881.3
fps step: 165169.5 fps total: 113760.3
fps step: 174691.8 fps total: 118619.1
fps step: 169008.8 fps total: 117649.0
fps step: 187862.8 fps total: 126602.2
fps step: 177221.9 fps total: 121248.0
fps step: 173658.2 fps total: 115888.3
fps step: 174040.0 fps total: 118392.4
fps step: 189183.1 fps total: 123823.2
fps step: 178681.5 fps total: 120369.0
fps step: 180925.7 fps total: 122178.9
fps step: 192928.1 fps total: 126836.9
fps step: 182285.6 fps total: 121106.7
fps step: 172146.3 fps total: 117549.7
fps step: 192111.9 fps total: 127685.0
fps step: 187543.0 fps total: 125773.1
fps step: 183448.0 fps total: 125558.9
fps step: 174235.4 fps total: 119977.8
fps step: 176326.5 fps total: 121312.6
fps step: 180744.6 fps total: 124345.1
fps step: 187153.6 fps total: 127895.0
fps step: 189514.2 fps total: 128044.6
fps step: 166546.3 fps total: 115749.0
fps step: 193226.8 fps total: 126641.5
fps step: 193178.5 fps total: 129960.6
fps step: 191208.0 fps total: 128775.9
fps step: 193698.1 fps total: 127501.5
fps step: 193674.9 fps total: 127410.3
fps step: 195083.9 fps total: 129114.7
fps step: 181937.1 fps total: 122357.0
fps step: 190701.0 fps total: 129392.7
fps step: 175956.2 fps total: 120906.0
fps step: 185898.5 fps total: 121772.0
fps step: 179007.4 fps total: 122611.6
fps step: 192098.1 fps total: 124574.6
fps step: 183614.3 fps total: 124109.9
fps step: 166372.4 fps total: 114486.5
fps step: 189299.0 fps total: 127434.9
fps step: 175912.0 fps total: 121441.9
fps step: 193343.8 fps total: 126843.9
fps step: 192423.9 fps total: 129908.0
fps step: 179780.5 fps total: 124256.9
fps step: 180875.4 fps total: 121491.9
fps step: 178518.8 fps total: 120231.9
fps step: 179283.8 fps total: 121678.0
fps step: 166406.8 fps total: 117452.5
fps step: 188968.7 fps total: 125613.7
=> saving checkpoint 'runs/HumanoidAMP_08-20-37-18/nn/HumanoidAMP_08-20-37-19_6600.pth'
fps step: 178013.5 fps total: 121683.8
fps step: 190785.7 fps total: 126447.8
fps step: 194610.7 fps total: 128778.7
fps step: 164933.9 fps total: 115383.0
fps step: 178499.4 fps total: 123669.5
fps step: 192454.7 fps total: 127775.7
fps step: 191658.1 fps total: 129784.5
fps step: 173229.6 fps total: 120373.4
fps step: 167986.0 fps total: 116702.9
fps step: 170042.9 fps total: 119006.4
fps step: 180890.2 fps total: 121868.9
fps step: 184828.8 fps total: 125344.1
fps step: 183223.8 fps total: 124843.9
fps step: 183778.4 fps total: 125122.5
fps step: 188298.8 fps total: 127242.6
fps step: 188244.4 fps total: 126785.5
fps step: 186435.4 fps total: 125696.6
fps step: 189132.2 fps total: 126741.9
fps step: 174049.4 fps total: 118756.4
fps step: 177037.0 fps total: 121566.6
fps step: 182370.5 fps total: 120866.0
fps step: 181545.9 fps total: 122306.5
fps step: 178331.5 fps total: 118927.9
fps step: 182873.0 fps total: 120921.5
fps step: 190772.0 fps total: 126269.2
fps step: 193177.1 fps total: 129159.7
fps step: 193869.0 fps total: 129205.9
fps step: 175637.9 fps total: 120628.2
fps step: 195459.3 fps total: 131248.1
fps step: 192078.2 fps total: 128577.9
fps step: 193993.3 fps total: 128711.2
fps step: 192547.8 fps total: 130181.1
fps step: 184051.6 fps total: 120599.3
fps step: 185228.2 fps total: 125150.0
fps step: 168793.6 fps total: 115858.4
fps step: 179816.0 fps total: 122514.5
fps step: 184021.8 fps total: 122467.1
fps step: 168434.4 fps total: 117366.5
fps step: 172471.4 fps total: 117857.2
fps step: 171581.7 fps total: 118934.8
fps step: 186110.3 fps total: 121881.7
fps step: 161499.3 fps total: 110219.3
fps step: 171269.1 fps total: 118555.3
fps step: 190816.1 fps total: 127459.5
fps step: 186340.2 fps total: 126788.2
fps step: 195144.0 fps total: 131154.7
fps step: 193856.7 fps total: 130857.8
fps step: 195001.1 fps total: 130657.3
fps step: 195809.5 fps total: 131790.7
fps step: 191856.2 fps total: 129507.0
=> saving checkpoint 'runs/HumanoidAMP_08-20-37-18/nn/HumanoidAMP_08-20-37-19_6650.pth'
fps step: 193741.8 fps total: 130695.3
fps step: 193325.3 fps total: 130003.5
fps step: 192400.9 fps total: 130088.9
fps step: 178179.4 fps total: 122672.3
fps step: 185061.3 fps total: 125091.4
fps step: 165433.8 fps total: 114274.6
fps step: 176527.8 fps total: 119606.2
fps step: 175523.9 fps total: 117267.2
fps step: 169427.2 fps total: 118617.9
fps step: 190642.0 fps total: 128844.0
fps step: 193124.7 fps total: 129761.8
fps step: 192959.7 fps total: 129662.3
fps step: 194373.7 fps total: 130235.6
fps step: 193705.4 fps total: 130626.8
fps step: 193581.2 fps total: 130246.4
fps step: 194674.3 fps total: 131294.4
fps step: 194602.2 fps total: 131035.1
fps step: 193925.3 fps total: 130027.8
fps step: 190518.2 fps total: 126278.0
fps step: 147859.3 fps total: 105086.5
fps step: 189172.7 fps total: 126424.6
fps step: 189467.1 fps total: 127536.0
fps step: 175339.1 fps total: 115966.7
fps step: 185307.9 fps total: 126231.9
fps step: 191182.8 fps total: 129502.0
fps step: 189980.9 fps total: 127460.3
fps step: 192116.0 fps total: 129725.0
fps step: 194790.7 fps total: 130671.0
fps step: 190546.0 fps total: 129051.7
fps step: 193885.3 fps total: 130114.9
fps step: 182613.2 fps total: 123825.4
fps step: 171425.8 fps total: 114890.5
fps step: 189905.9 fps total: 128632.8
fps step: 193407.6 fps total: 130340.9
fps step: 189075.3 fps total: 128342.0
fps step: 190703.5 fps total: 129484.8
fps step: 187350.2 fps total: 120203.4
fps step: 178929.1 fps total: 116964.7
fps step: 189615.8 fps total: 123278.9
fps step: 185009.7 fps total: 126603.4
fps step: 190061.7 fps total: 127928.0
fps step: 181091.5 fps total: 122944.0
fps step: 191270.4 fps total: 128740.2
fps step: 177947.7 fps total: 122272.2
fps step: 187290.2 fps total: 126403.4
fps step: 165108.5 fps total: 115928.7
fps step: 160291.8 fps total: 113464.8
fps step: 178192.9 fps total: 121643.6
fps step: 190997.7 fps total: 127839.8
fps step: 192372.4 fps total: 129909.5
=> saving checkpoint 'runs/HumanoidAMP_08-20-37-18/nn/HumanoidAMP_08-20-37-19_6700.pth'
fps step: 168582.9 fps total: 117454.1
fps step: 191416.8 fps total: 124572.5
fps step: 187050.1 fps total: 125588.8
fps step: 163886.1 fps total: 115997.9
fps step: 188109.2 fps total: 123444.8
fps step: 139593.4 fps total: 102071.8
fps step: 191762.8 fps total: 129825.2
fps step: 173864.2 fps total: 118383.0
fps step: 179373.9 fps total: 123081.1
fps step: 192350.9 fps total: 129367.3
fps step: 172291.1 fps total: 120455.5
fps step: 193827.1 fps total: 130369.0
fps step: 166154.6 fps total: 108929.1
fps step: 151132.7 fps total: 107231.3
fps step: 159784.7 fps total: 110744.4
fps step: 166760.1 fps total: 113361.6
fps step: 146333.7 fps total: 105278.4
fps step: 190218.6 fps total: 125738.4
fps step: 183386.2 fps total: 122112.9
fps step: 165699.3 fps total: 114013.1
fps step: 186362.3 fps total: 123958.2
fps step: 176536.3 fps total: 119663.7
fps step: 184305.1 fps total: 125764.7
fps step: 186835.9 fps total: 125612.1
fps step: 187594.5 fps total: 124843.0
fps step: 181572.6 fps total: 124602.3
fps step: 185357.2 fps total: 124494.4
fps step: 187921.5 fps total: 124688.7
fps step: 170762.2 fps total: 119111.3
fps step: 174748.4 fps total: 119577.0
fps step: 195042.2 fps total: 131291.2
fps step: 185704.3 fps total: 126232.0
fps step: 192593.1 fps total: 128425.4
fps step: 179643.0 fps total: 123268.2
fps step: 187585.3 fps total: 126740.8
fps step: 174843.0 fps total: 118885.9
fps step: 191922.8 fps total: 128667.0
fps step: 187046.2 fps total: 127830.0
fps step: 187580.4 fps total: 127765.8
fps step: 193113.2 fps total: 129214.8
fps step: 179969.5 fps total: 123848.1
fps step: 187757.2 fps total: 126809.0
fps step: 183819.6 fps total: 120947.2
fps step: 173632.1 fps total: 118615.0
fps step: 156150.1 fps total: 109042.5
fps step: 158908.3 fps total: 111248.9
fps step: 160698.0 fps total: 109871.3
fps step: 158933.7 fps total: 112425.0
fps step: 153530.7 fps total: 110023.8
fps step: 161627.3 fps total: 110106.3
=> saving checkpoint 'runs/HumanoidAMP_08-20-37-18/nn/HumanoidAMP_08-20-37-19_6750.pth'
fps step: 154026.4 fps total: 108066.1
fps step: 165501.7 fps total: 115462.9
fps step: 161364.7 fps total: 110532.5
fps step: 176045.7 fps total: 121102.8
fps step: 172825.7 fps total: 118594.8
fps step: 177864.8 fps total: 120782.4
fps step: 189040.2 fps total: 126008.6
fps step: 190508.0 fps total: 125409.0
fps step: 181993.3 fps total: 123364.8
fps step: 188549.9 fps total: 124094.5
fps step: 181370.3 fps total: 121079.3
fps step: 192871.2 fps total: 130330.8
fps step: 188972.5 fps total: 125771.0
fps step: 187883.3 fps total: 124428.8
fps step: 186632.7 fps total: 124001.4
fps step: 186265.5 fps total: 125753.2
fps step: 172861.6 fps total: 119983.7
fps step: 192848.3 fps total: 128233.0
fps step: 169589.2 fps total: 115758.4
fps step: 186752.7 fps total: 126894.7
fps step: 188902.9 fps total: 127600.4
fps step: 185720.0 fps total: 125034.4
fps step: 188708.0 fps total: 126652.3
fps step: 185266.7 fps total: 126033.8
fps step: 192964.3 fps total: 130313.5
fps step: 184479.3 fps total: 125138.9
fps step: 191724.0 fps total: 126556.7
fps step: 176751.6 fps total: 120877.0
fps step: 194110.5 fps total: 130084.1
fps step: 187584.6 fps total: 126145.9
fps step: 162461.4 fps total: 114169.4
fps step: 186054.3 fps total: 124935.5
fps step: 184002.8 fps total: 124681.0
fps step: 185411.7 fps total: 125563.2
fps step: 169648.5 fps total: 117594.7
fps step: 161969.1 fps total: 114350.0
fps step: 185393.1 fps total: 126439.5
fps step: 185431.2 fps total: 125051.3
fps step: 161145.4 fps total: 113776.0
fps step: 191334.4 fps total: 129462.6
fps step: 163808.5 fps total: 115991.5
fps step: 186657.6 fps total: 127442.2
fps step: 181166.6 fps total: 124722.0
fps step: 187118.0 fps total: 126426.5
fps step: 192863.8 fps total: 130093.9
fps step: 171462.1 fps total: 117383.3
fps step: 179765.4 fps total: 124280.4
fps step: 175682.9 fps total: 122121.2
fps step: 186085.1 fps total: 127139.7
fps step: 189356.5 fps total: 127102.2
=> saving checkpoint 'runs/HumanoidAMP_08-20-37-18/nn/HumanoidAMP_08-20-37-19_6800.pth'
fps step: 180581.9 fps total: 121838.0
fps step: 181122.1 fps total: 124081.1
fps step: 184454.5 fps total: 125669.6
fps step: 175483.0 fps total: 120052.6
fps step: 179178.3 fps total: 123893.0
fps step: 193313.5 fps total: 128838.4
fps step: 170453.1 fps total: 116371.6
fps step: 180380.0 fps total: 122846.8
fps step: 166544.3 fps total: 116078.2
fps step: 191776.0 fps total: 129021.9
fps step: 185245.8 fps total: 126557.6
fps step: 192771.1 fps total: 130132.6
fps step: 189898.3 fps total: 128710.8
fps step: 193167.6 fps total: 130527.7
fps step: 192549.6 fps total: 129914.0
fps step: 194417.2 fps total: 130816.0
fps step: 193716.1 fps total: 129159.5
fps step: 193568.6 fps total: 129998.1
fps step: 188872.9 fps total: 128243.2
fps step: 189626.9 fps total: 128182.8
fps step: 192452.7 fps total: 130223.0
fps step: 170828.9 fps total: 118449.7
fps step: 169653.8 fps total: 115483.7
fps step: 164706.0 fps total: 116211.2
fps step: 154302.5 fps total: 110131.3
fps step: 176582.3 fps total: 121342.6
fps step: 185351.4 fps total: 127034.4
fps step: 192634.0 fps total: 129885.5
fps step: 193234.7 fps total: 130578.8
fps step: 193657.0 fps total: 130711.7
fps step: 193711.9 fps total: 130833.1
fps step: 190363.4 fps total: 128653.8
fps step: 189892.7 fps total: 126108.3
fps step: 191593.0 fps total: 129884.2
fps step: 193190.4 fps total: 130574.1
fps step: 193418.5 fps total: 129773.1
fps step: 193404.5 fps total: 130342.1
fps step: 186652.2 fps total: 127270.4
fps step: 169842.4 fps total: 118110.9
fps step: 163236.1 fps total: 115170.7
fps step: 181834.2 fps total: 121541.4
fps step: 184067.8 fps total: 122386.1
fps step: 180157.2 fps total: 124368.3
fps step: 166022.0 fps total: 115243.5
fps step: 184266.5 fps total: 124229.3
fps step: 169056.1 fps total: 117708.5
fps step: 187195.0 fps total: 124756.9
fps step: 193089.2 fps total: 127945.0
fps step: 193114.8 fps total: 129048.3
fps step: 189473.6 fps total: 128096.7
=> saving checkpoint 'runs/HumanoidAMP_08-20-37-18/nn/HumanoidAMP_08-20-37-19_6850.pth'
fps step: 186374.5 fps total: 126882.0
fps step: 192781.2 fps total: 129742.2
fps step: 194580.7 fps total: 130706.8
fps step: 187204.3 fps total: 127341.7
fps step: 180012.0 fps total: 119901.3
fps step: 189306.9 fps total: 126223.5
fps step: 195991.4 fps total: 131491.7
fps step: 192437.8 fps total: 130146.5
fps step: 193806.6 fps total: 130841.0
fps step: 192498.8 fps total: 129578.6
fps step: 192408.0 fps total: 129653.0
fps step: 192085.2 fps total: 129805.0
fps step: 188544.4 fps total: 125454.6
fps step: 190641.3 fps total: 127838.6
fps step: 191665.9 fps total: 128157.2
fps step: 161160.3 fps total: 114921.8
fps step: 189088.2 fps total: 128120.3
fps step: 190706.0 fps total: 128892.7
fps step: 193960.1 fps total: 130959.5
fps step: 194413.2 fps total: 131081.4
fps step: 194371.3 fps total: 128868.0
fps step: 194904.9 fps total: 130417.3
fps step: 194756.2 fps total: 129952.5
fps step: 195064.8 fps total: 131493.7
fps step: 191021.0 fps total: 125985.9
fps step: 179909.0 fps total: 120045.8
fps step: 170709.8 fps total: 115527.5
fps step: 159229.5 fps total: 113319.5
fps step: 193455.0 fps total: 130568.4
fps step: 194452.8 fps total: 130342.3
fps step: 158997.0 fps total: 112731.8
fps step: 161218.1 fps total: 114120.2
fps step: 150857.8 fps total: 109547.5
fps step: 165940.4 fps total: 116886.4
fps step: 164382.7 fps total: 114635.3
fps step: 144039.6 fps total: 105813.7
fps step: 191261.5 fps total: 129016.3
fps step: 195542.8 fps total: 131497.4
fps step: 195260.9 fps total: 131587.6
fps step: 141090.9 fps total: 103946.2
fps step: 159978.5 fps total: 112877.1
fps step: 193388.5 fps total: 128832.7
fps step: 191083.3 fps total: 128352.0
fps step: 164369.1 fps total: 115716.5
fps step: 166657.4 fps total: 116647.6
fps step: 157603.0 fps total: 110320.6
fps step: 165985.4 fps total: 115510.5
fps step: 164147.1 fps total: 115812.2
fps step: 155362.6 fps total: 110003.1
fps step: 162053.7 fps total: 113401.7
=> saving checkpoint 'runs/HumanoidAMP_08-20-37-18/nn/HumanoidAMP_08-20-37-19_6900.pth'
fps step: 175390.7 fps total: 121346.7
fps step: 193010.0 fps total: 129856.2
fps step: 192319.8 fps total: 129497.2
fps step: 168244.0 fps total: 117129.4
fps step: 156104.6 fps total: 111378.0
fps step: 166568.8 fps total: 117195.6
fps step: 150593.2 fps total: 107624.3
fps step: 160027.5 fps total: 112566.5
fps step: 193068.6 fps total: 129770.7
fps step: 194523.4 fps total: 130455.0
fps step: 191536.9 fps total: 129473.3
fps step: 164146.0 fps total: 113124.8
fps step: 155705.3 fps total: 108388.2
fps step: 169309.0 fps total: 114690.5
fps step: 159540.8 fps total: 112325.8
fps step: 192935.5 fps total: 130180.7
fps step: 166737.4 fps total: 115638.5
fps step: 169812.5 fps total: 117045.8
fps step: 187998.3 fps total: 127196.0
fps step: 173372.2 fps total: 118433.8
fps step: 167625.3 fps total: 116847.8
fps step: 153992.2 fps total: 106851.8
fps step: 164533.8 fps total: 111302.1
fps step: 161037.6 fps total: 113511.6
fps step: 170507.8 fps total: 116756.9
fps step: 188744.0 fps total: 126162.3
fps step: 172144.9 fps total: 119921.4
fps step: 165524.8 fps total: 115281.8
fps step: 173663.2 fps total: 119399.3
fps step: 153054.3 fps total: 106915.0
fps step: 163481.0 fps total: 113004.4
fps step: 163814.2 fps total: 115304.3
fps step: 181611.4 fps total: 125286.1
fps step: 182972.0 fps total: 123248.5
fps step: 175831.5 fps total: 119465.8
fps step: 186668.1 fps total: 126884.6
fps step: 194265.5 fps total: 130794.6
fps step: 192374.1 fps total: 130247.1
fps step: 192873.5 fps total: 130174.1
fps step: 170445.4 fps total: 119178.7
fps step: 149146.0 fps total: 106352.0
fps step: 170584.5 fps total: 117344.3
fps step: 162029.3 fps total: 115203.1
fps step: 190965.8 fps total: 128053.1
fps step: 176366.8 fps total: 118447.4
fps step: 168713.9 fps total: 118974.7
fps step: 170740.1 fps total: 115124.9
fps step: 189689.4 fps total: 128472.2
fps step: 168953.5 fps total: 118961.9
fps step: 186187.5 fps total: 127391.5
=> saving checkpoint 'runs/HumanoidAMP_08-20-37-18/nn/HumanoidAMP_08-20-37-19_6950.pth'
fps step: 167305.7 fps total: 117089.0
fps step: 190133.8 fps total: 128704.4
fps step: 177232.4 fps total: 122078.4
fps step: 192504.2 fps total: 129524.3
fps step: 195359.5 fps total: 130011.2
fps step: 192159.2 fps total: 126379.5
fps step: 184500.9 fps total: 125491.4
fps step: 187198.3 fps total: 125435.5
fps step: 179611.6 fps total: 123608.4
fps step: 170935.9 fps total: 118894.7
fps step: 185934.1 fps total: 125653.5
fps step: 189937.7 fps total: 129038.5
fps step: 157953.7 fps total: 110773.8
fps step: 176060.1 fps total: 121533.3
fps step: 165113.7 fps total: 115478.9
fps step: 185204.6 fps total: 126753.5
fps step: 189995.0 fps total: 128873.4
fps step: 184843.8 fps total: 126384.5
fps step: 193402.1 fps total: 129296.3
fps step: 163159.9 fps total: 115743.5
fps step: 192331.1 fps total: 126715.2
fps step: 156588.2 fps total: 110359.7
fps step: 192827.2 fps total: 130520.4
fps step: 195858.4 fps total: 131867.7
fps step: 178629.7 fps total: 120476.5
fps step: 175306.7 fps total: 121581.5
fps step: 171930.5 fps total: 118179.4
fps step: 185179.8 fps total: 125276.0
fps step: 178997.2 fps total: 123955.3
fps step: 176644.4 fps total: 119603.9
fps step: 195381.9 fps total: 128307.1
fps step: 192652.9 fps total: 128200.1
fps step: 195335.8 fps total: 131367.7
fps step: 192753.4 fps total: 129205.3
fps step: 190550.0 fps total: 128935.6
fps step: 194224.6 fps total: 130286.5
fps step: 195437.9 fps total: 129787.3
fps step: 192350.1 fps total: 129670.4
fps step: 172998.9 fps total: 119657.2
fps step: 143614.1 fps total: 103911.6
fps step: 193840.8 fps total: 130605.9
fps step: 191308.6 fps total: 129085.1
fps step: 194022.0 fps total: 126709.5
fps step: 193264.7 fps total: 130800.8
fps step: 197154.6 fps total: 132575.2
fps step: 191274.6 fps total: 129243.6
fps step: 192791.5 fps total: 130421.4
fps step: 193634.5 fps total: 130788.6
fps step: 195995.0 fps total: 131977.5
fps step: 194869.4 fps total: 131252.5
=> saving checkpoint 'runs/HumanoidAMP_08-20-37-18/nn/HumanoidAMP_08-20-37-19_7000.pth'
fps step: 195239.7 fps total: 131376.7
fps step: 194956.5 fps total: 131413.5
fps step: 194090.6 fps total: 131127.1
fps step: 193615.9 fps total: 130658.6
fps step: 194673.2 fps total: 130464.8
fps step: 177833.7 fps total: 120991.9
fps step: 192741.8 fps total: 129903.3
fps step: 193322.2 fps total: 127963.5
fps step: 149431.9 fps total: 104842.9
fps step: 184615.0 fps total: 123724.0
fps step: 144966.6 fps total: 103927.3
fps step: 160501.7 fps total: 111086.6
fps step: 182336.5 fps total: 123067.4
fps step: 177773.4 fps total: 121891.7
fps step: 159761.0 fps total: 113029.4
fps step: 151867.7 fps total: 108121.9
fps step: 191603.0 fps total: 128243.5
fps step: 188644.9 fps total: 128120.1
fps step: 194136.5 fps total: 130826.7
fps step: 192963.5 fps total: 130036.8
fps step: 195428.6 fps total: 131716.2
fps step: 192436.1 fps total: 129719.0
fps step: 195364.1 fps total: 131701.2
fps step: 191176.7 fps total: 128984.1
fps step: 191398.8 fps total: 127250.3
fps step: 165861.6 fps total: 117216.6
fps step: 187243.7 fps total: 126381.6
fps step: 167311.4 fps total: 116949.6
fps step: 186823.8 fps total: 127263.4
fps step: 185529.1 fps total: 124945.2
fps step: 188786.8 fps total: 128577.6
fps step: 179074.6 fps total: 122104.0
fps step: 191996.7 fps total: 129828.5
fps step: 193289.3 fps total: 129253.3
fps step: 194121.0 fps total: 128318.2
fps step: 188664.9 fps total: 125971.5
fps step: 195441.9 fps total: 131498.1
fps step: 190294.9 fps total: 127725.1
fps step: 191920.3 fps total: 127788.7
fps step: 165346.5 fps total: 116811.3
fps step: 193381.4 fps total: 129483.2
fps step: 180463.3 fps total: 124454.2
fps step: 188642.6 fps total: 128402.9
fps step: 181790.9 fps total: 124741.1
fps step: 192172.3 fps total: 128965.9
fps step: 190516.3 fps total: 128401.4
fps step: 155014.2 fps total: 110107.1
fps step: 191403.8 fps total: 129674.6
fps step: 188752.7 fps total: 128071.1
fps step: 179939.3 fps total: 122102.8
=> saving checkpoint 'runs/HumanoidAMP_08-20-37-18/nn/HumanoidAMP_08-20-37-19_7050.pth'
fps step: 192084.9 fps total: 127006.6
fps step: 166118.3 fps total: 115516.0
fps step: 186043.7 fps total: 125290.4
fps step: 177556.4 fps total: 119481.8
fps step: 177342.5 fps total: 120874.7
fps step: 174179.5 fps total: 120139.7
fps step: 175413.0 fps total: 121370.0
fps step: 180397.3 fps total: 123644.0
fps step: 184492.0 fps total: 125582.7
fps step: 188740.0 fps total: 127094.9
fps step: 183817.4 fps total: 126204.1
fps step: 184419.3 fps total: 126426.6
fps step: 157456.3 fps total: 110001.7
fps step: 171558.8 fps total: 116931.7
fps step: 174906.0 fps total: 119361.5
fps step: 179034.8 fps total: 117248.7
fps step: 180190.6 fps total: 122069.5
fps step: 163266.6 fps total: 113340.3
fps step: 181513.5 fps total: 123832.3
fps step: 176895.7 fps total: 120700.3
fps step: 184256.0 fps total: 121653.2
fps step: 185589.9 fps total: 123704.0
fps step: 179038.0 fps total: 118132.3
fps step: 178477.2 fps total: 121026.8
fps step: 155828.2 fps total: 105099.5
fps step: 190987.3 fps total: 126705.9
fps step: 170448.1 fps total: 116847.5
fps step: 180630.3 fps total: 123016.6
fps step: 189587.8 fps total: 128205.2
fps step: 189671.3 fps total: 127942.8
fps step: 173864.7 fps total: 116164.4
fps step: 183779.1 fps total: 121135.2
fps step: 192878.6 fps total: 129344.9
fps step: 193206.0 fps total: 127032.0
fps step: 190255.4 fps total: 126399.6
fps step: 190117.6 fps total: 129296.6
fps step: 194790.3 fps total: 130892.6
fps step: 185435.5 fps total: 125473.1
fps step: 173997.5 fps total: 119988.1
fps step: 156817.9 fps total: 112707.4
fps step: 183984.9 fps total: 123330.9
fps step: 178720.1 fps total: 120372.6
fps step: 177169.5 fps total: 122467.2
fps step: 178996.2 fps total: 123223.5
fps step: 180522.0 fps total: 123294.3
fps step: 185814.1 fps total: 124599.6
fps step: 178112.2 fps total: 123726.1
fps step: 187739.0 fps total: 128104.1
fps step: 172878.1 fps total: 120326.5
fps step: 157034.0 fps total: 110894.2
=> saving checkpoint 'runs/HumanoidAMP_08-20-37-18/nn/HumanoidAMP_08-20-37-19_7100.pth'
fps step: 147137.1 fps total: 105440.8
fps step: 157340.7 fps total: 112825.8
fps step: 168597.4 fps total: 117794.2
fps step: 177861.0 fps total: 121685.5
fps step: 172745.9 fps total: 117704.6
fps step: 171195.7 fps total: 118165.6
fps step: 194340.2 fps total: 130943.8
fps step: 192701.1 fps total: 129735.0
fps step: 194436.2 fps total: 131195.5
fps step: 182440.8 fps total: 123745.9
fps step: 193259.2 fps total: 129802.9
fps step: 189448.7 fps total: 127764.1
fps step: 192494.9 fps total: 128379.2
fps step: 192204.8 fps total: 126740.1
fps step: 181126.5 fps total: 122441.3
fps step: 175325.2 fps total: 120986.9
fps step: 181963.8 fps total: 124627.9
fps step: 189767.4 fps total: 127026.7
fps step: 190724.3 fps total: 129001.5
fps step: 186114.3 fps total: 125614.3
fps step: 174242.7 fps total: 118828.8
fps step: 185450.4 fps total: 125670.3
fps step: 161125.3 fps total: 114463.2
fps step: 174820.9 fps total: 120860.2
fps step: 178461.7 fps total: 122923.1
fps step: 189672.3 fps total: 127821.8
fps step: 181345.5 fps total: 123223.2
fps step: 167530.5 fps total: 113424.8
fps step: 183491.0 fps total: 122837.0
fps step: 181363.1 fps total: 124449.4
fps step: 191355.5 fps total: 126973.8
fps step: 187355.7 fps total: 124727.9
fps step: 184471.2 fps total: 124599.8
fps step: 188421.5 fps total: 126515.2
fps step: 190386.0 fps total: 126466.6
fps step: 183171.7 fps total: 125579.4
fps step: 180891.9 fps total: 122776.0
fps step: 182244.0 fps total: 124656.3
fps step: 180800.9 fps total: 121428.2
fps step: 193636.1 fps total: 129745.9
fps step: 188796.1 fps total: 125465.3
fps step: 188980.3 fps total: 126213.6
fps step: 172085.6 fps total: 116726.9
fps step: 188923.4 fps total: 124883.0
fps step: 188954.3 fps total: 126789.0
fps step: 192311.5 fps total: 128384.7
fps step: 190953.1 fps total: 127206.2
fps step: 187291.7 fps total: 123926.1
fps step: 188678.5 fps total: 123512.8
fps step: 186494.1 fps total: 125355.6
=> saving checkpoint 'runs/HumanoidAMP_08-20-37-18/nn/HumanoidAMP_08-20-37-19_7150.pth'
fps step: 191792.9 fps total: 122669.4
fps step: 157892.0 fps total: 110244.4
fps step: 175222.1 fps total: 117198.9
fps step: 160219.1 fps total: 113279.4
fps step: 193845.9 fps total: 130542.3
fps step: 192069.2 fps total: 129058.5
fps step: 193758.2 fps total: 130675.1
fps step: 194021.6 fps total: 130863.9
fps step: 188278.5 fps total: 127997.7
fps step: 192206.0 fps total: 129787.5
fps step: 194608.0 fps total: 131170.3
fps step: 187021.0 fps total: 127516.2
fps step: 194835.8 fps total: 131466.3
fps step: 192981.7 fps total: 129867.0
fps step: 193589.4 fps total: 130704.3
fps step: 193724.1 fps total: 130673.0
fps step: 193065.0 fps total: 130312.5
fps step: 194356.8 fps total: 130896.5
fps step: 193095.3 fps total: 129004.8
fps step: 194946.8 fps total: 131382.9
fps step: 193836.3 fps total: 130353.5
fps step: 174196.8 fps total: 120201.1
fps step: 167207.5 fps total: 112874.5
fps step: 172861.1 fps total: 117354.9
fps step: 154879.6 fps total: 107668.1
fps step: 145180.9 fps total: 104612.6
fps step: 161572.1 fps total: 114218.9
fps step: 193200.1 fps total: 130051.5
fps step: 190658.1 fps total: 129345.5
fps step: 195537.3 fps total: 131273.4
fps step: 192919.3 fps total: 130458.8
fps step: 194254.0 fps total: 131264.2
fps step: 172016.6 fps total: 116071.0
fps step: 193132.2 fps total: 129129.2
fps step: 193067.2 fps total: 128936.9
fps step: 194475.6 fps total: 130793.0
fps step: 192080.7 fps total: 126853.2
fps step: 192678.1 fps total: 127085.4
fps step: 161520.2 fps total: 110779.4
fps step: 153124.4 fps total: 107883.4
fps step: 183078.5 fps total: 125454.3
fps step: 191186.7 fps total: 129033.2
fps step: 194535.1 fps total: 130947.7
fps step: 193088.8 fps total: 130307.9
fps step: 193842.0 fps total: 130657.6
fps step: 191154.1 fps total: 127810.0
fps step: 194136.3 fps total: 129685.0
fps step: 191941.6 fps total: 128840.5
fps step: 193875.4 fps total: 129345.4
fps step: 145610.6 fps total: 105476.3
=> saving checkpoint 'runs/HumanoidAMP_08-20-37-18/nn/HumanoidAMP_08-20-37-19_7200.pth'
fps step: 155831.4 fps total: 110641.6
fps step: 178801.8 fps total: 120999.4
fps step: 167761.6 fps total: 115815.6
fps step: 145695.3 fps total: 105569.6
fps step: 170866.3 fps total: 117723.7
fps step: 177514.9 fps total: 122928.7
fps step: 194065.1 fps total: 130902.0
fps step: 194898.8 fps total: 130451.5
fps step: 165623.6 fps total: 115881.0
fps step: 192207.3 fps total: 130252.2
fps step: 192738.9 fps total: 130368.4
fps step: 188222.5 fps total: 127329.6
fps step: 192057.4 fps total: 130011.8
fps step: 192299.6 fps total: 129905.5
fps step: 193192.9 fps total: 130672.7
fps step: 170164.2 fps total: 117362.4
fps step: 159259.5 fps total: 112312.2
fps step: 152665.2 fps total: 109478.5
fps step: 153096.8 fps total: 108642.1
fps step: 191742.3 fps total: 127563.6
fps step: 188542.1 fps total: 125572.4
fps step: 192408.9 fps total: 128411.4
fps step: 190214.9 fps total: 128580.2
fps step: 157740.0 fps total: 111685.2
fps step: 141951.6 fps total: 100158.8
fps step: 145201.7 fps total: 104090.8
fps step: 159511.1 fps total: 111229.5
fps step: 177941.3 fps total: 122991.1
fps step: 170089.0 fps total: 114928.9
fps step: 174468.4 fps total: 120296.6
fps step: 179598.1 fps total: 122553.1
fps step: 177104.3 fps total: 118629.6
fps step: 183378.5 fps total: 119208.4
fps step: 184492.1 fps total: 123561.7
fps step: 165405.5 fps total: 117201.4
fps step: 162637.0 fps total: 111822.4
fps step: 165474.1 fps total: 115988.7
fps step: 177936.5 fps total: 121951.7
fps step: 192794.8 fps total: 130185.7
fps step: 188877.1 fps total: 127744.7
fps step: 178502.5 fps total: 123404.4
fps step: 189086.5 fps total: 128570.1
fps step: 190574.8 fps total: 128959.4
fps step: 192280.4 fps total: 129267.4
fps step: 190935.4 fps total: 129251.5
fps step: 144680.2 fps total: 105101.1
fps step: 158389.4 fps total: 110286.8
fps step: 182403.5 fps total: 123221.9
fps step: 185152.6 fps total: 123416.4
fps step: 184421.2 fps total: 125750.6
=> saving checkpoint 'runs/HumanoidAMP_08-20-37-18/nn/HumanoidAMP_08-20-37-19_7250.pth'
fps step: 187366.8 fps total: 125442.8
fps step: 188637.0 fps total: 126327.4
fps step: 192231.6 fps total: 127088.4
fps step: 191681.6 fps total: 128066.9
fps step: 148605.1 fps total: 107602.2
fps step: 178095.4 fps total: 120373.0
fps step: 145732.4 fps total: 105367.3
fps step: 169576.6 fps total: 113092.7
fps step: 157374.7 fps total: 112023.1
fps step: 158348.2 fps total: 111961.4
fps step: 192235.8 fps total: 130187.0
fps step: 188101.3 fps total: 127902.2
fps step: 191428.6 fps total: 129535.6
fps step: 192751.6 fps total: 130246.7
fps step: 193379.5 fps total: 128786.9
fps step: 190562.6 fps total: 128675.7
fps step: 183158.2 fps total: 125037.9
fps step: 192926.2 fps total: 130042.3
fps step: 192134.8 fps total: 129580.3
fps step: 191719.3 fps total: 129271.2
fps step: 190281.0 fps total: 129238.7
fps step: 194255.6 fps total: 130975.9
fps step: 193895.8 fps total: 130655.1
fps step: 184911.7 fps total: 125062.7
fps step: 192044.5 fps total: 129529.1
fps step: 191621.7 fps total: 129761.9
fps step: 174593.2 fps total: 119236.9
fps step: 154723.1 fps total: 110110.4
fps step: 163750.5 fps total: 116372.1
fps step: 175819.1 fps total: 121949.7
fps step: 175651.9 fps total: 120335.6
fps step: 182228.7 fps total: 125497.6
fps step: 182176.5 fps total: 124504.5
fps step: 186998.3 fps total: 125965.1
fps step: 184374.9 fps total: 126171.4
fps step: 186069.5 fps total: 123418.5
fps step: 179659.0 fps total: 121550.1
fps step: 183999.6 fps total: 122419.5
fps step: 175886.6 fps total: 119489.5
fps step: 167815.5 fps total: 117418.4
fps step: 158564.1 fps total: 109657.0
fps step: 155652.0 fps total: 111570.2
fps step: 166959.2 fps total: 115923.8
fps step: 194636.1 fps total: 131047.6
fps step: 193281.4 fps total: 129665.4
fps step: 149687.2 fps total: 106066.9
fps step: 157185.9 fps total: 111647.8
fps step: 191862.7 fps total: 129527.7
fps step: 192580.1 fps total: 129437.1
fps step: 188441.1 fps total: 126115.5
=> saving checkpoint 'runs/HumanoidAMP_08-20-37-18/nn/HumanoidAMP_08-20-37-19_7300.pth'
fps step: 176223.2 fps total: 118872.8
fps step: 176887.4 fps total: 119775.9
fps step: 188439.9 fps total: 122553.3
fps step: 182098.2 fps total: 122083.9
fps step: 191492.8 fps total: 129474.5
fps step: 191938.0 fps total: 129251.0
fps step: 193197.6 fps total: 130557.8
fps step: 194900.4 fps total: 130648.6
fps step: 167035.1 fps total: 116062.7
fps step: 186443.0 fps total: 125082.4
fps step: 187463.5 fps total: 126961.8
fps step: 173639.8 fps total: 120294.4
fps step: 191926.1 fps total: 129027.3
fps step: 194290.9 fps total: 130925.2
fps step: 194102.1 fps total: 130792.2
fps step: 192376.9 fps total: 129509.7
fps step: 192964.8 fps total: 128988.6
fps step: 187744.0 fps total: 127891.4
fps step: 190701.8 fps total: 128989.4
fps step: 189929.7 fps total: 128641.9
fps step: 191082.1 fps total: 129718.9
fps step: 192460.3 fps total: 130221.2
fps step: 193775.1 fps total: 130564.3
fps step: 189002.0 fps total: 127603.2
fps step: 181099.0 fps total: 122974.0
fps step: 167906.1 fps total: 114590.1
fps step: 166174.0 fps total: 114388.0
fps step: 172383.8 fps total: 118224.7
fps step: 185244.7 fps total: 125543.5
fps step: 175992.6 fps total: 117542.3
fps step: 178872.1 fps total: 119478.4
fps step: 191799.5 fps total: 129955.1
fps step: 179652.2 fps total: 123609.0
fps step: 159798.9 fps total: 112106.2
fps step: 170823.2 fps total: 118845.4
fps step: 169771.0 fps total: 119339.4
fps step: 183520.5 fps total: 124875.1
fps step: 169943.3 fps total: 117012.7
fps step: 173583.8 fps total: 117997.2
fps step: 157064.0 fps total: 109776.9
fps step: 190432.1 fps total: 128377.4
fps step: 150606.8 fps total: 107568.6
fps step: 148462.0 fps total: 106441.4
fps step: 172615.9 fps total: 120711.0
fps step: 165338.0 fps total: 115315.2
fps step: 176220.8 fps total: 122202.8
fps step: 171077.0 fps total: 117618.9
fps step: 171715.1 fps total: 119657.1
fps step: 179774.4 fps total: 123073.3
fps step: 191880.7 fps total: 128430.8
=> saving checkpoint 'runs/HumanoidAMP_08-20-37-18/nn/HumanoidAMP_08-20-37-19_7350.pth'
fps step: 179866.6 fps total: 123355.6
fps step: 178879.8 fps total: 120641.5
fps step: 169469.6 fps total: 116625.9
fps step: 186399.2 fps total: 122631.3
fps step: 176477.4 fps total: 120558.3
fps step: 175489.2 fps total: 117806.0
fps step: 165307.0 fps total: 116209.3
fps step: 193017.6 fps total: 129841.4
fps step: 193356.4 fps total: 129537.4
fps step: 187038.9 fps total: 125117.2
fps step: 168377.9 fps total: 114653.8
fps step: 187926.0 fps total: 126817.5
fps step: 185718.7 fps total: 126167.2
fps step: 181707.7 fps total: 123912.3
fps step: 185454.1 fps total: 126187.6
fps step: 169354.7 fps total: 115724.4
fps step: 190296.1 fps total: 127199.3
fps step: 183052.7 fps total: 120805.0
fps step: 174171.6 fps total: 120187.0
fps step: 168207.1 fps total: 116151.7
fps step: 155603.5 fps total: 110254.4
fps step: 184677.4 fps total: 121892.6
fps step: 181891.9 fps total: 121638.2
fps step: 187226.1 fps total: 125316.6
fps step: 184419.6 fps total: 121634.3
fps step: 170063.2 fps total: 117778.8
fps step: 185498.8 fps total: 124172.9
fps step: 189352.5 fps total: 127338.7
fps step: 183896.6 fps total: 126042.1
fps step: 190399.3 fps total: 127739.9
fps step: 190574.2 fps total: 128536.8
fps step: 189631.8 fps total: 124771.2
fps step: 184592.4 fps total: 125683.2
fps step: 192643.8 fps total: 130058.3
fps step: 194503.3 fps total: 131367.5
fps step: 191000.7 fps total: 127622.4
fps step: 191694.1 fps total: 126367.2
fps step: 193701.9 fps total: 126548.6
fps step: 191934.0 fps total: 128497.5
fps step: 192692.6 fps total: 130176.8
fps step: 194279.9 fps total: 131074.2
fps step: 191163.4 fps total: 128932.7
fps step: 192477.9 fps total: 129204.7
fps step: 187017.9 fps total: 124860.7
fps step: 193086.7 fps total: 130284.6
fps step: 189309.5 fps total: 128053.9
fps step: 191959.2 fps total: 129701.9
fps step: 192519.2 fps total: 129791.5
fps step: 192262.9 fps total: 130221.5
fps step: 193063.8 fps total: 129920.7
=> saving checkpoint 'runs/HumanoidAMP_08-20-37-18/nn/HumanoidAMP_08-20-37-19_7400.pth'
fps step: 193802.5 fps total: 130946.0
fps step: 189448.8 fps total: 127643.1
fps step: 180909.2 fps total: 123283.2
fps step: 187877.9 fps total: 127202.2
fps step: 191192.4 fps total: 127051.5
fps step: 191441.0 fps total: 126501.7
fps step: 194014.0 fps total: 130576.5
fps step: 190941.9 fps total: 126036.5
fps step: 182129.4 fps total: 122330.3
fps step: 165777.8 fps total: 117033.3
fps step: 184449.3 fps total: 125353.7
fps step: 172287.8 fps total: 118846.7
fps step: 172320.4 fps total: 119821.2
fps step: 185489.4 fps total: 124485.1
fps step: 167914.1 fps total: 116162.9
fps step: 179324.3 fps total: 123189.9
fps step: 185133.8 fps total: 126298.0
fps step: 186652.4 fps total: 127433.7
fps step: 190385.7 fps total: 129275.8
fps step: 194929.8 fps total: 130934.5
fps step: 192495.8 fps total: 130317.3
fps step: 194468.8 fps total: 129634.8
fps step: 193907.3 fps total: 129995.3
fps step: 183772.6 fps total: 123140.9
fps step: 151415.3 fps total: 107946.6
fps step: 163046.0 fps total: 115569.7
fps step: 145611.7 fps total: 106159.8
fps step: 169766.2 fps total: 115720.1
fps step: 160746.9 fps total: 113163.5
fps step: 191570.4 fps total: 126313.2
fps step: 193565.9 fps total: 129841.7
fps step: 145527.3 fps total: 104719.4
fps step: 147869.0 fps total: 107637.6
fps step: 165121.6 fps total: 114991.6
fps step: 182548.0 fps total: 124871.9
fps step: 194363.3 fps total: 128200.9
fps step: 170488.1 fps total: 118238.9
fps step: 177113.7 fps total: 119620.5
fps step: 193040.4 fps total: 130367.1
fps step: 194356.3 fps total: 130070.8
fps step: 191918.9 fps total: 124384.9
fps step: 184054.8 fps total: 123327.0
fps step: 193149.4 fps total: 129536.2
fps step: 189224.1 fps total: 128176.9
fps step: 189334.5 fps total: 128827.4
fps step: 195098.3 fps total: 131231.7
fps step: 193630.0 fps total: 129839.7
fps step: 194971.7 fps total: 130843.8
fps step: 194984.5 fps total: 131556.8
fps step: 191703.8 fps total: 129293.6
=> saving checkpoint 'runs/HumanoidAMP_08-20-37-18/nn/HumanoidAMP_08-20-37-19_7450.pth'
fps step: 173000.4 fps total: 117806.6
fps step: 182736.0 fps total: 123847.3
fps step: 140981.3 fps total: 102105.1
fps step: 157306.7 fps total: 110214.7
fps step: 152048.6 fps total: 107314.1
fps step: 169482.6 fps total: 116939.7
fps step: 151641.4 fps total: 107661.1
fps step: 192943.6 fps total: 129821.7
fps step: 159958.7 fps total: 111371.4
fps step: 190665.5 fps total: 128806.2
fps step: 192211.2 fps total: 129412.2
fps step: 192609.1 fps total: 130091.8
fps step: 187521.3 fps total: 124513.2
fps step: 182438.0 fps total: 121455.0
fps step: 190841.4 fps total: 128278.4
fps step: 163630.7 fps total: 115004.3
fps step: 190505.2 fps total: 125874.1
fps step: 192401.5 fps total: 126560.6
fps step: 191567.5 fps total: 128406.2
fps step: 193690.0 fps total: 129882.9
fps step: 193965.2 fps total: 130589.1
fps step: 191106.4 fps total: 128946.3
fps step: 173083.2 fps total: 117836.6
fps step: 180969.2 fps total: 120563.3
fps step: 156998.3 fps total: 110379.7
fps step: 191339.1 fps total: 129293.0
fps step: 191286.3 fps total: 129119.4
fps step: 185877.5 fps total: 125559.6
fps step: 192754.9 fps total: 130175.9
fps step: 149031.0 fps total: 108178.9
fps step: 164668.1 fps total: 114832.6
fps step: 135672.8 fps total: 101170.2
fps step: 181832.2 fps total: 122924.7
fps step: 179517.0 fps total: 121558.0
fps step: 163772.6 fps total: 115774.1
fps step: 163942.6 fps total: 116160.4
fps step: 164766.7 fps total: 116457.5
fps step: 193122.2 fps total: 128905.6
fps step: 192502.7 fps total: 129035.0
fps step: 190731.9 fps total: 128913.6
fps step: 194069.2 fps total: 130959.2
fps step: 192229.6 fps total: 129575.9
fps step: 192058.2 fps total: 129994.1
fps step: 193019.1 fps total: 130396.5
fps step: 193013.3 fps total: 130162.4
fps step: 194534.6 fps total: 130749.5
fps step: 184612.4 fps total: 126709.6
fps step: 194454.7 fps total: 130913.1
fps step: 192301.9 fps total: 130067.6
fps step: 190596.8 fps total: 124872.4
=> saving checkpoint 'runs/HumanoidAMP_08-20-37-18/nn/HumanoidAMP_08-20-37-19_7500.pth'
fps step: 175726.8 fps total: 121303.5
fps step: 182199.7 fps total: 124394.7
fps step: 172274.0 fps total: 118035.7
fps step: 190242.9 fps total: 128971.5
fps step: 190387.0 fps total: 127592.1
fps step: 150928.2 fps total: 107666.3
fps step: 157639.3 fps total: 109443.0
fps step: 154006.3 fps total: 107963.4
fps step: 139425.9 fps total: 100637.0
fps step: 144659.9 fps total: 104275.4
fps step: 144719.9 fps total: 102801.7
fps step: 146571.1 fps total: 100702.8
fps step: 162929.6 fps total: 110915.0
fps step: 161562.3 fps total: 112761.3
fps step: 188034.5 fps total: 126052.7
fps step: 190155.9 fps total: 128960.0
fps step: 192713.9 fps total: 130154.2
fps step: 190777.1 fps total: 128871.1
fps step: 193237.3 fps total: 130650.9
fps step: 193623.2 fps total: 130583.0
fps step: 191989.2 fps total: 128683.4
fps step: 188254.1 fps total: 128185.7
fps step: 192456.2 fps total: 130347.5
fps step: 191037.7 fps total: 126100.3
fps step: 172669.9 fps total: 118247.6
fps step: 152311.1 fps total: 109495.1
fps step: 171318.5 fps total: 118422.9
fps step: 178307.6 fps total: 121012.4
fps step: 169154.6 fps total: 113671.7
fps step: 162065.9 fps total: 112663.1
fps step: 170958.0 fps total: 118260.0
fps step: 154744.8 fps total: 109969.4
fps step: 167683.5 fps total: 114211.4
fps step: 178763.8 fps total: 122766.2
fps step: 191474.2 fps total: 129271.0
fps step: 161453.4 fps total: 111453.3
fps step: 166145.0 fps total: 112517.8
fps step: 168614.3 fps total: 116161.2
fps step: 182362.9 fps total: 123155.7
fps step: 175554.9 fps total: 118825.2
fps step: 179239.1 fps total: 122536.5
fps step: 172041.3 fps total: 117276.2
fps step: 172558.8 fps total: 118972.5
fps step: 189704.7 fps total: 128623.2
fps step: 189401.7 fps total: 128741.1
fps step: 193538.5 fps total: 130866.2
fps step: 193173.5 fps total: 130571.9
fps step: 191589.0 fps total: 129816.4
fps step: 188524.6 fps total: 128464.9
fps step: 195129.9 fps total: 131550.6
=> saving checkpoint 'runs/HumanoidAMP_08-20-37-18/nn/HumanoidAMP_08-20-37-19_7550.pth'
fps step: 192026.5 fps total: 129829.1
fps step: 192237.2 fps total: 129550.3
fps step: 190822.1 fps total: 126655.3
fps step: 192183.3 fps total: 129554.1
fps step: 185217.1 fps total: 126127.1
fps step: 195189.2 fps total: 131380.6
fps step: 192707.3 fps total: 130072.7
fps step: 156777.1 fps total: 111062.6
fps step: 185956.5 fps total: 126444.3
fps step: 165690.2 fps total: 115532.5
fps step: 170955.5 fps total: 116608.5
fps step: 182719.0 fps total: 122611.6
fps step: 156878.7 fps total: 109106.4
fps step: 179766.4 fps total: 122434.8
fps step: 183971.5 fps total: 124008.9
fps step: 172046.3 fps total: 118766.0
fps step: 168918.2 fps total: 117172.1
fps step: 164517.8 fps total: 115967.0
fps step: 154554.8 fps total: 108323.8
fps step: 152517.9 fps total: 109837.3
fps step: 155524.9 fps total: 111082.5
fps step: 188438.0 fps total: 128226.8
fps step: 177757.1 fps total: 119324.6
fps step: 195373.4 fps total: 130431.8
fps step: 190729.8 fps total: 129270.7
fps step: 192820.1 fps total: 129946.3
fps step: 190075.0 fps total: 125534.4
fps step: 192973.4 fps total: 128721.9
fps step: 189512.7 fps total: 128537.1
fps step: 194748.0 fps total: 130057.0
fps step: 157876.3 fps total: 110959.9
fps step: 163769.4 fps total: 114877.0
fps step: 151626.2 fps total: 105204.1
fps step: 180301.2 fps total: 119195.7
fps step: 179724.4 fps total: 116779.2
fps step: 168259.4 fps total: 117145.5
fps step: 187914.3 fps total: 127641.2
fps step: 170374.8 fps total: 118055.4
fps step: 181289.4 fps total: 122931.8
fps step: 168044.5 fps total: 118170.9
fps step: 174840.3 fps total: 118610.2
fps step: 184290.6 fps total: 121642.6
fps step: 179934.0 fps total: 122484.7
fps step: 171779.0 fps total: 118369.0
fps step: 162722.3 fps total: 111398.3
fps step: 189939.2 fps total: 128495.4
fps step: 189251.9 fps total: 128651.4
fps step: 194871.9 fps total: 131420.4
fps step: 190495.3 fps total: 129412.3
fps step: 193586.6 fps total: 130559.9
=> saving checkpoint 'runs/HumanoidAMP_08-20-37-18/nn/HumanoidAMP_08-20-37-19_7600.pth'
fps step: 191923.0 fps total: 128880.2
fps step: 192909.0 fps total: 129904.1
fps step: 191987.9 fps total: 129796.2
fps step: 192421.9 fps total: 130212.9
fps step: 193439.6 fps total: 130805.3
fps step: 194890.7 fps total: 129317.2
fps step: 183632.2 fps total: 124730.8
fps step: 174995.6 fps total: 120794.6
fps step: 173179.4 fps total: 120332.4
fps step: 170851.2 fps total: 117482.4
fps step: 165782.1 fps total: 113407.9
fps step: 190247.9 fps total: 128349.3
fps step: 183822.0 fps total: 123989.9
fps step: 180886.1 fps total: 121682.4
fps step: 170226.0 fps total: 118210.8
fps step: 185297.5 fps total: 125120.5
fps step: 186054.4 fps total: 123663.4
fps step: 192893.3 fps total: 129059.3
fps step: 193330.7 fps total: 128644.4
fps step: 193747.2 fps total: 129261.4
fps step: 194174.8 fps total: 131138.9
fps step: 192595.8 fps total: 126429.6
fps step: 194053.5 fps total: 127215.1
fps step: 193371.0 fps total: 128698.2
fps step: 192587.8 fps total: 130185.8
fps step: 190925.8 fps total: 129464.0
fps step: 182391.2 fps total: 122830.7
fps step: 156022.7 fps total: 111096.1
fps step: 160262.9 fps total: 113549.8
fps step: 152705.3 fps total: 108567.1
fps step: 182229.4 fps total: 125245.7
fps step: 165565.8 fps total: 116847.9
fps step: 170592.4 fps total: 118656.9
fps step: 175230.6 fps total: 119919.4
fps step: 175702.2 fps total: 120422.9
fps step: 190397.0 fps total: 125680.7
fps step: 189542.0 fps total: 125583.3
fps step: 187947.5 fps total: 126413.1
fps step: 192979.5 fps total: 130609.8
fps step: 185042.0 fps total: 126533.8
fps step: 192459.9 fps total: 130320.2
fps step: 193205.2 fps total: 129767.2
fps step: 157666.9 fps total: 106680.7
fps step: 164001.1 fps total: 114146.3
fps step: 178604.9 fps total: 122239.7
fps step: 150316.4 fps total: 108247.7
fps step: 181142.4 fps total: 121788.0
fps step: 193498.5 fps total: 127266.2
fps step: 192460.4 fps total: 126895.2
fps step: 192141.8 fps total: 129075.7
=> saving checkpoint 'runs/HumanoidAMP_08-20-37-18/nn/HumanoidAMP_08-20-37-19_7650.pth'
fps step: 176997.1 fps total: 121345.5
fps step: 147308.2 fps total: 106818.5
fps step: 187325.3 fps total: 126550.1
fps step: 191132.2 fps total: 129658.4
fps step: 187221.8 fps total: 126758.5
fps step: 182657.4 fps total: 124789.5
fps step: 184454.1 fps total: 126515.7
fps step: 190538.4 fps total: 128639.9
fps step: 190401.1 fps total: 128778.7
fps step: 186260.5 fps total: 127214.6
fps step: 186585.1 fps total: 127364.7
fps step: 177907.9 fps total: 123552.9
fps step: 188966.4 fps total: 128564.2
fps step: 173898.1 fps total: 119879.4
fps step: 193143.3 fps total: 128893.0
fps step: 192840.5 fps total: 129861.4
fps step: 180839.4 fps total: 124402.6
fps step: 174843.4 fps total: 120991.8
fps step: 186435.3 fps total: 126800.8
fps step: 179649.4 fps total: 123917.8
fps step: 184805.9 fps total: 125324.1
fps step: 189276.2 fps total: 128821.5
fps step: 189491.6 fps total: 127642.6
fps step: 177214.7 fps total: 122736.4
fps step: 192998.6 fps total: 126848.3
fps step: 169442.8 fps total: 112724.5
fps step: 168984.8 fps total: 114403.3
fps step: 164316.0 fps total: 111913.9
fps step: 166698.8 fps total: 114650.1
fps step: 191816.0 fps total: 128906.4
fps step: 192486.7 fps total: 128813.4
fps step: 193937.1 fps total: 131156.4
fps step: 177142.1 fps total: 121226.8
fps step: 145657.1 fps total: 105803.1
fps step: 191758.7 fps total: 128962.3
fps step: 158222.3 fps total: 108821.9
fps step: 185310.4 fps total: 126896.5
fps step: 182887.3 fps total: 125149.7
fps step: 191040.0 fps total: 128879.4
fps step: 180893.3 fps total: 122944.4
fps step: 187880.0 fps total: 126426.3
fps step: 184447.0 fps total: 126207.7
fps step: 194794.1 fps total: 131232.7
fps step: 193676.1 fps total: 130907.2
fps step: 161948.2 fps total: 115513.8
fps step: 191683.9 fps total: 127502.0
fps step: 193588.4 fps total: 127814.6
fps step: 193521.9 fps total: 130636.6
fps step: 194575.9 fps total: 131064.3
fps step: 188803.5 fps total: 128067.0
=> saving checkpoint 'runs/HumanoidAMP_08-20-37-18/nn/HumanoidAMP_08-20-37-19_7700.pth'
fps step: 186834.7 fps total: 126894.9
fps step: 193221.0 fps total: 130570.1
fps step: 192769.3 fps total: 130408.6
fps step: 191642.8 fps total: 126362.8
fps step: 190862.4 fps total: 127046.1
fps step: 164499.2 fps total: 114105.7
fps step: 191985.8 fps total: 130080.9
fps step: 193855.6 fps total: 130607.2
fps step: 190113.3 fps total: 128265.3
fps step: 168580.8 fps total: 118923.0
fps step: 184580.9 fps total: 125660.0
fps step: 169409.4 fps total: 115863.2
fps step: 175157.1 fps total: 118284.4
fps step: 178318.7 fps total: 121100.4
fps step: 188465.7 fps total: 127890.5
fps step: 181120.5 fps total: 123694.0
fps step: 192816.4 fps total: 129391.8
fps step: 196321.0 fps total: 131997.7
fps step: 189328.6 fps total: 128427.0
fps step: 194013.9 fps total: 130699.9
fps step: 190326.5 fps total: 127469.7
fps step: 188065.8 fps total: 128054.8
fps step: 177843.7 fps total: 123427.0
fps step: 190306.7 fps total: 128725.8
fps step: 189672.6 fps total: 128539.2
fps step: 190637.2 fps total: 129416.3
fps step: 188832.1 fps total: 128250.3
fps step: 192194.4 fps total: 126959.8
fps step: 188621.0 fps total: 127042.3
fps step: 186037.2 fps total: 121967.3
fps step: 193259.2 fps total: 130373.3
fps step: 192806.5 fps total: 130157.4
fps step: 190654.5 fps total: 129046.7
fps step: 194333.9 fps total: 130962.4
fps step: 191876.7 fps total: 129691.1
fps step: 194508.1 fps total: 130838.1
fps step: 192309.2 fps total: 130194.9
fps step: 193108.7 fps total: 130332.9
fps step: 194541.4 fps total: 131033.3
fps step: 195009.6 fps total: 131197.6
fps step: 193186.5 fps total: 130241.1
fps step: 193729.7 fps total: 130498.6
fps step: 187473.1 fps total: 127572.7
fps step: 193384.9 fps total: 130390.1
fps step: 191962.6 fps total: 128906.1
fps step: 191639.5 fps total: 128783.1
fps step: 191308.6 fps total: 129535.1
fps step: 191079.7 fps total: 129259.6
fps step: 193433.0 fps total: 130833.7
fps step: 189262.4 fps total: 128222.4
=> saving checkpoint 'runs/HumanoidAMP_08-20-37-18/nn/HumanoidAMP_08-20-37-19_7750.pth'
fps step: 190122.6 fps total: 128564.8
fps step: 194170.8 fps total: 129305.8
fps step: 191855.5 fps total: 129529.9
fps step: 190741.3 fps total: 127416.8
fps step: 192918.4 fps total: 129583.5
fps step: 192125.2 fps total: 129798.6
fps step: 191658.1 fps total: 129910.0
fps step: 192306.8 fps total: 129795.7
fps step: 193780.1 fps total: 130520.7
fps step: 157821.4 fps total: 112176.2
fps step: 178832.3 fps total: 122960.6
fps step: 186959.2 fps total: 127740.2
fps step: 191629.5 fps total: 128329.3
fps step: 192735.4 fps total: 129975.8
fps step: 192554.5 fps total: 129341.2
fps step: 170179.6 fps total: 119160.6
fps step: 180724.9 fps total: 122100.8
fps step: 157111.9 fps total: 111942.4
fps step: 155217.0 fps total: 110724.1
fps step: 174540.2 fps total: 120164.0
fps step: 155153.3 fps total: 109914.0
fps step: 142429.4 fps total: 102341.0
fps step: 156622.1 fps total: 109233.7
fps step: 148468.8 fps total: 106279.8
fps step: 190788.2 fps total: 128830.5
fps step: 188954.8 fps total: 126937.3
fps step: 181545.3 fps total: 122547.7
fps step: 175508.2 fps total: 117407.0
fps step: 164321.9 fps total: 113586.8
fps step: 181880.6 fps total: 123278.3
fps step: 182902.5 fps total: 123684.7
fps step: 186898.8 fps total: 126636.2
fps step: 179770.1 fps total: 121603.9
fps step: 184827.7 fps total: 125358.7
fps step: 176926.8 fps total: 119285.0
fps step: 191826.6 fps total: 126244.5
fps step: 188836.7 fps total: 124997.1
fps step: 181650.3 fps total: 123412.1
fps step: 155624.0 fps total: 112322.3
fps step: 167850.9 fps total: 117845.6
fps step: 173393.7 fps total: 120429.0
fps step: 162780.4 fps total: 115722.0
fps step: 142534.5 fps total: 102879.4
fps step: 163049.2 fps total: 115466.0
fps step: 191478.8 fps total: 129974.5
fps step: 177720.3 fps total: 122532.2
fps step: 183970.3 fps total: 125420.6
fps step: 155281.0 fps total: 106119.0
fps step: 189003.0 fps total: 119203.8
fps step: 177252.5 fps total: 118953.1
=> saving checkpoint 'runs/HumanoidAMP_08-20-37-18/nn/HumanoidAMP_08-20-37-19_7800.pth'
fps step: 155073.4 fps total: 108351.3
fps step: 169203.8 fps total: 116197.0
fps step: 161554.1 fps total: 110826.4
fps step: 165831.7 fps total: 114028.8
fps step: 184264.7 fps total: 122347.9
fps step: 158020.6 fps total: 113348.0
fps step: 192800.8 fps total: 130227.1
fps step: 194215.9 fps total: 130294.5
fps step: 193061.0 fps total: 126733.5
fps step: 183809.9 fps total: 124449.9
fps step: 186846.4 fps total: 127433.5
fps step: 190473.4 fps total: 129070.3
fps step: 190502.1 fps total: 129014.0
fps step: 191727.6 fps total: 129955.2
fps step: 192626.4 fps total: 130364.7
fps step: 191000.8 fps total: 129050.0
fps step: 188745.8 fps total: 128374.0
fps step: 190964.4 fps total: 129486.2
fps step: 193314.3 fps total: 130683.3
fps step: 190232.6 fps total: 128665.2
fps step: 176168.6 fps total: 121223.6
fps step: 174326.4 fps total: 120607.2
fps step: 165460.0 fps total: 114009.5
fps step: 150238.5 fps total: 107221.7
fps step: 150390.3 fps total: 107405.2
fps step: 191397.8 fps total: 127474.5
fps step: 191063.1 fps total: 129511.7
fps step: 192194.9 fps total: 129761.2
fps step: 188161.7 fps total: 128160.6
fps step: 189553.2 fps total: 128474.8
fps step: 190627.0 fps total: 129298.1
fps step: 155696.3 fps total: 107114.6
fps step: 189775.7 fps total: 129123.8
fps step: 190434.2 fps total: 129410.3
fps step: 191417.0 fps total: 128265.8
fps step: 193716.1 fps total: 129138.9
fps step: 159033.7 fps total: 111605.4
fps step: 178630.9 fps total: 122355.4
fps step: 180602.4 fps total: 123094.2
fps step: 161524.9 fps total: 111312.5
fps step: 182659.6 fps total: 124056.7
fps step: 190595.3 fps total: 128325.6
fps step: 144327.0 fps total: 104913.5
fps step: 165375.5 fps total: 113470.3
fps step: 178324.2 fps total: 120990.9
fps step: 162824.1 fps total: 112055.3
fps step: 192489.2 fps total: 129942.4
fps step: 191921.0 fps total: 129079.3
fps step: 187367.4 fps total: 125210.3
fps step: 159687.3 fps total: 112525.4
=> saving checkpoint 'runs/HumanoidAMP_08-20-37-18/nn/HumanoidAMP_08-20-37-19_7850.pth'
fps step: 151050.0 fps total: 109427.9
fps step: 185804.8 fps total: 123270.1
fps step: 187286.0 fps total: 127111.2
fps step: 192580.4 fps total: 129659.1
fps step: 159004.5 fps total: 111817.0
fps step: 142040.8 fps total: 103086.4
fps step: 151849.7 fps total: 107971.4
fps step: 153000.7 fps total: 109352.9
fps step: 160060.0 fps total: 112555.1
fps step: 170029.3 fps total: 118437.8
fps step: 182077.2 fps total: 121226.0
fps step: 177539.4 fps total: 121634.2
fps step: 187400.5 fps total: 126161.3
fps step: 185799.4 fps total: 125420.4
fps step: 189786.7 fps total: 124742.3
fps step: 188402.4 fps total: 123858.9
fps step: 180332.2 fps total: 120862.2
fps step: 165457.2 fps total: 112689.5
fps step: 180541.4 fps total: 122040.8
fps step: 190462.7 fps total: 126406.1
fps step: 191638.2 fps total: 129093.7
fps step: 186997.9 fps total: 125076.2
fps step: 191953.3 fps total: 125259.3
fps step: 171549.0 fps total: 118431.5
fps step: 186626.0 fps total: 126766.1
fps step: 174641.9 fps total: 120790.0
fps step: 172024.8 fps total: 118874.7
fps step: 178633.7 fps total: 123503.5
fps step: 166192.3 fps total: 117753.3
fps step: 165903.8 fps total: 115923.5
fps step: 149099.7 fps total: 106885.1
fps step: 174960.8 fps total: 120016.6
fps step: 173056.7 fps total: 121188.6
fps step: 180608.0 fps total: 123836.6
fps step: 161106.6 fps total: 114100.2
fps step: 167867.4 fps total: 117241.6
fps step: 163226.2 fps total: 112736.7
fps step: 148552.0 fps total: 104639.9
fps step: 144346.7 fps total: 101137.1
fps step: 190131.7 fps total: 128321.9
fps step: 169026.6 fps total: 116056.0
fps step: 184514.0 fps total: 125232.1
fps step: 192001.0 fps total: 128116.0
fps step: 193615.9 fps total: 129824.7
fps step: 192178.9 fps total: 130286.5
fps step: 191817.2 fps total: 128479.3
fps step: 191643.4 fps total: 129765.6
fps step: 190166.3 fps total: 127808.0
fps step: 192670.6 fps total: 130416.9
fps step: 193322.6 fps total: 130442.5
=> saving checkpoint 'runs/HumanoidAMP_08-20-37-18/nn/HumanoidAMP_08-20-37-19_7900.pth'
fps step: 186728.7 fps total: 125701.7
fps step: 192865.2 fps total: 130339.8
fps step: 191954.9 fps total: 129931.1
fps step: 193568.8 fps total: 130675.0
fps step: 186139.5 fps total: 124376.6
fps step: 176543.0 fps total: 121133.3
fps step: 190057.8 fps total: 128949.1
fps step: 176650.6 fps total: 121647.7
fps step: 180307.9 fps total: 122825.5
fps step: 184114.5 fps total: 125512.6
fps step: 186465.9 fps total: 125087.3
fps step: 172837.3 fps total: 120561.8
fps step: 175863.6 fps total: 122460.9
fps step: 165459.0 fps total: 116623.6
fps step: 174253.3 fps total: 121632.5
fps step: 166528.1 fps total: 116325.6
fps step: 179629.5 fps total: 123401.0
fps step: 171537.3 fps total: 119299.2
fps step: 168998.5 fps total: 118118.5
fps step: 161796.1 fps total: 114422.4
fps step: 186544.7 fps total: 126105.2
fps step: 190868.7 fps total: 129297.7
fps step: 190320.0 fps total: 129265.0
fps step: 183330.6 fps total: 125624.5
fps step: 154113.1 fps total: 110482.1
fps step: 164769.2 fps total: 116899.8
fps step: 193572.7 fps total: 130869.8
fps step: 166410.3 fps total: 116807.4
fps step: 167514.4 fps total: 117490.5
fps step: 163008.1 fps total: 114964.0
fps step: 192154.5 fps total: 130183.3
fps step: 190748.5 fps total: 129222.3
fps step: 192542.0 fps total: 129816.0
fps step: 191596.1 fps total: 129436.0
fps step: 190991.6 fps total: 128586.0
fps step: 193011.6 fps total: 130304.0
fps step: 192990.5 fps total: 129131.8
fps step: 184232.2 fps total: 120214.7
fps step: 176277.0 fps total: 119239.9
fps step: 177459.7 fps total: 119937.0
fps step: 191619.2 fps total: 126654.3
fps step: 183807.0 fps total: 124748.0
fps step: 193056.4 fps total: 130048.6
fps step: 192458.1 fps total: 129921.8
fps step: 192139.0 fps total: 130109.7
fps step: 189432.7 fps total: 127630.9
fps step: 174275.7 fps total: 115881.1
fps step: 171605.4 fps total: 115274.1
fps step: 173436.8 fps total: 119127.8
fps step: 176991.6 fps total: 120082.3
=> saving checkpoint 'runs/HumanoidAMP_08-20-37-18/nn/HumanoidAMP_08-20-37-19_7950.pth'
fps step: 180908.6 fps total: 119946.6
fps step: 185947.8 fps total: 125175.9
fps step: 190926.0 fps total: 125603.6
fps step: 186152.4 fps total: 123517.4
fps step: 142457.3 fps total: 104206.3
fps step: 170250.7 fps total: 118225.1
fps step: 151002.1 fps total: 109442.3
fps step: 171058.2 fps total: 119218.3
fps step: 161028.7 fps total: 113536.5
fps step: 191896.2 fps total: 128876.4
fps step: 189159.8 fps total: 128306.2
fps step: 185537.3 fps total: 125223.5
fps step: 183221.4 fps total: 125490.2
fps step: 185664.7 fps total: 126048.2
fps step: 179688.8 fps total: 119916.8
fps step: 145311.2 fps total: 104018.2
fps step: 155013.2 fps total: 109608.0
fps step: 152399.6 fps total: 106778.9
fps step: 149916.9 fps total: 106559.7
fps step: 146872.1 fps total: 105012.4
fps step: 169477.5 fps total: 115496.4
fps step: 153523.9 fps total: 109369.0
fps step: 153152.4 fps total: 108460.1
fps step: 170420.6 fps total: 119141.7
fps step: 189712.0 fps total: 127706.1
fps step: 180533.7 fps total: 121477.7
fps step: 162814.2 fps total: 114133.9
fps step: 179945.4 fps total: 124532.6
fps step: 180297.3 fps total: 121228.1
fps step: 174973.4 fps total: 116716.9
fps step: 189047.5 fps total: 123649.9
fps step: 158354.1 fps total: 110819.5
fps step: 170033.6 fps total: 115495.0
fps step: 146340.9 fps total: 104927.5
fps step: 160162.0 fps total: 112892.7
fps step: 192608.6 fps total: 129627.8
fps step: 193850.8 fps total: 128434.2
fps step: 191141.9 fps total: 127357.8
fps step: 192771.2 fps total: 129006.6
fps step: 187744.0 fps total: 127342.3
fps step: 191077.7 fps total: 129388.8
fps step: 185728.9 fps total: 123372.0
fps step: 184946.4 fps total: 124714.8
fps step: 169949.8 fps total: 117934.6
fps step: 172758.1 fps total: 117617.0
fps step: 179290.3 fps total: 121748.5
fps step: 176525.3 fps total: 119764.7
fps step: 173405.8 fps total: 118188.6
fps step: 170453.9 fps total: 116178.0
fps step: 160998.0 fps total: 111003.3
=> saving checkpoint 'runs/HumanoidAMP_08-20-37-18/nn/HumanoidAMP_08-20-37-19_8000.pth'
fps step: 175596.0 fps total: 116751.4
=> saving checkpoint 'runs/HumanoidAMP_08-20-37-18/nn/HumanoidAMP_08-20-37-19.pth'
MAX EPOCHS NUM!

╔══════════════════════════════════════════════════════════╗
║          ✅ Stage 0 训练完成!                            ║
╠══════════════════════════════════════════════════════════╣
║  结束时间: 2026-03-08 21:50:49
║  Checkpoints: /home/user/Workspace/ProKnee/ProKnee-HoraStyle/IsaacGymEnvs/isaacgymenvs/runs/
╚══════════════════════════════════════════════════════════╝
