nohup: ignoring input
Importing module 'gym_38' (/home/user/Workspace/isaacgym/python/isaacgym/_bindings/linux-x86_64/gym_38.so)
Setting GYM_USD_PLUG_INFO_PATH to /home/user/Workspace/isaacgym/python/isaacgym/_bindings/linux-x86_64/usd/plugInfo.json
PyTorch version 2.4.1+cu124
Device count 1
/home/user/Workspace/isaacgym/python/isaacgym/_bindings/src/gymtorch
Using /home/user/.cache/torch_extensions/py38_cu124 as PyTorch extensions root...
Emitting ninja build file /home/user/.cache/torch_extensions/py38_cu124/gymtorch/build.ninja...
Building extension module gymtorch...
Allowing ninja to set a default number of workers... (overridable by setting the environment variable MAX_JOBS=N)
ninja: no work to do.
Loading extension module gymtorch...
Gym has been unmaintained since 2022 and does not support NumPy 2.0 amongst other critical functionality.
Please upgrade to Gymnasium, the maintained drop-in replacement of Gym, or contact the authors of your software and request that they upgrade.
See the migration guide at https://gymnasium.farama.org/introduction/migration_guide/ for additional information.
2026-03-11 15:06:56,262 - INFO - logger - logger initialized
<unknown>:3: DeprecationWarning: invalid escape sequence \*
Error: FBX library failed to load - importing FBX data will not succeed. Message: No module named 'fbx'
FBX tools must be installed from https://help.autodesk.com/view/FBX/2020/ENU/?guid=FBX_Developer_Help_scripting_with_python_fbx_installing_python_fbx_html
<unknown>:3: DeprecationWarning: invalid escape sequence \*
Error: FBX library failed to load - importing FBX data will not succeed. Message: No module named 'fbx'
FBX tools must be installed from https://help.autodesk.com/view/FBX/2020/ENU/?guid=FBX_Developer_Help_scripting_with_python_fbx_installing_python_fbx_html
============================================================
  ProKnee Stage 1 Multi-Motion: DAgger Training
============================================================
  Device:       cuda:0
  Num envs:     4096
  Max epochs:   8000
  Steps/epoch:  32
  Motions:      ['walk', 'run', 'dance', 'stand']
  Obs mode:     realistic (obs=16D, priv=117D)
  obs_dim:      16
  priv_dim:     117
  LR:           0.001
  Noise std:    0.3
============================================================
  Output dir:   /home/user/Workspace/ProKnee/ProKnee-HoraStyle/outputs/stage1_multi_walk_run_dance_stand_20260311_150656

[Stage 1 Multi] Creating multi-motion environment...
Not connected to PVD
+++ Using GPU PhysX
Physics Engine: PhysX
Physics Device: cuda:0
GPU Pipeline: enabled
/home/user/Workspace/ProKnee/ProKnee-HoraStyle/proknee_hora/envs/proknee_base.py:295: DeprecationWarning: an integer is required (got type isaacgym._bindings.linux-x86_64.gym_38.DofDriveMode).  Implicit conversion to integers using __int__ is deprecated, and may be removed in a future version of Python.
  asset_options.default_dof_drive_mode = gymapi.DOF_MODE_NONE
/home/user/Workspace/ProKnee/ProKnee-HoraStyle/proknee_hora/envs/proknee_base.py:215: UserWarning: To copy construct from a tensor, it is recommended to use sourceTensor.clone().detach() or sourceTensor.clone().detach().requires_grad_(True), rather than torch.tensor(sourceTensor).
  key_body_ids=torch.tensor(self._key_body_ids).cpu().long(),
Loading 1/1 motion files: /home/user/Workspace/ProKnee/ProKnee-HoraStyle/IsaacGymEnvs/assets/amp/motions/amp_humanoid_walk.npy
Loaded 1 motions with a total length of 2.550s.
[ProKneeBase] Loaded frozen body policy from /home/user/Workspace/ProKnee/ProKnee-HoraStyle/outputs/checkpoints/stage0/stage0_amp_walk_5050.pth
[MultiMotion] Loaded body policy for walk: /home/user/Workspace/ProKnee/ProKnee-HoraStyle/outputs/checkpoints/stage0/stage0_amp_walk_5050.pth
[MultiMotion] Loaded body policy for run: /home/user/Workspace/ProKnee/ProKnee-HoraStyle/outputs/checkpoints/stage0/stage0_amp_run_1700.pth
[MultiMotion] Loaded body policy for dance: /home/user/Workspace/ProKnee/ProKnee-HoraStyle/outputs/checkpoints/stage0/stage0_amp_dance_8000.pth
[MultiMotion] Loaded body policy for stand: /home/user/Workspace/ProKnee/ProKnee-HoraStyle/outputs/checkpoints/stage0/stage0_amp_stand_900.pth
Loading 1/1 motion files: /home/user/Workspace/ProKnee/ProKnee-HoraStyle/IsaacGymEnvs/assets/amp/motions/amp_humanoid_walk.npy
Loaded 1 motions with a total length of 2.550s.
[MultiMotion] Loaded motion lib for walk: /home/user/Workspace/ProKnee/ProKnee-HoraStyle/IsaacGymEnvs/assets/amp/motions/amp_humanoid_walk.npy
Loading 1/1 motion files: /home/user/Workspace/ProKnee/ProKnee-HoraStyle/IsaacGymEnvs/assets/amp/motions/amp_humanoid_run.npy
Loaded 1 motions with a total length of 1.350s.
[MultiMotion] Loaded motion lib for run: /home/user/Workspace/ProKnee/ProKnee-HoraStyle/IsaacGymEnvs/assets/amp/motions/amp_humanoid_run.npy
Loading 1/1 motion files: /home/user/Workspace/ProKnee/ProKnee-HoraStyle/IsaacGymEnvs/assets/amp/motions/amp_humanoid_dance.npy
Loaded 1 motions with a total length of 15.017s.
[MultiMotion] Loaded motion lib for dance: /home/user/Workspace/ProKnee/ProKnee-HoraStyle/IsaacGymEnvs/assets/amp/motions/amp_humanoid_dance.npy
Loading 1/1 motion files: /home/user/Workspace/ProKnee/ProKnee-HoraStyle/IsaacGymEnvs/assets/amp/motions/amp_humanoid_stand.npy
Loaded 1 motions with a total length of 0.483s.
[MultiMotion] Loaded motion lib for stand: /home/user/Workspace/ProKnee/ProKnee-HoraStyle/IsaacGymEnvs/assets/amp/motions/amp_humanoid_stand.npy
[MultiMotion] Enabled motions: ['walk', 'run', 'dance', 'stand']
[MultiMotion] Observation mode: realistic (obs=16D, priv=117D)
[MultiMotion] Transition blending: 15 steps
[MultiMotion] obs_dim=16, proprio_dim=16
[Stage 1 Multi] Environment created in 1.0s
  Motion distribution: {'walk': 1050, 'run': 999, 'dance': 1027, 'stand': 1020}
[Stage 1 Multi] Creating ProKneePolicy (teacher mode)...
  Parameters: 162,953
[Stage 1 Multi] Resetting environment...
[Stage 1 Multi] TensorBoard: tensorboard --logdir /home/user/Workspace/ProKnee/ProKnee-HoraStyle/outputs/stage1_multi_walk_run_dance_stand_20260311_150656/tb

============================================================
  Training started!
============================================================
  Epoch     0/8000 | loss=0.082832 | ep_len=   0.0 | noise=0.300 | 0.6 ep/s | dist: [walk:997 | run:996 | dance:1026 | stand:1077]
  Epoch    10/8000 | loss=0.048361 | ep_len= 153.1 | noise=0.299 | 0.6 ep/s | dist: [walk:1064 | run:1084 | dance:1028 | stand:920]
  Epoch    20/8000 | loss=0.036585 | ep_len= 174.6 | noise=0.298 | 0.6 ep/s | dist: [walk:1042 | run:1099 | dance:1016 | stand:939]
  Epoch    30/8000 | loss=0.027528 | ep_len= 182.9 | noise=0.297 | 0.6 ep/s | dist: [walk:1084 | run:1058 | dance:1028 | stand:926]
  Epoch    40/8000 | loss=0.021199 | ep_len= 181.7 | noise=0.296 | 0.6 ep/s | dist: [walk:1056 | run:1063 | dance:1055 | stand:922]
  Epoch    50/8000 | loss=0.022552 | ep_len= 180.5 | noise=0.295 | 0.6 ep/s | dist: [walk:1022 | run:1054 | dance:1041 | stand:979]
  Epoch    60/8000 | loss=0.017581 | ep_len= 182.6 | noise=0.294 | 0.6 ep/s | dist: [walk:1094 | run:1044 | dance:1043 | stand:915]
  Epoch    70/8000 | loss=0.013768 | ep_len= 188.4 | noise=0.293 | 0.6 ep/s | dist: [walk:1101 | run:1059 | dance:1021 | stand:915]
  Epoch    80/8000 | loss=0.015777 | ep_len= 184.7 | noise=0.292 | 0.6 ep/s | dist: [walk:1044 | run:1083 | dance:1053 | stand:916]
  Epoch    90/8000 | loss=0.015111 | ep_len= 186.0 | noise=0.291 | 0.6 ep/s | dist: [walk:1041 | run:1082 | dance:1029 | stand:944]
  Epoch   100/8000 | loss=0.011969 | ep_len= 188.0 | noise=0.290 | 0.6 ep/s | dist: [walk:1090 | run:1080 | dance:1046 | stand:880]
  Epoch   110/8000 | loss=0.013043 | ep_len= 184.1 | noise=0.289 | 0.6 ep/s | dist: [walk:1072 | run:1083 | dance:1034 | stand:907]
  Epoch   120/8000 | loss=0.011661 | ep_len= 187.1 | noise=0.288 | 0.6 ep/s | dist: [walk:1052 | run:1124 | dance:1050 | stand:870]
  Epoch   130/8000 | loss=0.011948 | ep_len= 188.4 | noise=0.287 | 0.6 ep/s | dist: [walk:1081 | run:1011 | dance:1041 | stand:963]
  Epoch   140/8000 | loss=0.012926 | ep_len= 188.0 | noise=0.286 | 0.6 ep/s | dist: [walk:1056 | run:1057 | dance:1089 | stand:894]
  Epoch   150/8000 | loss=0.009578 | ep_len= 183.5 | noise=0.285 | 0.6 ep/s | dist: [walk:1071 | run:1057 | dance:1048 | stand:920]
  Epoch   160/8000 | loss=0.011173 | ep_len= 190.1 | noise=0.284 | 0.6 ep/s | dist: [walk:1059 | run:1033 | dance:1085 | stand:919]
  Epoch   170/8000 | loss=0.029471 | ep_len= 188.2 | noise=0.283 | 0.6 ep/s | dist: [walk:1038 | run:1083 | dance:1073 | stand:902]
  Epoch   180/8000 | loss=0.011184 | ep_len= 190.6 | noise=0.282 | 0.6 ep/s | dist: [walk:1081 | run:1041 | dance:1039 | stand:935]
  Epoch   190/8000 | loss=0.010013 | ep_len= 194.4 | noise=0.281 | 0.6 ep/s | dist: [walk:1063 | run:1041 | dance:1059 | stand:933]
  Epoch   200/8000 | loss=0.009165 | ep_len= 193.4 | noise=0.280 | 0.6 ep/s | dist: [walk:1036 | run:1035 | dance:1083 | stand:942]
  Epoch   210/8000 | loss=0.008872 | ep_len= 195.7 | noise=0.279 | 0.6 ep/s | dist: [walk:1058 | run:1078 | dance:1040 | stand:920]
  Epoch   220/8000 | loss=0.010437 | ep_len= 190.4 | noise=0.278 | 0.6 ep/s | dist: [walk:1087 | run:1048 | dance:1061 | stand:900]
  Epoch   230/8000 | loss=0.010110 | ep_len= 192.0 | noise=0.277 | 0.6 ep/s | dist: [walk:1086 | run:1064 | dance:1025 | stand:921]
  Epoch   240/8000 | loss=0.009153 | ep_len= 194.1 | noise=0.276 | 0.6 ep/s | dist: [walk:1067 | run:1075 | dance:1029 | stand:925]
  Epoch   250/8000 | loss=0.007734 | ep_len= 193.8 | noise=0.275 | 0.6 ep/s | dist: [walk:1068 | run:1050 | dance:1145 | stand:833]
  Epoch   260/8000 | loss=0.009729 | ep_len= 191.9 | noise=0.274 | 0.6 ep/s | dist: [walk:1075 | run:1032 | dance:1060 | stand:929]
  Epoch   270/8000 | loss=0.012448 | ep_len= 190.7 | noise=0.273 | 0.6 ep/s | dist: [walk:1037 | run:1097 | dance:1050 | stand:912]
  Epoch   280/8000 | loss=0.010593 | ep_len= 196.7 | noise=0.272 | 0.6 ep/s | dist: [walk:1081 | run:1061 | dance:1023 | stand:931]
  Epoch   290/8000 | loss=0.010301 | ep_len= 197.4 | noise=0.271 | 0.6 ep/s | dist: [walk:1046 | run:1121 | dance:1079 | stand:850]
  Epoch   300/8000 | loss=0.008979 | ep_len= 195.8 | noise=0.270 | 0.6 ep/s | dist: [walk:1077 | run:1040 | dance:1035 | stand:944]
  Epoch   310/8000 | loss=0.008441 | ep_len= 201.0 | noise=0.269 | 0.6 ep/s | dist: [walk:1028 | run:1067 | dance:1054 | stand:947]
  Epoch   320/8000 | loss=0.008587 | ep_len= 195.7 | noise=0.268 | 0.6 ep/s | dist: [walk:1034 | run:1033 | dance:1081 | stand:948]
  Epoch   330/8000 | loss=0.008650 | ep_len= 195.7 | noise=0.267 | 0.6 ep/s | dist: [walk:1079 | run:1024 | dance:1117 | stand:876]
  Epoch   340/8000 | loss=0.009561 | ep_len= 198.7 | noise=0.266 | 0.6 ep/s | dist: [walk:1012 | run:1117 | dance:1066 | stand:901]
  Epoch   350/8000 | loss=0.008106 | ep_len= 197.2 | noise=0.265 | 0.6 ep/s | dist: [walk:1066 | run:1057 | dance:1034 | stand:939]
  Epoch   360/8000 | loss=0.008683 | ep_len= 201.5 | noise=0.264 | 0.6 ep/s | dist: [walk:1022 | run:1101 | dance:1013 | stand:960]
  Epoch   370/8000 | loss=0.008492 | ep_len= 200.5 | noise=0.263 | 0.6 ep/s | dist: [walk:1110 | run:1006 | dance:1075 | stand:905]
  Epoch   380/8000 | loss=0.009267 | ep_len= 198.3 | noise=0.262 | 0.6 ep/s | dist: [walk:1094 | run:1057 | dance:1042 | stand:903]
  Epoch   390/8000 | loss=0.010031 | ep_len= 201.4 | noise=0.261 | 0.6 ep/s | dist: [walk:1067 | run:1061 | dance:1022 | stand:946]
  Epoch   400/8000 | loss=0.007745 | ep_len= 199.9 | noise=0.260 | 0.6 ep/s | dist: [walk:1079 | run:1027 | dance:1066 | stand:924]
  Epoch   410/8000 | loss=0.009431 | ep_len= 201.7 | noise=0.259 | 0.6 ep/s | dist: [walk:1089 | run:1024 | dance:1042 | stand:941]
  Epoch   420/8000 | loss=0.009416 | ep_len= 202.4 | noise=0.258 | 0.6 ep/s | dist: [walk:1080 | run:1041 | dance:1073 | stand:902]
  Epoch   430/8000 | loss=0.007867 | ep_len= 201.0 | noise=0.257 | 0.6 ep/s | dist: [walk:1055 | run:1080 | dance:1001 | stand:960]
  Epoch   440/8000 | loss=0.007555 | ep_len= 202.3 | noise=0.256 | 0.6 ep/s | dist: [walk:1067 | run:1031 | dance:1058 | stand:940]
  Epoch   450/8000 | loss=0.006464 | ep_len= 202.1 | noise=0.255 | 0.6 ep/s | dist: [walk:1064 | run:1051 | dance:1071 | stand:910]
  Epoch   460/8000 | loss=0.009433 | ep_len= 203.5 | noise=0.254 | 0.6 ep/s | dist: [walk:1069 | run:1044 | dance:1063 | stand:920]
  Epoch   470/8000 | loss=0.007791 | ep_len= 201.0 | noise=0.253 | 0.6 ep/s | dist: [walk:1086 | run:1040 | dance:1095 | stand:875]
  Epoch   480/8000 | loss=0.007388 | ep_len= 206.5 | noise=0.252 | 0.6 ep/s | dist: [walk:1069 | run:1069 | dance:1020 | stand:938]
  Epoch   490/8000 | loss=0.007009 | ep_len= 200.5 | noise=0.251 | 0.6 ep/s | dist: [walk:1115 | run:1057 | dance:1040 | stand:884]
  Epoch   500/8000 | loss=0.007557 | ep_len= 202.4 | noise=0.250 | 0.6 ep/s | dist: [walk:1094 | run:1065 | dance:993 | stand:944]
  Epoch   510/8000 | loss=0.006613 | ep_len= 204.3 | noise=0.249 | 0.6 ep/s | dist: [walk:1050 | run:1027 | dance:1098 | stand:921]
  Epoch   520/8000 | loss=0.006549 | ep_len= 204.5 | noise=0.248 | 0.6 ep/s | dist: [walk:1113 | run:1023 | dance:1038 | stand:922]
  Epoch   530/8000 | loss=0.009683 | ep_len= 205.9 | noise=0.247 | 0.6 ep/s | dist: [walk:1088 | run:1037 | dance:1029 | stand:942]
  Epoch   540/8000 | loss=0.006678 | ep_len= 204.5 | noise=0.246 | 0.6 ep/s | dist: [walk:1016 | run:1120 | dance:1046 | stand:914]
  Epoch   550/8000 | loss=0.007884 | ep_len= 204.0 | noise=0.245 | 0.6 ep/s | dist: [walk:1091 | run:1071 | dance:1009 | stand:925]
  Epoch   560/8000 | loss=0.006912 | ep_len= 203.9 | noise=0.244 | 0.6 ep/s | dist: [walk:1096 | run:1035 | dance:1011 | stand:954]
  Epoch   570/8000 | loss=0.006988 | ep_len= 211.4 | noise=0.243 | 0.6 ep/s | dist: [walk:1033 | run:1062 | dance:1043 | stand:958]
  Epoch   580/8000 | loss=0.005937 | ep_len= 205.9 | noise=0.242 | 0.6 ep/s | dist: [walk:1081 | run:1078 | dance:1020 | stand:917]
  Epoch   590/8000 | loss=0.006978 | ep_len= 211.6 | noise=0.241 | 0.6 ep/s | dist: [walk:1065 | run:1108 | dance:1054 | stand:869]
  Epoch   600/8000 | loss=0.005834 | ep_len= 208.6 | noise=0.240 | 0.6 ep/s | dist: [walk:1083 | run:1031 | dance:1042 | stand:940]
  Epoch   610/8000 | loss=0.006829 | ep_len= 208.3 | noise=0.239 | 0.6 ep/s | dist: [walk:1091 | run:1064 | dance:1067 | stand:874]
  Epoch   620/8000 | loss=0.007330 | ep_len= 206.3 | noise=0.238 | 0.6 ep/s | dist: [walk:1027 | run:1082 | dance:1050 | stand:937]
  Epoch   630/8000 | loss=0.007574 | ep_len= 206.5 | noise=0.237 | 0.6 ep/s | dist: [walk:1066 | run:1086 | dance:1030 | stand:914]
  Epoch   640/8000 | loss=0.007644 | ep_len= 208.5 | noise=0.236 | 0.6 ep/s | dist: [walk:1048 | run:1091 | dance:1046 | stand:911]
  Epoch   650/8000 | loss=0.008475 | ep_len= 207.5 | noise=0.235 | 0.6 ep/s | dist: [walk:1123 | run:1024 | dance:1063 | stand:886]
  Epoch   660/8000 | loss=0.006761 | ep_len= 209.7 | noise=0.234 | 0.6 ep/s | dist: [walk:1027 | run:1056 | dance:1072 | stand:941]
  Epoch   670/8000 | loss=0.006537 | ep_len= 207.7 | noise=0.233 | 0.6 ep/s | dist: [walk:1076 | run:1070 | dance:1013 | stand:937]
  Epoch   680/8000 | loss=0.008192 | ep_len= 210.1 | noise=0.232 | 0.6 ep/s | dist: [walk:1057 | run:1058 | dance:1046 | stand:935]
  Epoch   690/8000 | loss=0.006735 | ep_len= 209.8 | noise=0.231 | 0.6 ep/s | dist: [walk:1110 | run:1111 | dance:987 | stand:888]
  Epoch   700/8000 | loss=0.005520 | ep_len= 207.6 | noise=0.230 | 0.6 ep/s | dist: [walk:1101 | run:1063 | dance:1018 | stand:914]
  Epoch   710/8000 | loss=0.006602 | ep_len= 211.8 | noise=0.229 | 0.6 ep/s | dist: [walk:1108 | run:1076 | dance:1004 | stand:908]
  Epoch   720/8000 | loss=0.007549 | ep_len= 210.6 | noise=0.228 | 0.6 ep/s | dist: [walk:1072 | run:1059 | dance:1048 | stand:917]
  Epoch   730/8000 | loss=0.005686 | ep_len= 211.9 | noise=0.227 | 0.6 ep/s | dist: [walk:1097 | run:1084 | dance:1034 | stand:881]
  Epoch   740/8000 | loss=0.006667 | ep_len= 212.0 | noise=0.226 | 0.6 ep/s | dist: [walk:1097 | run:1043 | dance:1058 | stand:898]
  Epoch   750/8000 | loss=0.010409 | ep_len= 214.3 | noise=0.225 | 0.6 ep/s | dist: [walk:1130 | run:1046 | dance:1046 | stand:874]
  Epoch   760/8000 | loss=0.006348 | ep_len= 208.0 | noise=0.224 | 0.6 ep/s | dist: [walk:1090 | run:1038 | dance:1004 | stand:964]
  Epoch   770/8000 | loss=0.008880 | ep_len= 212.6 | noise=0.223 | 0.6 ep/s | dist: [walk:1068 | run:1053 | dance:1075 | stand:900]
  Epoch   780/8000 | loss=0.006137 | ep_len= 214.2 | noise=0.222 | 0.6 ep/s | dist: [walk:1115 | run:1034 | dance:1008 | stand:939]
  Epoch   790/8000 | loss=0.006199 | ep_len= 212.5 | noise=0.221 | 0.6 ep/s | dist: [walk:1096 | run:1035 | dance:1084 | stand:881]
  Epoch   800/8000 | loss=0.006424 | ep_len= 210.5 | noise=0.220 | 0.6 ep/s | dist: [walk:1073 | run:1050 | dance:1031 | stand:942]
  Epoch   810/8000 | loss=0.006426 | ep_len= 208.2 | noise=0.219 | 0.6 ep/s | dist: [walk:1026 | run:1071 | dance:1068 | stand:931]
  Epoch   820/8000 | loss=0.006613 | ep_len= 210.1 | noise=0.218 | 0.6 ep/s | dist: [walk:1011 | run:1063 | dance:1123 | stand:899]
  Epoch   830/8000 | loss=0.007227 | ep_len= 218.3 | noise=0.217 | 0.6 ep/s | dist: [walk:1092 | run:1056 | dance:1027 | stand:921]
  Epoch   840/8000 | loss=0.006282 | ep_len= 213.9 | noise=0.216 | 0.6 ep/s | dist: [walk:1101 | run:1082 | dance:1065 | stand:848]
  Epoch   850/8000 | loss=0.006289 | ep_len= 221.5 | noise=0.215 | 0.6 ep/s | dist: [walk:1005 | run:1061 | dance:1126 | stand:904]
  Epoch   860/8000 | loss=0.008623 | ep_len= 213.7 | noise=0.214 | 0.6 ep/s | dist: [walk:1082 | run:1065 | dance:1034 | stand:915]
  Epoch   870/8000 | loss=0.005425 | ep_len= 213.0 | noise=0.213 | 0.6 ep/s | dist: [walk:1070 | run:1130 | dance:1048 | stand:848]
  Epoch   880/8000 | loss=0.006719 | ep_len= 213.8 | noise=0.212 | 0.6 ep/s | dist: [walk:1032 | run:1090 | dance:1055 | stand:919]
  Epoch   890/8000 | loss=0.006083 | ep_len= 215.4 | noise=0.211 | 0.6 ep/s | dist: [walk:1096 | run:1056 | dance:1006 | stand:938]
  Epoch   900/8000 | loss=0.008950 | ep_len= 208.5 | noise=0.210 | 0.6 ep/s | dist: [walk:1091 | run:1073 | dance:1039 | stand:893]
  Epoch   910/8000 | loss=0.006449 | ep_len= 214.8 | noise=0.209 | 0.6 ep/s | dist: [walk:1094 | run:1046 | dance:1034 | stand:922]
  Epoch   920/8000 | loss=0.005939 | ep_len= 215.3 | noise=0.208 | 0.6 ep/s | dist: [walk:1110 | run:1040 | dance:1009 | stand:937]
  Epoch   930/8000 | loss=0.005675 | ep_len= 219.8 | noise=0.207 | 0.6 ep/s | dist: [walk:1070 | run:1038 | dance:1056 | stand:932]
  Epoch   940/8000 | loss=0.006248 | ep_len= 215.4 | noise=0.206 | 0.6 ep/s | dist: [walk:1038 | run:1083 | dance:1087 | stand:888]
  Epoch   950/8000 | loss=0.006451 | ep_len= 222.3 | noise=0.205 | 0.6 ep/s | dist: [walk:1068 | run:1101 | dance:1039 | stand:888]
  Epoch   960/8000 | loss=0.007945 | ep_len= 219.7 | noise=0.204 | 0.6 ep/s | dist: [walk:1097 | run:1049 | dance:1039 | stand:911]
  Epoch   970/8000 | loss=0.006781 | ep_len= 218.6 | noise=0.203 | 0.6 ep/s | dist: [walk:1053 | run:1096 | dance:1032 | stand:915]
  Epoch   980/8000 | loss=0.006333 | ep_len= 215.3 | noise=0.202 | 0.6 ep/s | dist: [walk:1069 | run:1081 | dance:1063 | stand:883]
  Epoch   990/8000 | loss=0.006075 | ep_len= 219.3 | noise=0.201 | 0.6 ep/s | dist: [walk:1083 | run:1088 | dance:1037 | stand:888]
  Epoch  1000/8000 | loss=0.006601 | ep_len= 219.8 | noise=0.200 | 0.6 ep/s | dist: [walk:1083 | run:1021 | dance:1104 | stand:888]
  Epoch  1010/8000 | loss=0.005078 | ep_len= 219.9 | noise=0.199 | 0.6 ep/s | dist: [walk:1106 | run:1070 | dance:1059 | stand:861]
  Epoch  1020/8000 | loss=0.008137 | ep_len= 215.9 | noise=0.198 | 0.6 ep/s | dist: [walk:1056 | run:1040 | dance:1082 | stand:918]
  Epoch  1030/8000 | loss=0.005882 | ep_len= 220.0 | noise=0.197 | 0.6 ep/s | dist: [walk:1063 | run:1046 | dance:1041 | stand:946]
  Epoch  1040/8000 | loss=0.006483 | ep_len= 222.1 | noise=0.196 | 0.6 ep/s | dist: [walk:1061 | run:1086 | dance:1035 | stand:914]
  Epoch  1050/8000 | loss=0.004859 | ep_len= 211.5 | noise=0.195 | 0.6 ep/s | dist: [walk:1069 | run:1075 | dance:1048 | stand:904]
  Epoch  1060/8000 | loss=0.004589 | ep_len= 216.3 | noise=0.194 | 0.6 ep/s | dist: [walk:1130 | run:976 | dance:1035 | stand:955]
  Epoch  1070/8000 | loss=0.005268 | ep_len= 217.3 | noise=0.193 | 0.6 ep/s | dist: [walk:1075 | run:1089 | dance:1068 | stand:864]
  Epoch  1080/8000 | loss=0.006314 | ep_len= 221.1 | noise=0.192 | 0.6 ep/s | dist: [walk:1075 | run:1018 | dance:1089 | stand:914]
  Epoch  1090/8000 | loss=0.005070 | ep_len= 222.2 | noise=0.191 | 0.6 ep/s | dist: [walk:1056 | run:1074 | dance:1080 | stand:886]
  Epoch  1100/8000 | loss=0.006001 | ep_len= 215.5 | noise=0.190 | 0.6 ep/s | dist: [walk:1118 | run:1047 | dance:1018 | stand:913]
  Epoch  1110/8000 | loss=0.010523 | ep_len= 221.0 | noise=0.189 | 0.6 ep/s | dist: [walk:1090 | run:1069 | dance:1039 | stand:898]
  Epoch  1120/8000 | loss=0.006331 | ep_len= 218.3 | noise=0.188 | 0.6 ep/s | dist: [walk:1085 | run:1040 | dance:1091 | stand:880]
  Epoch  1130/8000 | loss=0.005899 | ep_len= 222.5 | noise=0.187 | 0.6 ep/s | dist: [walk:1071 | run:1034 | dance:1004 | stand:987]
  Epoch  1140/8000 | loss=0.005084 | ep_len= 221.6 | noise=0.186 | 0.6 ep/s | dist: [walk:1053 | run:1099 | dance:1075 | stand:869]
  Epoch  1150/8000 | loss=0.005561 | ep_len= 220.8 | noise=0.185 | 0.6 ep/s | dist: [walk:1078 | run:1058 | dance:1073 | stand:887]
  Epoch  1160/8000 | loss=0.006456 | ep_len= 222.9 | noise=0.184 | 0.6 ep/s | dist: [walk:1064 | run:1091 | dance:1053 | stand:888]
  Epoch  1170/8000 | loss=0.005772 | ep_len= 221.0 | noise=0.183 | 0.6 ep/s | dist: [walk:1029 | run:1088 | dance:1045 | stand:934]
  Epoch  1180/8000 | loss=0.004935 | ep_len= 220.2 | noise=0.182 | 0.6 ep/s | dist: [walk:1115 | run:1015 | dance:1057 | stand:909]
  Epoch  1190/8000 | loss=0.004695 | ep_len= 216.0 | noise=0.181 | 0.6 ep/s | dist: [walk:1099 | run:1086 | dance:1040 | stand:871]
  Epoch  1200/8000 | loss=0.006878 | ep_len= 217.8 | noise=0.180 | 0.6 ep/s | dist: [walk:1077 | run:1056 | dance:1064 | stand:899]
  Epoch  1210/8000 | loss=0.006402 | ep_len= 221.5 | noise=0.179 | 0.6 ep/s | dist: [walk:1107 | run:1050 | dance:1021 | stand:918]
  Epoch  1220/8000 | loss=0.005761 | ep_len= 223.1 | noise=0.178 | 0.6 ep/s | dist: [walk:1142 | run:1030 | dance:1008 | stand:916]
  Epoch  1230/8000 | loss=0.005607 | ep_len= 220.9 | noise=0.177 | 0.6 ep/s | dist: [walk:1066 | run:1060 | dance:1075 | stand:895]
  Epoch  1240/8000 | loss=0.005968 | ep_len= 225.3 | noise=0.176 | 0.6 ep/s | dist: [walk:1076 | run:1062 | dance:1032 | stand:926]
  Epoch  1250/8000 | loss=0.005699 | ep_len= 224.3 | noise=0.175 | 0.6 ep/s | dist: [walk:1043 | run:1134 | dance:1040 | stand:879]
  Epoch  1260/8000 | loss=0.005287 | ep_len= 223.2 | noise=0.174 | 0.6 ep/s | dist: [walk:1061 | run:1030 | dance:1059 | stand:946]
  Epoch  1270/8000 | loss=0.005282 | ep_len= 226.6 | noise=0.173 | 0.6 ep/s | dist: [walk:1041 | run:1084 | dance:1081 | stand:890]
  Epoch  1280/8000 | loss=0.005207 | ep_len= 220.7 | noise=0.172 | 0.6 ep/s | dist: [walk:1055 | run:1045 | dance:1064 | stand:932]
  Epoch  1290/8000 | loss=0.004572 | ep_len= 226.4 | noise=0.171 | 0.6 ep/s | dist: [walk:1065 | run:1069 | dance:1050 | stand:912]
  Epoch  1300/8000 | loss=0.005500 | ep_len= 221.4 | noise=0.170 | 0.6 ep/s | dist: [walk:1040 | run:1087 | dance:1067 | stand:902]
  Epoch  1310/8000 | loss=0.006393 | ep_len= 225.8 | noise=0.169 | 0.6 ep/s | dist: [walk:1106 | run:1035 | dance:1017 | stand:938]
  Epoch  1320/8000 | loss=0.005364 | ep_len= 229.5 | noise=0.168 | 0.6 ep/s | dist: [walk:1036 | run:1071 | dance:1095 | stand:894]
  Epoch  1330/8000 | loss=0.006302 | ep_len= 220.5 | noise=0.167 | 0.6 ep/s | dist: [walk:1123 | run:1006 | dance:1044 | stand:923]
  Epoch  1340/8000 | loss=0.006025 | ep_len= 223.6 | noise=0.166 | 0.6 ep/s | dist: [walk:1055 | run:1072 | dance:1099 | stand:870]
  Epoch  1350/8000 | loss=0.007416 | ep_len= 221.6 | noise=0.165 | 0.6 ep/s | dist: [walk:1089 | run:1038 | dance:1016 | stand:953]
  Epoch  1360/8000 | loss=0.006052 | ep_len= 224.7 | noise=0.164 | 0.6 ep/s | dist: [walk:1061 | run:1078 | dance:1060 | stand:897]
  Epoch  1370/8000 | loss=0.005545 | ep_len= 219.3 | noise=0.163 | 0.6 ep/s | dist: [walk:1065 | run:1067 | dance:1093 | stand:871]
  Epoch  1380/8000 | loss=0.008013 | ep_len= 221.3 | noise=0.162 | 0.6 ep/s | dist: [walk:1069 | run:1026 | dance:1031 | stand:970]
  Epoch  1390/8000 | loss=0.005539 | ep_len= 225.1 | noise=0.161 | 0.6 ep/s | dist: [walk:1041 | run:1047 | dance:1047 | stand:961]
  Epoch  1400/8000 | loss=0.004586 | ep_len= 227.0 | noise=0.160 | 0.6 ep/s | dist: [walk:1079 | run:1060 | dance:1085 | stand:872]
  Epoch  1410/8000 | loss=0.005295 | ep_len= 219.5 | noise=0.159 | 0.6 ep/s | dist: [walk:1036 | run:1067 | dance:1070 | stand:923]
  Epoch  1420/8000 | loss=0.006630 | ep_len= 225.5 | noise=0.158 | 0.6 ep/s | dist: [walk:1082 | run:1025 | dance:1090 | stand:899]
  Epoch  1430/8000 | loss=0.005584 | ep_len= 222.6 | noise=0.157 | 0.6 ep/s | dist: [walk:1081 | run:1136 | dance:999 | stand:880]
  Epoch  1440/8000 | loss=0.004726 | ep_len= 227.4 | noise=0.156 | 0.6 ep/s | dist: [walk:1043 | run:1081 | dance:1054 | stand:918]
  Epoch  1450/8000 | loss=0.004549 | ep_len= 217.4 | noise=0.155 | 0.6 ep/s | dist: [walk:1078 | run:1025 | dance:1075 | stand:918]
  Epoch  1460/8000 | loss=0.004832 | ep_len= 220.6 | noise=0.154 | 0.6 ep/s | dist: [walk:1109 | run:1041 | dance:1050 | stand:896]
  Epoch  1470/8000 | loss=0.006380 | ep_len= 225.1 | noise=0.153 | 0.6 ep/s | dist: [walk:988 | run:1072 | dance:1103 | stand:933]
  Epoch  1480/8000 | loss=0.005818 | ep_len= 227.9 | noise=0.152 | 0.6 ep/s | dist: [walk:1055 | run:1116 | dance:1016 | stand:909]
  Epoch  1490/8000 | loss=0.006533 | ep_len= 218.9 | noise=0.151 | 0.6 ep/s | dist: [walk:1060 | run:1008 | dance:1095 | stand:933]
  Epoch  1500/8000 | loss=0.005239 | ep_len= 225.3 | noise=0.150 | 0.6 ep/s | dist: [walk:1094 | run:998 | dance:1076 | stand:928]
  Epoch  1510/8000 | loss=0.004762 | ep_len= 228.8 | noise=0.149 | 0.6 ep/s | dist: [walk:1117 | run:1056 | dance:1018 | stand:905]
  Epoch  1520/8000 | loss=0.006250 | ep_len= 224.7 | noise=0.148 | 0.6 ep/s | dist: [walk:1029 | run:1071 | dance:1047 | stand:949]
  Epoch  1530/8000 | loss=0.006046 | ep_len= 227.5 | noise=0.147 | 0.6 ep/s | dist: [walk:1081 | run:1079 | dance:1066 | stand:870]
  Epoch  1540/8000 | loss=0.004806 | ep_len= 224.4 | noise=0.146 | 0.6 ep/s | dist: [walk:1045 | run:1101 | dance:1054 | stand:896]
  Epoch  1550/8000 | loss=0.005427 | ep_len= 226.1 | noise=0.145 | 0.6 ep/s | dist: [walk:1030 | run:1036 | dance:1115 | stand:915]
  Epoch  1560/8000 | loss=0.004654 | ep_len= 224.7 | noise=0.144 | 0.6 ep/s | dist: [walk:1135 | run:1031 | dance:1059 | stand:871]
  Epoch  1570/8000 | loss=0.006128 | ep_len= 223.0 | noise=0.143 | 0.6 ep/s | dist: [walk:1098 | run:1037 | dance:1065 | stand:896]
  Epoch  1580/8000 | loss=0.005131 | ep_len= 227.8 | noise=0.142 | 0.6 ep/s | dist: [walk:1086 | run:1072 | dance:1063 | stand:875]
  Epoch  1590/8000 | loss=0.005365 | ep_len= 229.5 | noise=0.141 | 0.6 ep/s | dist: [walk:1098 | run:1063 | dance:992 | stand:943]
  Epoch  1600/8000 | loss=0.004794 | ep_len= 226.1 | noise=0.140 | 0.6 ep/s | dist: [walk:1059 | run:1043 | dance:1067 | stand:927]
  Epoch  1610/8000 | loss=0.005632 | ep_len= 230.7 | noise=0.139 | 0.6 ep/s | dist: [walk:1096 | run:1103 | dance:997 | stand:900]
  Epoch  1620/8000 | loss=0.005443 | ep_len= 224.8 | noise=0.138 | 0.6 ep/s | dist: [walk:1084 | run:1047 | dance:1077 | stand:888]
  Epoch  1630/8000 | loss=0.005764 | ep_len= 232.8 | noise=0.137 | 0.6 ep/s | dist: [walk:1027 | run:1075 | dance:1049 | stand:945]
  Epoch  1640/8000 | loss=0.007137 | ep_len= 230.7 | noise=0.136 | 0.6 ep/s | dist: [walk:1027 | run:1046 | dance:1083 | stand:940]
  Epoch  1650/8000 | loss=0.004987 | ep_len= 230.0 | noise=0.135 | 0.6 ep/s | dist: [walk:1084 | run:1088 | dance:1066 | stand:858]
  Epoch  1660/8000 | loss=0.005173 | ep_len= 227.2 | noise=0.134 | 0.6 ep/s | dist: [walk:1072 | run:1099 | dance:1042 | stand:883]
  Epoch  1670/8000 | loss=0.004439 | ep_len= 227.0 | noise=0.133 | 0.6 ep/s | dist: [walk:1076 | run:1092 | dance:1040 | stand:888]
  Epoch  1680/8000 | loss=0.005352 | ep_len= 220.8 | noise=0.132 | 0.6 ep/s | dist: [walk:1101 | run:1006 | dance:1077 | stand:912]
  Epoch  1690/8000 | loss=0.006052 | ep_len= 226.1 | noise=0.131 | 0.6 ep/s | dist: [walk:1106 | run:1019 | dance:1051 | stand:920]
  Epoch  1700/8000 | loss=0.005219 | ep_len= 224.7 | noise=0.130 | 0.6 ep/s | dist: [walk:1102 | run:1093 | dance:1042 | stand:859]
  Epoch  1710/8000 | loss=0.005478 | ep_len= 225.3 | noise=0.129 | 0.6 ep/s | dist: [walk:1070 | run:1061 | dance:1036 | stand:929]
  Epoch  1720/8000 | loss=0.006344 | ep_len= 225.3 | noise=0.128 | 0.6 ep/s | dist: [walk:1044 | run:995 | dance:1128 | stand:929]
  Epoch  1730/8000 | loss=0.006007 | ep_len= 222.4 | noise=0.127 | 0.6 ep/s | dist: [walk:1112 | run:1049 | dance:1026 | stand:909]
  Epoch  1740/8000 | loss=0.005316 | ep_len= 226.5 | noise=0.126 | 0.6 ep/s | dist: [walk:1087 | run:1050 | dance:1048 | stand:911]
  Epoch  1750/8000 | loss=0.005170 | ep_len= 225.7 | noise=0.125 | 0.6 ep/s | dist: [walk:1019 | run:1097 | dance:1023 | stand:957]
  Epoch  1760/8000 | loss=0.006282 | ep_len= 227.2 | noise=0.124 | 0.6 ep/s | dist: [walk:1069 | run:1105 | dance:1014 | stand:908]
  Epoch  1770/8000 | loss=0.005648 | ep_len= 225.3 | noise=0.123 | 0.6 ep/s | dist: [walk:1106 | run:1067 | dance:1019 | stand:904]
  Epoch  1780/8000 | loss=0.006376 | ep_len= 226.4 | noise=0.122 | 0.6 ep/s | dist: [walk:1042 | run:1108 | dance:1013 | stand:933]
  Epoch  1790/8000 | loss=0.005597 | ep_len= 230.5 | noise=0.121 | 0.6 ep/s | dist: [walk:1099 | run:1049 | dance:1055 | stand:893]
  Epoch  1800/8000 | loss=0.006338 | ep_len= 225.5 | noise=0.120 | 0.6 ep/s | dist: [walk:1103 | run:1046 | dance:1021 | stand:926]
  Epoch  1810/8000 | loss=0.005347 | ep_len= 233.0 | noise=0.119 | 0.6 ep/s | dist: [walk:1047 | run:1082 | dance:1071 | stand:896]
  Epoch  1820/8000 | loss=0.005129 | ep_len= 230.0 | noise=0.118 | 0.6 ep/s | dist: [walk:1114 | run:1112 | dance:1022 | stand:848]
  Epoch  1830/8000 | loss=0.004782 | ep_len= 232.0 | noise=0.117 | 0.6 ep/s | dist: [walk:1101 | run:1054 | dance:1052 | stand:889]
  Epoch  1840/8000 | loss=0.005158 | ep_len= 229.5 | noise=0.116 | 0.6 ep/s | dist: [walk:1069 | run:1070 | dance:1039 | stand:918]
  Epoch  1850/8000 | loss=0.004924 | ep_len= 233.3 | noise=0.115 | 0.6 ep/s | dist: [walk:1060 | run:1087 | dance:1084 | stand:865]
  Epoch  1860/8000 | loss=0.010138 | ep_len= 229.8 | noise=0.114 | 0.6 ep/s | dist: [walk:1067 | run:1007 | dance:1103 | stand:919]
  Epoch  1870/8000 | loss=0.008846 | ep_len= 221.8 | noise=0.113 | 0.6 ep/s | dist: [walk:1098 | run:1035 | dance:1072 | stand:891]
  Epoch  1880/8000 | loss=0.006037 | ep_len= 224.6 | noise=0.112 | 0.6 ep/s | dist: [walk:1067 | run:1049 | dance:1053 | stand:927]
  Epoch  1890/8000 | loss=0.005640 | ep_len= 226.2 | noise=0.111 | 0.6 ep/s | dist: [walk:1046 | run:1060 | dance:1114 | stand:876]
  Epoch  1900/8000 | loss=0.005100 | ep_len= 222.5 | noise=0.110 | 0.6 ep/s | dist: [walk:1082 | run:1027 | dance:1090 | stand:897]
  Epoch  1910/8000 | loss=0.005056 | ep_len= 231.0 | noise=0.109 | 0.6 ep/s | dist: [walk:1096 | run:1050 | dance:1008 | stand:942]
  Epoch  1920/8000 | loss=0.004695 | ep_len= 225.7 | noise=0.108 | 0.6 ep/s | dist: [walk:1084 | run:1069 | dance:1064 | stand:879]
  Epoch  1930/8000 | loss=0.006171 | ep_len= 233.4 | noise=0.107 | 0.6 ep/s | dist: [walk:1058 | run:1061 | dance:1064 | stand:913]
  Epoch  1940/8000 | loss=0.006227 | ep_len= 228.7 | noise=0.106 | 0.6 ep/s | dist: [walk:1031 | run:1087 | dance:1092 | stand:886]
  Epoch  1950/8000 | loss=0.005245 | ep_len= 231.8 | noise=0.105 | 0.6 ep/s | dist: [walk:1079 | run:1036 | dance:1039 | stand:942]
  Epoch  1960/8000 | loss=0.004931 | ep_len= 229.7 | noise=0.104 | 0.6 ep/s | dist: [walk:1120 | run:1072 | dance:1027 | stand:877]
  Epoch  1970/8000 | loss=0.006126 | ep_len= 226.6 | noise=0.103 | 0.6 ep/s | dist: [walk:1044 | run:1046 | dance:1085 | stand:921]
  Epoch  1980/8000 | loss=0.008798 | ep_len= 225.2 | noise=0.102 | 0.6 ep/s | dist: [walk:1099 | run:1026 | dance:1043 | stand:928]
  Epoch  1990/8000 | loss=0.006420 | ep_len= 230.9 | noise=0.101 | 0.6 ep/s | dist: [walk:1088 | run:1019 | dance:1031 | stand:958]
  Epoch  2000/8000 | loss=0.005562 | ep_len= 235.7 | noise=0.100 | 0.6 ep/s | dist: [walk:1071 | run:1065 | dance:1012 | stand:948]
  Epoch  2010/8000 | loss=0.006521 | ep_len= 229.8 | noise=0.099 | 0.6 ep/s | dist: [walk:1073 | run:1091 | dance:1059 | stand:873]
  Epoch  2020/8000 | loss=0.004608 | ep_len= 229.2 | noise=0.098 | 0.6 ep/s | dist: [walk:1105 | run:1046 | dance:1035 | stand:910]
  Epoch  2030/8000 | loss=0.007625 | ep_len= 229.0 | noise=0.097 | 0.6 ep/s | dist: [walk:1058 | run:1046 | dance:1045 | stand:947]
  Epoch  2040/8000 | loss=0.005076 | ep_len= 228.7 | noise=0.096 | 0.6 ep/s | dist: [walk:1045 | run:1077 | dance:1056 | stand:918]
  Epoch  2050/8000 | loss=0.005745 | ep_len= 225.6 | noise=0.095 | 0.6 ep/s | dist: [walk:1080 | run:1030 | dance:1060 | stand:926]
  Epoch  2060/8000 | loss=0.005662 | ep_len= 229.1 | noise=0.094 | 0.6 ep/s | dist: [walk:1048 | run:1027 | dance:1062 | stand:959]
  Epoch  2070/8000 | loss=0.006080 | ep_len= 227.9 | noise=0.093 | 0.6 ep/s | dist: [walk:1067 | run:1086 | dance:1064 | stand:879]
  Epoch  2080/8000 | loss=0.005892 | ep_len= 231.5 | noise=0.092 | 0.6 ep/s | dist: [walk:1149 | run:1037 | dance:1012 | stand:898]
  Epoch  2090/8000 | loss=0.005086 | ep_len= 225.1 | noise=0.091 | 0.6 ep/s | dist: [walk:1053 | run:1094 | dance:1012 | stand:937]
  Epoch  2100/8000 | loss=0.004844 | ep_len= 229.5 | noise=0.090 | 0.6 ep/s | dist: [walk:1073 | run:1039 | dance:1051 | stand:933]
  Epoch  2110/8000 | loss=0.005083 | ep_len= 226.7 | noise=0.089 | 0.6 ep/s | dist: [walk:1063 | run:1039 | dance:1070 | stand:924]
  Epoch  2120/8000 | loss=0.007230 | ep_len= 230.6 | noise=0.088 | 0.6 ep/s | dist: [walk:1124 | run:1037 | dance:1028 | stand:907]
  Epoch  2130/8000 | loss=0.004931 | ep_len= 225.0 | noise=0.087 | 0.6 ep/s | dist: [walk:1076 | run:1063 | dance:1056 | stand:901]
  Epoch  2140/8000 | loss=0.005244 | ep_len= 227.1 | noise=0.086 | 0.6 ep/s | dist: [walk:1050 | run:1033 | dance:1050 | stand:963]
  Epoch  2150/8000 | loss=0.005938 | ep_len= 231.8 | noise=0.085 | 0.6 ep/s | dist: [walk:1047 | run:1038 | dance:1082 | stand:929]
  Epoch  2160/8000 | loss=0.006240 | ep_len= 233.6 | noise=0.084 | 0.6 ep/s | dist: [walk:1056 | run:1075 | dance:1086 | stand:879]
  Epoch  2170/8000 | loss=0.006423 | ep_len= 227.7 | noise=0.083 | 0.6 ep/s | dist: [walk:1130 | run:1080 | dance:1004 | stand:882]
  Epoch  2180/8000 | loss=0.005650 | ep_len= 233.3 | noise=0.082 | 0.6 ep/s | dist: [walk:1045 | run:1069 | dance:1099 | stand:883]
  Epoch  2190/8000 | loss=0.004626 | ep_len= 235.4 | noise=0.081 | 0.6 ep/s | dist: [walk:1049 | run:1106 | dance:1042 | stand:899]
  Epoch  2200/8000 | loss=0.004964 | ep_len= 229.4 | noise=0.080 | 0.6 ep/s | dist: [walk:1096 | run:1036 | dance:1039 | stand:925]
  Epoch  2210/8000 | loss=0.004992 | ep_len= 231.0 | noise=0.079 | 0.6 ep/s | dist: [walk:1024 | run:1046 | dance:1133 | stand:893]
  Epoch  2220/8000 | loss=0.006102 | ep_len= 236.4 | noise=0.078 | 0.6 ep/s | dist: [walk:1076 | run:1057 | dance:1054 | stand:909]
  Epoch  2230/8000 | loss=0.004884 | ep_len= 230.2 | noise=0.077 | 0.6 ep/s | dist: [walk:1050 | run:1071 | dance:1058 | stand:917]
  Epoch  2240/8000 | loss=0.005198 | ep_len= 229.3 | noise=0.076 | 0.6 ep/s | dist: [walk:1082 | run:1051 | dance:1045 | stand:918]
  Epoch  2250/8000 | loss=0.004323 | ep_len= 236.9 | noise=0.075 | 0.6 ep/s | dist: [walk:1101 | run:1050 | dance:1037 | stand:908]
  Epoch  2260/8000 | loss=0.006177 | ep_len= 230.6 | noise=0.074 | 0.6 ep/s | dist: [walk:1064 | run:1051 | dance:1020 | stand:961]
  Epoch  2270/8000 | loss=0.004336 | ep_len= 232.1 | noise=0.073 | 0.6 ep/s | dist: [walk:1148 | run:1040 | dance:1025 | stand:883]
  Epoch  2280/8000 | loss=0.004128 | ep_len= 233.2 | noise=0.072 | 0.6 ep/s | dist: [walk:1044 | run:1104 | dance:1004 | stand:944]
  Epoch  2290/8000 | loss=0.005868 | ep_len= 233.1 | noise=0.071 | 0.6 ep/s | dist: [walk:1099 | run:1037 | dance:1047 | stand:913]
  Epoch  2300/8000 | loss=0.005613 | ep_len= 232.5 | noise=0.070 | 0.6 ep/s | dist: [walk:1049 | run:1104 | dance:990 | stand:953]
  Epoch  2310/8000 | loss=0.004516 | ep_len= 230.6 | noise=0.069 | 0.6 ep/s | dist: [walk:1078 | run:1094 | dance:1065 | stand:859]
  Epoch  2320/8000 | loss=0.004971 | ep_len= 228.1 | noise=0.068 | 0.6 ep/s | dist: [walk:1093 | run:1053 | dance:1040 | stand:910]
  Epoch  2330/8000 | loss=0.004976 | ep_len= 232.2 | noise=0.067 | 0.6 ep/s | dist: [walk:1070 | run:1092 | dance:1060 | stand:874]
  Epoch  2340/8000 | loss=0.009606 | ep_len= 233.2 | noise=0.066 | 0.6 ep/s | dist: [walk:1077 | run:1085 | dance:1046 | stand:888]
  Epoch  2350/8000 | loss=0.005753 | ep_len= 226.3 | noise=0.065 | 0.6 ep/s | dist: [walk:1049 | run:1057 | dance:1031 | stand:959]
  Epoch  2360/8000 | loss=0.005236 | ep_len= 230.4 | noise=0.064 | 0.6 ep/s | dist: [walk:1102 | run:1025 | dance:1034 | stand:935]
  Epoch  2370/8000 | loss=0.004681 | ep_len= 230.0 | noise=0.063 | 0.6 ep/s | dist: [walk:1075 | run:1041 | dance:1069 | stand:911]
  Epoch  2380/8000 | loss=0.004694 | ep_len= 231.7 | noise=0.062 | 0.6 ep/s | dist: [walk:1069 | run:1122 | dance:1025 | stand:880]
  Epoch  2390/8000 | loss=0.005874 | ep_len= 221.6 | noise=0.061 | 0.6 ep/s | dist: [walk:1105 | run:1018 | dance:1065 | stand:908]
  Epoch  2400/8000 | loss=0.004714 | ep_len= 231.6 | noise=0.060 | 0.6 ep/s | dist: [walk:1058 | run:1081 | dance:1061 | stand:896]
  Epoch  2410/8000 | loss=0.006718 | ep_len= 233.2 | noise=0.059 | 0.6 ep/s | dist: [walk:1075 | run:1057 | dance:1022 | stand:942]
  Epoch  2420/8000 | loss=0.005299 | ep_len= 232.3 | noise=0.058 | 0.6 ep/s | dist: [walk:1080 | run:1053 | dance:1042 | stand:921]
  Epoch  2430/8000 | loss=0.006219 | ep_len= 233.0 | noise=0.057 | 0.6 ep/s | dist: [walk:1069 | run:1034 | dance:1075 | stand:918]
  Epoch  2440/8000 | loss=0.005524 | ep_len= 232.3 | noise=0.056 | 0.6 ep/s | dist: [walk:1061 | run:1056 | dance:1045 | stand:934]
  Epoch  2450/8000 | loss=0.005568 | ep_len= 234.5 | noise=0.055 | 0.6 ep/s | dist: [walk:1025 | run:1116 | dance:1053 | stand:902]
  Epoch  2460/8000 | loss=0.005855 | ep_len= 227.1 | noise=0.054 | 0.6 ep/s | dist: [walk:1067 | run:1045 | dance:1056 | stand:928]
  Epoch  2470/8000 | loss=0.004722 | ep_len= 230.3 | noise=0.053 | 0.6 ep/s | dist: [walk:1019 | run:1061 | dance:1068 | stand:948]
  Epoch  2480/8000 | loss=0.004731 | ep_len= 226.2 | noise=0.052 | 0.6 ep/s | dist: [walk:1096 | run:1059 | dance:997 | stand:944]
  Epoch  2490/8000 | loss=0.004994 | ep_len= 230.7 | noise=0.051 | 0.6 ep/s | dist: [walk:1093 | run:1050 | dance:1018 | stand:935]
  Epoch  2500/8000 | loss=0.004797 | ep_len= 229.1 | noise=0.050 | 0.6 ep/s | dist: [walk:1081 | run:1052 | dance:1070 | stand:893]
  Epoch  2510/8000 | loss=0.005011 | ep_len= 225.1 | noise=0.049 | 0.6 ep/s | dist: [walk:1113 | run:1068 | dance:1013 | stand:902]
  Epoch  2520/8000 | loss=0.005735 | ep_len= 231.6 | noise=0.048 | 0.6 ep/s | dist: [walk:1104 | run:1033 | dance:1073 | stand:886]
  Epoch  2530/8000 | loss=0.005397 | ep_len= 233.9 | noise=0.047 | 0.6 ep/s | dist: [walk:1088 | run:1010 | dance:1087 | stand:911]
  Epoch  2540/8000 | loss=0.005275 | ep_len= 236.2 | noise=0.046 | 0.6 ep/s | dist: [walk:1121 | run:1070 | dance:1018 | stand:887]
  Epoch  2550/8000 | loss=0.005250 | ep_len= 226.3 | noise=0.045 | 0.6 ep/s | dist: [walk:1104 | run:1083 | dance:1002 | stand:907]
  Epoch  2560/8000 | loss=0.007592 | ep_len= 230.6 | noise=0.044 | 0.6 ep/s | dist: [walk:1076 | run:1080 | dance:1027 | stand:913]
  Epoch  2570/8000 | loss=0.005085 | ep_len= 232.9 | noise=0.043 | 0.6 ep/s | dist: [walk:1105 | run:1077 | dance:1000 | stand:914]
  Epoch  2580/8000 | loss=0.004829 | ep_len= 230.1 | noise=0.042 | 0.6 ep/s | dist: [walk:1050 | run:1050 | dance:1046 | stand:950]
  Epoch  2590/8000 | loss=0.005308 | ep_len= 236.6 | noise=0.041 | 0.6 ep/s | dist: [walk:1103 | run:1054 | dance:1014 | stand:925]
  Epoch  2600/8000 | loss=0.004126 | ep_len= 232.7 | noise=0.040 | 0.6 ep/s | dist: [walk:1109 | run:1037 | dance:1025 | stand:925]
  Epoch  2610/8000 | loss=0.004076 | ep_len= 230.4 | noise=0.039 | 0.6 ep/s | dist: [walk:1062 | run:1101 | dance:1035 | stand:898]
  Epoch  2620/8000 | loss=0.009327 | ep_len= 229.2 | noise=0.038 | 0.6 ep/s | dist: [walk:1073 | run:1025 | dance:1082 | stand:916]
  Epoch  2630/8000 | loss=0.006776 | ep_len= 228.2 | noise=0.037 | 0.6 ep/s | dist: [walk:1005 | run:1140 | dance:1048 | stand:903]
  Epoch  2640/8000 | loss=0.005690 | ep_len= 227.1 | noise=0.036 | 0.6 ep/s | dist: [walk:1067 | run:1060 | dance:1034 | stand:935]
  Epoch  2650/8000 | loss=0.005140 | ep_len= 233.4 | noise=0.035 | 0.6 ep/s | dist: [walk:1066 | run:1043 | dance:1101 | stand:886]
  Epoch  2660/8000 | loss=0.004887 | ep_len= 234.9 | noise=0.034 | 0.6 ep/s | dist: [walk:1090 | run:1016 | dance:1078 | stand:912]
  Epoch  2670/8000 | loss=0.005103 | ep_len= 226.4 | noise=0.033 | 0.6 ep/s | dist: [walk:1063 | run:1036 | dance:1036 | stand:961]
  Epoch  2680/8000 | loss=0.006001 | ep_len= 230.0 | noise=0.032 | 0.6 ep/s | dist: [walk:1129 | run:1056 | dance:1003 | stand:908]
  Epoch  2690/8000 | loss=0.005950 | ep_len= 230.5 | noise=0.031 | 0.6 ep/s | dist: [walk:1072 | run:1022 | dance:1050 | stand:952]
  Epoch  2700/8000 | loss=0.005360 | ep_len= 230.4 | noise=0.030 | 0.6 ep/s | dist: [walk:1092 | run:1069 | dance:1004 | stand:931]
  Epoch  2710/8000 | loss=0.006313 | ep_len= 232.6 | noise=0.029 | 0.6 ep/s | dist: [walk:1074 | run:1006 | dance:1057 | stand:959]
  Epoch  2720/8000 | loss=0.004447 | ep_len= 233.5 | noise=0.028 | 0.6 ep/s | dist: [walk:1072 | run:1061 | dance:1063 | stand:900]
  Epoch  2730/8000 | loss=0.004321 | ep_len= 234.5 | noise=0.027 | 0.6 ep/s | dist: [walk:1069 | run:1060 | dance:1083 | stand:884]
  Epoch  2740/8000 | loss=0.004326 | ep_len= 234.4 | noise=0.026 | 0.6 ep/s | dist: [walk:1100 | run:1016 | dance:1067 | stand:913]
  Epoch  2750/8000 | loss=0.005023 | ep_len= 227.6 | noise=0.025 | 0.6 ep/s | dist: [walk:1030 | run:1038 | dance:1130 | stand:898]
  Epoch  2760/8000 | loss=0.004705 | ep_len= 235.4 | noise=0.024 | 0.6 ep/s | dist: [walk:1100 | run:1032 | dance:1080 | stand:884]
  Epoch  2770/8000 | loss=0.004996 | ep_len= 229.3 | noise=0.023 | 0.6 ep/s | dist: [walk:1095 | run:1098 | dance:1047 | stand:856]
  Epoch  2780/8000 | loss=0.005073 | ep_len= 228.9 | noise=0.022 | 0.6 ep/s | dist: [walk:1065 | run:1035 | dance:1066 | stand:930]
  Epoch  2790/8000 | loss=0.004000 | ep_len= 230.1 | noise=0.021 | 0.6 ep/s | dist: [walk:1096 | run:1050 | dance:1054 | stand:896]
  Epoch  2800/8000 | loss=0.005037 | ep_len= 233.1 | noise=0.020 | 0.6 ep/s | dist: [walk:1084 | run:1059 | dance:1064 | stand:889]
  Epoch  2810/8000 | loss=0.004612 | ep_len= 230.6 | noise=0.019 | 0.6 ep/s | dist: [walk:1038 | run:1113 | dance:1054 | stand:891]
  Epoch  2820/8000 | loss=0.006855 | ep_len= 236.4 | noise=0.018 | 0.6 ep/s | dist: [walk:1132 | run:1042 | dance:1015 | stand:907]
  Epoch  2830/8000 | loss=0.004666 | ep_len= 235.5 | noise=0.017 | 0.6 ep/s | dist: [walk:1048 | run:1126 | dance:984 | stand:938]
  Epoch  2840/8000 | loss=0.005451 | ep_len= 225.3 | noise=0.016 | 0.6 ep/s | dist: [walk:1057 | run:1063 | dance:1088 | stand:888]
  Epoch  2850/8000 | loss=0.004161 | ep_len= 232.9 | noise=0.015 | 0.6 ep/s | dist: [walk:1040 | run:1072 | dance:1043 | stand:941]
  Epoch  2860/8000 | loss=0.004205 | ep_len= 234.2 | noise=0.014 | 0.6 ep/s | dist: [walk:1071 | run:1063 | dance:1035 | stand:927]
  Epoch  2870/8000 | loss=0.005145 | ep_len= 227.7 | noise=0.013 | 0.6 ep/s | dist: [walk:1067 | run:1089 | dance:1004 | stand:936]
  Epoch  2880/8000 | loss=0.004345 | ep_len= 230.3 | noise=0.012 | 0.6 ep/s | dist: [walk:1096 | run:1096 | dance:1021 | stand:883]
  Epoch  2890/8000 | loss=0.005010 | ep_len= 231.9 | noise=0.011 | 0.6 ep/s | dist: [walk:1035 | run:1085 | dance:1101 | stand:875]
  Epoch  2900/8000 | loss=0.005147 | ep_len= 229.7 | noise=0.010 | 0.6 ep/s | dist: [walk:1064 | run:1055 | dance:1039 | stand:938]
  Epoch  2910/8000 | loss=0.004778 | ep_len= 231.3 | noise=0.009 | 0.6 ep/s | dist: [walk:1043 | run:1076 | dance:1075 | stand:902]
  Epoch  2920/8000 | loss=0.004898 | ep_len= 229.5 | noise=0.008 | 0.6 ep/s | dist: [walk:1001 | run:1048 | dance:1086 | stand:961]
  Epoch  2930/8000 | loss=0.004883 | ep_len= 222.0 | noise=0.007 | 0.6 ep/s | dist: [walk:1034 | run:1088 | dance:1078 | stand:896]
  Epoch  2940/8000 | loss=0.004804 | ep_len= 234.6 | noise=0.006 | 0.6 ep/s | dist: [walk:1068 | run:1051 | dance:1104 | stand:873]
  Epoch  2950/8000 | loss=0.004768 | ep_len= 229.1 | noise=0.005 | 0.6 ep/s | dist: [walk:1122 | run:1064 | dance:1034 | stand:876]
  Epoch  2960/8000 | loss=0.005365 | ep_len= 231.2 | noise=0.004 | 0.6 ep/s | dist: [walk:1027 | run:1083 | dance:1092 | stand:894]
  Epoch  2970/8000 | loss=0.003961 | ep_len= 233.9 | noise=0.003 | 0.6 ep/s | dist: [walk:1116 | run:1031 | dance:1059 | stand:890]
  Epoch  2980/8000 | loss=0.005741 | ep_len= 231.2 | noise=0.002 | 0.6 ep/s | dist: [walk:1073 | run:1078 | dance:1042 | stand:903]
  Epoch  2990/8000 | loss=0.005972 | ep_len= 235.8 | noise=0.001 | 0.6 ep/s | dist: [walk:1066 | run:1054 | dance:1055 | stand:921]
  Epoch  3000/8000 | loss=0.003842 | ep_len= 230.6 | noise=0.000 | 0.6 ep/s | dist: [walk:1120 | run:1055 | dance:963 | stand:958]
  Epoch  3010/8000 | loss=0.004899 | ep_len= 231.7 | noise=0.000 | 0.6 ep/s | dist: [walk:1023 | run:1056 | dance:1055 | stand:962]
  Epoch  3020/8000 | loss=0.004230 | ep_len= 230.2 | noise=0.000 | 0.6 ep/s | dist: [walk:1063 | run:1107 | dance:1038 | stand:888]
  Epoch  3030/8000 | loss=0.004273 | ep_len= 232.6 | noise=0.000 | 0.6 ep/s | dist: [walk:1071 | run:1086 | dance:1046 | stand:893]
  Epoch  3040/8000 | loss=0.005454 | ep_len= 228.8 | noise=0.000 | 0.6 ep/s | dist: [walk:1086 | run:1044 | dance:1021 | stand:945]
  Epoch  3050/8000 | loss=0.005251 | ep_len= 238.5 | noise=0.000 | 0.6 ep/s | dist: [walk:1041 | run:1034 | dance:1088 | stand:933]
  Epoch  3060/8000 | loss=0.004642 | ep_len= 232.0 | noise=0.000 | 0.6 ep/s | dist: [walk:1104 | run:1026 | dance:1045 | stand:921]
  Epoch  3070/8000 | loss=0.005680 | ep_len= 232.4 | noise=0.000 | 0.6 ep/s | dist: [walk:1085 | run:1069 | dance:1076 | stand:866]
  Epoch  3080/8000 | loss=0.004046 | ep_len= 230.0 | noise=0.000 | 0.6 ep/s | dist: [walk:1097 | run:1048 | dance:1062 | stand:889]
  Epoch  3090/8000 | loss=0.005819 | ep_len= 234.5 | noise=0.000 | 0.6 ep/s | dist: [walk:1092 | run:1055 | dance:1018 | stand:931]
  Epoch  3100/8000 | loss=0.004241 | ep_len= 232.4 | noise=0.000 | 0.6 ep/s | dist: [walk:1090 | run:1040 | dance:1054 | stand:912]
  Epoch  3110/8000 | loss=0.005561 | ep_len= 232.3 | noise=0.000 | 0.6 ep/s | dist: [walk:1060 | run:1059 | dance:1031 | stand:946]
  Epoch  3120/8000 | loss=0.005164 | ep_len= 229.8 | noise=0.000 | 0.6 ep/s | dist: [walk:1095 | run:1056 | dance:1000 | stand:945]
  Epoch  3130/8000 | loss=0.004223 | ep_len= 230.9 | noise=0.000 | 0.6 ep/s | dist: [walk:1060 | run:1059 | dance:1067 | stand:910]
  Epoch  3140/8000 | loss=0.004164 | ep_len= 233.0 | noise=0.000 | 0.6 ep/s | dist: [walk:1138 | run:1060 | dance:1036 | stand:862]
  Epoch  3150/8000 | loss=0.006117 | ep_len= 227.8 | noise=0.000 | 0.6 ep/s | dist: [walk:1101 | run:1063 | dance:1015 | stand:917]
  Epoch  3160/8000 | loss=0.004220 | ep_len= 228.5 | noise=0.000 | 0.6 ep/s | dist: [walk:1110 | run:998 | dance:1048 | stand:940]
  Epoch  3170/8000 | loss=0.004596 | ep_len= 234.3 | noise=0.000 | 0.6 ep/s | dist: [walk:1078 | run:1047 | dance:1074 | stand:897]
  Epoch  3180/8000 | loss=0.005221 | ep_len= 233.1 | noise=0.000 | 0.6 ep/s | dist: [walk:1060 | run:1035 | dance:1097 | stand:904]
  Epoch  3190/8000 | loss=0.004816 | ep_len= 227.1 | noise=0.000 | 0.6 ep/s | dist: [walk:1095 | run:1082 | dance:1010 | stand:909]
  Epoch  3200/8000 | loss=0.004387 | ep_len= 237.2 | noise=0.000 | 0.6 ep/s | dist: [walk:1107 | run:1034 | dance:1049 | stand:906]
  Epoch  3210/8000 | loss=0.003856 | ep_len= 235.2 | noise=0.000 | 0.6 ep/s | dist: [walk:1053 | run:1077 | dance:990 | stand:976]
  Epoch  3220/8000 | loss=0.005428 | ep_len= 233.8 | noise=0.000 | 0.6 ep/s | dist: [walk:1057 | run:1090 | dance:1031 | stand:918]
  Epoch  3230/8000 | loss=0.005320 | ep_len= 231.7 | noise=0.000 | 0.6 ep/s | dist: [walk:1065 | run:1100 | dance:1022 | stand:909]
  Epoch  3240/8000 | loss=0.005312 | ep_len= 229.6 | noise=0.000 | 0.6 ep/s | dist: [walk:1065 | run:1102 | dance:1001 | stand:928]
  Epoch  3250/8000 | loss=0.005454 | ep_len= 229.2 | noise=0.000 | 0.6 ep/s | dist: [walk:1082 | run:1034 | dance:1083 | stand:897]
  Epoch  3260/8000 | loss=0.004394 | ep_len= 234.5 | noise=0.000 | 0.6 ep/s | dist: [walk:1053 | run:1047 | dance:1090 | stand:906]
  Epoch  3270/8000 | loss=0.004772 | ep_len= 233.9 | noise=0.000 | 0.6 ep/s | dist: [walk:1069 | run:1078 | dance:1023 | stand:926]
  Epoch  3280/8000 | loss=0.004278 | ep_len= 234.5 | noise=0.000 | 0.6 ep/s | dist: [walk:1082 | run:1056 | dance:1047 | stand:911]
  Epoch  3290/8000 | loss=0.004315 | ep_len= 234.4 | noise=0.000 | 0.6 ep/s | dist: [walk:1068 | run:1054 | dance:1023 | stand:951]
  Epoch  3300/8000 | loss=0.006127 | ep_len= 231.0 | noise=0.000 | 0.6 ep/s | dist: [walk:1101 | run:1034 | dance:1021 | stand:940]
  Epoch  3310/8000 | loss=0.004603 | ep_len= 236.3 | noise=0.000 | 0.6 ep/s | dist: [walk:1111 | run:1043 | dance:1012 | stand:930]
  Epoch  3320/8000 | loss=0.005271 | ep_len= 231.2 | noise=0.000 | 0.6 ep/s | dist: [walk:1079 | run:1038 | dance:1045 | stand:934]
  Epoch  3330/8000 | loss=0.005410 | ep_len= 229.5 | noise=0.000 | 0.6 ep/s | dist: [walk:1105 | run:1020 | dance:1073 | stand:898]
  Epoch  3340/8000 | loss=0.004271 | ep_len= 230.1 | noise=0.000 | 0.6 ep/s | dist: [walk:1079 | run:1090 | dance:1043 | stand:884]
  Epoch  3350/8000 | loss=0.004230 | ep_len= 233.0 | noise=0.000 | 0.6 ep/s | dist: [walk:1075 | run:1021 | dance:1084 | stand:916]
  Epoch  3360/8000 | loss=0.004428 | ep_len= 233.0 | noise=0.000 | 0.6 ep/s | dist: [walk:1035 | run:1069 | dance:1065 | stand:927]
  Epoch  3370/8000 | loss=0.004690 | ep_len= 235.1 | noise=0.000 | 0.6 ep/s | dist: [walk:1053 | run:1081 | dance:1035 | stand:927]
  Epoch  3380/8000 | loss=0.005010 | ep_len= 233.1 | noise=0.000 | 0.6 ep/s | dist: [walk:1079 | run:1056 | dance:1031 | stand:930]
  Epoch  3390/8000 | loss=0.005703 | ep_len= 230.0 | noise=0.000 | 0.6 ep/s | dist: [walk:1084 | run:1045 | dance:1050 | stand:917]
  Epoch  3400/8000 | loss=0.004187 | ep_len= 233.5 | noise=0.000 | 0.6 ep/s | dist: [walk:1073 | run:1064 | dance:1046 | stand:913]
  Epoch  3410/8000 | loss=0.005978 | ep_len= 232.1 | noise=0.000 | 0.6 ep/s | dist: [walk:1073 | run:1049 | dance:1049 | stand:925]
  Epoch  3420/8000 | loss=0.004389 | ep_len= 231.8 | noise=0.000 | 0.6 ep/s | dist: [walk:1065 | run:1059 | dance:1082 | stand:890]
  Epoch  3430/8000 | loss=0.004563 | ep_len= 232.6 | noise=0.000 | 0.6 ep/s | dist: [walk:1054 | run:1063 | dance:1062 | stand:917]
  Epoch  3440/8000 | loss=0.005338 | ep_len= 229.0 | noise=0.000 | 0.6 ep/s | dist: [walk:1042 | run:1050 | dance:1064 | stand:940]
  Epoch  3450/8000 | loss=0.004526 | ep_len= 229.0 | noise=0.000 | 0.6 ep/s | dist: [walk:1053 | run:1072 | dance:1017 | stand:954]
  Epoch  3460/8000 | loss=0.005050 | ep_len= 234.7 | noise=0.000 | 0.6 ep/s | dist: [walk:1030 | run:1052 | dance:1082 | stand:932]
  Epoch  3470/8000 | loss=0.004725 | ep_len= 238.0 | noise=0.000 | 0.6 ep/s | dist: [walk:1095 | run:1045 | dance:1032 | stand:924]
  Epoch  3480/8000 | loss=0.004642 | ep_len= 226.9 | noise=0.000 | 0.6 ep/s | dist: [walk:1103 | run:1055 | dance:1034 | stand:904]
  Epoch  3490/8000 | loss=0.006391 | ep_len= 232.8 | noise=0.000 | 0.6 ep/s | dist: [walk:1054 | run:1075 | dance:1027 | stand:940]
  Epoch  3500/8000 | loss=0.005417 | ep_len= 235.3 | noise=0.000 | 0.6 ep/s | dist: [walk:1091 | run:1073 | dance:1028 | stand:904]
  Epoch  3510/8000 | loss=0.006447 | ep_len= 236.7 | noise=0.000 | 0.6 ep/s | dist: [walk:1120 | run:1079 | dance:1012 | stand:885]
  Epoch  3520/8000 | loss=0.005778 | ep_len= 226.0 | noise=0.000 | 0.6 ep/s | dist: [walk:1050 | run:1094 | dance:1021 | stand:931]
  Epoch  3530/8000 | loss=0.005567 | ep_len= 230.7 | noise=0.000 | 0.6 ep/s | dist: [walk:1073 | run:1021 | dance:1036 | stand:966]
  Epoch  3540/8000 | loss=0.005078 | ep_len= 235.6 | noise=0.000 | 0.6 ep/s | dist: [walk:1088 | run:1076 | dance:1069 | stand:863]
  Epoch  3550/8000 | loss=0.004438 | ep_len= 230.8 | noise=0.000 | 0.6 ep/s | dist: [walk:1050 | run:1066 | dance:1034 | stand:946]
  Epoch  3560/8000 | loss=0.005037 | ep_len= 233.9 | noise=0.000 | 0.6 ep/s | dist: [walk:1067 | run:1060 | dance:1035 | stand:934]
  Epoch  3570/8000 | loss=0.005338 | ep_len= 235.9 | noise=0.000 | 0.6 ep/s | dist: [walk:1063 | run:1037 | dance:1099 | stand:897]
  Epoch  3580/8000 | loss=0.005394 | ep_len= 232.4 | noise=0.000 | 0.6 ep/s | dist: [walk:1085 | run:1082 | dance:1034 | stand:895]
  Epoch  3590/8000 | loss=0.005300 | ep_len= 235.5 | noise=0.000 | 0.6 ep/s | dist: [walk:1068 | run:1024 | dance:1070 | stand:934]
  Epoch  3600/8000 | loss=0.004668 | ep_len= 230.4 | noise=0.000 | 0.6 ep/s | dist: [walk:1115 | run:1065 | dance:1007 | stand:909]
  Epoch  3610/8000 | loss=0.004665 | ep_len= 230.0 | noise=0.000 | 0.6 ep/s | dist: [walk:1057 | run:1066 | dance:1073 | stand:900]
  Epoch  3620/8000 | loss=0.004860 | ep_len= 231.1 | noise=0.000 | 0.6 ep/s | dist: [walk:1100 | run:1076 | dance:1001 | stand:919]
  Epoch  3630/8000 | loss=0.004822 | ep_len= 233.6 | noise=0.000 | 0.6 ep/s | dist: [walk:1095 | run:1042 | dance:1057 | stand:902]
  Epoch  3640/8000 | loss=0.004898 | ep_len= 229.6 | noise=0.000 | 0.6 ep/s | dist: [walk:1074 | run:1061 | dance:1010 | stand:951]
  Epoch  3650/8000 | loss=0.004353 | ep_len= 233.5 | noise=0.000 | 0.6 ep/s | dist: [walk:1098 | run:1071 | dance:1071 | stand:856]
  Epoch  3660/8000 | loss=0.005076 | ep_len= 235.0 | noise=0.000 | 0.6 ep/s | dist: [walk:1070 | run:1122 | dance:997 | stand:907]
  Epoch  3670/8000 | loss=0.004475 | ep_len= 231.2 | noise=0.000 | 0.6 ep/s | dist: [walk:1071 | run:1065 | dance:1052 | stand:908]
  Epoch  3680/8000 | loss=0.004910 | ep_len= 232.9 | noise=0.000 | 0.6 ep/s | dist: [walk:1024 | run:1079 | dance:1037 | stand:956]
  Epoch  3690/8000 | loss=0.006708 | ep_len= 238.4 | noise=0.000 | 0.6 ep/s | dist: [walk:1114 | run:1051 | dance:1006 | stand:925]
  Epoch  3700/8000 | loss=0.004989 | ep_len= 230.7 | noise=0.000 | 0.6 ep/s | dist: [walk:1068 | run:1127 | dance:999 | stand:902]
  Epoch  3710/8000 | loss=0.004802 | ep_len= 231.0 | noise=0.000 | 0.6 ep/s | dist: [walk:1015 | run:1095 | dance:1047 | stand:939]
  Epoch  3720/8000 | loss=0.006549 | ep_len= 233.7 | noise=0.000 | 0.6 ep/s | dist: [walk:1073 | run:1054 | dance:1076 | stand:893]
  Epoch  3730/8000 | loss=0.004385 | ep_len= 232.4 | noise=0.000 | 0.6 ep/s | dist: [walk:1120 | run:1038 | dance:1087 | stand:851]
  Epoch  3740/8000 | loss=0.004490 | ep_len= 231.6 | noise=0.000 | 0.6 ep/s | dist: [walk:1098 | run:1051 | dance:1039 | stand:908]
  Epoch  3750/8000 | loss=0.004388 | ep_len= 237.4 | noise=0.000 | 0.6 ep/s | dist: [walk:1063 | run:1041 | dance:1035 | stand:957]
  Epoch  3760/8000 | loss=0.004654 | ep_len= 232.3 | noise=0.000 | 0.6 ep/s | dist: [walk:1074 | run:1104 | dance:1009 | stand:909]
  Epoch  3770/8000 | loss=0.003780 | ep_len= 230.7 | noise=0.000 | 0.6 ep/s | dist: [walk:1052 | run:1094 | dance:1061 | stand:889]
  Epoch  3780/8000 | loss=0.005737 | ep_len= 227.7 | noise=0.000 | 0.6 ep/s | dist: [walk:1107 | run:1102 | dance:998 | stand:889]
  Epoch  3790/8000 | loss=0.005397 | ep_len= 231.4 | noise=0.000 | 0.6 ep/s | dist: [walk:1096 | run:1050 | dance:1056 | stand:894]
  Epoch  3800/8000 | loss=0.004426 | ep_len= 222.1 | noise=0.000 | 0.6 ep/s | dist: [walk:1048 | run:1029 | dance:1060 | stand:959]
  Epoch  3810/8000 | loss=0.005420 | ep_len= 233.3 | noise=0.000 | 0.6 ep/s | dist: [walk:1064 | run:1031 | dance:1046 | stand:955]
  Epoch  3820/8000 | loss=0.004518 | ep_len= 231.3 | noise=0.000 | 0.6 ep/s | dist: [walk:1097 | run:1096 | dance:1022 | stand:881]
  Epoch  3830/8000 | loss=0.004349 | ep_len= 236.6 | noise=0.000 | 0.6 ep/s | dist: [walk:1068 | run:1098 | dance:997 | stand:933]
  Epoch  3840/8000 | loss=0.006138 | ep_len= 234.4 | noise=0.000 | 0.6 ep/s | dist: [walk:1122 | run:1040 | dance:1014 | stand:920]
  Epoch  3850/8000 | loss=0.004741 | ep_len= 229.1 | noise=0.000 | 0.6 ep/s | dist: [walk:1073 | run:1047 | dance:1068 | stand:908]
  Epoch  3860/8000 | loss=0.004478 | ep_len= 231.2 | noise=0.000 | 0.6 ep/s | dist: [walk:1058 | run:1071 | dance:1078 | stand:889]
  Epoch  3870/8000 | loss=0.004103 | ep_len= 229.0 | noise=0.000 | 0.6 ep/s | dist: [walk:1095 | run:1057 | dance:1056 | stand:888]
  Epoch  3880/8000 | loss=0.004291 | ep_len= 234.4 | noise=0.000 | 0.6 ep/s | dist: [walk:1072 | run:1023 | dance:1096 | stand:905]
  Epoch  3890/8000 | loss=0.005744 | ep_len= 231.3 | noise=0.000 | 0.6 ep/s | dist: [walk:1059 | run:1045 | dance:1095 | stand:897]
  Epoch  3900/8000 | loss=0.005375 | ep_len= 232.4 | noise=0.000 | 0.6 ep/s | dist: [walk:1049 | run:1086 | dance:1044 | stand:917]
  Epoch  3910/8000 | loss=0.004010 | ep_len= 226.3 | noise=0.000 | 0.6 ep/s | dist: [walk:1028 | run:1085 | dance:1054 | stand:929]
  Epoch  3920/8000 | loss=0.004763 | ep_len= 224.5 | noise=0.000 | 0.6 ep/s | dist: [walk:1065 | run:1070 | dance:1062 | stand:899]
  Epoch  3930/8000 | loss=0.004349 | ep_len= 230.5 | noise=0.000 | 0.6 ep/s | dist: [walk:1066 | run:1068 | dance:1048 | stand:914]
  Epoch  3940/8000 | loss=0.003793 | ep_len= 233.2 | noise=0.000 | 0.6 ep/s | dist: [walk:1073 | run:1041 | dance:1089 | stand:893]
  Epoch  3950/8000 | loss=0.004372 | ep_len= 232.2 | noise=0.000 | 0.6 ep/s | dist: [walk:1108 | run:1071 | dance:1033 | stand:884]
  Epoch  3960/8000 | loss=0.003833 | ep_len= 227.3 | noise=0.000 | 0.6 ep/s | dist: [walk:1100 | run:1051 | dance:1027 | stand:918]
  Epoch  3970/8000 | loss=0.004555 | ep_len= 233.4 | noise=0.000 | 0.6 ep/s | dist: [walk:1111 | run:1058 | dance:1025 | stand:902]
  Epoch  3980/8000 | loss=0.005918 | ep_len= 233.6 | noise=0.000 | 0.6 ep/s | dist: [walk:1037 | run:1090 | dance:1038 | stand:931]
  Epoch  3990/8000 | loss=0.005233 | ep_len= 231.0 | noise=0.000 | 0.6 ep/s | dist: [walk:1019 | run:1076 | dance:988 | stand:1013]
  Epoch  4000/8000 | loss=0.004565 | ep_len= 229.5 | noise=0.000 | 0.6 ep/s | dist: [walk:1062 | run:1084 | dance:1049 | stand:901]
  Epoch  4010/8000 | loss=0.004078 | ep_len= 230.6 | noise=0.000 | 0.6 ep/s | dist: [walk:1059 | run:1053 | dance:1072 | stand:912]
  Epoch  4020/8000 | loss=0.004848 | ep_len= 229.2 | noise=0.000 | 0.6 ep/s | dist: [walk:1083 | run:1041 | dance:1064 | stand:908]
  Epoch  4030/8000 | loss=0.004401 | ep_len= 231.0 | noise=0.000 | 0.6 ep/s | dist: [walk:1019 | run:1132 | dance:1025 | stand:920]
  Epoch  4040/8000 | loss=0.004681 | ep_len= 233.4 | noise=0.000 | 0.6 ep/s | dist: [walk:1105 | run:1018 | dance:1073 | stand:900]
  Epoch  4050/8000 | loss=0.005286 | ep_len= 230.6 | noise=0.000 | 0.6 ep/s | dist: [walk:1117 | run:1049 | dance:1025 | stand:905]
  Epoch  4060/8000 | loss=0.004612 | ep_len= 228.5 | noise=0.000 | 0.6 ep/s | dist: [walk:1110 | run:1058 | dance:1077 | stand:851]
  Epoch  4070/8000 | loss=0.004665 | ep_len= 234.1 | noise=0.000 | 0.6 ep/s | dist: [walk:1122 | run:1013 | dance:1039 | stand:922]
  Epoch  4080/8000 | loss=0.005163 | ep_len= 230.1 | noise=0.000 | 0.6 ep/s | dist: [walk:1051 | run:1097 | dance:1081 | stand:867]
  Epoch  4090/8000 | loss=0.004772 | ep_len= 223.4 | noise=0.000 | 0.6 ep/s | dist: [walk:1081 | run:1012 | dance:1087 | stand:916]
  Epoch  4100/8000 | loss=0.004960 | ep_len= 233.9 | noise=0.000 | 0.6 ep/s | dist: [walk:1054 | run:1070 | dance:1067 | stand:905]
  Epoch  4110/8000 | loss=0.004867 | ep_len= 232.9 | noise=0.000 | 0.6 ep/s | dist: [walk:1030 | run:1031 | dance:1089 | stand:946]
  Epoch  4120/8000 | loss=0.005703 | ep_len= 230.1 | noise=0.000 | 0.6 ep/s | dist: [walk:1075 | run:1063 | dance:1059 | stand:899]
  Epoch  4130/8000 | loss=0.004698 | ep_len= 235.4 | noise=0.000 | 0.6 ep/s | dist: [walk:1111 | run:1076 | dance:1030 | stand:879]
  Epoch  4140/8000 | loss=0.003808 | ep_len= 228.6 | noise=0.000 | 0.6 ep/s | dist: [walk:1088 | run:1035 | dance:1042 | stand:931]
  Epoch  4150/8000 | loss=0.005446 | ep_len= 225.3 | noise=0.000 | 0.6 ep/s | dist: [walk:1087 | run:1048 | dance:1079 | stand:882]
  Epoch  4160/8000 | loss=0.005432 | ep_len= 229.9 | noise=0.000 | 0.6 ep/s | dist: [walk:1069 | run:1042 | dance:1108 | stand:877]
  Epoch  4170/8000 | loss=0.004892 | ep_len= 234.5 | noise=0.000 | 0.6 ep/s | dist: [walk:1081 | run:1056 | dance:1076 | stand:883]
  Epoch  4180/8000 | loss=0.003649 | ep_len= 224.9 | noise=0.000 | 0.6 ep/s | dist: [walk:1010 | run:1075 | dance:1059 | stand:952]
  Epoch  4190/8000 | loss=0.004386 | ep_len= 232.2 | noise=0.000 | 0.6 ep/s | dist: [walk:1031 | run:1080 | dance:1081 | stand:904]
  Epoch  4200/8000 | loss=0.004332 | ep_len= 236.1 | noise=0.000 | 0.6 ep/s | dist: [walk:1072 | run:1061 | dance:1048 | stand:915]
  Epoch  4210/8000 | loss=0.004529 | ep_len= 234.0 | noise=0.000 | 0.6 ep/s | dist: [walk:1062 | run:1036 | dance:1072 | stand:926]
  Epoch  4220/8000 | loss=0.003963 | ep_len= 235.5 | noise=0.000 | 0.6 ep/s | dist: [walk:1072 | run:1042 | dance:1050 | stand:932]
  Epoch  4230/8000 | loss=0.007636 | ep_len= 233.6 | noise=0.000 | 0.6 ep/s | dist: [walk:1065 | run:1082 | dance:1042 | stand:907]
  Epoch  4240/8000 | loss=0.004923 | ep_len= 231.1 | noise=0.000 | 0.6 ep/s | dist: [walk:1085 | run:1081 | dance:1071 | stand:859]
  Epoch  4250/8000 | loss=0.004666 | ep_len= 235.0 | noise=0.000 | 0.6 ep/s | dist: [walk:1068 | run:1084 | dance:1043 | stand:901]
  Epoch  4260/8000 | loss=0.004400 | ep_len= 230.9 | noise=0.000 | 0.6 ep/s | dist: [walk:1112 | run:1028 | dance:1043 | stand:913]
  Epoch  4270/8000 | loss=0.004078 | ep_len= 234.6 | noise=0.000 | 0.6 ep/s | dist: [walk:1082 | run:1038 | dance:1066 | stand:910]
  Epoch  4280/8000 | loss=0.005048 | ep_len= 230.4 | noise=0.000 | 0.6 ep/s | dist: [walk:1106 | run:1046 | dance:1030 | stand:914]
  Epoch  4290/8000 | loss=0.005108 | ep_len= 229.7 | noise=0.000 | 0.6 ep/s | dist: [walk:1090 | run:1093 | dance:1006 | stand:907]
  Epoch  4300/8000 | loss=0.004541 | ep_len= 237.4 | noise=0.000 | 0.6 ep/s | dist: [walk:1064 | run:1064 | dance:1049 | stand:919]
  Epoch  4310/8000 | loss=0.004189 | ep_len= 230.9 | noise=0.000 | 0.6 ep/s | dist: [walk:1132 | run:1041 | dance:1092 | stand:831]
  Epoch  4320/8000 | loss=0.003990 | ep_len= 237.6 | noise=0.000 | 0.6 ep/s | dist: [walk:1108 | run:1052 | dance:1045 | stand:891]
  Epoch  4330/8000 | loss=0.005114 | ep_len= 229.3 | noise=0.000 | 0.6 ep/s | dist: [walk:1086 | run:1050 | dance:1018 | stand:942]
  Epoch  4340/8000 | loss=0.005338 | ep_len= 232.2 | noise=0.000 | 0.6 ep/s | dist: [walk:1105 | run:1014 | dance:1073 | stand:904]
  Epoch  4350/8000 | loss=0.004044 | ep_len= 233.8 | noise=0.000 | 0.6 ep/s | dist: [walk:1113 | run:1084 | dance:1027 | stand:872]
  Epoch  4360/8000 | loss=0.005615 | ep_len= 234.2 | noise=0.000 | 0.6 ep/s | dist: [walk:1070 | run:1064 | dance:1045 | stand:917]
  Epoch  4370/8000 | loss=0.004624 | ep_len= 233.1 | noise=0.000 | 0.6 ep/s | dist: [walk:1030 | run:1052 | dance:1082 | stand:932]
  Epoch  4380/8000 | loss=0.005103 | ep_len= 227.6 | noise=0.000 | 0.6 ep/s | dist: [walk:1077 | run:1033 | dance:1082 | stand:904]
  Epoch  4390/8000 | loss=0.004955 | ep_len= 231.7 | noise=0.000 | 0.6 ep/s | dist: [walk:1135 | run:1047 | dance:1069 | stand:845]
  Epoch  4400/8000 | loss=0.004279 | ep_len= 232.5 | noise=0.000 | 0.6 ep/s | dist: [walk:1120 | run:1029 | dance:1053 | stand:894]
  Epoch  4410/8000 | loss=0.005058 | ep_len= 232.2 | noise=0.000 | 0.6 ep/s | dist: [walk:1046 | run:1063 | dance:1009 | stand:978]
  Epoch  4420/8000 | loss=0.004435 | ep_len= 234.6 | noise=0.000 | 0.6 ep/s | dist: [walk:1059 | run:1061 | dance:1086 | stand:890]
  Epoch  4430/8000 | loss=0.004087 | ep_len= 230.1 | noise=0.000 | 0.6 ep/s | dist: [walk:1108 | run:1054 | dance:1032 | stand:902]
  Epoch  4440/8000 | loss=0.005270 | ep_len= 227.7 | noise=0.000 | 0.6 ep/s | dist: [walk:1052 | run:1087 | dance:1061 | stand:896]
  Epoch  4450/8000 | loss=0.004848 | ep_len= 238.0 | noise=0.000 | 0.6 ep/s | dist: [walk:1073 | run:1017 | dance:1081 | stand:925]
  Epoch  4460/8000 | loss=0.004657 | ep_len= 231.7 | noise=0.000 | 0.6 ep/s | dist: [walk:1049 | run:1086 | dance:1049 | stand:912]
  Epoch  4470/8000 | loss=0.004635 | ep_len= 229.5 | noise=0.000 | 0.6 ep/s | dist: [walk:1085 | run:1051 | dance:1040 | stand:920]
  Epoch  4480/8000 | loss=0.005605 | ep_len= 231.1 | noise=0.000 | 0.6 ep/s | dist: [walk:1124 | run:1028 | dance:1049 | stand:895]
  Epoch  4490/8000 | loss=0.003942 | ep_len= 229.6 | noise=0.000 | 0.6 ep/s | dist: [walk:1049 | run:1059 | dance:1112 | stand:876]
  Epoch  4500/8000 | loss=0.007417 | ep_len= 229.0 | noise=0.000 | 0.6 ep/s | dist: [walk:1052 | run:1062 | dance:1043 | stand:939]
  Epoch  4510/8000 | loss=0.005812 | ep_len= 233.1 | noise=0.000 | 0.6 ep/s | dist: [walk:1055 | run:1052 | dance:1032 | stand:957]
  Epoch  4520/8000 | loss=0.004303 | ep_len= 231.8 | noise=0.000 | 0.6 ep/s | dist: [walk:1022 | run:1042 | dance:1055 | stand:977]
  Epoch  4530/8000 | loss=0.004291 | ep_len= 237.2 | noise=0.000 | 0.6 ep/s | dist: [walk:1064 | run:1083 | dance:1044 | stand:905]
  Epoch  4540/8000 | loss=0.004873 | ep_len= 227.6 | noise=0.000 | 0.6 ep/s | dist: [walk:1096 | run:1018 | dance:1073 | stand:909]
  Epoch  4550/8000 | loss=0.004562 | ep_len= 230.5 | noise=0.000 | 0.6 ep/s | dist: [walk:1029 | run:1104 | dance:1035 | stand:928]
  Epoch  4560/8000 | loss=0.005889 | ep_len= 227.5 | noise=0.000 | 0.6 ep/s | dist: [walk:1147 | run:1061 | dance:975 | stand:913]
  Epoch  4570/8000 | loss=0.004473 | ep_len= 230.3 | noise=0.000 | 0.6 ep/s | dist: [walk:1069 | run:1014 | dance:1106 | stand:907]
  Epoch  4580/8000 | loss=0.006007 | ep_len= 233.7 | noise=0.000 | 0.6 ep/s | dist: [walk:1051 | run:1034 | dance:1053 | stand:958]
  Epoch  4590/8000 | loss=0.003710 | ep_len= 238.7 | noise=0.000 | 0.6 ep/s | dist: [walk:1068 | run:1064 | dance:1049 | stand:915]
  Epoch  4600/8000 | loss=0.006587 | ep_len= 229.9 | noise=0.000 | 0.6 ep/s | dist: [walk:1078 | run:1051 | dance:1004 | stand:963]
  Epoch  4610/8000 | loss=0.003961 | ep_len= 234.3 | noise=0.000 | 0.6 ep/s | dist: [walk:1064 | run:1055 | dance:1105 | stand:872]
  Epoch  4620/8000 | loss=0.004182 | ep_len= 228.8 | noise=0.000 | 0.6 ep/s | dist: [walk:1094 | run:1098 | dance:1031 | stand:873]
  Epoch  4630/8000 | loss=0.003483 | ep_len= 239.5 | noise=0.000 | 0.6 ep/s | dist: [walk:1075 | run:1123 | dance:966 | stand:932]
  Epoch  4640/8000 | loss=0.003834 | ep_len= 232.5 | noise=0.000 | 0.6 ep/s | dist: [walk:1085 | run:1041 | dance:1067 | stand:903]
  Epoch  4650/8000 | loss=0.004457 | ep_len= 235.9 | noise=0.000 | 0.6 ep/s | dist: [walk:1035 | run:1093 | dance:1038 | stand:930]
  Epoch  4660/8000 | loss=0.005513 | ep_len= 232.2 | noise=0.000 | 0.6 ep/s | dist: [walk:1036 | run:1006 | dance:1099 | stand:955]
  Epoch  4670/8000 | loss=0.006317 | ep_len= 227.7 | noise=0.000 | 0.6 ep/s | dist: [walk:1120 | run:1041 | dance:1031 | stand:904]
  Epoch  4680/8000 | loss=0.004400 | ep_len= 233.8 | noise=0.000 | 0.6 ep/s | dist: [walk:1085 | run:1056 | dance:1053 | stand:902]
  Epoch  4690/8000 | loss=0.004105 | ep_len= 231.1 | noise=0.000 | 0.6 ep/s | dist: [walk:1070 | run:1124 | dance:992 | stand:910]
  Epoch  4700/8000 | loss=0.004271 | ep_len= 232.1 | noise=0.000 | 0.6 ep/s | dist: [walk:1109 | run:1050 | dance:1062 | stand:875]
  Epoch  4710/8000 | loss=0.004209 | ep_len= 231.5 | noise=0.000 | 0.6 ep/s | dist: [walk:1030 | run:1094 | dance:1034 | stand:938]
  Epoch  4720/8000 | loss=0.004116 | ep_len= 232.1 | noise=0.000 | 0.6 ep/s | dist: [walk:1083 | run:1072 | dance:1040 | stand:901]
  Epoch  4730/8000 | loss=0.004271 | ep_len= 230.7 | noise=0.000 | 0.6 ep/s | dist: [walk:1093 | run:1063 | dance:1066 | stand:874]
  Epoch  4740/8000 | loss=0.004885 | ep_len= 228.1 | noise=0.000 | 0.6 ep/s | dist: [walk:1052 | run:1085 | dance:1047 | stand:912]
  Epoch  4750/8000 | loss=0.003762 | ep_len= 231.7 | noise=0.000 | 0.6 ep/s | dist: [walk:1089 | run:1089 | dance:1008 | stand:910]
  Epoch  4760/8000 | loss=0.005793 | ep_len= 235.0 | noise=0.000 | 0.6 ep/s | dist: [walk:1008 | run:1100 | dance:1085 | stand:903]
  Epoch  4770/8000 | loss=0.004457 | ep_len= 232.4 | noise=0.000 | 0.6 ep/s | dist: [walk:1116 | run:1032 | dance:1047 | stand:901]
  Epoch  4780/8000 | loss=0.004010 | ep_len= 228.7 | noise=0.000 | 0.6 ep/s | dist: [walk:1062 | run:1094 | dance:1066 | stand:874]
  Epoch  4790/8000 | loss=0.004937 | ep_len= 224.3 | noise=0.000 | 0.6 ep/s | dist: [walk:1126 | run:1046 | dance:1042 | stand:882]
  Epoch  4800/8000 | loss=0.004122 | ep_len= 238.1 | noise=0.000 | 0.6 ep/s | dist: [walk:1101 | run:1080 | dance:1013 | stand:902]
  Epoch  4810/8000 | loss=0.004324 | ep_len= 226.6 | noise=0.000 | 0.6 ep/s | dist: [walk:1032 | run:1026 | dance:1098 | stand:940]
  Epoch  4820/8000 | loss=0.004988 | ep_len= 231.5 | noise=0.000 | 0.6 ep/s | dist: [walk:1056 | run:1045 | dance:1086 | stand:909]
  Epoch  4830/8000 | loss=0.005204 | ep_len= 231.4 | noise=0.000 | 0.6 ep/s | dist: [walk:1032 | run:1052 | dance:1092 | stand:920]
  Epoch  4840/8000 | loss=0.003712 | ep_len= 230.7 | noise=0.000 | 0.6 ep/s | dist: [walk:1109 | run:1004 | dance:1064 | stand:919]
  Epoch  4850/8000 | loss=0.004363 | ep_len= 234.5 | noise=0.000 | 0.6 ep/s | dist: [walk:1122 | run:1035 | dance:1051 | stand:888]
  Epoch  4860/8000 | loss=0.004283 | ep_len= 228.9 | noise=0.000 | 0.6 ep/s | dist: [walk:1058 | run:1115 | dance:1033 | stand:890]
  Epoch  4870/8000 | loss=0.004630 | ep_len= 233.6 | noise=0.000 | 0.6 ep/s | dist: [walk:1076 | run:1007 | dance:1080 | stand:933]
  Epoch  4880/8000 | loss=0.004056 | ep_len= 235.6 | noise=0.000 | 0.6 ep/s | dist: [walk:1078 | run:1045 | dance:1066 | stand:907]
  Epoch  4890/8000 | loss=0.004258 | ep_len= 231.0 | noise=0.000 | 0.6 ep/s | dist: [walk:1042 | run:1084 | dance:1038 | stand:932]
  Epoch  4900/8000 | loss=0.005261 | ep_len= 232.2 | noise=0.000 | 0.6 ep/s | dist: [walk:1075 | run:1057 | dance:1045 | stand:919]
  Epoch  4910/8000 | loss=0.004361 | ep_len= 232.8 | noise=0.000 | 0.6 ep/s | dist: [walk:1109 | run:1040 | dance:1059 | stand:888]
  Epoch  4920/8000 | loss=0.004613 | ep_len= 233.7 | noise=0.000 | 0.6 ep/s | dist: [walk:1067 | run:1034 | dance:1074 | stand:921]
  Epoch  4930/8000 | loss=0.004553 | ep_len= 230.5 | noise=0.000 | 0.6 ep/s | dist: [walk:1057 | run:1043 | dance:1102 | stand:894]
  Epoch  4940/8000 | loss=0.004296 | ep_len= 236.9 | noise=0.000 | 0.6 ep/s | dist: [walk:1051 | run:1053 | dance:1078 | stand:914]
  Epoch  4950/8000 | loss=0.004059 | ep_len= 233.8 | noise=0.000 | 0.6 ep/s | dist: [walk:1078 | run:1054 | dance:1058 | stand:906]
  Epoch  4960/8000 | loss=0.004180 | ep_len= 229.8 | noise=0.000 | 0.6 ep/s | dist: [walk:1028 | run:1139 | dance:1034 | stand:895]
  Epoch  4970/8000 | loss=0.006099 | ep_len= 232.7 | noise=0.000 | 0.6 ep/s | dist: [walk:1117 | run:1033 | dance:1004 | stand:942]
  Epoch  4980/8000 | loss=0.004175 | ep_len= 230.6 | noise=0.000 | 0.6 ep/s | dist: [walk:1147 | run:1052 | dance:995 | stand:902]
  Epoch  4990/8000 | loss=0.005256 | ep_len= 231.6 | noise=0.000 | 0.6 ep/s | dist: [walk:1041 | run:1056 | dance:1050 | stand:949]
  Epoch  5000/8000 | loss=0.004901 | ep_len= 231.7 | noise=0.000 | 0.6 ep/s | dist: [walk:1068 | run:1061 | dance:1068 | stand:899]
  Epoch  5010/8000 | loss=0.003864 | ep_len= 235.6 | noise=0.000 | 0.6 ep/s | dist: [walk:1102 | run:1081 | dance:1003 | stand:910]
  Epoch  5020/8000 | loss=0.004975 | ep_len= 230.6 | noise=0.000 | 0.6 ep/s | dist: [walk:1108 | run:1023 | dance:1084 | stand:881]
  Epoch  5030/8000 | loss=0.004808 | ep_len= 232.8 | noise=0.000 | 0.6 ep/s | dist: [walk:1047 | run:1074 | dance:1070 | stand:905]
  Epoch  5040/8000 | loss=0.004558 | ep_len= 227.5 | noise=0.000 | 0.6 ep/s | dist: [walk:1075 | run:1077 | dance:1016 | stand:928]
  Epoch  5050/8000 | loss=0.004044 | ep_len= 233.6 | noise=0.000 | 0.6 ep/s | dist: [walk:1096 | run:1070 | dance:1052 | stand:878]
  Epoch  5060/8000 | loss=0.006327 | ep_len= 234.7 | noise=0.000 | 0.6 ep/s | dist: [walk:1063 | run:1081 | dance:1061 | stand:891]
  Epoch  5070/8000 | loss=0.004453 | ep_len= 232.2 | noise=0.000 | 0.6 ep/s | dist: [walk:1049 | run:1043 | dance:1078 | stand:926]
  Epoch  5080/8000 | loss=0.004092 | ep_len= 229.7 | noise=0.000 | 0.6 ep/s | dist: [walk:1101 | run:1025 | dance:1034 | stand:936]
  Epoch  5090/8000 | loss=0.003858 | ep_len= 232.7 | noise=0.000 | 0.6 ep/s | dist: [walk:1088 | run:1076 | dance:1063 | stand:869]
  Epoch  5100/8000 | loss=0.005857 | ep_len= 230.4 | noise=0.000 | 0.6 ep/s | dist: [walk:1132 | run:1010 | dance:1107 | stand:847]
  Epoch  5110/8000 | loss=0.004855 | ep_len= 231.7 | noise=0.000 | 0.6 ep/s | dist: [walk:1061 | run:1114 | dance:1044 | stand:877]
  Epoch  5120/8000 | loss=0.004087 | ep_len= 236.5 | noise=0.000 | 0.6 ep/s | dist: [walk:1065 | run:1087 | dance:1058 | stand:886]
  Epoch  5130/8000 | loss=0.004191 | ep_len= 233.8 | noise=0.000 | 0.6 ep/s | dist: [walk:1074 | run:1047 | dance:1039 | stand:936]
  Epoch  5140/8000 | loss=0.004943 | ep_len= 237.5 | noise=0.000 | 0.6 ep/s | dist: [walk:1097 | run:1039 | dance:1076 | stand:884]
  Epoch  5150/8000 | loss=0.004466 | ep_len= 233.7 | noise=0.000 | 0.6 ep/s | dist: [walk:1127 | run:1021 | dance:1067 | stand:881]
  Epoch  5160/8000 | loss=0.005339 | ep_len= 233.1 | noise=0.000 | 0.6 ep/s | dist: [walk:1088 | run:1033 | dance:1037 | stand:938]
  Epoch  5170/8000 | loss=0.004239 | ep_len= 233.3 | noise=0.000 | 0.6 ep/s | dist: [walk:1090 | run:1039 | dance:1083 | stand:884]
  Epoch  5180/8000 | loss=0.003773 | ep_len= 229.7 | noise=0.000 | 0.6 ep/s | dist: [walk:1076 | run:1005 | dance:1091 | stand:924]
  Epoch  5190/8000 | loss=0.004711 | ep_len= 232.7 | noise=0.000 | 0.6 ep/s | dist: [walk:1099 | run:1049 | dance:1038 | stand:910]
  Epoch  5200/8000 | loss=0.003880 | ep_len= 227.3 | noise=0.000 | 0.6 ep/s | dist: [walk:1051 | run:1079 | dance:1036 | stand:930]
  Epoch  5210/8000 | loss=0.003877 | ep_len= 236.4 | noise=0.000 | 0.6 ep/s | dist: [walk:1049 | run:1044 | dance:1088 | stand:915]
  Epoch  5220/8000 | loss=0.004132 | ep_len= 232.9 | noise=0.000 | 0.6 ep/s | dist: [walk:1054 | run:1064 | dance:1067 | stand:911]
  Epoch  5230/8000 | loss=0.004186 | ep_len= 231.3 | noise=0.000 | 0.6 ep/s | dist: [walk:1071 | run:1053 | dance:1052 | stand:920]
  Epoch  5240/8000 | loss=0.004156 | ep_len= 226.1 | noise=0.000 | 0.6 ep/s | dist: [walk:1023 | run:1082 | dance:1031 | stand:960]
  Epoch  5250/8000 | loss=0.004661 | ep_len= 227.9 | noise=0.000 | 0.6 ep/s | dist: [walk:1091 | run:1052 | dance:1064 | stand:889]
  Epoch  5260/8000 | loss=0.004913 | ep_len= 234.1 | noise=0.000 | 0.6 ep/s | dist: [walk:1054 | run:1084 | dance:1039 | stand:919]
  Epoch  5270/8000 | loss=0.004001 | ep_len= 227.2 | noise=0.000 | 0.6 ep/s | dist: [walk:1082 | run:1042 | dance:1061 | stand:911]
  Epoch  5280/8000 | loss=0.004036 | ep_len= 229.3 | noise=0.000 | 0.6 ep/s | dist: [walk:1090 | run:1096 | dance:1012 | stand:898]
  Epoch  5290/8000 | loss=0.004857 | ep_len= 228.4 | noise=0.000 | 0.6 ep/s | dist: [walk:1075 | run:1099 | dance:1033 | stand:889]
  Epoch  5300/8000 | loss=0.004336 | ep_len= 232.7 | noise=0.000 | 0.6 ep/s | dist: [walk:1058 | run:1052 | dance:1071 | stand:915]
  Epoch  5310/8000 | loss=0.004393 | ep_len= 230.9 | noise=0.000 | 0.6 ep/s | dist: [walk:1032 | run:1065 | dance:1071 | stand:928]
  Epoch  5320/8000 | loss=0.004381 | ep_len= 233.0 | noise=0.000 | 0.6 ep/s | dist: [walk:1073 | run:1037 | dance:1064 | stand:922]
  Epoch  5330/8000 | loss=0.004907 | ep_len= 231.0 | noise=0.000 | 0.6 ep/s | dist: [walk:1088 | run:1078 | dance:1030 | stand:900]
  Epoch  5340/8000 | loss=0.005185 | ep_len= 226.4 | noise=0.000 | 0.6 ep/s | dist: [walk:1074 | run:1035 | dance:1073 | stand:914]
  Epoch  5350/8000 | loss=0.004276 | ep_len= 233.7 | noise=0.000 | 0.6 ep/s | dist: [walk:1045 | run:1082 | dance:1018 | stand:951]
  Epoch  5360/8000 | loss=0.003821 | ep_len= 227.4 | noise=0.000 | 0.6 ep/s | dist: [walk:1081 | run:1070 | dance:1054 | stand:891]
  Epoch  5370/8000 | loss=0.003773 | ep_len= 225.5 | noise=0.000 | 0.6 ep/s | dist: [walk:1060 | run:1078 | dance:1017 | stand:941]
  Epoch  5380/8000 | loss=0.003903 | ep_len= 233.1 | noise=0.000 | 0.6 ep/s | dist: [walk:1069 | run:1048 | dance:1071 | stand:908]
  Epoch  5390/8000 | loss=0.004167 | ep_len= 225.0 | noise=0.000 | 0.6 ep/s | dist: [walk:1048 | run:1035 | dance:1105 | stand:908]
  Epoch  5400/8000 | loss=0.004686 | ep_len= 233.1 | noise=0.000 | 0.6 ep/s | dist: [walk:1073 | run:1014 | dance:1064 | stand:945]
  Epoch  5410/8000 | loss=0.003571 | ep_len= 233.8 | noise=0.000 | 0.6 ep/s | dist: [walk:1068 | run:1081 | dance:1022 | stand:925]
  Epoch  5420/8000 | loss=0.004004 | ep_len= 227.8 | noise=0.000 | 0.6 ep/s | dist: [walk:1123 | run:1039 | dance:1010 | stand:924]
  Epoch  5430/8000 | loss=0.004715 | ep_len= 233.2 | noise=0.000 | 0.6 ep/s | dist: [walk:1059 | run:1102 | dance:1004 | stand:931]
  Epoch  5440/8000 | loss=0.004463 | ep_len= 233.3 | noise=0.000 | 0.6 ep/s | dist: [walk:1034 | run:1086 | dance:1005 | stand:971]
  Epoch  5450/8000 | loss=0.006575 | ep_len= 235.6 | noise=0.000 | 0.6 ep/s | dist: [walk:1037 | run:1060 | dance:1040 | stand:959]
  Epoch  5460/8000 | loss=0.004918 | ep_len= 234.3 | noise=0.000 | 0.6 ep/s | dist: [walk:1042 | run:1043 | dance:1069 | stand:942]
  Epoch  5470/8000 | loss=0.005818 | ep_len= 233.3 | noise=0.000 | 0.6 ep/s | dist: [walk:1040 | run:1052 | dance:1074 | stand:930]
  Epoch  5480/8000 | loss=0.004529 | ep_len= 230.2 | noise=0.000 | 0.6 ep/s | dist: [walk:1047 | run:1104 | dance:1030 | stand:915]
  Epoch  5490/8000 | loss=0.004993 | ep_len= 230.7 | noise=0.000 | 0.6 ep/s | dist: [walk:1088 | run:1096 | dance:1045 | stand:867]
  Epoch  5500/8000 | loss=0.004972 | ep_len= 229.6 | noise=0.000 | 0.6 ep/s | dist: [walk:1061 | run:1029 | dance:1075 | stand:931]
  Epoch  5510/8000 | loss=0.003355 | ep_len= 231.1 | noise=0.000 | 0.6 ep/s | dist: [walk:1027 | run:1078 | dance:1038 | stand:953]
  Epoch  5520/8000 | loss=0.004238 | ep_len= 231.6 | noise=0.000 | 0.6 ep/s | dist: [walk:1020 | run:1075 | dance:1053 | stand:948]
  Epoch  5530/8000 | loss=0.004083 | ep_len= 231.2 | noise=0.000 | 0.6 ep/s | dist: [walk:1074 | run:1060 | dance:1039 | stand:923]
  Epoch  5540/8000 | loss=0.005340 | ep_len= 232.8 | noise=0.000 | 0.6 ep/s | dist: [walk:1101 | run:1061 | dance:1017 | stand:917]
  Epoch  5550/8000 | loss=0.004631 | ep_len= 234.8 | noise=0.000 | 0.6 ep/s | dist: [walk:1069 | run:1038 | dance:1092 | stand:897]
  Epoch  5560/8000 | loss=0.004652 | ep_len= 237.8 | noise=0.000 | 0.6 ep/s | dist: [walk:1031 | run:1057 | dance:1076 | stand:932]
  Epoch  5570/8000 | loss=0.003683 | ep_len= 227.4 | noise=0.000 | 0.6 ep/s | dist: [walk:1025 | run:1075 | dance:1077 | stand:919]
  Epoch  5580/8000 | loss=0.004873 | ep_len= 226.8 | noise=0.000 | 0.6 ep/s | dist: [walk:1079 | run:1055 | dance:1033 | stand:929]
  Epoch  5590/8000 | loss=0.005093 | ep_len= 232.9 | noise=0.000 | 0.6 ep/s | dist: [walk:1088 | run:1028 | dance:1037 | stand:943]
  Epoch  5600/8000 | loss=0.004004 | ep_len= 235.4 | noise=0.000 | 0.6 ep/s | dist: [walk:1097 | run:1029 | dance:1034 | stand:936]
  Epoch  5610/8000 | loss=0.005391 | ep_len= 231.7 | noise=0.000 | 0.6 ep/s | dist: [walk:1099 | run:1072 | dance:996 | stand:929]
  Epoch  5620/8000 | loss=0.005005 | ep_len= 229.8 | noise=0.000 | 0.6 ep/s | dist: [walk:1066 | run:1089 | dance:1055 | stand:886]
  Epoch  5630/8000 | loss=0.004386 | ep_len= 237.1 | noise=0.000 | 0.6 ep/s | dist: [walk:1109 | run:1044 | dance:1070 | stand:873]
  Epoch  5640/8000 | loss=0.003858 | ep_len= 233.6 | noise=0.000 | 0.6 ep/s | dist: [walk:1036 | run:1045 | dance:1076 | stand:939]
  Epoch  5650/8000 | loss=0.005164 | ep_len= 229.7 | noise=0.000 | 0.6 ep/s | dist: [walk:1116 | run:993 | dance:1013 | stand:974]
  Epoch  5660/8000 | loss=0.004054 | ep_len= 227.9 | noise=0.000 | 0.6 ep/s | dist: [walk:990 | run:1125 | dance:1064 | stand:917]
  Epoch  5670/8000 | loss=0.003709 | ep_len= 239.0 | noise=0.000 | 0.6 ep/s | dist: [walk:1088 | run:1036 | dance:1048 | stand:924]
  Epoch  5680/8000 | loss=0.003895 | ep_len= 235.3 | noise=0.000 | 0.6 ep/s | dist: [walk:1116 | run:1030 | dance:1052 | stand:898]
  Epoch  5690/8000 | loss=0.004178 | ep_len= 231.9 | noise=0.000 | 0.6 ep/s | dist: [walk:1057 | run:1095 | dance:1031 | stand:913]
  Epoch  5700/8000 | loss=0.004288 | ep_len= 225.4 | noise=0.000 | 0.6 ep/s | dist: [walk:1100 | run:1072 | dance:1023 | stand:901]
  Epoch  5710/8000 | loss=0.004167 | ep_len= 230.5 | noise=0.000 | 0.6 ep/s | dist: [walk:1053 | run:1096 | dance:1027 | stand:920]
  Epoch  5720/8000 | loss=0.004999 | ep_len= 231.6 | noise=0.000 | 0.6 ep/s | dist: [walk:1115 | run:1023 | dance:1044 | stand:914]
  Epoch  5730/8000 | loss=0.004721 | ep_len= 232.4 | noise=0.000 | 0.6 ep/s | dist: [walk:1010 | run:1044 | dance:1077 | stand:965]
  Epoch  5740/8000 | loss=0.004989 | ep_len= 230.4 | noise=0.000 | 0.6 ep/s | dist: [walk:1117 | run:1044 | dance:1033 | stand:902]
  Epoch  5750/8000 | loss=0.004622 | ep_len= 237.0 | noise=0.000 | 0.6 ep/s | dist: [walk:1078 | run:1057 | dance:1038 | stand:923]
  Epoch  5760/8000 | loss=0.003812 | ep_len= 234.6 | noise=0.000 | 0.6 ep/s | dist: [walk:1054 | run:1088 | dance:1052 | stand:902]
  Epoch  5770/8000 | loss=0.005168 | ep_len= 234.2 | noise=0.000 | 0.6 ep/s | dist: [walk:1123 | run:1035 | dance:1016 | stand:922]
  Epoch  5780/8000 | loss=0.004694 | ep_len= 232.2 | noise=0.000 | 0.6 ep/s | dist: [walk:1071 | run:1029 | dance:1078 | stand:918]
  Epoch  5790/8000 | loss=0.005037 | ep_len= 236.9 | noise=0.000 | 0.6 ep/s | dist: [walk:1066 | run:1063 | dance:1104 | stand:863]
  Epoch  5800/8000 | loss=0.004677 | ep_len= 229.5 | noise=0.000 | 0.6 ep/s | dist: [walk:1061 | run:1045 | dance:1047 | stand:943]
  Epoch  5810/8000 | loss=0.005811 | ep_len= 231.4 | noise=0.000 | 0.6 ep/s | dist: [walk:1105 | run:1026 | dance:1043 | stand:922]
  Epoch  5820/8000 | loss=0.005040 | ep_len= 235.2 | noise=0.000 | 0.6 ep/s | dist: [walk:1087 | run:1070 | dance:1035 | stand:904]
  Epoch  5830/8000 | loss=0.004635 | ep_len= 231.7 | noise=0.000 | 0.6 ep/s | dist: [walk:1060 | run:1066 | dance:1064 | stand:906]
  Epoch  5840/8000 | loss=0.004643 | ep_len= 231.9 | noise=0.000 | 0.6 ep/s | dist: [walk:1064 | run:1090 | dance:1081 | stand:861]
  Epoch  5850/8000 | loss=0.004524 | ep_len= 233.8 | noise=0.000 | 0.6 ep/s | dist: [walk:1081 | run:1054 | dance:1063 | stand:898]
  Epoch  5860/8000 | loss=0.004308 | ep_len= 231.6 | noise=0.000 | 0.6 ep/s | dist: [walk:1111 | run:1067 | dance:1026 | stand:892]
  Epoch  5870/8000 | loss=0.003886 | ep_len= 237.8 | noise=0.000 | 0.6 ep/s | dist: [walk:1013 | run:1099 | dance:1079 | stand:905]
  Epoch  5880/8000 | loss=0.005308 | ep_len= 233.5 | noise=0.000 | 0.6 ep/s | dist: [walk:1065 | run:1029 | dance:1056 | stand:946]
  Epoch  5890/8000 | loss=0.005953 | ep_len= 231.7 | noise=0.000 | 0.6 ep/s | dist: [walk:1066 | run:1069 | dance:1077 | stand:884]
  Epoch  5900/8000 | loss=0.004286 | ep_len= 233.8 | noise=0.000 | 0.6 ep/s | dist: [walk:1052 | run:1087 | dance:1053 | stand:904]
  Epoch  5910/8000 | loss=0.005352 | ep_len= 233.7 | noise=0.000 | 0.6 ep/s | dist: [walk:1144 | run:1014 | dance:1013 | stand:925]
  Epoch  5920/8000 | loss=0.004281 | ep_len= 232.9 | noise=0.000 | 0.6 ep/s | dist: [walk:1109 | run:1103 | dance:978 | stand:906]
  Epoch  5930/8000 | loss=0.003676 | ep_len= 232.2 | noise=0.000 | 0.6 ep/s | dist: [walk:1098 | run:1019 | dance:1070 | stand:909]
  Epoch  5940/8000 | loss=0.004463 | ep_len= 231.6 | noise=0.000 | 0.6 ep/s | dist: [walk:1095 | run:1050 | dance:1043 | stand:908]
  Epoch  5950/8000 | loss=0.004516 | ep_len= 227.7 | noise=0.000 | 0.6 ep/s | dist: [walk:1090 | run:1065 | dance:1042 | stand:899]
  Epoch  5960/8000 | loss=0.004270 | ep_len= 232.2 | noise=0.000 | 0.6 ep/s | dist: [walk:1018 | run:1097 | dance:1023 | stand:958]
  Epoch  5970/8000 | loss=0.005007 | ep_len= 229.2 | noise=0.000 | 0.6 ep/s | dist: [walk:1102 | run:1087 | dance:1041 | stand:866]
  Epoch  5980/8000 | loss=0.004081 | ep_len= 231.2 | noise=0.000 | 0.6 ep/s | dist: [walk:1122 | run:1075 | dance:1027 | stand:872]
  Epoch  5990/8000 | loss=0.004698 | ep_len= 233.0 | noise=0.000 | 0.6 ep/s | dist: [walk:1086 | run:1067 | dance:1012 | stand:931]
  Epoch  6000/8000 | loss=0.004782 | ep_len= 230.5 | noise=0.000 | 0.6 ep/s | dist: [walk:1073 | run:1026 | dance:1086 | stand:911]
  Epoch  6010/8000 | loss=0.004041 | ep_len= 226.6 | noise=0.000 | 0.6 ep/s | dist: [walk:1091 | run:1083 | dance:1058 | stand:864]
  Epoch  6020/8000 | loss=0.003857 | ep_len= 235.2 | noise=0.000 | 0.6 ep/s | dist: [walk:1065 | run:1066 | dance:1056 | stand:909]
  Epoch  6030/8000 | loss=0.004262 | ep_len= 233.8 | noise=0.000 | 0.6 ep/s | dist: [walk:1071 | run:1070 | dance:1026 | stand:929]
  Epoch  6040/8000 | loss=0.004183 | ep_len= 234.6 | noise=0.000 | 0.6 ep/s | dist: [walk:1081 | run:1094 | dance:1044 | stand:877]
  Epoch  6050/8000 | loss=0.004232 | ep_len= 234.8 | noise=0.000 | 0.6 ep/s | dist: [walk:1069 | run:1068 | dance:1053 | stand:906]
  Epoch  6060/8000 | loss=0.004503 | ep_len= 235.0 | noise=0.000 | 0.6 ep/s | dist: [walk:1082 | run:1049 | dance:1056 | stand:909]
  Epoch  6070/8000 | loss=0.005262 | ep_len= 233.0 | noise=0.000 | 0.6 ep/s | dist: [walk:1101 | run:1000 | dance:1039 | stand:956]
  Epoch  6080/8000 | loss=0.004652 | ep_len= 228.8 | noise=0.000 | 0.6 ep/s | dist: [walk:1101 | run:1032 | dance:1023 | stand:940]
  Epoch  6090/8000 | loss=0.003974 | ep_len= 225.5 | noise=0.000 | 0.6 ep/s | dist: [walk:1071 | run:1065 | dance:974 | stand:986]
  Epoch  6100/8000 | loss=0.005681 | ep_len= 232.7 | noise=0.000 | 0.6 ep/s | dist: [walk:1138 | run:1060 | dance:1021 | stand:877]
  Epoch  6110/8000 | loss=0.004659 | ep_len= 226.9 | noise=0.000 | 0.6 ep/s | dist: [walk:1057 | run:1075 | dance:1073 | stand:891]
  Epoch  6120/8000 | loss=0.003755 | ep_len= 224.2 | noise=0.000 | 0.6 ep/s | dist: [walk:1040 | run:1051 | dance:1097 | stand:908]
  Epoch  6130/8000 | loss=0.004709 | ep_len= 228.4 | noise=0.000 | 0.6 ep/s | dist: [walk:1111 | run:1057 | dance:995 | stand:933]
  Epoch  6140/8000 | loss=0.003987 | ep_len= 234.3 | noise=0.000 | 0.6 ep/s | dist: [walk:1058 | run:1112 | dance:1032 | stand:894]
  Epoch  6150/8000 | loss=0.004367 | ep_len= 231.0 | noise=0.000 | 0.6 ep/s | dist: [walk:1071 | run:1050 | dance:1032 | stand:943]
  Epoch  6160/8000 | loss=0.004401 | ep_len= 228.6 | noise=0.000 | 0.6 ep/s | dist: [walk:1027 | run:1062 | dance:1066 | stand:941]
  Epoch  6170/8000 | loss=0.004410 | ep_len= 234.8 | noise=0.000 | 0.6 ep/s | dist: [walk:1096 | run:1030 | dance:1026 | stand:944]
  Epoch  6180/8000 | loss=0.004441 | ep_len= 229.9 | noise=0.000 | 0.6 ep/s | dist: [walk:1051 | run:1064 | dance:1029 | stand:952]
  Epoch  6190/8000 | loss=0.003966 | ep_len= 236.7 | noise=0.000 | 0.6 ep/s | dist: [walk:1085 | run:1085 | dance:999 | stand:927]
  Epoch  6200/8000 | loss=0.004511 | ep_len= 235.0 | noise=0.000 | 0.6 ep/s | dist: [walk:1041 | run:1059 | dance:1083 | stand:913]
  Epoch  6210/8000 | loss=0.004423 | ep_len= 231.7 | noise=0.000 | 0.6 ep/s | dist: [walk:1071 | run:1006 | dance:1111 | stand:908]
  Epoch  6220/8000 | loss=0.004129 | ep_len= 230.6 | noise=0.000 | 0.6 ep/s | dist: [walk:1054 | run:1109 | dance:1062 | stand:871]
  Epoch  6230/8000 | loss=0.006911 | ep_len= 229.4 | noise=0.000 | 0.6 ep/s | dist: [walk:1058 | run:1060 | dance:1092 | stand:886]
  Epoch  6240/8000 | loss=0.003784 | ep_len= 230.2 | noise=0.000 | 0.6 ep/s | dist: [walk:1043 | run:1038 | dance:1084 | stand:931]
  Epoch  6250/8000 | loss=0.004411 | ep_len= 232.2 | noise=0.000 | 0.6 ep/s | dist: [walk:1103 | run:1075 | dance:1002 | stand:916]
  Epoch  6260/8000 | loss=0.005166 | ep_len= 236.3 | noise=0.000 | 0.6 ep/s | dist: [walk:1089 | run:1023 | dance:1055 | stand:929]
  Epoch  6270/8000 | loss=0.004502 | ep_len= 227.9 | noise=0.000 | 0.6 ep/s | dist: [walk:1075 | run:1021 | dance:1103 | stand:897]
  Epoch  6280/8000 | loss=0.004349 | ep_len= 232.1 | noise=0.000 | 0.6 ep/s | dist: [walk:1089 | run:994 | dance:1067 | stand:946]
  Epoch  6290/8000 | loss=0.003971 | ep_len= 226.8 | noise=0.000 | 0.6 ep/s | dist: [walk:1067 | run:1140 | dance:1009 | stand:880]
  Epoch  6300/8000 | loss=0.004186 | ep_len= 233.6 | noise=0.000 | 0.6 ep/s | dist: [walk:1053 | run:1088 | dance:1028 | stand:927]
  Epoch  6310/8000 | loss=0.005473 | ep_len= 227.0 | noise=0.000 | 0.6 ep/s | dist: [walk:1072 | run:1094 | dance:1017 | stand:913]
  Epoch  6320/8000 | loss=0.004488 | ep_len= 230.6 | noise=0.000 | 0.6 ep/s | dist: [walk:1054 | run:1126 | dance:1044 | stand:872]
  Epoch  6330/8000 | loss=0.003738 | ep_len= 230.0 | noise=0.000 | 0.6 ep/s | dist: [walk:1086 | run:1101 | dance:1037 | stand:872]
  Epoch  6340/8000 | loss=0.004251 | ep_len= 235.4 | noise=0.000 | 0.6 ep/s | dist: [walk:1068 | run:1065 | dance:1028 | stand:935]
  Epoch  6350/8000 | loss=0.003966 | ep_len= 234.0 | noise=0.000 | 0.6 ep/s | dist: [walk:1081 | run:1092 | dance:1024 | stand:899]
  Epoch  6360/8000 | loss=0.004857 | ep_len= 233.5 | noise=0.000 | 0.6 ep/s | dist: [walk:1075 | run:1092 | dance:1024 | stand:905]
  Epoch  6370/8000 | loss=0.004025 | ep_len= 234.5 | noise=0.000 | 0.6 ep/s | dist: [walk:1041 | run:1059 | dance:1091 | stand:905]
  Epoch  6380/8000 | loss=0.003988 | ep_len= 229.8 | noise=0.000 | 0.6 ep/s | dist: [walk:1065 | run:1075 | dance:1030 | stand:926]
  Epoch  6390/8000 | loss=0.008548 | ep_len= 231.5 | noise=0.000 | 0.6 ep/s | dist: [walk:1072 | run:1067 | dance:1039 | stand:918]
  Epoch  6400/8000 | loss=0.003805 | ep_len= 231.6 | noise=0.000 | 0.6 ep/s | dist: [walk:1066 | run:1041 | dance:1083 | stand:906]
  Epoch  6410/8000 | loss=0.003851 | ep_len= 231.8 | noise=0.000 | 0.6 ep/s | dist: [walk:1103 | run:1009 | dance:1088 | stand:896]
  Epoch  6420/8000 | loss=0.003821 | ep_len= 229.6 | noise=0.000 | 0.6 ep/s | dist: [walk:1092 | run:1087 | dance:1032 | stand:885]
  Epoch  6430/8000 | loss=0.004789 | ep_len= 228.8 | noise=0.000 | 0.6 ep/s | dist: [walk:1065 | run:1104 | dance:1007 | stand:920]
  Epoch  6440/8000 | loss=0.004544 | ep_len= 239.3 | noise=0.000 | 0.6 ep/s | dist: [walk:1086 | run:1067 | dance:1016 | stand:927]
  Epoch  6450/8000 | loss=0.004495 | ep_len= 232.9 | noise=0.000 | 0.6 ep/s | dist: [walk:1076 | run:1073 | dance:1055 | stand:892]
  Epoch  6460/8000 | loss=0.004075 | ep_len= 230.0 | noise=0.000 | 0.6 ep/s | dist: [walk:1079 | run:1050 | dance:1070 | stand:897]
  Epoch  6470/8000 | loss=0.004088 | ep_len= 233.6 | noise=0.000 | 0.6 ep/s | dist: [walk:1065 | run:1055 | dance:1050 | stand:926]
  Epoch  6480/8000 | loss=0.004300 | ep_len= 229.3 | noise=0.000 | 0.6 ep/s | dist: [walk:1096 | run:1066 | dance:1043 | stand:891]
  Epoch  6490/8000 | loss=0.006701 | ep_len= 226.2 | noise=0.000 | 0.6 ep/s | dist: [walk:1067 | run:1072 | dance:1062 | stand:895]
  Epoch  6500/8000 | loss=0.004242 | ep_len= 225.9 | noise=0.000 | 0.6 ep/s | dist: [walk:1107 | run:1094 | dance:1024 | stand:871]
  Epoch  6510/8000 | loss=0.005226 | ep_len= 239.8 | noise=0.000 | 0.6 ep/s | dist: [walk:1093 | run:1042 | dance:1070 | stand:891]
  Epoch  6520/8000 | loss=0.003677 | ep_len= 233.8 | noise=0.000 | 0.6 ep/s | dist: [walk:1097 | run:1103 | dance:1025 | stand:871]
  Epoch  6530/8000 | loss=0.006942 | ep_len= 231.0 | noise=0.000 | 0.6 ep/s | dist: [walk:1048 | run:1080 | dance:1065 | stand:903]
  Epoch  6540/8000 | loss=0.004560 | ep_len= 234.0 | noise=0.000 | 0.6 ep/s | dist: [walk:1085 | run:1027 | dance:1050 | stand:934]
  Epoch  6550/8000 | loss=0.003952 | ep_len= 232.9 | noise=0.000 | 0.6 ep/s | dist: [walk:1052 | run:1047 | dance:1069 | stand:928]
  Epoch  6560/8000 | loss=0.003809 | ep_len= 231.0 | noise=0.000 | 0.6 ep/s | dist: [walk:1062 | run:1044 | dance:1063 | stand:927]
  Epoch  6570/8000 | loss=0.004434 | ep_len= 232.6 | noise=0.000 | 0.6 ep/s | dist: [walk:1096 | run:1027 | dance:1009 | stand:964]
  Epoch  6580/8000 | loss=0.005671 | ep_len= 233.0 | noise=0.000 | 0.6 ep/s | dist: [walk:1133 | run:1062 | dance:1019 | stand:882]
  Epoch  6590/8000 | loss=0.005562 | ep_len= 228.9 | noise=0.000 | 0.6 ep/s | dist: [walk:1099 | run:1098 | dance:1041 | stand:858]
  Epoch  6600/8000 | loss=0.003844 | ep_len= 231.8 | noise=0.000 | 0.6 ep/s | dist: [walk:1114 | run:1074 | dance:1014 | stand:894]
  Epoch  6610/8000 | loss=0.006555 | ep_len= 225.5 | noise=0.000 | 0.6 ep/s | dist: [walk:1125 | run:1036 | dance:1031 | stand:904]
  Epoch  6620/8000 | loss=0.004660 | ep_len= 231.0 | noise=0.000 | 0.6 ep/s | dist: [walk:1100 | run:1049 | dance:1030 | stand:917]
  Epoch  6630/8000 | loss=0.004238 | ep_len= 235.9 | noise=0.000 | 0.6 ep/s | dist: [walk:1116 | run:1042 | dance:1013 | stand:925]
  Epoch  6640/8000 | loss=0.004129 | ep_len= 235.2 | noise=0.000 | 0.6 ep/s | dist: [walk:1063 | run:1077 | dance:1074 | stand:882]
  Epoch  6650/8000 | loss=0.004490 | ep_len= 233.1 | noise=0.000 | 0.6 ep/s | dist: [walk:1039 | run:1055 | dance:1075 | stand:927]
  Epoch  6660/8000 | loss=0.003884 | ep_len= 232.2 | noise=0.000 | 0.6 ep/s | dist: [walk:1070 | run:1078 | dance:1010 | stand:938]
  Epoch  6670/8000 | loss=0.004388 | ep_len= 230.9 | noise=0.000 | 0.6 ep/s | dist: [walk:1066 | run:1091 | dance:1022 | stand:917]
  Epoch  6680/8000 | loss=0.005590 | ep_len= 237.9 | noise=0.000 | 0.6 ep/s | dist: [walk:1071 | run:1070 | dance:1022 | stand:933]
  Epoch  6690/8000 | loss=0.004833 | ep_len= 225.9 | noise=0.000 | 0.6 ep/s | dist: [walk:1076 | run:1052 | dance:1046 | stand:922]
  Epoch  6700/8000 | loss=0.003887 | ep_len= 232.7 | noise=0.000 | 0.6 ep/s | dist: [walk:1033 | run:1043 | dance:1077 | stand:943]
  Epoch  6710/8000 | loss=0.005215 | ep_len= 231.5 | noise=0.000 | 0.6 ep/s | dist: [walk:1082 | run:1078 | dance:1062 | stand:874]
  Epoch  6720/8000 | loss=0.004059 | ep_len= 226.1 | noise=0.000 | 0.6 ep/s | dist: [walk:1056 | run:1100 | dance:1000 | stand:940]
  Epoch  6730/8000 | loss=0.003999 | ep_len= 231.8 | noise=0.000 | 0.6 ep/s | dist: [walk:1062 | run:1006 | dance:1085 | stand:943]
  Epoch  6740/8000 | loss=0.004465 | ep_len= 232.0 | noise=0.000 | 0.6 ep/s | dist: [walk:1064 | run:1047 | dance:1033 | stand:952]
  Epoch  6750/8000 | loss=0.004328 | ep_len= 228.2 | noise=0.000 | 0.6 ep/s | dist: [walk:1096 | run:1014 | dance:1071 | stand:915]
  Epoch  6760/8000 | loss=0.004163 | ep_len= 236.5 | noise=0.000 | 0.6 ep/s | dist: [walk:1059 | run:1116 | dance:1037 | stand:884]
  Epoch  6770/8000 | loss=0.004592 | ep_len= 231.2 | noise=0.000 | 0.6 ep/s | dist: [walk:1095 | run:1002 | dance:1070 | stand:929]
  Epoch  6780/8000 | loss=0.004170 | ep_len= 234.2 | noise=0.000 | 0.6 ep/s | dist: [walk:1056 | run:1072 | dance:1060 | stand:908]
  Epoch  6790/8000 | loss=0.004447 | ep_len= 223.9 | noise=0.000 | 0.6 ep/s | dist: [walk:1049 | run:1088 | dance:1082 | stand:877]
  Epoch  6800/8000 | loss=0.004061 | ep_len= 229.9 | noise=0.000 | 0.6 ep/s | dist: [walk:1049 | run:1094 | dance:1025 | stand:928]
  Epoch  6810/8000 | loss=0.004368 | ep_len= 230.1 | noise=0.000 | 0.6 ep/s | dist: [walk:1054 | run:1044 | dance:1038 | stand:960]
  Epoch  6820/8000 | loss=0.004680 | ep_len= 234.9 | noise=0.000 | 0.6 ep/s | dist: [walk:1091 | run:1056 | dance:1057 | stand:892]
  Epoch  6830/8000 | loss=0.004412 | ep_len= 236.8 | noise=0.000 | 0.6 ep/s | dist: [walk:1078 | run:1110 | dance:1035 | stand:873]
  Epoch  6840/8000 | loss=0.004541 | ep_len= 230.1 | noise=0.000 | 0.6 ep/s | dist: [walk:1075 | run:1050 | dance:1073 | stand:898]
  Epoch  6850/8000 | loss=0.004442 | ep_len= 234.8 | noise=0.000 | 0.6 ep/s | dist: [walk:1003 | run:1088 | dance:1045 | stand:960]
  Epoch  6860/8000 | loss=0.005328 | ep_len= 231.2 | noise=0.000 | 0.6 ep/s | dist: [walk:1014 | run:1118 | dance:1046 | stand:918]
  Epoch  6870/8000 | loss=0.004657 | ep_len= 237.0 | noise=0.000 | 0.6 ep/s | dist: [walk:1081 | run:1023 | dance:1084 | stand:908]
  Epoch  6880/8000 | loss=0.003492 | ep_len= 226.5 | noise=0.000 | 0.6 ep/s | dist: [walk:1042 | run:1081 | dance:1046 | stand:927]
  Epoch  6890/8000 | loss=0.004659 | ep_len= 234.8 | noise=0.000 | 0.6 ep/s | dist: [walk:1050 | run:1009 | dance:1091 | stand:946]
  Epoch  6900/8000 | loss=0.004425 | ep_len= 230.5 | noise=0.000 | 0.6 ep/s | dist: [walk:1070 | run:1061 | dance:1016 | stand:949]
  Epoch  6910/8000 | loss=0.005362 | ep_len= 223.2 | noise=0.000 | 0.6 ep/s | dist: [walk:1054 | run:1110 | dance:992 | stand:940]
  Epoch  6920/8000 | loss=0.004289 | ep_len= 230.0 | noise=0.000 | 0.6 ep/s | dist: [walk:1108 | run:1047 | dance:1031 | stand:910]
  Epoch  6930/8000 | loss=0.004395 | ep_len= 232.2 | noise=0.000 | 0.6 ep/s | dist: [walk:1117 | run:1037 | dance:1038 | stand:904]
  Epoch  6940/8000 | loss=0.004447 | ep_len= 230.9 | noise=0.000 | 0.6 ep/s | dist: [walk:1091 | run:1044 | dance:1026 | stand:935]
  Epoch  6950/8000 | loss=0.004979 | ep_len= 234.7 | noise=0.000 | 0.6 ep/s | dist: [walk:1122 | run:1034 | dance:1028 | stand:912]
  Epoch  6960/8000 | loss=0.004752 | ep_len= 233.1 | noise=0.000 | 0.6 ep/s | dist: [walk:1036 | run:1063 | dance:1047 | stand:950]
  Epoch  6970/8000 | loss=0.005832 | ep_len= 226.0 | noise=0.000 | 0.6 ep/s | dist: [walk:1068 | run:1060 | dance:1094 | stand:874]
  Epoch  6980/8000 | loss=0.004783 | ep_len= 231.1 | noise=0.000 | 0.6 ep/s | dist: [walk:1084 | run:1050 | dance:1067 | stand:895]
  Epoch  6990/8000 | loss=0.004281 | ep_len= 232.3 | noise=0.000 | 0.6 ep/s | dist: [walk:1074 | run:1028 | dance:1046 | stand:948]
  Epoch  7000/8000 | loss=0.004605 | ep_len= 232.1 | noise=0.000 | 0.6 ep/s | dist: [walk:1055 | run:1065 | dance:1049 | stand:927]
  Epoch  7010/8000 | loss=0.004438 | ep_len= 228.3 | noise=0.000 | 0.6 ep/s | dist: [walk:1110 | run:1056 | dance:1041 | stand:889]
  Epoch  7020/8000 | loss=0.003709 | ep_len= 225.6 | noise=0.000 | 0.6 ep/s | dist: [walk:1073 | run:1092 | dance:1031 | stand:900]
  Epoch  7030/8000 | loss=0.004941 | ep_len= 230.2 | noise=0.000 | 0.6 ep/s | dist: [walk:1077 | run:1065 | dance:1027 | stand:927]
  Epoch  7040/8000 | loss=0.004791 | ep_len= 238.4 | noise=0.000 | 0.6 ep/s | dist: [walk:1092 | run:1058 | dance:1050 | stand:896]
  Epoch  7050/8000 | loss=0.003955 | ep_len= 226.7 | noise=0.000 | 0.6 ep/s | dist: [walk:1073 | run:1050 | dance:1026 | stand:947]
  Epoch  7060/8000 | loss=0.003521 | ep_len= 237.5 | noise=0.000 | 0.6 ep/s | dist: [walk:1037 | run:1054 | dance:1062 | stand:943]
  Epoch  7070/8000 | loss=0.004643 | ep_len= 233.2 | noise=0.000 | 0.6 ep/s | dist: [walk:1028 | run:1085 | dance:1045 | stand:938]
  Epoch  7080/8000 | loss=0.007308 | ep_len= 233.1 | noise=0.000 | 0.6 ep/s | dist: [walk:1076 | run:1058 | dance:1076 | stand:886]
  Epoch  7090/8000 | loss=0.003969 | ep_len= 229.7 | noise=0.000 | 0.6 ep/s | dist: [walk:1045 | run:1049 | dance:1065 | stand:937]
  Epoch  7100/8000 | loss=0.003544 | ep_len= 233.5 | noise=0.000 | 0.6 ep/s | dist: [walk:1089 | run:1032 | dance:1052 | stand:923]
  Epoch  7110/8000 | loss=0.003955 | ep_len= 234.1 | noise=0.000 | 0.6 ep/s | dist: [walk:1059 | run:1059 | dance:1038 | stand:940]
  Epoch  7120/8000 | loss=0.004064 | ep_len= 225.3 | noise=0.000 | 0.6 ep/s | dist: [walk:1088 | run:1029 | dance:1073 | stand:906]
  Epoch  7130/8000 | loss=0.005405 | ep_len= 233.9 | noise=0.000 | 0.6 ep/s | dist: [walk:1070 | run:1061 | dance:1093 | stand:872]
  Epoch  7140/8000 | loss=0.004781 | ep_len= 231.6 | noise=0.000 | 0.6 ep/s | dist: [walk:1020 | run:1072 | dance:1078 | stand:926]
  Epoch  7150/8000 | loss=0.004034 | ep_len= 231.4 | noise=0.000 | 0.6 ep/s | dist: [walk:1063 | run:1060 | dance:1068 | stand:905]
  Epoch  7160/8000 | loss=0.004057 | ep_len= 231.4 | noise=0.000 | 0.6 ep/s | dist: [walk:1050 | run:1086 | dance:1073 | stand:887]
  Epoch  7170/8000 | loss=0.004675 | ep_len= 231.1 | noise=0.000 | 0.6 ep/s | dist: [walk:1054 | run:1093 | dance:1012 | stand:937]
  Epoch  7180/8000 | loss=0.004832 | ep_len= 230.6 | noise=0.000 | 0.6 ep/s | dist: [walk:1095 | run:1070 | dance:1015 | stand:916]
  Epoch  7190/8000 | loss=0.003806 | ep_len= 227.0 | noise=0.000 | 0.6 ep/s | dist: [walk:1113 | run:1059 | dance:1010 | stand:914]
  Epoch  7200/8000 | loss=0.004468 | ep_len= 233.7 | noise=0.000 | 0.6 ep/s | dist: [walk:1059 | run:1041 | dance:1074 | stand:922]
  Epoch  7210/8000 | loss=0.004340 | ep_len= 227.7 | noise=0.000 | 0.6 ep/s | dist: [walk:1042 | run:1119 | dance:1073 | stand:862]
  Epoch  7220/8000 | loss=0.004116 | ep_len= 233.7 | noise=0.000 | 0.6 ep/s | dist: [walk:1072 | run:1060 | dance:1063 | stand:901]
  Epoch  7230/8000 | loss=0.006233 | ep_len= 232.8 | noise=0.000 | 0.6 ep/s | dist: [walk:1076 | run:1053 | dance:1050 | stand:917]
  Epoch  7240/8000 | loss=0.004416 | ep_len= 230.9 | noise=0.000 | 0.6 ep/s | dist: [walk:1059 | run:1081 | dance:1002 | stand:954]
  Epoch  7250/8000 | loss=0.004336 | ep_len= 230.3 | noise=0.000 | 0.6 ep/s | dist: [walk:1066 | run:1076 | dance:1089 | stand:865]
  Epoch  7260/8000 | loss=0.004404 | ep_len= 229.6 | noise=0.000 | 0.6 ep/s | dist: [walk:1064 | run:1034 | dance:1060 | stand:938]
  Epoch  7270/8000 | loss=0.004533 | ep_len= 231.6 | noise=0.000 | 0.6 ep/s | dist: [walk:1062 | run:1070 | dance:1007 | stand:957]
  Epoch  7280/8000 | loss=0.004214 | ep_len= 235.0 | noise=0.000 | 0.6 ep/s | dist: [walk:1124 | run:1032 | dance:1001 | stand:939]
  Epoch  7290/8000 | loss=0.009235 | ep_len= 236.3 | noise=0.000 | 0.6 ep/s | dist: [walk:1045 | run:1071 | dance:1075 | stand:905]
  Epoch  7300/8000 | loss=0.003636 | ep_len= 229.2 | noise=0.000 | 0.6 ep/s | dist: [walk:1090 | run:1051 | dance:1061 | stand:894]
  Epoch  7310/8000 | loss=0.004795 | ep_len= 230.2 | noise=0.000 | 0.6 ep/s | dist: [walk:1057 | run:1066 | dance:1050 | stand:923]
  Epoch  7320/8000 | loss=0.004998 | ep_len= 230.0 | noise=0.000 | 0.6 ep/s | dist: [walk:1037 | run:1054 | dance:1050 | stand:955]
  Epoch  7330/8000 | loss=0.004401 | ep_len= 232.1 | noise=0.000 | 0.6 ep/s | dist: [walk:1099 | run:1051 | dance:1008 | stand:938]
  Epoch  7340/8000 | loss=0.004775 | ep_len= 230.4 | noise=0.000 | 0.6 ep/s | dist: [walk:1067 | run:1043 | dance:1058 | stand:928]
  Epoch  7350/8000 | loss=0.003666 | ep_len= 228.5 | noise=0.000 | 0.6 ep/s | dist: [walk:1062 | run:1069 | dance:1035 | stand:930]
  Epoch  7360/8000 | loss=0.005317 | ep_len= 233.3 | noise=0.000 | 0.6 ep/s | dist: [walk:1117 | run:1063 | dance:1022 | stand:894]
  Epoch  7370/8000 | loss=0.005401 | ep_len= 235.0 | noise=0.000 | 0.6 ep/s | dist: [walk:1092 | run:1081 | dance:1059 | stand:864]
  Epoch  7380/8000 | loss=0.004434 | ep_len= 227.3 | noise=0.000 | 0.6 ep/s | dist: [walk:1077 | run:1016 | dance:1114 | stand:889]
  Epoch  7390/8000 | loss=0.004326 | ep_len= 231.3 | noise=0.000 | 0.6 ep/s | dist: [walk:1082 | run:1087 | dance:1046 | stand:881]
  Epoch  7400/8000 | loss=0.004728 | ep_len= 236.8 | noise=0.000 | 0.6 ep/s | dist: [walk:1099 | run:1052 | dance:1042 | stand:903]
  Epoch  7410/8000 | loss=0.004390 | ep_len= 228.0 | noise=0.000 | 0.6 ep/s | dist: [walk:1117 | run:1034 | dance:1051 | stand:894]
  Epoch  7420/8000 | loss=0.004206 | ep_len= 232.4 | noise=0.000 | 0.6 ep/s | dist: [walk:1064 | run:1084 | dance:991 | stand:957]
  Epoch  7430/8000 | loss=0.005017 | ep_len= 237.7 | noise=0.000 | 0.6 ep/s | dist: [walk:1079 | run:1110 | dance:1006 | stand:901]
  Epoch  7440/8000 | loss=0.004646 | ep_len= 234.4 | noise=0.000 | 0.6 ep/s | dist: [walk:1029 | run:1090 | dance:1028 | stand:949]
  Epoch  7450/8000 | loss=0.005251 | ep_len= 229.0 | noise=0.000 | 0.6 ep/s | dist: [walk:1100 | run:1062 | dance:1016 | stand:918]
  Epoch  7460/8000 | loss=0.004781 | ep_len= 232.1 | noise=0.000 | 0.6 ep/s | dist: [walk:1064 | run:1106 | dance:1020 | stand:906]
  Epoch  7470/8000 | loss=0.005847 | ep_len= 234.3 | noise=0.000 | 0.6 ep/s | dist: [walk:1033 | run:1139 | dance:1018 | stand:906]
  Epoch  7480/8000 | loss=0.004097 | ep_len= 231.1 | noise=0.000 | 0.6 ep/s | dist: [walk:1102 | run:1048 | dance:1054 | stand:892]
  Epoch  7490/8000 | loss=0.004277 | ep_len= 226.7 | noise=0.000 | 0.6 ep/s | dist: [walk:1058 | run:1075 | dance:1039 | stand:924]
  Epoch  7500/8000 | loss=0.003781 | ep_len= 227.7 | noise=0.000 | 0.6 ep/s | dist: [walk:1054 | run:1035 | dance:1077 | stand:930]
  Epoch  7510/8000 | loss=0.006765 | ep_len= 237.3 | noise=0.000 | 0.6 ep/s | dist: [walk:1103 | run:1060 | dance:990 | stand:943]
  Epoch  7520/8000 | loss=0.003967 | ep_len= 234.7 | noise=0.000 | 0.6 ep/s | dist: [walk:1022 | run:1062 | dance:1102 | stand:910]
  Epoch  7530/8000 | loss=0.004285 | ep_len= 236.1 | noise=0.000 | 0.6 ep/s | dist: [walk:1100 | run:1067 | dance:1013 | stand:916]
  Epoch  7540/8000 | loss=0.004974 | ep_len= 229.0 | noise=0.000 | 0.6 ep/s | dist: [walk:1095 | run:1049 | dance:1082 | stand:870]
  Epoch  7550/8000 | loss=0.004092 | ep_len= 229.6 | noise=0.000 | 0.6 ep/s | dist: [walk:1083 | run:1073 | dance:1085 | stand:855]
  Epoch  7560/8000 | loss=0.004657 | ep_len= 236.4 | noise=0.000 | 0.6 ep/s | dist: [walk:1117 | run:1035 | dance:1036 | stand:908]
  Epoch  7570/8000 | loss=0.004539 | ep_len= 229.1 | noise=0.000 | 0.6 ep/s | dist: [walk:1065 | run:1033 | dance:1066 | stand:932]
  Epoch  7580/8000 | loss=0.004578 | ep_len= 230.8 | noise=0.000 | 0.6 ep/s | dist: [walk:1124 | run:1048 | dance:1028 | stand:896]
  Epoch  7590/8000 | loss=0.005248 | ep_len= 234.8 | noise=0.000 | 0.6 ep/s | dist: [walk:1132 | run:1075 | dance:1034 | stand:855]
  Epoch  7600/8000 | loss=0.004856 | ep_len= 229.6 | noise=0.000 | 0.6 ep/s | dist: [walk:1078 | run:1053 | dance:1060 | stand:905]
  Epoch  7610/8000 | loss=0.004139 | ep_len= 231.2 | noise=0.000 | 0.6 ep/s | dist: [walk:1069 | run:1084 | dance:1045 | stand:898]
  Epoch  7620/8000 | loss=0.004663 | ep_len= 231.1 | noise=0.000 | 0.6 ep/s | dist: [walk:1026 | run:1069 | dance:1059 | stand:942]
  Epoch  7630/8000 | loss=0.004041 | ep_len= 232.0 | noise=0.000 | 0.6 ep/s | dist: [walk:1071 | run:1079 | dance:1059 | stand:887]
  Epoch  7640/8000 | loss=0.004391 | ep_len= 230.9 | noise=0.000 | 0.6 ep/s | dist: [walk:1052 | run:1011 | dance:1089 | stand:944]
  Epoch  7650/8000 | loss=0.003638 | ep_len= 230.4 | noise=0.000 | 0.6 ep/s | dist: [walk:1153 | run:1030 | dance:1049 | stand:864]
  Epoch  7660/8000 | loss=0.004864 | ep_len= 240.0 | noise=0.000 | 0.6 ep/s | dist: [walk:1087 | run:1024 | dance:1044 | stand:941]
  Epoch  7670/8000 | loss=0.004095 | ep_len= 238.3 | noise=0.000 | 0.6 ep/s | dist: [walk:1057 | run:1062 | dance:1035 | stand:942]
  Epoch  7680/8000 | loss=0.004065 | ep_len= 233.7 | noise=0.000 | 0.6 ep/s | dist: [walk:1095 | run:1079 | dance:1028 | stand:894]
  Epoch  7690/8000 | loss=0.004039 | ep_len= 234.9 | noise=0.000 | 0.6 ep/s | dist: [walk:1083 | run:1041 | dance:1053 | stand:919]
  Epoch  7700/8000 | loss=0.004664 | ep_len= 221.7 | noise=0.000 | 0.6 ep/s | dist: [walk:1077 | run:1063 | dance:1030 | stand:926]
  Epoch  7710/8000 | loss=0.004702 | ep_len= 233.2 | noise=0.000 | 0.6 ep/s | dist: [walk:1120 | run:1050 | dance:1066 | stand:860]
  Epoch  7720/8000 | loss=0.004672 | ep_len= 234.5 | noise=0.000 | 0.6 ep/s | dist: [walk:1061 | run:1071 | dance:1037 | stand:927]
  Epoch  7730/8000 | loss=0.003949 | ep_len= 227.2 | noise=0.000 | 0.6 ep/s | dist: [walk:1126 | run:1053 | dance:1008 | stand:909]
  Epoch  7740/8000 | loss=0.004148 | ep_len= 228.2 | noise=0.000 | 0.6 ep/s | dist: [walk:1075 | run:1067 | dance:1019 | stand:935]
  Epoch  7750/8000 | loss=0.004823 | ep_len= 225.7 | noise=0.000 | 0.6 ep/s | dist: [walk:1050 | run:1008 | dance:1065 | stand:973]
  Epoch  7760/8000 | loss=0.004275 | ep_len= 231.1 | noise=0.000 | 0.6 ep/s | dist: [walk:1071 | run:1002 | dance:1086 | stand:937]
  Epoch  7770/8000 | loss=0.004251 | ep_len= 230.6 | noise=0.000 | 0.6 ep/s | dist: [walk:1135 | run:999 | dance:1045 | stand:917]
  Epoch  7780/8000 | loss=0.007717 | ep_len= 226.8 | noise=0.000 | 0.6 ep/s | dist: [walk:1047 | run:1075 | dance:1071 | stand:903]
  Epoch  7790/8000 | loss=0.004526 | ep_len= 232.8 | noise=0.000 | 0.6 ep/s | dist: [walk:1107 | run:1039 | dance:1073 | stand:877]
  Epoch  7800/8000 | loss=0.004359 | ep_len= 231.4 | noise=0.000 | 0.6 ep/s | dist: [walk:1112 | run:1006 | dance:1050 | stand:928]
  Epoch  7810/8000 | loss=0.004472 | ep_len= 232.6 | noise=0.000 | 0.6 ep/s | dist: [walk:1046 | run:1036 | dance:1065 | stand:949]
  Epoch  7820/8000 | loss=0.005407 | ep_len= 238.7 | noise=0.000 | 0.6 ep/s | dist: [walk:1115 | run:1053 | dance:1025 | stand:903]
  Epoch  7830/8000 | loss=0.004019 | ep_len= 233.9 | noise=0.000 | 0.6 ep/s | dist: [walk:1078 | run:1042 | dance:1069 | stand:907]
  Epoch  7840/8000 | loss=0.004218 | ep_len= 233.6 | noise=0.000 | 0.6 ep/s | dist: [walk:1058 | run:1087 | dance:1025 | stand:926]
  Epoch  7850/8000 | loss=0.005285 | ep_len= 234.7 | noise=0.000 | 0.6 ep/s | dist: [walk:1073 | run:1066 | dance:1059 | stand:898]
  Epoch  7860/8000 | loss=0.004087 | ep_len= 233.3 | noise=0.000 | 0.6 ep/s | dist: [walk:1100 | run:1072 | dance:1041 | stand:883]
  Epoch  7870/8000 | loss=0.004570 | ep_len= 236.5 | noise=0.000 | 0.6 ep/s | dist: [walk:1073 | run:1023 | dance:1060 | stand:940]
  Epoch  7880/8000 | loss=0.004120 | ep_len= 235.7 | noise=0.000 | 0.6 ep/s | dist: [walk:1059 | run:1060 | dance:1076 | stand:901]
  Epoch  7890/8000 | loss=0.004567 | ep_len= 237.6 | noise=0.000 | 0.6 ep/s | dist: [walk:1051 | run:1044 | dance:1064 | stand:937]
  Epoch  7900/8000 | loss=0.004586 | ep_len= 230.1 | noise=0.000 | 0.6 ep/s | dist: [walk:1071 | run:1087 | dance:1031 | stand:907]
  Epoch  7910/8000 | loss=0.004194 | ep_len= 227.3 | noise=0.000 | 0.6 ep/s | dist: [walk:1093 | run:1024 | dance:1034 | stand:945]
  Epoch  7920/8000 | loss=0.007572 | ep_len= 229.2 | noise=0.000 | 0.6 ep/s | dist: [walk:1053 | run:1127 | dance:1037 | stand:879]
  Epoch  7930/8000 | loss=0.004731 | ep_len= 226.0 | noise=0.000 | 0.6 ep/s | dist: [walk:1070 | run:1038 | dance:1028 | stand:960]
  Epoch  7940/8000 | loss=0.003921 | ep_len= 229.8 | noise=0.000 | 0.6 ep/s | dist: [walk:1101 | run:1019 | dance:1062 | stand:914]
  Epoch  7950/8000 | loss=0.004467 | ep_len= 230.6 | noise=0.000 | 0.6 ep/s | dist: [walk:1082 | run:1004 | dance:1079 | stand:931]
  Epoch  7960/8000 | loss=0.003956 | ep_len= 229.6 | noise=0.000 | 0.6 ep/s | dist: [walk:1081 | run:1090 | dance:1005 | stand:920]
  Epoch  7970/8000 | loss=0.005133 | ep_len= 230.6 | noise=0.000 | 0.6 ep/s | dist: [walk:1104 | run:1062 | dance:1010 | stand:920]
  Epoch  7980/8000 | loss=0.004541 | ep_len= 226.0 | noise=0.000 | 0.6 ep/s | dist: [walk:1036 | run:1090 | dance:1059 | stand:911]
  Epoch  7990/8000 | loss=0.003872 | ep_len= 236.7 | noise=0.000 | 0.6 ep/s | dist: [walk:1139 | run:1085 | dance:986 | stand:886]

============================================================
  Multi-Motion Stage 1 Training complete!
  Total time:    3.74 hours
  Best ep_len:   243.9
  Motions:       ['walk', 'run', 'dance', 'stand']
  Final ckpt:    /home/user/Workspace/ProKnee/ProKnee-HoraStyle/outputs/stage1_multi_walk_run_dance_stand_20260311_150656/checkpoints/final.pth
  Best ckpt:     /home/user/Workspace/ProKnee/ProKnee-HoraStyle/outputs/stage1_multi_walk_run_dance_stand_20260311_150656/checkpoints/best.pth
============================================================
  Copied best → /home/user/Workspace/ProKnee/ProKnee-HoraStyle/outputs/checkpoints/stage1_multi_realistic/best.pth
