nohup: ignoring input
bash: /home/user/anaconda3/envs/proknee_tc/lib/libtinfo.so.6: no version information available (required by bash)

╔══════════════════════════════════════════════════════════╗
║          Stage 0: Full Body AMP Walking                 ║
║          Official IsaacGymEnvs HumanoidAMP              ║
╠══════════════════════════════════════════════════════════╣
║  开始时间:    2026-03-08 21:55:24
║  最大迭代:    10000
║  工作目录:    /home/user/Workspace/ProKnee/ProKnee-HoraStyle/IsaacGymEnvs/isaacgymenvs
║  dt:          0.00556 (180Hz sim, 90Hz control)
║  motion_file: multi_locomotion.yaml
║  num_envs:    4096
║  额外参数:    
╠══════════════════════════════════════════════════════════╣
║  TensorBoard: tensorboard --logdir=/home/user/Workspace/ProKnee/ProKnee-HoraStyle/IsaacGymEnvs/isaacgymenvs/runs/ --port=6006
║  中断训练:    kill $$ (PID: 637803) 或 Ctrl-C
╚══════════════════════════════════════════════════════════╝

[21:55:24] >>> 训练开始 <<<

/home/user/anaconda3/envs/proknee_tc/lib/python3.8/site-packages/hydra/_internal/hydra.py:119: UserWarning: Future Hydra versions will no longer change working directory at job runtime by default.
See https://hydra.cc/docs/1.2/upgrades/1.1_to_1.2/changes_to_job_working_dir/ for more information.
  ret = run_job(
Importing module 'gym_38' (/home/user/Workspace/isaacgym/python/isaacgym/_bindings/linux-x86_64/gym_38.so)
Setting GYM_USD_PLUG_INFO_PATH to /home/user/Workspace/isaacgym/python/isaacgym/_bindings/linux-x86_64/usd/plugInfo.json
Gym has been unmaintained since 2022 and does not support NumPy 2.0 amongst other critical functionality.
Please upgrade to Gymnasium, the maintained drop-in replacement of Gym, or contact the authors of your software and request that they upgrade.
See the migration guide at https://gymnasium.farama.org/introduction/migration_guide/ for additional information.
PyTorch version 2.4.1+cu124
Device count 1
/home/user/Workspace/isaacgym/python/isaacgym/_bindings/src/gymtorch
Using /home/user/.cache/torch_extensions/py38_cu124 as PyTorch extensions root...
Emitting ninja build file /home/user/.cache/torch_extensions/py38_cu124/gymtorch/build.ninja...
Building extension module gymtorch...
Allowing ninja to set a default number of workers... (overridable by setting the environment variable MAX_JOBS=N)
ninja: no work to do.
Loading extension module gymtorch...
2026-03-08 21:55:26,269 - INFO - logger - logger initialized
<unknown>:3: DeprecationWarning: invalid escape sequence \*
Error: FBX library failed to load - importing FBX data will not succeed. Message: No module named 'fbx'
FBX tools must be installed from https://help.autodesk.com/view/FBX/2020/ENU/?guid=FBX_Developer_Help_scripting_with_python_fbx_installing_python_fbx_html
task: 
    name: HumanoidAMP
    physics_engine: physx
    env: 
        numEnvs: 4096
        envSpacing: 5
        episodeLength: 300
        cameraFollow: True
        enableDebugVis: False
        pdControl: True
        powerScale: 1.0
        controlFrequencyInv: 2
        stateInit: Random
        hybridInitProb: 0.5
        numAMPObsSteps: 2
        localRootObs: False
        contactBodies: ['right_foot', 'left_foot']
        terminationHeight: 0.5
        enableEarlyTermination: True
        motion_file: multi_locomotion.yaml
        asset: 
            assetFileName: mjcf/amp_humanoid.xml
        plane: 
            staticFriction: 1.0
            dynamicFriction: 1.0
            restitution: 0.0
    sim: 
        dt: 0.00556
        substeps: 2
        up_axis: z
        use_gpu_pipeline: True
        gravity: [0.0, 0.0, -9.81]
        physx: 
            num_threads: 4
            solver_type: 1
            use_gpu: True
            num_position_iterations: 4
            num_velocity_iterations: 0
            contact_offset: 0.02
            rest_offset: 0.0
            bounce_threshold_velocity: 0.2
            max_depenetration_velocity: 10.0
            default_buffer_size_multiplier: 5.0
            max_gpu_contact_pairs: 8388608
            num_subscenes: 4
            contact_collection: 2
    task: 
        randomize: False
        randomization_params: 
            frequency: 600
            observations: 
                range: [0, 0.002]
                operation: additive
                distribution: gaussian
            actions: 
                range: [0.0, 0.02]
                operation: additive
                distribution: gaussian
            sim_params: 
                gravity: 
                    range: [0, 0.4]
                    operation: additive
                    distribution: gaussian
                    schedule: linear
                    schedule_steps: 3000
            actor_params: 
                humanoid: 
                    color: True
                    rigid_body_properties: 
                        mass: 
                            range: [0.5, 1.5]
                            operation: scaling
                            distribution: uniform
                            setup_only: True
                            schedule: linear
                            schedule_steps: 3000
                    rigid_shape_properties: 
                        friction: 
                            num_buckets: 500
                            range: [0.7, 1.3]
                            operation: scaling
                            distribution: uniform
                            schedule: linear
                            schedule_steps: 3000
                        restitution: 
                            range: [0.0, 0.7]
                            operation: scaling
                            distribution: uniform
                            schedule: linear
                            schedule_steps: 3000
                    dof_properties: 
                        damping: 
                            range: [0.5, 1.5]
                            operation: scaling
                            distribution: uniform
                            schedule: linear
                            schedule_steps: 3000
                        stiffness: 
                            range: [0.5, 1.5]
                            operation: scaling
                            distribution: uniform
                            schedule: linear
                            schedule_steps: 3000
                        lower: 
                            range: [0, 0.01]
                            operation: additive
                            distribution: gaussian
                            schedule: linear
                            schedule_steps: 3000
                        upper: 
                            range: [0, 0.01]
                            operation: additive
                            distribution: gaussian
                            schedule: linear
                            schedule_steps: 3000
train: 
    params: 
        seed: 42
        algo: 
            name: amp_continuous
        model: 
            name: continuous_amp
        network: 
            name: amp
            separate: True
            space: 
                continuous: 
                    mu_activation: None
                    sigma_activation: None
                    mu_init: 
                        name: default
                    sigma_init: 
                        name: const_initializer
                        val: -2.9
                    fixed_sigma: True
                    learn_sigma: False
            mlp: 
                units: [1024, 512]
                activation: relu
                d2rl: False
                initializer: 
                    name: default
                regularizer: 
                    name: None
            disc: 
                units: [1024, 512]
                activation: relu
                initializer: 
                    name: default
        load_checkpoint: False
        load_path: 
        config: 
            name: HumanoidAMP
            full_experiment_name: HumanoidAMP
            env_name: rlgpu
            ppo: True
            multi_gpu: False
            mixed_precision: False
            normalize_input: True
            normalize_value: True
            value_bootstrap: True
            num_actors: 4096
            reward_shaper: 
                scale_value: 1
            normalize_advantage: True
            gamma: 0.99
            tau: 0.95
            learning_rate: 5e-05
            lr_schedule: constant
            kl_threshold: 0.008
            score_to_win: 20000
            max_epochs: 10000
            save_best_after: 100
            save_frequency: 50
            print_stats: True
            grad_norm: 1.0
            entropy_coef: 0.0
            truncate_grads: False
            e_clip: 0.2
            horizon_length: 16
            minibatch_size: 32768
            mini_epochs: 6
            critic_coef: 5
            clip_value: False
            seq_len: 4
            bounds_loss_coef: 10
            amp_obs_demo_buffer_size: 200000
            amp_replay_buffer_size: 1000000
            amp_replay_keep_prob: 0.01
            amp_batch_size: 512
            amp_minibatch_size: 4096
            disc_coef: 5
            disc_logit_reg: 0.05
            disc_grad_penalty: 5
            disc_reward_scale: 2
            disc_weight_decay: 0.0001
            normalize_amp_input: True
            task_reward_w: 0.0
            disc_reward_w: 1.0
pbt: 
    enabled: False
task_name: HumanoidAMP
experiment: 
num_envs: 4096
seed: 42
torch_deterministic: False
max_iterations: 10000
physics_engine: physx
pipeline: gpu
sim_device: cuda:0
rl_device: cuda:0
graphics_device_id: 0
num_threads: 4
solver_type: 1
num_subscenes: 4
test: False
checkpoint: 
sigma: 
multi_gpu: False
wandb_activate: False
wandb_group: 
wandb_name: HumanoidAMP
wandb_entity: 
wandb_project: isaacgymenvs
wandb_tags: []
wandb_logcode_dir: 
capture_video: False
capture_video_freq: 1464
capture_video_len: 100
force_render: True
headless: True
Setting seed: 42
Using rl_device: cuda:0
Using sim_device: cuda:0
{'name': 'HumanoidAMP', 'full_experiment_name': None, 'env_name': 'rlgpu', 'ppo': True, 'multi_gpu': False, 'mixed_precision': False, 'normalize_input': True, 'normalize_value': True, 'value_bootstrap': True, 'num_actors': 4096, 'reward_shaper': {'scale_value': 1}, 'normalize_advantage': True, 'gamma': 0.99, 'tau': 0.95, 'learning_rate': 5e-05, 'lr_schedule': 'constant', 'kl_threshold': 0.008, 'score_to_win': 20000, 'max_epochs': 10000, 'save_best_after': 100, 'save_frequency': 50, 'print_stats': True, 'grad_norm': 1.0, 'entropy_coef': 0.0, 'truncate_grads': False, 'e_clip': 0.2, 'horizon_length': 16, 'minibatch_size': 32768, 'mini_epochs': 6, 'critic_coef': 5, 'clip_value': False, 'seq_len': 4, 'bounds_loss_coef': 10, 'amp_obs_demo_buffer_size': 200000, 'amp_replay_buffer_size': 1000000, 'amp_replay_keep_prob': 0.01, 'amp_batch_size': 512, 'amp_minibatch_size': 4096, 'disc_coef': 5, 'disc_logit_reg': 0.05, 'disc_grad_penalty': 5, 'disc_reward_scale': 2, 'disc_weight_decay': 0.0001, 'normalize_amp_input': True, 'task_reward_w': 0.0, 'disc_reward_w': 1.0, 'device': 'cuda:0', 'population_based_training': False, 'pbt_idx': None}
self.seed = 42
Started to train
/home/user/anaconda3/envs/proknee_tc/lib/python3.8/site-packages/gym/spaces/box.py:84: UserWarning: [33mWARN: Box bound precision lowered by casting to float32[0m
  logger.warn(f"Box bound precision lowered by casting to {self.dtype}")
[Warning] [carb.gym.plugin] useGpu is set, forcing single scene (0 subscenes)
Not connected to PVD
+++ Using GPU PhysX
Physics Engine: PhysX
Physics Device: cuda:0
GPU Pipeline: enabled
/home/user/Workspace/ProKnee/ProKnee-HoraStyle/IsaacGymEnvs/isaacgymenvs/tasks/amp/humanoid_amp_base.py:186: DeprecationWarning: an integer is required (got type isaacgym._bindings.linux-x86_64.gym_38.DofDriveMode).  Implicit conversion to integers using __int__ is deprecated, and may be removed in a future version of Python.
  asset_options.default_dof_drive_mode = gymapi.DOF_MODE_NONE
Loading 1/3 motion files: /home/user/Workspace/ProKnee/ProKnee-HoraStyle/IsaacGymEnvs/isaacgymenvs/tasks/../../assets/amp/motions/amp_humanoid_walk.npy
Loading 2/3 motion files: /home/user/Workspace/ProKnee/ProKnee-HoraStyle/IsaacGymEnvs/isaacgymenvs/tasks/../../assets/amp/motions/amp_humanoid_run.npy
Loading 3/3 motion files: /home/user/Workspace/ProKnee/ProKnee-HoraStyle/IsaacGymEnvs/isaacgymenvs/tasks/../../assets/amp/motions/amp_humanoid_dance.npy
Loaded 3 motions with a total length of 18.917s.
Box(-1.0, 1.0, (28,), float32) Box(-inf, inf, (105,), float32)
WARNING: seq_len is deprecated, use seq_length instead
seq_length: 4
current training device: cuda:0
/home/user/anaconda3/envs/proknee_tc/lib/python3.8/site-packages/rl_games/common/a2c_common.py:254: FutureWarning: `torch.cuda.amp.GradScaler(args...)` is deprecated. Please use `torch.amp.GradScaler('cuda', args...)` instead.
  self.scaler = torch.cuda.amp.GradScaler(enabled=self.mixed_precision)
build mlp: 105
build mlp: 105
build mlp: 210
sigma
actor_mlp.0.weight
actor_mlp.0.bias
actor_mlp.2.weight
actor_mlp.2.bias
critic_mlp.0.weight
critic_mlp.0.bias
critic_mlp.2.weight
critic_mlp.2.bias
value.weight
value.bias
mu.weight
mu.bias
_disc_mlp.0.weight
_disc_mlp.0.bias
_disc_mlp.2.weight
_disc_mlp.2.bias
_disc_logits.weight
_disc_logits.bias
RunningMeanStd:  (1,)
RunningMeanStd:  (105,)
RunningMeanStd:  (210,)
/home/user/Workspace/ProKnee/ProKnee-HoraStyle/IsaacGymEnvs/isaacgymenvs/learning/amp_continuous.py:291: FutureWarning: `torch.cuda.amp.autocast(args...)` is deprecated. Please use `torch.amp.autocast('cuda', args...)` instead.
  with torch.cuda.amp.autocast(enabled=self.mixed_precision):
/home/user/anaconda3/envs/proknee_tc/lib/python3.8/site-packages/torch/autograd/graph.py:769: UserWarning: Attempting to run cuBLAS, but there was no current CUDA context! Attempting to set the primary context... (Triggered internally at ../aten/src/ATen/cuda/CublasHandlePool.cpp:135.)
  return Variable._execution_engine.run_backward(  # Calls into the C++ engine to run the backward pass
fps step: 106873.6 fps total: 77052.0
fps step: 126053.6 fps total: 92964.0
fps step: 134240.4 fps total: 99682.9
fps step: 119231.1 fps total: 91160.5
fps step: 115988.4 fps total: 88528.7
fps step: 122945.4 fps total: 91684.3
fps step: 120474.1 fps total: 90626.7
fps step: 115757.1 fps total: 86571.5
fps step: 116736.0 fps total: 87933.6
fps step: 114347.0 fps total: 88274.4
fps step: 103257.7 fps total: 80900.3
fps step: 131188.0 fps total: 97334.4
fps step: 136701.9 fps total: 100425.1
fps step: 147400.7 fps total: 107526.6
fps step: 132933.0 fps total: 99502.4
fps step: 144902.8 fps total: 101987.5
fps step: 142577.5 fps total: 102597.7
fps step: 169042.5 fps total: 119262.5
fps step: 166277.3 fps total: 116380.5
fps step: 151247.4 fps total: 109725.7
fps step: 167259.8 fps total: 118563.8
fps step: 165083.3 fps total: 117556.3
fps step: 159145.8 fps total: 114278.2
fps step: 175419.0 fps total: 121720.8
fps step: 171418.9 fps total: 117743.7
fps step: 147402.4 fps total: 104755.8
fps step: 167134.8 fps total: 116075.0
fps step: 140855.4 fps total: 103206.0
fps step: 151769.7 fps total: 108871.2
fps step: 170686.6 fps total: 120020.6
fps step: 171069.3 fps total: 120596.5
fps step: 174206.6 fps total: 121672.5
fps step: 160870.6 fps total: 113890.0
fps step: 163324.8 fps total: 114712.2
fps step: 154897.5 fps total: 111955.0
fps step: 160627.7 fps total: 115163.5
fps step: 160789.0 fps total: 114491.8
fps step: 176201.0 fps total: 122177.1
fps step: 167330.9 fps total: 114854.1
fps step: 161555.9 fps total: 113343.5
fps step: 156965.8 fps total: 109032.6
fps step: 172075.9 fps total: 120761.0
fps step: 161822.5 fps total: 113128.4
fps step: 161845.3 fps total: 114803.5
fps step: 178169.4 fps total: 124084.6
fps step: 177077.6 fps total: 115928.9
fps step: 169155.1 fps total: 118584.6
fps step: 158691.9 fps total: 109033.6
fps step: 150736.6 fps total: 104008.5
fps step: 173063.5 fps total: 116932.0
=> saving checkpoint 'runs/HumanoidAMP_08-21-55-26/nn/HumanoidAMP_08-21-55-27_50.pth'
fps step: 177713.9 fps total: 121685.2
fps step: 174071.7 fps total: 118985.0
fps step: 158176.1 fps total: 113001.9
fps step: 175673.2 fps total: 120120.1
fps step: 163504.4 fps total: 114840.4
fps step: 160512.2 fps total: 114419.3
fps step: 167717.8 fps total: 118596.3
fps step: 164742.0 fps total: 114542.7
fps step: 176260.3 fps total: 121530.4
fps step: 176088.8 fps total: 119898.8
fps step: 168273.2 fps total: 117821.9
fps step: 165814.6 fps total: 117658.6
fps step: 164284.8 fps total: 115657.9
fps step: 170205.4 fps total: 119648.7
fps step: 153924.3 fps total: 110414.5
fps step: 165021.6 fps total: 117299.7
fps step: 168889.5 fps total: 118534.8
fps step: 158915.1 fps total: 113834.3
fps step: 129889.6 fps total: 98136.9
fps step: 161176.6 fps total: 114255.2
fps step: 180332.1 fps total: 123686.7
fps step: 174386.5 fps total: 119292.2
fps step: 162747.5 fps total: 115867.3
fps step: 178794.2 fps total: 123388.3
fps step: 175337.7 fps total: 122425.3
fps step: 179815.9 fps total: 124132.5
fps step: 181483.1 fps total: 125288.7
fps step: 182155.4 fps total: 125418.8
fps step: 173469.4 fps total: 120614.6
fps step: 164097.0 fps total: 115656.4
fps step: 168916.0 fps total: 115366.9
fps step: 175739.4 fps total: 120631.7
fps step: 167128.2 fps total: 116063.4
fps step: 164387.3 fps total: 113955.4
fps step: 159398.2 fps total: 112886.9
fps step: 135635.8 fps total: 99807.8
fps step: 141499.9 fps total: 103812.3
fps step: 146445.6 fps total: 106348.8
fps step: 152837.4 fps total: 108122.4
fps step: 152568.5 fps total: 107330.8
fps step: 146754.5 fps total: 106380.7
fps step: 168290.7 fps total: 117792.7
fps step: 176872.7 fps total: 122232.4
fps step: 178197.2 fps total: 122921.7
fps step: 181425.7 fps total: 125361.3
fps step: 180488.3 fps total: 124883.8
fps step: 181422.4 fps total: 123986.2
fps step: 182563.7 fps total: 125572.2
fps step: 179627.8 fps total: 124490.1
fps step: 181432.9 fps total: 125176.6
=> saving checkpoint 'runs/HumanoidAMP_08-21-55-26/nn/HumanoidAMP_08-21-55-27_100.pth'
fps step: 181776.9 fps total: 125560.8
fps step: 179492.1 fps total: 124198.7
fps step: 173955.7 fps total: 120081.6
fps step: 167560.1 fps total: 117279.7
fps step: 171594.8 fps total: 119348.8
fps step: 174848.4 fps total: 122303.0
fps step: 176932.6 fps total: 120991.3
fps step: 166621.6 fps total: 117203.3
fps step: 172499.3 fps total: 117889.4
fps step: 171915.4 fps total: 120144.5
fps step: 184847.9 fps total: 126838.8
fps step: 180937.6 fps total: 124721.4
fps step: 184680.5 fps total: 123935.1
fps step: 175432.4 fps total: 120636.1
fps step: 181356.8 fps total: 124871.9
fps step: 179970.9 fps total: 123644.3
fps step: 169189.5 fps total: 116293.4
fps step: 180401.0 fps total: 123755.8
fps step: 184466.7 fps total: 126512.6
fps step: 156383.6 fps total: 111065.4
fps step: 152731.0 fps total: 108521.5
fps step: 166124.3 fps total: 115911.2
fps step: 183391.9 fps total: 126218.4
fps step: 180075.8 fps total: 123108.6
fps step: 181866.0 fps total: 123037.7
fps step: 148951.8 fps total: 107011.0
fps step: 163571.5 fps total: 116300.0
fps step: 162570.9 fps total: 115876.9
fps step: 183912.2 fps total: 125597.0
fps step: 177743.7 fps total: 123320.5
fps step: 185074.3 fps total: 125236.8
fps step: 177948.0 fps total: 123221.0
fps step: 169924.4 fps total: 119654.4
fps step: 151188.0 fps total: 108323.4
fps step: 184074.9 fps total: 124883.0
fps step: 183061.1 fps total: 124694.6
fps step: 183118.9 fps total: 125378.4
fps step: 182981.1 fps total: 125965.5
fps step: 173224.0 fps total: 118232.4
fps step: 176495.5 fps total: 120764.1
fps step: 178480.3 fps total: 123818.4
fps step: 149791.9 fps total: 109006.9
fps step: 153810.1 fps total: 106325.4
fps step: 161426.4 fps total: 112350.0
fps step: 182513.4 fps total: 124983.9
fps step: 180919.4 fps total: 125048.3
fps step: 184027.6 fps total: 126634.6
fps step: 176370.3 fps total: 121020.5
fps step: 164857.4 fps total: 115511.6
fps step: 173651.7 fps total: 119205.7
=> saving checkpoint 'runs/HumanoidAMP_08-21-55-26/nn/HumanoidAMP_08-21-55-27_150.pth'
fps step: 180045.0 fps total: 124734.5
fps step: 181646.9 fps total: 125340.1
fps step: 181275.6 fps total: 125477.7
fps step: 169343.2 fps total: 117692.1
fps step: 182038.3 fps total: 123439.6
fps step: 163014.0 fps total: 116233.6
fps step: 152421.5 fps total: 110264.4
fps step: 181876.0 fps total: 125232.7
fps step: 183270.1 fps total: 125923.7
fps step: 178691.8 fps total: 123505.4
fps step: 181993.2 fps total: 123215.3
fps step: 183169.6 fps total: 122926.3
fps step: 181261.1 fps total: 123897.3
fps step: 149609.7 fps total: 108581.1
fps step: 158668.9 fps total: 112674.9
fps step: 156320.2 fps total: 112462.7
fps step: 182729.8 fps total: 124550.5
fps step: 172006.5 fps total: 116223.2
fps step: 163813.9 fps total: 113227.7
fps step: 155129.6 fps total: 110647.5
fps step: 174419.9 fps total: 119216.3
fps step: 174824.7 fps total: 120494.4
fps step: 183909.2 fps total: 123712.6
fps step: 174437.9 fps total: 119101.1
fps step: 170309.2 fps total: 115804.5
fps step: 178884.2 fps total: 123851.0
fps step: 174525.4 fps total: 120987.6
fps step: 171074.1 fps total: 118859.2
fps step: 167098.8 fps total: 116199.2
fps step: 155481.8 fps total: 112040.1
fps step: 178989.8 fps total: 121910.5
fps step: 174385.7 fps total: 119691.3
fps step: 180460.0 fps total: 125088.2
fps step: 180346.9 fps total: 124678.4
fps step: 185131.0 fps total: 127016.0
fps step: 181734.7 fps total: 124542.6
fps step: 169454.7 fps total: 118439.3
fps step: 181966.0 fps total: 124442.2
fps step: 183749.0 fps total: 122925.7
fps step: 179738.3 fps total: 123895.5
fps step: 184678.4 fps total: 123885.4
fps step: 180944.9 fps total: 124205.0
fps step: 182248.0 fps total: 124189.4
fps step: 153946.2 fps total: 109576.1
fps step: 146405.3 fps total: 105486.0
fps step: 163708.1 fps total: 115790.5
fps step: 160790.1 fps total: 113891.4
fps step: 180461.4 fps total: 124999.6
fps step: 176329.1 fps total: 123040.5
fps step: 181588.0 fps total: 122594.3
=> saving checkpoint 'runs/HumanoidAMP_08-21-55-26/nn/HumanoidAMP_08-21-55-27_200.pth'
fps step: 183483.1 fps total: 126548.4
fps step: 176331.4 fps total: 121785.3
fps step: 180905.0 fps total: 125112.4
fps step: 184034.0 fps total: 126376.1
fps step: 163149.1 fps total: 114459.6
fps step: 163261.0 fps total: 115514.7
fps step: 140448.4 fps total: 103945.2
fps step: 142731.4 fps total: 104385.3
fps step: 161049.8 fps total: 113441.5
fps step: 175469.9 fps total: 121575.9
fps step: 176555.2 fps total: 120078.1
fps step: 141707.2 fps total: 103535.9
fps step: 155174.2 fps total: 109988.0
fps step: 182683.8 fps total: 125614.5
fps step: 157391.2 fps total: 111800.2
fps step: 183581.9 fps total: 125562.8
fps step: 182198.0 fps total: 124710.5
fps step: 162153.0 fps total: 113393.5
fps step: 173534.3 fps total: 120945.0
fps step: 182351.4 fps total: 124545.6
fps step: 172724.0 fps total: 119899.1
fps step: 162040.8 fps total: 114292.2
fps step: 180938.3 fps total: 122365.0
fps step: 164700.8 fps total: 114699.8
fps step: 181350.9 fps total: 121681.7
fps step: 176999.8 fps total: 122671.9
fps step: 171561.0 fps total: 120618.2
fps step: 169563.5 fps total: 116551.8
fps step: 181009.7 fps total: 122575.4
fps step: 179815.0 fps total: 123623.8
fps step: 182192.2 fps total: 125540.7
fps step: 179673.7 fps total: 124112.9
fps step: 183800.4 fps total: 125656.7
fps step: 183846.9 fps total: 124636.7
fps step: 165429.9 fps total: 113198.8
fps step: 144573.1 fps total: 105770.1
fps step: 168176.4 fps total: 118730.7
fps step: 184366.2 fps total: 125918.5
fps step: 184839.5 fps total: 126141.6
fps step: 146407.5 fps total: 105847.9
fps step: 169711.6 fps total: 117541.9
fps step: 162139.9 fps total: 112525.5
fps step: 178758.0 fps total: 124243.3
fps step: 161184.5 fps total: 114599.2
fps step: 152633.9 fps total: 109998.2
fps step: 175822.2 fps total: 122619.4
fps step: 184292.7 fps total: 126804.7
fps step: 184340.9 fps total: 126522.1
fps step: 151790.3 fps total: 107098.8
fps step: 134461.9 fps total: 99031.5
=> saving checkpoint 'runs/HumanoidAMP_08-21-55-26/nn/HumanoidAMP_08-21-55-27_250.pth'
fps step: 176705.8 fps total: 122681.2
fps step: 182911.2 fps total: 124424.5
fps step: 184498.4 fps total: 126793.0
fps step: 184981.0 fps total: 127015.5
fps step: 179475.8 fps total: 124567.1
fps step: 184220.3 fps total: 126391.4
fps step: 184937.6 fps total: 125774.7
fps step: 163559.4 fps total: 111631.5
fps step: 162714.5 fps total: 111207.0
fps step: 153183.5 fps total: 107551.7
fps step: 185970.2 fps total: 127373.8
fps step: 146966.7 fps total: 106549.0
fps step: 184298.8 fps total: 125518.5
fps step: 186115.3 fps total: 127461.0
fps step: 185332.7 fps total: 126850.5
fps step: 182665.5 fps total: 125883.5
fps step: 185463.3 fps total: 124563.7
fps step: 160900.1 fps total: 113481.4
fps step: 179406.2 fps total: 122512.5
fps step: 157896.0 fps total: 111170.0
fps step: 167026.5 fps total: 116839.7
fps step: 156728.6 fps total: 110244.4
fps step: 183074.4 fps total: 122825.2
fps step: 186330.1 fps total: 127808.3
fps step: 185399.7 fps total: 127339.2
fps step: 177329.9 fps total: 122228.0
fps step: 163323.0 fps total: 116264.0
fps step: 171834.1 fps total: 119002.0
fps step: 170135.3 fps total: 119795.4
fps step: 161186.8 fps total: 112000.5
fps step: 164773.7 fps total: 115065.2
fps step: 142555.5 fps total: 103574.0
fps step: 163091.3 fps total: 113781.4
fps step: 166078.3 fps total: 115388.0
fps step: 181051.6 fps total: 123800.6
fps step: 165536.5 fps total: 113842.0
fps step: 168432.1 fps total: 118549.9
fps step: 175570.7 fps total: 121257.5
fps step: 163202.5 fps total: 114976.2
fps step: 165660.4 fps total: 115403.6
fps step: 163355.9 fps total: 115746.6
fps step: 171841.4 fps total: 118878.7
fps step: 187972.3 fps total: 128560.4
fps step: 160548.8 fps total: 114321.5
fps step: 159435.5 fps total: 112692.5
fps step: 165390.1 fps total: 113709.9
fps step: 167457.3 fps total: 114985.4
fps step: 140127.7 fps total: 101569.7
fps step: 182925.2 fps total: 126276.0
fps step: 168652.1 fps total: 119102.9
=> saving checkpoint 'runs/HumanoidAMP_08-21-55-26/nn/HumanoidAMP_08-21-55-27_300.pth'
fps step: 187649.3 fps total: 128480.8
fps step: 153122.3 fps total: 108212.2
fps step: 157758.6 fps total: 113740.5
fps step: 178072.6 fps total: 123025.8
fps step: 187358.2 fps total: 127072.3
fps step: 176392.2 fps total: 121797.8
fps step: 161564.8 fps total: 115418.0
fps step: 167924.5 fps total: 117071.7
fps step: 188144.3 fps total: 128422.0
fps step: 186008.3 fps total: 127578.9
fps step: 186515.1 fps total: 127526.1
fps step: 185815.3 fps total: 126965.9
fps step: 161253.1 fps total: 114283.6
fps step: 180447.1 fps total: 124707.3
fps step: 186674.8 fps total: 126625.0
fps step: 179258.0 fps total: 122208.3
fps step: 175004.3 fps total: 120607.8
fps step: 169113.7 fps total: 116835.9
fps step: 143916.7 fps total: 105801.0
fps step: 188175.0 fps total: 127072.3
fps step: 186223.8 fps total: 125850.9
fps step: 186755.7 fps total: 127889.9
fps step: 187288.8 fps total: 128242.5
fps step: 188751.7 fps total: 128458.5
fps step: 188900.8 fps total: 128815.2
fps step: 186338.1 fps total: 124595.1
fps step: 180182.7 fps total: 124246.3
fps step: 183533.0 fps total: 125233.0
fps step: 166781.8 fps total: 116975.0
fps step: 186841.3 fps total: 128093.1
fps step: 173911.1 fps total: 120497.5
fps step: 170116.8 fps total: 119121.9
fps step: 188895.6 fps total: 127422.2
fps step: 185785.9 fps total: 127374.3
fps step: 189249.1 fps total: 129240.9
fps step: 183467.0 fps total: 126057.2
fps step: 170005.2 fps total: 117843.2
fps step: 186459.9 fps total: 127069.4
fps step: 181965.1 fps total: 122689.9
fps step: 154466.4 fps total: 110096.2
fps step: 173955.0 fps total: 120801.9
fps step: 163224.2 fps total: 115941.9
fps step: 187572.4 fps total: 128319.0
fps step: 163660.1 fps total: 115830.2
fps step: 161669.1 fps total: 114483.3
fps step: 186258.9 fps total: 125517.8
fps step: 186122.3 fps total: 126410.2
fps step: 150407.9 fps total: 107604.7
fps step: 153441.7 fps total: 111090.9
fps step: 188542.2 fps total: 128601.6
=> saving checkpoint 'runs/HumanoidAMP_08-21-55-26/nn/HumanoidAMP_08-21-55-27_350.pth'
fps step: 177867.3 fps total: 123793.5
fps step: 177285.3 fps total: 120764.6
fps step: 176582.0 fps total: 117962.0
fps step: 172025.6 fps total: 119013.6
fps step: 177086.7 fps total: 121261.1
fps step: 159739.3 fps total: 112036.2
fps step: 186705.5 fps total: 123625.5
fps step: 175703.0 fps total: 121429.2
fps step: 179321.7 fps total: 122261.6
fps step: 180986.9 fps total: 124300.2
fps step: 173336.2 fps total: 118881.0
fps step: 162595.3 fps total: 116147.5
fps step: 160434.2 fps total: 113290.6
fps step: 177908.3 fps total: 122033.7
fps step: 162401.2 fps total: 115811.6
fps step: 190002.9 fps total: 128923.4
fps step: 174541.5 fps total: 121774.2
fps step: 188495.8 fps total: 128533.2
fps step: 188769.7 fps total: 128065.7
fps step: 186812.8 fps total: 127580.0
fps step: 183380.2 fps total: 126312.0
fps step: 173505.2 fps total: 121653.3
fps step: 163637.7 fps total: 115171.0
fps step: 182580.3 fps total: 125555.4
fps step: 166917.2 fps total: 117880.9
fps step: 160515.8 fps total: 112866.9
fps step: 165201.5 fps total: 116552.7
fps step: 172755.3 fps total: 119503.7
fps step: 171762.8 fps total: 116370.6
fps step: 173787.4 fps total: 120299.0
fps step: 176544.2 fps total: 118814.3
fps step: 157376.2 fps total: 112395.9
fps step: 176450.8 fps total: 123103.8
fps step: 167624.5 fps total: 117940.4
fps step: 164534.3 fps total: 115334.2
fps step: 151472.1 fps total: 109370.8
fps step: 171088.7 fps total: 119677.8
fps step: 185639.3 fps total: 126669.5
fps step: 185326.1 fps total: 127194.3
fps step: 186817.2 fps total: 126480.3
fps step: 186469.2 fps total: 127778.6
fps step: 186727.9 fps total: 127483.7
fps step: 186628.8 fps total: 127719.2
fps step: 189331.9 fps total: 129164.4
fps step: 187617.3 fps total: 128476.7
fps step: 187117.8 fps total: 127672.5
fps step: 170642.8 fps total: 120029.5
fps step: 158467.1 fps total: 113250.9
fps step: 175780.1 fps total: 120724.5
fps step: 182147.5 fps total: 124732.5
=> saving checkpoint 'runs/HumanoidAMP_08-21-55-26/nn/HumanoidAMP_08-21-55-27_400.pth'
fps step: 188133.0 fps total: 126614.2
fps step: 179400.6 fps total: 123048.2
fps step: 187494.7 fps total: 128140.7
fps step: 180501.1 fps total: 124901.2
fps step: 181374.1 fps total: 124159.0
fps step: 174101.1 fps total: 120575.5
fps step: 176016.8 fps total: 121959.4
fps step: 169441.3 fps total: 119375.5
fps step: 161263.1 fps total: 114436.1
fps step: 169185.9 fps total: 119180.8
fps step: 167113.6 fps total: 118111.7
fps step: 183817.5 fps total: 124120.2
fps step: 172714.5 fps total: 119746.3
fps step: 189331.0 fps total: 129137.1
fps step: 185781.4 fps total: 127014.0
fps step: 186705.1 fps total: 127791.6
fps step: 188208.5 fps total: 127274.4
fps step: 187972.0 fps total: 128531.9
fps step: 154982.0 fps total: 110166.4
fps step: 147902.1 fps total: 105915.8
fps step: 189645.3 fps total: 128956.2
fps step: 185353.9 fps total: 127165.4
fps step: 152891.6 fps total: 108228.9
fps step: 185390.7 fps total: 124672.1
fps step: 188291.8 fps total: 128809.6
fps step: 187938.5 fps total: 128515.8
fps step: 188698.5 fps total: 128932.1
fps step: 187871.7 fps total: 128135.2
fps step: 188544.2 fps total: 128924.3
fps step: 186503.2 fps total: 126924.4
fps step: 185219.1 fps total: 127301.8
fps step: 186810.7 fps total: 127881.2
fps step: 188720.7 fps total: 127850.8
fps step: 187985.9 fps total: 128318.9
fps step: 185049.6 fps total: 126823.4
fps step: 185932.6 fps total: 127248.2
fps step: 186614.4 fps total: 127385.9
fps step: 141417.7 fps total: 104007.8
fps step: 186805.3 fps total: 127038.0
fps step: 185740.4 fps total: 126923.0
fps step: 183423.9 fps total: 122488.2
fps step: 132227.6 fps total: 97009.4
fps step: 141046.8 fps total: 104364.4
fps step: 167930.7 fps total: 115944.4
fps step: 154246.3 fps total: 109678.8
fps step: 160105.5 fps total: 109505.6
fps step: 183047.7 fps total: 122935.5
fps step: 179924.1 fps total: 120930.3
fps step: 179577.2 fps total: 120034.9
fps step: 180841.4 fps total: 123153.5
=> saving checkpoint 'runs/HumanoidAMP_08-21-55-26/nn/HumanoidAMP_08-21-55-27_450.pth'
fps step: 165919.1 fps total: 113338.3
fps step: 172995.1 fps total: 118432.9
fps step: 163691.8 fps total: 114042.7
fps step: 184672.7 fps total: 127163.7
fps step: 182768.0 fps total: 125889.1
fps step: 183217.2 fps total: 125955.3
fps step: 173449.3 fps total: 120581.0
fps step: 150892.9 fps total: 108119.6
fps step: 139305.1 fps total: 102314.8
fps step: 168877.5 fps total: 117205.8
fps step: 170297.0 fps total: 117846.9
fps step: 152939.5 fps total: 110056.1
fps step: 179874.4 fps total: 123542.9
fps step: 172326.1 fps total: 120961.9
fps step: 187847.1 fps total: 126799.5
fps step: 167334.9 fps total: 117731.2
fps step: 188027.5 fps total: 128369.3
fps step: 186756.4 fps total: 127553.4
fps step: 184072.7 fps total: 126390.5
fps step: 184118.5 fps total: 124653.7
fps step: 184024.6 fps total: 124944.4
fps step: 186436.8 fps total: 126184.0
fps step: 172718.0 fps total: 117995.2
fps step: 178934.7 fps total: 120185.6
fps step: 163530.3 fps total: 114029.6
fps step: 145001.4 fps total: 103303.9
fps step: 154284.1 fps total: 108264.2
fps step: 136927.3 fps total: 97390.5
fps step: 155496.8 fps total: 108330.5
fps step: 157872.2 fps total: 104760.6
fps step: 163926.9 fps total: 113730.6
fps step: 130537.7 fps total: 96634.5
fps step: 156533.5 fps total: 110363.4
fps step: 141709.6 fps total: 102791.3
fps step: 150689.3 fps total: 108474.6
fps step: 148909.0 fps total: 106904.3
fps step: 169436.1 fps total: 118781.5
fps step: 186322.4 fps total: 125364.6
fps step: 189324.1 fps total: 129093.7
fps step: 185845.3 fps total: 125538.4
fps step: 188573.0 fps total: 128221.0
fps step: 183981.4 fps total: 126317.8
fps step: 185132.5 fps total: 125995.5
fps step: 152184.0 fps total: 109199.3
fps step: 146559.8 fps total: 105448.6
fps step: 140025.9 fps total: 101275.0
fps step: 140898.6 fps total: 102591.3
fps step: 137826.2 fps total: 97044.8
fps step: 174869.5 fps total: 120262.9
fps step: 188173.6 fps total: 127765.0
=> saving checkpoint 'runs/HumanoidAMP_08-21-55-26/nn/HumanoidAMP_08-21-55-27_500.pth'
fps step: 158433.5 fps total: 110870.5
fps step: 156263.3 fps total: 111290.3
fps step: 186193.7 fps total: 125214.5
fps step: 185621.1 fps total: 127296.8
fps step: 187562.6 fps total: 127506.0
fps step: 185651.7 fps total: 127428.6
fps step: 186604.2 fps total: 125390.6
fps step: 165479.3 fps total: 116874.5
fps step: 182962.4 fps total: 123747.7
fps step: 166726.6 fps total: 115246.3
fps step: 169961.5 fps total: 117407.6
fps step: 178150.8 fps total: 123327.6
fps step: 186436.3 fps total: 126714.1
fps step: 188212.5 fps total: 128647.7
fps step: 184265.3 fps total: 123018.9
fps step: 166000.0 fps total: 116522.4
fps step: 183018.3 fps total: 125933.9
fps step: 174876.0 fps total: 121377.4
fps step: 166597.8 fps total: 117456.5
fps step: 187289.1 fps total: 128029.0
fps step: 183718.0 fps total: 126302.8
fps step: 188288.0 fps total: 125641.5
fps step: 187064.7 fps total: 127381.1
fps step: 186127.4 fps total: 124127.4
fps step: 188239.8 fps total: 127152.6
fps step: 187345.1 fps total: 127215.1
fps step: 188327.5 fps total: 128854.7
fps step: 187941.1 fps total: 128118.9
fps step: 178175.4 fps total: 121350.5
fps step: 151721.2 fps total: 110508.3
fps step: 184124.8 fps total: 124530.4
fps step: 164653.5 fps total: 115487.6
fps step: 187102.4 fps total: 127576.8
fps step: 151956.8 fps total: 110374.0
fps step: 187945.3 fps total: 127905.8
fps step: 184394.7 fps total: 125965.3
fps step: 173054.5 fps total: 115212.0
fps step: 188007.3 fps total: 127165.2
fps step: 188461.9 fps total: 128000.0
fps step: 185168.1 fps total: 123497.2
fps step: 189415.1 fps total: 127625.4
fps step: 188655.9 fps total: 126421.9
fps step: 186371.4 fps total: 127466.3
fps step: 182949.2 fps total: 125833.3
fps step: 187469.8 fps total: 126654.0
fps step: 189158.2 fps total: 129225.3
fps step: 186962.3 fps total: 128049.2
fps step: 187702.7 fps total: 127944.5
fps step: 176763.1 fps total: 122229.5
fps step: 177362.2 fps total: 121373.2
=> saving checkpoint 'runs/HumanoidAMP_08-21-55-26/nn/HumanoidAMP_08-21-55-27_550.pth'
fps step: 170429.3 fps total: 117629.0
fps step: 175578.5 fps total: 119757.6
fps step: 177300.1 fps total: 122350.0
fps step: 176453.4 fps total: 122700.0
fps step: 156849.6 fps total: 113281.8
fps step: 175666.2 fps total: 119177.5
fps step: 141481.7 fps total: 104278.1
fps step: 151866.3 fps total: 109883.3
fps step: 150963.9 fps total: 107418.9
fps step: 150898.3 fps total: 108107.5
fps step: 141689.8 fps total: 102752.1
fps step: 142577.8 fps total: 103569.5
fps step: 157116.5 fps total: 109466.3
fps step: 146910.5 fps total: 104152.4
fps step: 134936.8 fps total: 98667.7
fps step: 172204.0 fps total: 119333.2
fps step: 182626.9 fps total: 123173.0
fps step: 153259.8 fps total: 107429.1
fps step: 140436.8 fps total: 99078.6
fps step: 139383.3 fps total: 101013.7
fps step: 166988.3 fps total: 114732.1
fps step: 180647.4 fps total: 119829.5
fps step: 181851.3 fps total: 120463.9
fps step: 167180.1 fps total: 114702.2
fps step: 174458.9 fps total: 121121.7
fps step: 176079.2 fps total: 119248.5
fps step: 172020.3 fps total: 116874.2
fps step: 171260.1 fps total: 116966.7
fps step: 166971.7 fps total: 117867.0
fps step: 185400.6 fps total: 126933.8
fps step: 186964.2 fps total: 126802.2
fps step: 183467.9 fps total: 125631.7
fps step: 182440.7 fps total: 124098.7
fps step: 171332.7 fps total: 119308.9
fps step: 168471.4 fps total: 117878.2
fps step: 187218.7 fps total: 125374.9
fps step: 187823.4 fps total: 127870.9
fps step: 178514.9 fps total: 123411.7
fps step: 166281.5 fps total: 116877.4
fps step: 177002.3 fps total: 123423.9
fps step: 164126.3 fps total: 117025.9
fps step: 158447.1 fps total: 113277.1
fps step: 178434.1 fps total: 122947.1
fps step: 152357.4 fps total: 110894.1
fps step: 158430.5 fps total: 112820.6
fps step: 176994.8 fps total: 121980.8
fps step: 156134.5 fps total: 112666.6
fps step: 157816.5 fps total: 113298.4
fps step: 176361.9 fps total: 121452.2
fps step: 181282.6 fps total: 124580.6
=> saving checkpoint 'runs/HumanoidAMP_08-21-55-26/nn/HumanoidAMP_08-21-55-27_600.pth'
fps step: 167322.0 fps total: 117641.3
fps step: 175608.3 fps total: 122196.4
fps step: 144579.4 fps total: 104310.7
fps step: 161221.9 fps total: 114047.2
fps step: 171439.8 fps total: 119697.0
fps step: 165957.9 fps total: 116224.6
fps step: 165446.9 fps total: 117604.5
fps step: 186383.2 fps total: 127117.1
fps step: 166894.8 fps total: 117180.0
fps step: 182430.4 fps total: 126037.9
fps step: 166096.4 fps total: 117194.4
fps step: 164163.2 fps total: 115675.7
fps step: 186414.3 fps total: 126265.8
fps step: 158675.2 fps total: 110508.7
fps step: 155240.8 fps total: 109281.8
fps step: 163750.9 fps total: 112018.0
fps step: 185545.5 fps total: 127489.1
fps step: 172173.4 fps total: 118924.3
fps step: 164770.9 fps total: 115690.9
fps step: 155722.9 fps total: 112561.5
fps step: 169884.1 fps total: 116983.0
fps step: 159417.3 fps total: 113137.0
fps step: 181529.5 fps total: 125462.6
fps step: 186954.1 fps total: 126751.5
fps step: 184683.4 fps total: 125726.4
fps step: 186869.0 fps total: 128072.7
fps step: 185138.1 fps total: 127424.8
fps step: 185275.9 fps total: 127193.5
fps step: 182472.3 fps total: 126005.5
fps step: 184785.4 fps total: 126339.2
fps step: 186025.3 fps total: 127855.3
fps step: 182611.0 fps total: 125793.6
fps step: 184485.9 fps total: 124452.2
fps step: 174930.6 fps total: 119500.5
fps step: 169769.5 fps total: 119578.9
fps step: 176751.6 fps total: 120700.9
fps step: 150935.4 fps total: 109496.8
fps step: 153537.7 fps total: 110685.8
fps step: 162853.3 fps total: 116067.8
fps step: 170245.3 fps total: 119000.4
fps step: 181379.1 fps total: 123243.9
fps step: 184686.8 fps total: 125951.9
fps step: 177774.6 fps total: 122096.4
fps step: 177485.4 fps total: 120753.3
fps step: 169392.2 fps total: 115777.1
fps step: 180781.4 fps total: 123779.8
fps step: 153909.8 fps total: 110997.0
fps step: 172055.4 fps total: 119066.2
fps step: 160938.2 fps total: 114718.9
fps step: 185337.2 fps total: 126672.6
=> saving checkpoint 'runs/HumanoidAMP_08-21-55-26/nn/HumanoidAMP_08-21-55-27_650.pth'
fps step: 186051.9 fps total: 124963.0
fps step: 186210.7 fps total: 126077.5
fps step: 185649.7 fps total: 127426.9
fps step: 186305.0 fps total: 126286.3
fps step: 184291.3 fps total: 125220.9
fps step: 183197.6 fps total: 123197.0
fps step: 166897.4 fps total: 117583.9
fps step: 160703.5 fps total: 113798.0
fps step: 177106.3 fps total: 121378.2
fps step: 182459.1 fps total: 125213.7
fps step: 166493.7 fps total: 116467.8
fps step: 183479.7 fps total: 124766.3
fps step: 185909.5 fps total: 127320.7
fps step: 180861.7 fps total: 123996.9
fps step: 176247.1 fps total: 120991.7
fps step: 160771.9 fps total: 113330.3
fps step: 180589.0 fps total: 122684.4
fps step: 185866.5 fps total: 126292.9
fps step: 149973.7 fps total: 108256.9
fps step: 156124.5 fps total: 111808.0
fps step: 137504.3 fps total: 102386.8
fps step: 148852.5 fps total: 108070.6
fps step: 152884.2 fps total: 109538.6
fps step: 179557.2 fps total: 124665.0
fps step: 186082.4 fps total: 126668.8
fps step: 183399.0 fps total: 126021.1
fps step: 184826.8 fps total: 126660.1
fps step: 179394.6 fps total: 122925.1
fps step: 182765.1 fps total: 125643.9
fps step: 183000.3 fps total: 125851.0
fps step: 179002.9 fps total: 123672.9
fps step: 182486.1 fps total: 125976.5
fps step: 182784.7 fps total: 126040.5
fps step: 176204.5 fps total: 121140.0
fps step: 184417.7 fps total: 126036.3
fps step: 181978.6 fps total: 124782.1
fps step: 179787.1 fps total: 123599.7
fps step: 186741.5 fps total: 126835.5
fps step: 181744.1 fps total: 124140.5
fps step: 184552.7 fps total: 126978.8
fps step: 184606.1 fps total: 127027.5
fps step: 184350.4 fps total: 126356.9
fps step: 182562.9 fps total: 124205.2
fps step: 181588.9 fps total: 124479.7
fps step: 181577.4 fps total: 124611.9
fps step: 182104.6 fps total: 123755.3
fps step: 169951.1 fps total: 118572.9
fps step: 182695.3 fps total: 125598.9
fps step: 180775.1 fps total: 125090.4
fps step: 186350.3 fps total: 127382.8
=> saving checkpoint 'runs/HumanoidAMP_08-21-55-26/nn/HumanoidAMP_08-21-55-27_700.pth'
fps step: 184780.4 fps total: 126775.6
fps step: 182940.7 fps total: 126113.3
fps step: 182117.2 fps total: 125719.7
fps step: 184962.7 fps total: 126700.8
fps step: 186410.6 fps total: 126738.1
fps step: 183848.5 fps total: 125545.1
fps step: 182644.0 fps total: 125191.3
fps step: 176986.7 fps total: 121561.6
fps step: 170442.5 fps total: 119489.9
fps step: 173389.2 fps total: 120672.0
fps step: 166278.6 fps total: 116383.0
fps step: 162792.0 fps total: 115647.6
fps step: 183251.9 fps total: 125557.4
fps step: 184116.3 fps total: 125886.8
fps step: 185329.2 fps total: 124948.9
fps step: 183555.3 fps total: 126060.1
fps step: 185131.5 fps total: 127150.6
fps step: 184686.0 fps total: 126892.6
fps step: 174680.5 fps total: 120882.6
fps step: 161912.7 fps total: 113850.2
fps step: 149074.8 fps total: 107967.1
fps step: 183598.0 fps total: 126183.2
fps step: 155745.0 fps total: 111169.8
fps step: 141255.9 fps total: 103693.0
fps step: 142273.7 fps total: 102965.3
fps step: 144744.1 fps total: 106463.1
fps step: 165176.7 fps total: 117586.7
fps step: 174817.5 fps total: 122090.3
fps step: 181713.4 fps total: 125193.2
fps step: 167958.6 fps total: 118932.4
fps step: 167215.4 fps total: 117994.4
fps step: 179945.7 fps total: 119582.8
fps step: 162753.7 fps total: 112193.1
fps step: 180397.2 fps total: 124764.3
fps step: 176020.3 fps total: 115705.7
fps step: 160691.3 fps total: 111833.1
fps step: 156264.0 fps total: 108564.2
fps step: 139207.7 fps total: 100627.0
fps step: 143805.7 fps total: 104236.9
fps step: 142796.2 fps total: 103613.7
fps step: 181785.7 fps total: 125071.2
fps step: 183190.6 fps total: 126392.0
fps step: 179872.5 fps total: 121401.3
fps step: 163024.9 fps total: 115233.1
fps step: 162887.9 fps total: 115078.7
fps step: 162931.7 fps total: 115455.9
fps step: 157836.4 fps total: 111704.1
fps step: 186856.4 fps total: 127695.9
fps step: 183180.0 fps total: 125768.6
fps step: 184463.5 fps total: 126280.8
=> saving checkpoint 'runs/HumanoidAMP_08-21-55-26/nn/HumanoidAMP_08-21-55-27_750.pth'
fps step: 172905.4 fps total: 119313.2
fps step: 186553.7 fps total: 124774.6
fps step: 159581.3 fps total: 112197.4
fps step: 172196.9 fps total: 119213.0
fps step: 170556.8 fps total: 118934.4
fps step: 174622.3 fps total: 121074.8
fps step: 170159.5 fps total: 118498.0
fps step: 170394.5 fps total: 118788.5
fps step: 182302.5 fps total: 125649.2
fps step: 174622.6 fps total: 121180.7
fps step: 150701.3 fps total: 107373.1
fps step: 177527.7 fps total: 122168.6
fps step: 175208.0 fps total: 121352.9
fps step: 181051.1 fps total: 123628.0
fps step: 182130.6 fps total: 124265.1
fps step: 184442.5 fps total: 126329.8
fps step: 184110.3 fps total: 126247.8
fps step: 185092.0 fps total: 126535.0
fps step: 183793.5 fps total: 125177.7
fps step: 186682.5 fps total: 127985.0
fps step: 181212.8 fps total: 124935.2
fps step: 181159.2 fps total: 122268.4
fps step: 180528.5 fps total: 124025.7
fps step: 175269.5 fps total: 121071.9
fps step: 180696.6 fps total: 124576.6
fps step: 182627.7 fps total: 125669.9
fps step: 171480.6 fps total: 118106.5
fps step: 183636.2 fps total: 125975.3
fps step: 185831.5 fps total: 127217.4
fps step: 183781.0 fps total: 124063.1
fps step: 181615.5 fps total: 123907.0
fps step: 173903.8 fps total: 119192.5
fps step: 181351.0 fps total: 124694.7
fps step: 179100.4 fps total: 124154.2
fps step: 184555.1 fps total: 125965.9
fps step: 180989.1 fps total: 125281.6
fps step: 185281.1 fps total: 127258.5
fps step: 183374.7 fps total: 126271.4
fps step: 184940.3 fps total: 126969.8
fps step: 184481.8 fps total: 127034.0
fps step: 183749.5 fps total: 123589.6
fps step: 184729.5 fps total: 126528.4
fps step: 164828.9 fps total: 115663.6
fps step: 166963.6 fps total: 117012.7
fps step: 171927.3 fps total: 120117.4
fps step: 170479.2 fps total: 120007.7
fps step: 172592.8 fps total: 119902.0
fps step: 174822.5 fps total: 120877.6
fps step: 172390.9 fps total: 119076.6
fps step: 158346.2 fps total: 112706.2
=> saving checkpoint 'runs/HumanoidAMP_08-21-55-26/nn/HumanoidAMP_08-21-55-27_800.pth'
fps step: 166818.1 fps total: 115631.8
fps step: 153145.1 fps total: 110610.0
fps step: 159497.2 fps total: 113584.1
fps step: 152040.2 fps total: 108552.7
fps step: 185169.9 fps total: 125886.9
fps step: 182365.0 fps total: 123204.8
fps step: 183900.7 fps total: 125418.0
fps step: 181505.5 fps total: 122590.8
fps step: 182298.3 fps total: 124550.0
fps step: 185610.3 fps total: 127454.7
fps step: 186053.9 fps total: 127135.7
fps step: 177492.2 fps total: 122888.5
fps step: 161578.6 fps total: 112577.1
fps step: 166454.6 fps total: 117166.9
fps step: 175034.1 fps total: 121558.0
fps step: 181524.9 fps total: 123512.3
fps step: 159504.1 fps total: 108939.4
fps step: 141850.9 fps total: 103063.0
fps step: 163108.0 fps total: 113755.4
fps step: 168022.0 fps total: 116503.9
fps step: 166118.0 fps total: 115948.8
fps step: 184367.6 fps total: 126919.0
fps step: 185400.0 fps total: 127296.0
fps step: 185876.5 fps total: 127278.6
fps step: 186412.6 fps total: 127791.7
fps step: 184511.4 fps total: 126992.4
fps step: 185852.8 fps total: 127618.5
fps step: 183269.5 fps total: 126169.0
fps step: 185213.8 fps total: 127259.8
fps step: 184935.8 fps total: 126721.5
fps step: 159326.0 fps total: 107800.9
fps step: 166119.8 fps total: 114491.5
fps step: 175049.1 fps total: 118013.0
fps step: 162740.3 fps total: 114757.1
fps step: 183391.7 fps total: 125964.2
fps step: 185309.6 fps total: 126668.2
fps step: 182263.9 fps total: 124882.6
fps step: 185205.6 fps total: 126878.2
fps step: 183336.5 fps total: 125693.4
fps step: 183760.7 fps total: 125313.8
fps step: 185150.8 fps total: 126673.5
fps step: 184983.9 fps total: 126735.5
fps step: 177589.8 fps total: 123171.2
fps step: 182402.6 fps total: 124812.0
fps step: 156343.8 fps total: 111649.3
fps step: 183569.3 fps total: 125847.1
fps step: 147040.6 fps total: 105816.2
fps step: 173490.8 fps total: 120582.5
fps step: 185089.8 fps total: 125161.5
fps step: 168705.5 fps total: 118070.1
=> saving checkpoint 'runs/HumanoidAMP_08-21-55-26/nn/HumanoidAMP_08-21-55-27_850.pth'
fps step: 131211.6 fps total: 97549.0
fps step: 145949.1 fps total: 104685.3
fps step: 169314.6 fps total: 118687.4
fps step: 185616.2 fps total: 127017.4
fps step: 177899.2 fps total: 122786.1
fps step: 158475.8 fps total: 108951.4
fps step: 170562.4 fps total: 117015.0
fps step: 172041.9 fps total: 117621.2
fps step: 148538.5 fps total: 107226.6
fps step: 181435.9 fps total: 124530.7
fps step: 175502.6 fps total: 121327.7
fps step: 162658.0 fps total: 114512.7
fps step: 165927.1 fps total: 115131.4
fps step: 170843.6 fps total: 117192.9
fps step: 182931.1 fps total: 124767.3
fps step: 166890.0 fps total: 116371.4
fps step: 145913.2 fps total: 106447.8
fps step: 182850.5 fps total: 125136.6
fps step: 148526.5 fps total: 105292.0
fps step: 134494.9 fps total: 97963.2
fps step: 154044.1 fps total: 110172.0
fps step: 155011.0 fps total: 108413.4
fps step: 177837.2 fps total: 120087.1
fps step: 169362.7 fps total: 116725.6
fps step: 157809.0 fps total: 111029.9
fps step: 159364.5 fps total: 112029.0
fps step: 179519.6 fps total: 120822.0
fps step: 173445.4 fps total: 120341.3
fps step: 158333.5 fps total: 107680.4
fps step: 174450.7 fps total: 118483.3
fps step: 162135.3 fps total: 109783.7
fps step: 164034.9 fps total: 110231.3
fps step: 176710.9 fps total: 118183.8
fps step: 159600.7 fps total: 108396.7
fps step: 156981.7 fps total: 112200.3
fps step: 170125.8 fps total: 117740.1
fps step: 176181.1 fps total: 119322.4
fps step: 163850.9 fps total: 116074.7
fps step: 176886.5 fps total: 122165.2
fps step: 181584.1 fps total: 124300.9
fps step: 186150.8 fps total: 127651.2
fps step: 176790.1 fps total: 121914.4
fps step: 176945.7 fps total: 123314.5
fps step: 180785.5 fps total: 125136.3
fps step: 170610.0 fps total: 119379.4
fps step: 176770.5 fps total: 122986.7
fps step: 165709.7 fps total: 116161.7
fps step: 130840.1 fps total: 97780.9
fps step: 178339.6 fps total: 123088.4
fps step: 177662.1 fps total: 122398.5
=> saving checkpoint 'runs/HumanoidAMP_08-21-55-26/nn/HumanoidAMP_08-21-55-27_900.pth'
fps step: 174298.8 fps total: 118839.5
fps step: 163024.9 fps total: 114539.0
fps step: 182492.2 fps total: 125365.6
fps step: 177047.4 fps total: 122738.0
fps step: 180274.3 fps total: 124870.5
fps step: 172512.5 fps total: 120830.9
fps step: 179088.6 fps total: 123336.0
fps step: 179000.0 fps total: 121743.4
fps step: 186402.4 fps total: 127724.1
fps step: 180497.9 fps total: 119754.0
fps step: 178319.7 fps total: 122620.7
fps step: 176696.2 fps total: 122488.3
fps step: 176665.8 fps total: 121545.3
fps step: 168158.4 fps total: 118887.9
fps step: 165771.7 fps total: 116354.2
fps step: 173137.2 fps total: 115801.0
fps step: 158865.7 fps total: 108229.0
fps step: 175223.4 fps total: 118840.6
fps step: 159496.7 fps total: 111638.4
fps step: 137686.3 fps total: 101470.6
fps step: 142176.9 fps total: 100891.8
fps step: 140587.4 fps total: 102846.6
fps step: 142413.3 fps total: 103845.9
fps step: 116554.5 fps total: 89508.1
fps step: 136927.3 fps total: 101621.9
fps step: 168197.3 fps total: 117436.1
fps step: 181465.8 fps total: 125368.4
fps step: 183654.8 fps total: 126233.7
fps step: 168713.9 fps total: 117774.3
fps step: 184780.3 fps total: 126906.0
fps step: 185735.0 fps total: 127594.6
fps step: 186656.9 fps total: 127751.3
fps step: 186063.5 fps total: 127654.7
fps step: 184747.2 fps total: 126980.5
fps step: 176156.8 fps total: 122503.0
fps step: 182071.1 fps total: 122714.7
fps step: 172451.7 fps total: 120678.5
fps step: 177478.3 fps total: 123061.5
fps step: 186545.0 fps total: 127974.5
fps step: 180797.7 fps total: 122410.4
fps step: 179782.5 fps total: 121513.7
fps step: 183356.7 fps total: 124952.2
fps step: 181382.5 fps total: 118928.6
fps step: 172256.8 fps total: 119245.4
fps step: 164475.5 fps total: 114800.8
fps step: 163722.9 fps total: 113263.0
fps step: 162417.6 fps total: 114680.9
fps step: 154535.2 fps total: 110252.6
fps step: 169478.3 fps total: 116495.9
fps step: 175124.0 fps total: 119795.9
=> saving checkpoint 'runs/HumanoidAMP_08-21-55-26/nn/HumanoidAMP_08-21-55-27_950.pth'
fps step: 183731.4 fps total: 125827.0
fps step: 177458.7 fps total: 122160.4
fps step: 134095.6 fps total: 99181.8
fps step: 172090.6 fps total: 120793.0
fps step: 181955.6 fps total: 125794.4
fps step: 181560.3 fps total: 125401.8
fps step: 179843.8 fps total: 124259.4
fps step: 182763.4 fps total: 125433.6
fps step: 183874.0 fps total: 125327.3
fps step: 185050.3 fps total: 126180.3
fps step: 184837.8 fps total: 122975.4
fps step: 183149.6 fps total: 122878.6
fps step: 161432.8 fps total: 113808.7
fps step: 163859.9 fps total: 113819.9
fps step: 175469.3 fps total: 119446.9
fps step: 180301.0 fps total: 123956.1
fps step: 182653.3 fps total: 124197.3
fps step: 183891.3 fps total: 124664.9
fps step: 166805.6 fps total: 109768.5
fps step: 179316.4 fps total: 118499.3
fps step: 174463.2 fps total: 122262.2
fps step: 185491.8 fps total: 125023.7
fps step: 172229.2 fps total: 120250.0
fps step: 158608.9 fps total: 113035.5
fps step: 181640.8 fps total: 123154.5
fps step: 171825.6 fps total: 120754.2
fps step: 179757.6 fps total: 121035.8
fps step: 173267.7 fps total: 120956.1
fps step: 168078.0 fps total: 114869.9
fps step: 145406.7 fps total: 106618.8
fps step: 177076.1 fps total: 120807.1
fps step: 153452.3 fps total: 109320.7
fps step: 181987.7 fps total: 123919.0
fps step: 186494.6 fps total: 127489.8
fps step: 186233.2 fps total: 127658.5
fps step: 181247.0 fps total: 123022.8
fps step: 159370.0 fps total: 111857.2
fps step: 179005.0 fps total: 122889.7
fps step: 177931.5 fps total: 123225.4
fps step: 187597.3 fps total: 126407.3
fps step: 172670.6 fps total: 120749.4
fps step: 162037.6 fps total: 113998.3
fps step: 183348.7 fps total: 124900.7
fps step: 186901.2 fps total: 127096.4
fps step: 169039.6 fps total: 117136.8
fps step: 166502.7 fps total: 115696.9
fps step: 175770.1 fps total: 121180.8
fps step: 181201.2 fps total: 125005.5
fps step: 184825.4 fps total: 126044.0
fps step: 174032.3 fps total: 119644.7
=> saving checkpoint 'runs/HumanoidAMP_08-21-55-26/nn/HumanoidAMP_08-21-55-27_1000.pth'
fps step: 184968.4 fps total: 126835.6
fps step: 180966.5 fps total: 124243.8
fps step: 184577.2 fps total: 124417.2
fps step: 161797.8 fps total: 114718.6
fps step: 154545.3 fps total: 111053.7
fps step: 159790.8 fps total: 112484.7
fps step: 179272.0 fps total: 123685.7
fps step: 186367.1 fps total: 127011.5
fps step: 184593.7 fps total: 125474.0
fps step: 145778.8 fps total: 104995.9
fps step: 179804.0 fps total: 122499.6
fps step: 175679.6 fps total: 119442.2
fps step: 182937.8 fps total: 124608.6
fps step: 184965.5 fps total: 125543.7
fps step: 182527.4 fps total: 126113.0
fps step: 151099.1 fps total: 108625.6
fps step: 169741.5 fps total: 119840.3
fps step: 160868.2 fps total: 114527.4
fps step: 141212.7 fps total: 103595.8
fps step: 139953.9 fps total: 99905.5
fps step: 170810.3 fps total: 118791.8
fps step: 162567.2 fps total: 116029.9
fps step: 159306.0 fps total: 114506.8
fps step: 173182.5 fps total: 120414.3
fps step: 181968.2 fps total: 124359.3
fps step: 158016.8 fps total: 110333.4
fps step: 183613.9 fps total: 122759.6
fps step: 170634.2 fps total: 118225.8
fps step: 181275.3 fps total: 124360.7
fps step: 182524.6 fps total: 122882.9
fps step: 186419.1 fps total: 127308.7
fps step: 185751.9 fps total: 127367.0
fps step: 186826.9 fps total: 128204.7
fps step: 185773.3 fps total: 127561.4
fps step: 185877.4 fps total: 127409.0
fps step: 187005.5 fps total: 127862.5
fps step: 186815.3 fps total: 128104.9
fps step: 182130.5 fps total: 122746.2
fps step: 187013.5 fps total: 125110.2
fps step: 172358.9 fps total: 117946.9
fps step: 173783.1 fps total: 116184.7
fps step: 158176.3 fps total: 110304.5
fps step: 169559.7 fps total: 117147.5
fps step: 167527.0 fps total: 116581.9
fps step: 174253.0 fps total: 118542.1
fps step: 163999.8 fps total: 116891.5
fps step: 182119.6 fps total: 119941.3
fps step: 177789.3 fps total: 122695.2
fps step: 153919.9 fps total: 110133.2
fps step: 162258.3 fps total: 113427.7
=> saving checkpoint 'runs/HumanoidAMP_08-21-55-26/nn/HumanoidAMP_08-21-55-27_1050.pth'
fps step: 174122.7 fps total: 120759.7
fps step: 177392.7 fps total: 120762.4
fps step: 167510.6 fps total: 117693.2
fps step: 177325.7 fps total: 121637.5
fps step: 184243.2 fps total: 126627.5
fps step: 148949.6 fps total: 106483.8
fps step: 138887.1 fps total: 100398.8
fps step: 144373.9 fps total: 103862.4
fps step: 159405.9 fps total: 112953.3
fps step: 163865.9 fps total: 116198.4
fps step: 176301.2 fps total: 122043.3
fps step: 179846.2 fps total: 122683.7
fps step: 170357.6 fps total: 120175.5
fps step: 155391.0 fps total: 110429.6
fps step: 185745.6 fps total: 126811.2
fps step: 141560.4 fps total: 104170.2
fps step: 145660.0 fps total: 106083.6
fps step: 147200.8 fps total: 105691.2
fps step: 185715.9 fps total: 126817.5
fps step: 185336.5 fps total: 126771.3
fps step: 183503.3 fps total: 123014.8
fps step: 184643.4 fps total: 124462.9
fps step: 168256.1 fps total: 114949.8
fps step: 171814.0 fps total: 118822.4
fps step: 184332.1 fps total: 126729.1
fps step: 173764.5 fps total: 121464.7
fps step: 185433.6 fps total: 126950.2
fps step: 186727.1 fps total: 127710.6
fps step: 186216.8 fps total: 127608.1
fps step: 185999.6 fps total: 127407.5
fps step: 175974.7 fps total: 122755.2
fps step: 145973.2 fps total: 103523.9
fps step: 167084.5 fps total: 116071.4
fps step: 173485.4 fps total: 118430.1
fps step: 168571.9 fps total: 116781.1
fps step: 171464.9 fps total: 117595.7
fps step: 144620.0 fps total: 103660.2
fps step: 154103.0 fps total: 108816.2
fps step: 165350.3 fps total: 112350.8
fps step: 138075.1 fps total: 100105.4
fps step: 171618.6 fps total: 118106.2
fps step: 171546.8 fps total: 118308.2
fps step: 171475.2 fps total: 119195.3
fps step: 158865.5 fps total: 109558.6
fps step: 172835.2 fps total: 119541.7
fps step: 185095.2 fps total: 126862.2
fps step: 186299.0 fps total: 127608.4
fps step: 185748.0 fps total: 127149.4
fps step: 182601.0 fps total: 125998.8
fps step: 180831.4 fps total: 124226.2
=> saving checkpoint 'runs/HumanoidAMP_08-21-55-26/nn/HumanoidAMP_08-21-55-27_1100.pth'
fps step: 185683.0 fps total: 125379.8
fps step: 172806.8 fps total: 118976.8
fps step: 163932.7 fps total: 113585.2
fps step: 181556.7 fps total: 124247.3
fps step: 186028.5 fps total: 125402.5
fps step: 184969.2 fps total: 126888.6
fps step: 184045.7 fps total: 124943.2
fps step: 185186.4 fps total: 125002.3
fps step: 146858.8 fps total: 105431.3
fps step: 154276.1 fps total: 110156.1
fps step: 156345.9 fps total: 111145.7
fps step: 178307.5 fps total: 122237.9
fps step: 181948.3 fps total: 124770.5
fps step: 186558.4 fps total: 125396.2
fps step: 179960.1 fps total: 119854.6
fps step: 176332.9 fps total: 121244.9
fps step: 185950.8 fps total: 127504.6
fps step: 184800.3 fps total: 126285.5
fps step: 186575.3 fps total: 124371.7
fps step: 163873.4 fps total: 115162.5
fps step: 174672.4 fps total: 119652.8
fps step: 168509.8 fps total: 115811.7
fps step: 180170.9 fps total: 124584.1
fps step: 170294.9 fps total: 118044.5
fps step: 172667.0 fps total: 120645.3
fps step: 140089.3 fps total: 100159.1
fps step: 148480.2 fps total: 107135.9
fps step: 146838.8 fps total: 107508.8
fps step: 152888.8 fps total: 110472.2
fps step: 157876.8 fps total: 113618.8
fps step: 183295.0 fps total: 126408.0
fps step: 177581.2 fps total: 123254.8
fps step: 170287.1 fps total: 120094.3
fps step: 176210.0 fps total: 121246.6
fps step: 146212.0 fps total: 106388.2
fps step: 186215.6 fps total: 127385.0
fps step: 184383.7 fps total: 125692.9
fps step: 150050.4 fps total: 108762.0
fps step: 151449.1 fps total: 109440.0
fps step: 138894.0 fps total: 102697.4
fps step: 170824.2 fps total: 119762.5
fps step: 185791.1 fps total: 127606.8
fps step: 177856.7 fps total: 122775.7
fps step: 175177.6 fps total: 121646.7
fps step: 155489.2 fps total: 110301.3
fps step: 172727.6 fps total: 117792.1
fps step: 164216.4 fps total: 116849.5
fps step: 181570.4 fps total: 124058.2
fps step: 183515.5 fps total: 126343.8
fps step: 184352.8 fps total: 125641.1
=> saving checkpoint 'runs/HumanoidAMP_08-21-55-26/nn/HumanoidAMP_08-21-55-27_1150.pth'
fps step: 185270.4 fps total: 124821.6
fps step: 162340.1 fps total: 115171.0
fps step: 184297.6 fps total: 125762.5
fps step: 184953.8 fps total: 127150.9
fps step: 184571.4 fps total: 122005.8
fps step: 161638.4 fps total: 113602.3
fps step: 168580.6 fps total: 116887.6
fps step: 181801.3 fps total: 124926.4
fps step: 179020.6 fps total: 124210.0
fps step: 184608.3 fps total: 126699.0
fps step: 180822.1 fps total: 124684.9
fps step: 185461.3 fps total: 126544.0
fps step: 180539.3 fps total: 124551.8
fps step: 177729.3 fps total: 122918.6
fps step: 174527.9 fps total: 121475.2
fps step: 159399.1 fps total: 113701.9
fps step: 167504.5 fps total: 116483.8
fps step: 182097.1 fps total: 124928.5
fps step: 181463.4 fps total: 123662.3
fps step: 180063.7 fps total: 124008.5
fps step: 182104.0 fps total: 125810.5
fps step: 184423.5 fps total: 126554.0
fps step: 183620.0 fps total: 126062.6
fps step: 185869.7 fps total: 127566.7
fps step: 186414.1 fps total: 127534.3
fps step: 185251.8 fps total: 127032.9
fps step: 185809.5 fps total: 127387.2
fps step: 177538.7 fps total: 117621.8
fps step: 179022.0 fps total: 123027.8
fps step: 172994.7 fps total: 120100.3
fps step: 177204.1 fps total: 122881.5
fps step: 177688.6 fps total: 122176.1
fps step: 178801.5 fps total: 118981.9
fps step: 175558.9 fps total: 119720.3
fps step: 184705.0 fps total: 125373.1
fps step: 169493.0 fps total: 119348.6
fps step: 147088.5 fps total: 107539.4
fps step: 185799.9 fps total: 127222.2
fps step: 165879.2 fps total: 117215.8
fps step: 169238.2 fps total: 117835.1
fps step: 184434.3 fps total: 123667.9
fps step: 185906.4 fps total: 122552.0
fps step: 168828.6 fps total: 116502.2
fps step: 169910.6 fps total: 115360.6
fps step: 165613.1 fps total: 115308.3
fps step: 161727.5 fps total: 111093.4
fps step: 155047.0 fps total: 112127.9
fps step: 174313.6 fps total: 121024.1
fps step: 175967.5 fps total: 122358.2
fps step: 166048.6 fps total: 114622.6
=> saving checkpoint 'runs/HumanoidAMP_08-21-55-26/nn/HumanoidAMP_08-21-55-27_1200.pth'
fps step: 143083.3 fps total: 100181.8
fps step: 153664.7 fps total: 107585.8
fps step: 154872.7 fps total: 109993.9
fps step: 147428.9 fps total: 107128.8
fps step: 164690.6 fps total: 115091.0
fps step: 177778.4 fps total: 123488.2
fps step: 185713.0 fps total: 127176.5
fps step: 186004.6 fps total: 127158.7
fps step: 183311.2 fps total: 126429.6
fps step: 186907.9 fps total: 127939.6
fps step: 183234.6 fps total: 125883.3
fps step: 184323.2 fps total: 126382.2
fps step: 187415.1 fps total: 128356.6
fps step: 183688.4 fps total: 125109.6
fps step: 174700.7 fps total: 121774.6
fps step: 185740.5 fps total: 126297.8
fps step: 180633.5 fps total: 123509.0
fps step: 178351.3 fps total: 122798.9
fps step: 186160.1 fps total: 127413.7
fps step: 184098.9 fps total: 126198.7
fps step: 185472.5 fps total: 127387.2
fps step: 181932.1 fps total: 125321.1
fps step: 186306.5 fps total: 127797.3
fps step: 182750.3 fps total: 122054.3
fps step: 171430.3 fps total: 118310.0
fps step: 162596.5 fps total: 111842.9
fps step: 174776.0 fps total: 119763.1
fps step: 185844.0 fps total: 126318.6
fps step: 182076.3 fps total: 124492.7
fps step: 184657.2 fps total: 124456.3
fps step: 175396.5 fps total: 118778.9
fps step: 172674.3 fps total: 119409.1
fps step: 165804.4 fps total: 116385.0
fps step: 185704.3 fps total: 126941.6
fps step: 181441.3 fps total: 122791.1
fps step: 164027.0 fps total: 115416.4
fps step: 172650.4 fps total: 119910.3
fps step: 184607.7 fps total: 126776.1
fps step: 184900.4 fps total: 122226.0
fps step: 170325.0 fps total: 117840.3
fps step: 160787.7 fps total: 112714.3
fps step: 168187.1 fps total: 116519.3
fps step: 166276.8 fps total: 114871.2
fps step: 169947.0 fps total: 116738.5
fps step: 166164.7 fps total: 114891.1
fps step: 179972.6 fps total: 122150.9
fps step: 178098.9 fps total: 122061.9
fps step: 185008.0 fps total: 123999.2
fps step: 169850.0 fps total: 116715.4
fps step: 173979.0 fps total: 121481.2
=> saving checkpoint 'runs/HumanoidAMP_08-21-55-26/nn/HumanoidAMP_08-21-55-27_1250.pth'
fps step: 183788.5 fps total: 126696.3
fps step: 187808.0 fps total: 127950.1
fps step: 186124.6 fps total: 127679.9
fps step: 186481.9 fps total: 127903.7
fps step: 186116.0 fps total: 127791.3
fps step: 187794.2 fps total: 128206.6
fps step: 183865.7 fps total: 125583.3
fps step: 183787.2 fps total: 125841.0
fps step: 166126.3 fps total: 116188.5
fps step: 171852.6 fps total: 119357.5
fps step: 169586.8 fps total: 119403.7
fps step: 172940.2 fps total: 120568.8
fps step: 165287.9 fps total: 117556.4
fps step: 184384.9 fps total: 125329.9
fps step: 178424.6 fps total: 121879.2
fps step: 138212.1 fps total: 101801.1
fps step: 186532.5 fps total: 127325.5
fps step: 183833.1 fps total: 124653.9
fps step: 174458.3 fps total: 118352.6
fps step: 185000.9 fps total: 126856.1
fps step: 184839.0 fps total: 126711.2
fps step: 184978.0 fps total: 126845.3
fps step: 184151.7 fps total: 126055.5
fps step: 136434.5 fps total: 100612.9
fps step: 180489.1 fps total: 124752.0
fps step: 181404.2 fps total: 124735.9
fps step: 149350.2 fps total: 107677.2
fps step: 151499.6 fps total: 110311.8
fps step: 177806.6 fps total: 122100.0
fps step: 153811.7 fps total: 108647.8
fps step: 170284.0 fps total: 116947.1
fps step: 186636.1 fps total: 127912.7
fps step: 181212.3 fps total: 122381.5
fps step: 182215.4 fps total: 125163.7
fps step: 179809.3 fps total: 122453.5
fps step: 158185.8 fps total: 109190.7
fps step: 159008.3 fps total: 111678.7
fps step: 180189.9 fps total: 121973.8
fps step: 160461.0 fps total: 107827.3
fps step: 173345.0 fps total: 118246.8
fps step: 172604.9 fps total: 118664.4
fps step: 169860.7 fps total: 116315.9
fps step: 148040.4 fps total: 107394.2
fps step: 161372.6 fps total: 114905.3
fps step: 185583.1 fps total: 126055.6
fps step: 148849.2 fps total: 107592.1
fps step: 142550.0 fps total: 104569.0
fps step: 172633.7 fps total: 119053.4
fps step: 186768.2 fps total: 127429.5
fps step: 187158.7 fps total: 127764.2
=> saving checkpoint 'runs/HumanoidAMP_08-21-55-26/nn/HumanoidAMP_08-21-55-27_1300.pth'
fps step: 186310.9 fps total: 127776.6
fps step: 183695.3 fps total: 126015.3
fps step: 186361.7 fps total: 127653.4
fps step: 184302.7 fps total: 126714.0
fps step: 179678.8 fps total: 124089.7
fps step: 137240.9 fps total: 101075.0
fps step: 159160.4 fps total: 114092.8
fps step: 180946.3 fps total: 124166.1
fps step: 175936.5 fps total: 121944.9
fps step: 185331.5 fps total: 127326.5
fps step: 177605.2 fps total: 123392.7
fps step: 187577.2 fps total: 126925.3
fps step: 181272.1 fps total: 123738.6
fps step: 185057.6 fps total: 125430.6
fps step: 154956.3 fps total: 110581.9
fps step: 184718.0 fps total: 126856.8
fps step: 184167.0 fps total: 126859.6
fps step: 185807.0 fps total: 127420.8
fps step: 185324.0 fps total: 127432.9
fps step: 171351.0 fps total: 120462.1
fps step: 155883.1 fps total: 109747.1
fps step: 153889.5 fps total: 109901.7
fps step: 162219.0 fps total: 114701.2
fps step: 162046.8 fps total: 114803.9
fps step: 177751.2 fps total: 122909.0
fps step: 181057.6 fps total: 122119.4
fps step: 162614.6 fps total: 113995.8
fps step: 159330.0 fps total: 112387.3
fps step: 164464.0 fps total: 114749.7
fps step: 174119.5 fps total: 119005.0
fps step: 155961.2 fps total: 111192.7
fps step: 176686.6 fps total: 117272.8
fps step: 167740.6 fps total: 116374.7
fps step: 151275.5 fps total: 109697.2
fps step: 168853.3 fps total: 118803.8
fps step: 184596.7 fps total: 126614.5
fps step: 166423.5 fps total: 116062.9
fps step: 172398.1 fps total: 120311.2
fps step: 178895.1 fps total: 122169.6
fps step: 187355.0 fps total: 128307.6
fps step: 179539.2 fps total: 123668.1
fps step: 186642.6 fps total: 125634.5
fps step: 185303.6 fps total: 126170.1
fps step: 182839.1 fps total: 126157.3
fps step: 184141.2 fps total: 125806.5
fps step: 186991.0 fps total: 128223.1
fps step: 187377.4 fps total: 126248.1
fps step: 169928.4 fps total: 119350.8
fps step: 163646.0 fps total: 116058.6
fps step: 149689.1 fps total: 108285.0
=> saving checkpoint 'runs/HumanoidAMP_08-21-55-26/nn/HumanoidAMP_08-21-55-27_1350.pth'
fps step: 181650.1 fps total: 125541.3
fps step: 144806.1 fps total: 105935.0
fps step: 148259.1 fps total: 108458.8
fps step: 148124.4 fps total: 108295.3
fps step: 172989.6 fps total: 120299.0
fps step: 142652.0 fps total: 105328.8
fps step: 184200.4 fps total: 126931.8
fps step: 168525.5 fps total: 118670.2
fps step: 180874.9 fps total: 123101.2
fps step: 169907.1 fps total: 116714.9
fps step: 148385.8 fps total: 106941.7
fps step: 136752.9 fps total: 101880.7
fps step: 159923.6 fps total: 114861.7
fps step: 169294.9 fps total: 117481.3
fps step: 166524.3 fps total: 117209.9
fps step: 149616.4 fps total: 108096.5
fps step: 136167.6 fps total: 100125.1
fps step: 184563.9 fps total: 126923.0
fps step: 186183.0 fps total: 127674.7
fps step: 187523.9 fps total: 128481.8
fps step: 182947.5 fps total: 120908.9
fps step: 174408.2 fps total: 118709.4
fps step: 166898.8 fps total: 117778.9
fps step: 178008.7 fps total: 120157.0
fps step: 182119.4 fps total: 125192.6
fps step: 178139.5 fps total: 123748.1
fps step: 164885.1 fps total: 115249.3
fps step: 185254.9 fps total: 126980.9
fps step: 185844.6 fps total: 127129.0
fps step: 185159.5 fps total: 126519.3
fps step: 186735.7 fps total: 127176.3
fps step: 154670.7 fps total: 111905.2
fps step: 182919.1 fps total: 126311.2
fps step: 185605.8 fps total: 126727.0
fps step: 176165.8 fps total: 120143.8
fps step: 173651.9 fps total: 119492.9
fps step: 176242.8 fps total: 121318.8
fps step: 162059.1 fps total: 115479.2
fps step: 181300.7 fps total: 125580.5
fps step: 178622.5 fps total: 124239.8
fps step: 184965.8 fps total: 127263.4
fps step: 185174.3 fps total: 127122.3
fps step: 179646.0 fps total: 123542.0
fps step: 183120.0 fps total: 126336.3
fps step: 180620.3 fps total: 123298.1
fps step: 146267.2 fps total: 105609.7
fps step: 166659.3 fps total: 115322.9
fps step: 142703.4 fps total: 103509.6
fps step: 153240.2 fps total: 106170.4
fps step: 139816.1 fps total: 101278.8
=> saving checkpoint 'runs/HumanoidAMP_08-21-55-26/nn/HumanoidAMP_08-21-55-27_1400.pth'
fps step: 138385.4 fps total: 99161.4
fps step: 163940.0 fps total: 114819.7
fps step: 184935.6 fps total: 127214.4
fps step: 184080.5 fps total: 126618.9
fps step: 184101.0 fps total: 126822.5
fps step: 185690.6 fps total: 127526.4
fps step: 184990.2 fps total: 125697.8
fps step: 185137.6 fps total: 126674.8
fps step: 161965.3 fps total: 109757.0
fps step: 150428.9 fps total: 108566.8
fps step: 183114.8 fps total: 126213.6
fps step: 164566.7 fps total: 116142.7
fps step: 146748.5 fps total: 107309.8
fps step: 148358.5 fps total: 106416.8
fps step: 157657.2 fps total: 113730.2
fps step: 187663.3 fps total: 127992.6
fps step: 183501.1 fps total: 126564.8
fps step: 184965.0 fps total: 127171.3
fps step: 184475.4 fps total: 126615.8
fps step: 185322.0 fps total: 127249.0
fps step: 166218.4 fps total: 116853.5
fps step: 183440.0 fps total: 126211.3
fps step: 181819.8 fps total: 125369.9
fps step: 185293.4 fps total: 126029.5
fps step: 186604.7 fps total: 125342.9
fps step: 182884.2 fps total: 124974.7
fps step: 184841.7 fps total: 124423.6
fps step: 183381.4 fps total: 125655.1
fps step: 183349.4 fps total: 126068.1
fps step: 176829.1 fps total: 122913.5
fps step: 187205.3 fps total: 127384.4
fps step: 186199.7 fps total: 127394.5
fps step: 181827.1 fps total: 125267.9
fps step: 183636.8 fps total: 126375.6
fps step: 184890.3 fps total: 125759.1
fps step: 184813.5 fps total: 125375.7
fps step: 185443.4 fps total: 124911.5
fps step: 181670.2 fps total: 125457.1
fps step: 184514.3 fps total: 127032.2
fps step: 186564.2 fps total: 127809.5
fps step: 177538.9 fps total: 120645.3
fps step: 180222.5 fps total: 123589.6
fps step: 177567.5 fps total: 123573.1
fps step: 169485.2 fps total: 117996.6
fps step: 184489.1 fps total: 126964.0
fps step: 184572.0 fps total: 125799.5
fps step: 166083.2 fps total: 115299.9
fps step: 166029.9 fps total: 115287.0
fps step: 170100.1 fps total: 118008.6
fps step: 172680.2 fps total: 120519.0
=> saving checkpoint 'runs/HumanoidAMP_08-21-55-26/nn/HumanoidAMP_08-21-55-27_1450.pth'
fps step: 153822.8 fps total: 111739.3
fps step: 178491.8 fps total: 123972.4
fps step: 187279.4 fps total: 128489.0
fps step: 182955.7 fps total: 126016.6
fps step: 185596.1 fps total: 127603.4
fps step: 184176.8 fps total: 126834.5
fps step: 186310.2 fps total: 126590.6
fps step: 185407.1 fps total: 126020.6
fps step: 180622.6 fps total: 124620.7
fps step: 163795.2 fps total: 116127.0
fps step: 171353.6 fps total: 119921.5
fps step: 178495.2 fps total: 123003.3
fps step: 178556.8 fps total: 124008.4
fps step: 184632.0 fps total: 126959.0
fps step: 174562.9 fps total: 120621.1
fps step: 184295.3 fps total: 126501.3
fps step: 180395.7 fps total: 125066.0
fps step: 184978.8 fps total: 127070.7
fps step: 165478.8 fps total: 117726.7
fps step: 172832.0 fps total: 117811.7
fps step: 179933.7 fps total: 124695.8
fps step: 163891.3 fps total: 114482.1
fps step: 184488.0 fps total: 125783.0
fps step: 158227.7 fps total: 112991.6
fps step: 168022.2 fps total: 118221.9
fps step: 183067.4 fps total: 125726.3
fps step: 145598.7 fps total: 105413.5
fps step: 167647.7 fps total: 116592.5
fps step: 164311.8 fps total: 116718.5
fps step: 183836.2 fps total: 125825.1
fps step: 186949.6 fps total: 127305.1
fps step: 157377.3 fps total: 110275.5
fps step: 169263.4 fps total: 115434.0
fps step: 171602.2 fps total: 115051.2
fps step: 165997.3 fps total: 114587.6
fps step: 151078.8 fps total: 105950.3
fps step: 185910.8 fps total: 126397.3
fps step: 187382.9 fps total: 125251.5
fps step: 152203.2 fps total: 107392.9
fps step: 145267.8 fps total: 101998.7
fps step: 149576.4 fps total: 107105.7
fps step: 147308.5 fps total: 100907.6
fps step: 179634.6 fps total: 123237.3
fps step: 186008.0 fps total: 127522.3
fps step: 162514.5 fps total: 113979.4
fps step: 183152.7 fps total: 125527.2
fps step: 182393.8 fps total: 121683.5
fps step: 180441.1 fps total: 125123.3
fps step: 161108.8 fps total: 112481.6
fps step: 184348.3 fps total: 126238.0
=> saving checkpoint 'runs/HumanoidAMP_08-21-55-26/nn/HumanoidAMP_08-21-55-27_1500.pth'
fps step: 176302.0 fps total: 123098.0
fps step: 180596.7 fps total: 123545.5
fps step: 175183.6 fps total: 120665.0
fps step: 154837.2 fps total: 107180.6
fps step: 150157.5 fps total: 106954.7
fps step: 150870.6 fps total: 108152.8
fps step: 167523.8 fps total: 116025.1
fps step: 158929.8 fps total: 110946.6
fps step: 162409.3 fps total: 111709.1
fps step: 155464.6 fps total: 110414.6
fps step: 172022.3 fps total: 118304.9
fps step: 173878.3 fps total: 121560.4
fps step: 182945.0 fps total: 126197.5
fps step: 179118.5 fps total: 123841.7
fps step: 171091.7 fps total: 119129.9
fps step: 173580.4 fps total: 121373.1
fps step: 158313.8 fps total: 114099.0
fps step: 154937.7 fps total: 110975.1
fps step: 157164.3 fps total: 111488.4
fps step: 180205.0 fps total: 124537.0
fps step: 175402.9 fps total: 121148.5
fps step: 183590.6 fps total: 126460.9
fps step: 184908.5 fps total: 126675.1
fps step: 185463.5 fps total: 123706.8
fps step: 185290.6 fps total: 127291.5
fps step: 174303.9 fps total: 118322.8
fps step: 182599.9 fps total: 123860.9
fps step: 172237.1 fps total: 116957.4
fps step: 173507.2 fps total: 116922.0
fps step: 182231.1 fps total: 120994.3
fps step: 178370.0 fps total: 122468.0
fps step: 186661.2 fps total: 125901.0
fps step: 186874.7 fps total: 127165.0
fps step: 187231.6 fps total: 127887.1
fps step: 151436.0 fps total: 104362.2
fps step: 139271.8 fps total: 100347.6
fps step: 170361.5 fps total: 114808.0
fps step: 161874.7 fps total: 115351.5
fps step: 146656.9 fps total: 103041.6
fps step: 139703.6 fps total: 101360.4
fps step: 144891.1 fps total: 105445.8
fps step: 165536.7 fps total: 116916.8
fps step: 187221.5 fps total: 124608.1
fps step: 188943.4 fps total: 127062.7
fps step: 179811.5 fps total: 121274.7
fps step: 184101.1 fps total: 124530.6
fps step: 166700.8 fps total: 114756.0
fps step: 169916.3 fps total: 117399.9
fps step: 187275.2 fps total: 128080.9
fps step: 182858.2 fps total: 125511.7
=> saving checkpoint 'runs/HumanoidAMP_08-21-55-26/nn/HumanoidAMP_08-21-55-27_1550.pth'
fps step: 135254.1 fps total: 99436.8
fps step: 165864.2 fps total: 116981.7
fps step: 183659.9 fps total: 125202.4
fps step: 184948.7 fps total: 126559.1
fps step: 184644.5 fps total: 126053.0
fps step: 165822.0 fps total: 116562.7
fps step: 183958.8 fps total: 126308.3
fps step: 170981.8 fps total: 118878.9
fps step: 170173.6 fps total: 117504.1
fps step: 166594.9 fps total: 116403.0
fps step: 162480.1 fps total: 115472.0
fps step: 179181.1 fps total: 124012.4
fps step: 152213.6 fps total: 107530.3
fps step: 164831.6 fps total: 114635.3
fps step: 165945.7 fps total: 116387.6
fps step: 142870.8 fps total: 101545.8
fps step: 159078.1 fps total: 111533.6
fps step: 175921.6 fps total: 122557.4
fps step: 183022.9 fps total: 122624.3
fps step: 180841.1 fps total: 123131.7
fps step: 169144.0 fps total: 117317.1
fps step: 176922.9 fps total: 121548.0
fps step: 182166.5 fps total: 125218.3
fps step: 177254.4 fps total: 120839.7
fps step: 163230.0 fps total: 113778.3
fps step: 156743.4 fps total: 110324.8
fps step: 184733.3 fps total: 126401.9
fps step: 171025.7 fps total: 118930.6
fps step: 156442.8 fps total: 111974.5
fps step: 183914.8 fps total: 124499.4
fps step: 165052.6 fps total: 116566.8
fps step: 187827.2 fps total: 125122.3
fps step: 185142.9 fps total: 124067.3
fps step: 186058.6 fps total: 125993.1
fps step: 139964.2 fps total: 101702.3
fps step: 184481.6 fps total: 123968.6
fps step: 186311.4 fps total: 127378.2
fps step: 185213.8 fps total: 126809.5
fps step: 147270.0 fps total: 101703.2
fps step: 145650.5 fps total: 103994.6
fps step: 152626.5 fps total: 108858.9
fps step: 144336.7 fps total: 103816.0
fps step: 172667.9 fps total: 120840.6
fps step: 171405.7 fps total: 119561.5
fps step: 175075.8 fps total: 119250.6
fps step: 165763.7 fps total: 117682.6
fps step: 181893.3 fps total: 124140.2
fps step: 172941.3 fps total: 116532.3
fps step: 148477.9 fps total: 105561.0
fps step: 156826.8 fps total: 110997.8
=> saving checkpoint 'runs/HumanoidAMP_08-21-55-26/nn/HumanoidAMP_08-21-55-27_1600.pth'
fps step: 175036.3 fps total: 120614.4
fps step: 171675.2 fps total: 119111.6
fps step: 180421.0 fps total: 125151.2
fps step: 176078.4 fps total: 121415.2
fps step: 164212.1 fps total: 116599.3
fps step: 176931.8 fps total: 123404.9
fps step: 175600.1 fps total: 122431.4
fps step: 175388.1 fps total: 120415.0
fps step: 149859.2 fps total: 108839.3
fps step: 156703.4 fps total: 112142.0
fps step: 184178.7 fps total: 126875.0
fps step: 185719.4 fps total: 127487.9
fps step: 185250.3 fps total: 127020.0
fps step: 176657.0 fps total: 119643.0
fps step: 134728.3 fps total: 100446.4
fps step: 185355.1 fps total: 126846.6
fps step: 182486.7 fps total: 124813.5
fps step: 185661.3 fps total: 127523.0
fps step: 188213.1 fps total: 127126.3
fps step: 161540.7 fps total: 115120.8
fps step: 170849.9 fps total: 118969.6
fps step: 147871.8 fps total: 108242.7
fps step: 143216.4 fps total: 105029.3
fps step: 177101.8 fps total: 122222.2
fps step: 174689.3 fps total: 121353.8
fps step: 161935.7 fps total: 113101.4
fps step: 166692.8 fps total: 117399.2
fps step: 186538.9 fps total: 127812.7
fps step: 185699.8 fps total: 127451.5
fps step: 186752.3 fps total: 127880.0
fps step: 186104.8 fps total: 127391.6
fps step: 183823.1 fps total: 126157.2
fps step: 184914.9 fps total: 125856.6
fps step: 186340.7 fps total: 127876.2
fps step: 185788.6 fps total: 127612.5
fps step: 183668.7 fps total: 122002.0
fps step: 135583.8 fps total: 98363.3
fps step: 146901.1 fps total: 106870.1
fps step: 154523.5 fps total: 111930.0
fps step: 160919.6 fps total: 113680.3
fps step: 165578.9 fps total: 116931.1
fps step: 148233.8 fps total: 107490.9
fps step: 184157.5 fps total: 125628.9
fps step: 185842.5 fps total: 127249.7
fps step: 182485.3 fps total: 125838.6
fps step: 165235.9 fps total: 113589.4
fps step: 142549.7 fps total: 103707.3
fps step: 139809.9 fps total: 100048.8
fps step: 172994.5 fps total: 117862.8
fps step: 184756.7 fps total: 124456.0
=> saving checkpoint 'runs/HumanoidAMP_08-21-55-26/nn/HumanoidAMP_08-21-55-27_1650.pth'
fps step: 186855.9 fps total: 128023.5
fps step: 186831.4 fps total: 127732.6
fps step: 187294.9 fps total: 127330.2
fps step: 154367.3 fps total: 110207.2
fps step: 137128.0 fps total: 100779.2
fps step: 139666.2 fps total: 103207.9
fps step: 166884.4 fps total: 116543.5
fps step: 143870.3 fps total: 104597.2
fps step: 174559.5 fps total: 120265.4
fps step: 168568.8 fps total: 117459.8
fps step: 168719.0 fps total: 117877.6
fps step: 146687.7 fps total: 106129.6
fps step: 164493.4 fps total: 116122.6
fps step: 182353.2 fps total: 124385.5
fps step: 186123.1 fps total: 124586.0
fps step: 183978.3 fps total: 125916.9
fps step: 186123.2 fps total: 126838.0
fps step: 178183.9 fps total: 119329.5
fps step: 166806.7 fps total: 116446.9
fps step: 180224.1 fps total: 120010.0
fps step: 152887.1 fps total: 108039.6
fps step: 172909.5 fps total: 114505.0
fps step: 164873.5 fps total: 114541.3
fps step: 171747.7 fps total: 118629.7
fps step: 181393.0 fps total: 125217.1
fps step: 186522.2 fps total: 127776.1
fps step: 179861.1 fps total: 124809.3
fps step: 184806.3 fps total: 126739.5
fps step: 186110.2 fps total: 125156.5
fps step: 186960.0 fps total: 126881.5
fps step: 159850.6 fps total: 113540.9
fps step: 165132.6 fps total: 116045.7
fps step: 169024.4 fps total: 118115.7
fps step: 170035.0 fps total: 117944.5
fps step: 156636.7 fps total: 112681.1
fps step: 182308.6 fps total: 125594.5
fps step: 182252.5 fps total: 125689.6
fps step: 183319.3 fps total: 125357.6
fps step: 184379.4 fps total: 125737.8
fps step: 186724.5 fps total: 127620.3
fps step: 182333.2 fps total: 123262.7
fps step: 181203.3 fps total: 119504.2
fps step: 143997.6 fps total: 102627.4
fps step: 139263.3 fps total: 101514.8
fps step: 164588.1 fps total: 111293.2
fps step: 141904.0 fps total: 103765.2
fps step: 185313.4 fps total: 125026.3
fps step: 154009.4 fps total: 109576.6
fps step: 181973.6 fps total: 124776.5
fps step: 182687.7 fps total: 124201.2
=> saving checkpoint 'runs/HumanoidAMP_08-21-55-26/nn/HumanoidAMP_08-21-55-27_1700.pth'
fps step: 141648.2 fps total: 102012.7
fps step: 161397.4 fps total: 113126.6
fps step: 154630.7 fps total: 108253.7
fps step: 144558.1 fps total: 102123.3
fps step: 142554.6 fps total: 101543.9
fps step: 151386.4 fps total: 107994.5
fps step: 131569.6 fps total: 96712.5
fps step: 150458.0 fps total: 109205.6
fps step: 184025.8 fps total: 126405.2
fps step: 159622.9 fps total: 112001.6
fps step: 134668.3 fps total: 100875.8
fps step: 184877.6 fps total: 126708.7
fps step: 185103.8 fps total: 126024.8
fps step: 184359.6 fps total: 126884.5
fps step: 184190.2 fps total: 126165.8
fps step: 181098.3 fps total: 124679.2
fps step: 165090.8 fps total: 115436.0
fps step: 167034.4 fps total: 117325.5
fps step: 182151.9 fps total: 124241.5
fps step: 171542.0 fps total: 119936.8
fps step: 166642.6 fps total: 115801.5
fps step: 155117.8 fps total: 111622.8
fps step: 163274.1 fps total: 114762.2
fps step: 138708.8 fps total: 102309.3
fps step: 151127.7 fps total: 108039.7
fps step: 183891.5 fps total: 124722.9
fps step: 183397.9 fps total: 126517.5
fps step: 175784.0 fps total: 120845.4
fps step: 184800.3 fps total: 124443.2
fps step: 175357.6 fps total: 119816.1
fps step: 155241.0 fps total: 111828.4
fps step: 174157.5 fps total: 119894.5
fps step: 171739.8 fps total: 118169.3
fps step: 159911.7 fps total: 112928.9
fps step: 153873.6 fps total: 110041.3
fps step: 167221.9 fps total: 115870.9
fps step: 157602.0 fps total: 113314.4
fps step: 160569.2 fps total: 114751.2
fps step: 185367.2 fps total: 126747.7
fps step: 168165.2 fps total: 117861.7
fps step: 158440.6 fps total: 112997.8
fps step: 151212.3 fps total: 110270.9
fps step: 187658.3 fps total: 128519.0
fps step: 182959.2 fps total: 126030.0
fps step: 180754.2 fps total: 123504.4
fps step: 183754.7 fps total: 125759.1
fps step: 185811.1 fps total: 127450.1
fps step: 184844.3 fps total: 126442.3
fps step: 182352.3 fps total: 125849.9
fps step: 188111.5 fps total: 128471.2
=> saving checkpoint 'runs/HumanoidAMP_08-21-55-26/nn/HumanoidAMP_08-21-55-27_1750.pth'
fps step: 174173.5 fps total: 119177.9
fps step: 173422.5 fps total: 119648.3
fps step: 186065.4 fps total: 127318.8
fps step: 187261.5 fps total: 127230.7
fps step: 161911.5 fps total: 114116.1
fps step: 185323.5 fps total: 123796.9
fps step: 171247.7 fps total: 119275.9
fps step: 184263.5 fps total: 125647.2
fps step: 183543.3 fps total: 125887.2
fps step: 181419.4 fps total: 124641.2
fps step: 157426.9 fps total: 111755.5
fps step: 162428.9 fps total: 113450.7
fps step: 182463.3 fps total: 124721.0
fps step: 173039.4 fps total: 119078.5
fps step: 139411.8 fps total: 102978.8
fps step: 147483.9 fps total: 107510.3
fps step: 154348.1 fps total: 111762.7
fps step: 187202.2 fps total: 127900.6
fps step: 188568.4 fps total: 128866.9
fps step: 184073.1 fps total: 126871.5
fps step: 186602.4 fps total: 127803.0
fps step: 185706.5 fps total: 126892.7
fps step: 186253.2 fps total: 127414.5
fps step: 185754.2 fps total: 127303.6
fps step: 185222.1 fps total: 127082.8
fps step: 187667.0 fps total: 128202.3
fps step: 181002.0 fps total: 123938.0
fps step: 184398.2 fps total: 126828.6
fps step: 184714.1 fps total: 126444.5
fps step: 186548.1 fps total: 127800.9
fps step: 178694.4 fps total: 122279.2
fps step: 183338.4 fps total: 125648.0
fps step: 181158.2 fps total: 124098.3
fps step: 169115.2 fps total: 118087.6
fps step: 182966.6 fps total: 125654.5
fps step: 184134.4 fps total: 126610.9
fps step: 181410.5 fps total: 122865.6
fps step: 174867.7 fps total: 120368.6
fps step: 177606.9 fps total: 122622.9
fps step: 166390.4 fps total: 118108.6
fps step: 156291.9 fps total: 112832.4
fps step: 149077.0 fps total: 107632.1
fps step: 153167.7 fps total: 109676.7
fps step: 146108.0 fps total: 106538.4
fps step: 178770.9 fps total: 123524.0
fps step: 149382.6 fps total: 107949.9
fps step: 183798.2 fps total: 125386.8
fps step: 161727.4 fps total: 115105.6
fps step: 164706.6 fps total: 117083.4
fps step: 138931.2 fps total: 102743.6
=> saving checkpoint 'runs/HumanoidAMP_08-21-55-26/nn/HumanoidAMP_08-21-55-27_1800.pth'
fps step: 135132.6 fps total: 100105.9
fps step: 176118.1 fps total: 122993.1
fps step: 185159.3 fps total: 126073.5
fps step: 167717.5 fps total: 117290.0
fps step: 150448.1 fps total: 106872.5
fps step: 158965.6 fps total: 113061.6
fps step: 172508.6 fps total: 119606.3
fps step: 174307.5 fps total: 121581.0
fps step: 163900.3 fps total: 115851.0
fps step: 186034.3 fps total: 127738.1
fps step: 188133.6 fps total: 128681.4
fps step: 181110.8 fps total: 124556.6
fps step: 177366.4 fps total: 121941.7
fps step: 151833.2 fps total: 110259.7
fps step: 169431.7 fps total: 117515.4
fps step: 170770.8 fps total: 116716.3
fps step: 177220.4 fps total: 119917.7
fps step: 182987.5 fps total: 124025.5
fps step: 180745.8 fps total: 123856.7
fps step: 183319.5 fps total: 125105.9
fps step: 178748.4 fps total: 123755.7
fps step: 185226.5 fps total: 125452.6
fps step: 150775.6 fps total: 108170.8
fps step: 142817.2 fps total: 102734.1
fps step: 153050.8 fps total: 108125.6
fps step: 133050.0 fps total: 97762.4
fps step: 149379.1 fps total: 105997.0
fps step: 140780.2 fps total: 101444.0
fps step: 134625.6 fps total: 99737.7
fps step: 145921.9 fps total: 105310.3
fps step: 139429.5 fps total: 102437.1
fps step: 149106.5 fps total: 107363.2
fps step: 142049.1 fps total: 102942.0
fps step: 145653.4 fps total: 105530.4
fps step: 146798.3 fps total: 105343.8
fps step: 148322.4 fps total: 104509.2
fps step: 146814.5 fps total: 106482.3
fps step: 146710.6 fps total: 105953.1
fps step: 147973.7 fps total: 107258.9
fps step: 185345.1 fps total: 127244.9
fps step: 159350.1 fps total: 112126.7
fps step: 179041.5 fps total: 123856.2
fps step: 151430.0 fps total: 109708.0
fps step: 186678.1 fps total: 127775.7
fps step: 185120.3 fps total: 127371.9
fps step: 182900.9 fps total: 125828.2
fps step: 185207.7 fps total: 127040.7
fps step: 181666.5 fps total: 125574.9
fps step: 187256.7 fps total: 128357.7
fps step: 182426.9 fps total: 126114.4
=> saving checkpoint 'runs/HumanoidAMP_08-21-55-26/nn/HumanoidAMP_08-21-55-27_1850.pth'
fps step: 154132.2 fps total: 111339.9
fps step: 184770.0 fps total: 125911.0
fps step: 184768.1 fps total: 126736.6
fps step: 185225.2 fps total: 127132.7
fps step: 178692.4 fps total: 123277.2
fps step: 188604.1 fps total: 127882.0
fps step: 187268.3 fps total: 126265.8
fps step: 187170.0 fps total: 127064.3
fps step: 182762.1 fps total: 122634.6
fps step: 185803.3 fps total: 126500.2
fps step: 181719.4 fps total: 124738.3
fps step: 188917.6 fps total: 128020.8
fps step: 185421.4 fps total: 126490.0
fps step: 187446.9 fps total: 127790.8
fps step: 183192.6 fps total: 124891.8
fps step: 185441.9 fps total: 126159.0
fps step: 186664.7 fps total: 127833.0
fps step: 183513.0 fps total: 125770.4
fps step: 187079.8 fps total: 128007.8
fps step: 185094.2 fps total: 126142.9
fps step: 186939.1 fps total: 127041.3
fps step: 183501.5 fps total: 125805.6
fps step: 180712.4 fps total: 123576.8
fps step: 185304.1 fps total: 127320.4
fps step: 146185.5 fps total: 106668.5
fps step: 151685.8 fps total: 108139.2
fps step: 154715.4 fps total: 110184.7
fps step: 172448.5 fps total: 120875.6
fps step: 181712.5 fps total: 125187.7
fps step: 165057.2 fps total: 115919.0
fps step: 184771.3 fps total: 125308.6
fps step: 178974.4 fps total: 123354.6
fps step: 183946.2 fps total: 125427.1
fps step: 178835.1 fps total: 122902.8
fps step: 160188.5 fps total: 112572.3
fps step: 166498.6 fps total: 115428.5
fps step: 161779.8 fps total: 114393.2
fps step: 160550.2 fps total: 113897.4
fps step: 150556.0 fps total: 108687.3
fps step: 150658.2 fps total: 108808.7
fps step: 148435.6 fps total: 107747.9
fps step: 160805.1 fps total: 111374.7
fps step: 139998.0 fps total: 103128.4
fps step: 136689.1 fps total: 101612.0
fps step: 183007.6 fps total: 123745.1
fps step: 177508.5 fps total: 122265.6
fps step: 182534.9 fps total: 125276.5
fps step: 186486.9 fps total: 127724.7
fps step: 186053.3 fps total: 127781.2
fps step: 184653.6 fps total: 126550.7
=> saving checkpoint 'runs/HumanoidAMP_08-21-55-26/nn/HumanoidAMP_08-21-55-27_1900.pth'
fps step: 186844.8 fps total: 127899.1
fps step: 185816.1 fps total: 127623.4
fps step: 188205.1 fps total: 128778.7
fps step: 188046.2 fps total: 128434.7
fps step: 188420.4 fps total: 127073.6
fps step: 187044.5 fps total: 128141.2
fps step: 186123.1 fps total: 127467.7
fps step: 186104.9 fps total: 127536.9
fps step: 186322.4 fps total: 127907.7
fps step: 187435.9 fps total: 128211.7
fps step: 185846.9 fps total: 127421.9
fps step: 187161.0 fps total: 127821.1
fps step: 187985.4 fps total: 128468.7
fps step: 187948.1 fps total: 128504.7
fps step: 187935.2 fps total: 128568.4
fps step: 187276.3 fps total: 127948.3
fps step: 188925.1 fps total: 128755.2
fps step: 185232.2 fps total: 127324.9
fps step: 171555.3 fps total: 116618.0
fps step: 177849.0 fps total: 122635.4
fps step: 174438.8 fps total: 119698.7
fps step: 182347.4 fps total: 125539.0
fps step: 169609.4 fps total: 118975.5
fps step: 168172.3 fps total: 117641.9
fps step: 174066.1 fps total: 121980.5
fps step: 186914.5 fps total: 128156.7
fps step: 183860.3 fps total: 126248.3
fps step: 185466.3 fps total: 126915.3
fps step: 177790.5 fps total: 123671.6
fps step: 186353.1 fps total: 126589.7
fps step: 155050.2 fps total: 111099.6
fps step: 178531.8 fps total: 122477.7
fps step: 173463.3 fps total: 120496.3
fps step: 165886.7 fps total: 116600.7
fps step: 156329.1 fps total: 108053.1
fps step: 165365.4 fps total: 114317.1
fps step: 180927.3 fps total: 124369.2
fps step: 187548.9 fps total: 128401.5
fps step: 178184.8 fps total: 123622.6
fps step: 181242.0 fps total: 124514.8
fps step: 186545.3 fps total: 127556.0
fps step: 185321.1 fps total: 127312.1
fps step: 185867.0 fps total: 124869.4
fps step: 188058.1 fps total: 125164.3
fps step: 166703.2 fps total: 116302.8
fps step: 161442.2 fps total: 113488.6
fps step: 180793.0 fps total: 120780.8
fps step: 168531.9 fps total: 113844.7
fps step: 162757.5 fps total: 114759.6
fps step: 179084.9 fps total: 121813.0
=> saving checkpoint 'runs/HumanoidAMP_08-21-55-26/nn/HumanoidAMP_08-21-55-27_1950.pth'
fps step: 184755.4 fps total: 126614.7
fps step: 182469.0 fps total: 125678.1
fps step: 186563.2 fps total: 126097.6
fps step: 180357.0 fps total: 122559.4
fps step: 176914.4 fps total: 119409.3
fps step: 178346.7 fps total: 120842.8
fps step: 180294.5 fps total: 123914.7
fps step: 185872.5 fps total: 127687.9
fps step: 176156.2 fps total: 121968.0
fps step: 163555.7 fps total: 111339.8
fps step: 174919.1 fps total: 119946.0
fps step: 162521.8 fps total: 113251.2
fps step: 178450.3 fps total: 120294.9
fps step: 179645.7 fps total: 123043.7
fps step: 175379.2 fps total: 121227.4
fps step: 182254.2 fps total: 125566.5
fps step: 184999.9 fps total: 126991.1
fps step: 182983.0 fps total: 125682.0
fps step: 182972.5 fps total: 123565.1
fps step: 183202.0 fps total: 124409.7
fps step: 187003.6 fps total: 124903.8
fps step: 184197.5 fps total: 125728.9
fps step: 184937.2 fps total: 125029.4
fps step: 174818.1 fps total: 120699.7
fps step: 177655.2 fps total: 122207.1
fps step: 155637.8 fps total: 110830.0
fps step: 146582.6 fps total: 103500.0
fps step: 145244.7 fps total: 105189.9
fps step: 138481.1 fps total: 102744.4
fps step: 147733.1 fps total: 106630.4
fps step: 185382.5 fps total: 124829.8
fps step: 181533.4 fps total: 124436.7
fps step: 188709.2 fps total: 129076.2
fps step: 178853.9 fps total: 123542.4
fps step: 187712.7 fps total: 127415.9
fps step: 188241.2 fps total: 128710.6
fps step: 188443.0 fps total: 129020.1
fps step: 173696.7 fps total: 118690.9
fps step: 185524.5 fps total: 127129.5
fps step: 186072.4 fps total: 127256.4
fps step: 182370.0 fps total: 125385.0
fps step: 175014.1 fps total: 120999.2
fps step: 184623.3 fps total: 126444.0
fps step: 186550.1 fps total: 127415.6
fps step: 185906.7 fps total: 127042.1
fps step: 182941.7 fps total: 125423.4
fps step: 187130.0 fps total: 127159.8
fps step: 188176.4 fps total: 128247.9
fps step: 184567.4 fps total: 126832.1
fps step: 187079.3 fps total: 127837.7
=> saving checkpoint 'runs/HumanoidAMP_08-21-55-26/nn/HumanoidAMP_08-21-55-27_2000.pth'
fps step: 183623.8 fps total: 125279.7
fps step: 188247.4 fps total: 128832.7
fps step: 185647.2 fps total: 126810.8
fps step: 179875.9 fps total: 122208.2
fps step: 188300.1 fps total: 128156.8
fps step: 182489.0 fps total: 125803.7
fps step: 175723.5 fps total: 121549.4
fps step: 165263.2 fps total: 116629.5
fps step: 182624.7 fps total: 126059.8
fps step: 178202.9 fps total: 122579.0
fps step: 173946.7 fps total: 121183.3
fps step: 186076.2 fps total: 127639.6
fps step: 188712.5 fps total: 129020.4
fps step: 189317.4 fps total: 129431.8
fps step: 186993.8 fps total: 128191.8
fps step: 187302.5 fps total: 128291.9
fps step: 186482.2 fps total: 126259.0
fps step: 183084.1 fps total: 125781.4
fps step: 183740.1 fps total: 125207.6
fps step: 155989.3 fps total: 111352.2
fps step: 175412.9 fps total: 121799.6
fps step: 147868.0 fps total: 107673.4
fps step: 165085.2 fps total: 115253.3
fps step: 173311.5 fps total: 119578.7
fps step: 142425.8 fps total: 105087.3
fps step: 158945.0 fps total: 114323.2
fps step: 183377.0 fps total: 126444.5
fps step: 183352.9 fps total: 125929.4
fps step: 177290.8 fps total: 123681.0
fps step: 187284.3 fps total: 128334.9
fps step: 187234.3 fps total: 128525.8
fps step: 181310.3 fps total: 125096.3
fps step: 180185.8 fps total: 123808.1
fps step: 184518.6 fps total: 127136.9
fps step: 183703.4 fps total: 126577.6
fps step: 186541.3 fps total: 127822.8
fps step: 184806.3 fps total: 126823.4
fps step: 184144.3 fps total: 126794.1
fps step: 182891.3 fps total: 125908.4
fps step: 185514.7 fps total: 127406.9
fps step: 183443.6 fps total: 126516.2
fps step: 186928.4 fps total: 128160.2
fps step: 182981.2 fps total: 125866.2
fps step: 184580.5 fps total: 126851.3
fps step: 185309.4 fps total: 121159.0
fps step: 172741.8 fps total: 120677.2
fps step: 177941.1 fps total: 123079.3
fps step: 183844.0 fps total: 125982.2
fps step: 184255.1 fps total: 125230.4
fps step: 183334.1 fps total: 125559.4
=> saving checkpoint 'runs/HumanoidAMP_08-21-55-26/nn/HumanoidAMP_08-21-55-27_2050.pth'
fps step: 172045.4 fps total: 121033.5
fps step: 156620.9 fps total: 111579.9
fps step: 183975.7 fps total: 126492.1
fps step: 178517.3 fps total: 121637.3
fps step: 148339.6 fps total: 105747.2
fps step: 177789.0 fps total: 122244.0
fps step: 156189.1 fps total: 110656.8
fps step: 168618.4 fps total: 118094.5
fps step: 150217.5 fps total: 109608.4
fps step: 183148.2 fps total: 126073.1
fps step: 179485.4 fps total: 123929.8
fps step: 183442.6 fps total: 126049.2
fps step: 181630.1 fps total: 125180.9
fps step: 183971.0 fps total: 126590.1
fps step: 184082.1 fps total: 125642.2
fps step: 178119.6 fps total: 123809.0
fps step: 158007.2 fps total: 112763.7
fps step: 171009.5 fps total: 118557.4
fps step: 173127.8 fps total: 118961.8
fps step: 142183.0 fps total: 102533.4
fps step: 160504.3 fps total: 110473.8
fps step: 156272.2 fps total: 108628.2
fps step: 145640.0 fps total: 105683.1
fps step: 155665.1 fps total: 110368.3
fps step: 157322.8 fps total: 109587.8
fps step: 180968.8 fps total: 121979.1
fps step: 167225.8 fps total: 118425.2
fps step: 176480.3 fps total: 120678.8
fps step: 174999.4 fps total: 120522.3
fps step: 169593.8 fps total: 115421.1
fps step: 161528.3 fps total: 111104.7
fps step: 184639.6 fps total: 123552.1
fps step: 157607.8 fps total: 111148.7
fps step: 168762.4 fps total: 115951.1
fps step: 177437.0 fps total: 120585.3
fps step: 159119.5 fps total: 112015.7
fps step: 161438.3 fps total: 113410.8
fps step: 176807.0 fps total: 122641.6
fps step: 174469.8 fps total: 121313.0
fps step: 169837.2 fps total: 117384.9
fps step: 165734.8 fps total: 112719.0
fps step: 176765.5 fps total: 120916.9
fps step: 185486.9 fps total: 126880.5
fps step: 185935.4 fps total: 127764.9
fps step: 187426.8 fps total: 127872.7
fps step: 186122.7 fps total: 127591.8
fps step: 187745.2 fps total: 125697.4
fps step: 171822.0 fps total: 119814.8
fps step: 178235.8 fps total: 122863.8
fps step: 164979.3 fps total: 115944.7
=> saving checkpoint 'runs/HumanoidAMP_08-21-55-26/nn/HumanoidAMP_08-21-55-27_2100.pth'
fps step: 141456.2 fps total: 103647.5
fps step: 166891.4 fps total: 114946.0
fps step: 175090.6 fps total: 118531.5
fps step: 185485.1 fps total: 126259.9
fps step: 171050.7 fps total: 114856.5
fps step: 178665.5 fps total: 122586.1
fps step: 187813.2 fps total: 127528.1
fps step: 184877.3 fps total: 125318.6
fps step: 181987.1 fps total: 123723.5
fps step: 186261.4 fps total: 127402.0
fps step: 188184.2 fps total: 128775.8
fps step: 184090.2 fps total: 126695.5
fps step: 189344.8 fps total: 127910.5
fps step: 189454.8 fps total: 129368.3
fps step: 185194.0 fps total: 127416.9
fps step: 186159.2 fps total: 127151.0
fps step: 180338.0 fps total: 122545.8
fps step: 186602.6 fps total: 123449.0
fps step: 184263.5 fps total: 125041.9
fps step: 163815.7 fps total: 115517.8
fps step: 180726.7 fps total: 124602.4
fps step: 180537.3 fps total: 123843.7
fps step: 175967.1 fps total: 121206.7
fps step: 178145.7 fps total: 122892.3
fps step: 181109.4 fps total: 123523.5
fps step: 175238.8 fps total: 121231.8
fps step: 171615.8 fps total: 120119.6
fps step: 148214.8 fps total: 105515.3
fps step: 142802.1 fps total: 103696.4
fps step: 186280.9 fps total: 127572.1
fps step: 145773.9 fps total: 106337.0
fps step: 148277.2 fps total: 106356.0
fps step: 178288.6 fps total: 123190.3
fps step: 181637.5 fps total: 124620.4
fps step: 183772.7 fps total: 124739.5
fps step: 168862.8 fps total: 118128.5
fps step: 175785.6 fps total: 116391.0
fps step: 154885.4 fps total: 109522.6
fps step: 163537.2 fps total: 111982.7
fps step: 161688.7 fps total: 111795.9
fps step: 180607.2 fps total: 122221.6
fps step: 185532.5 fps total: 124482.8
fps step: 183982.6 fps total: 124892.6
fps step: 184264.8 fps total: 124915.2
fps step: 184032.7 fps total: 123006.9
fps step: 174453.9 fps total: 121426.0
fps step: 170386.0 fps total: 119173.5
fps step: 183265.7 fps total: 124522.6
fps step: 170984.1 fps total: 119998.0
fps step: 180292.5 fps total: 124218.4
=> saving checkpoint 'runs/HumanoidAMP_08-21-55-26/nn/HumanoidAMP_08-21-55-27_2150.pth'
fps step: 177331.3 fps total: 122276.2
fps step: 172760.3 fps total: 120114.3
fps step: 185286.3 fps total: 125738.9
fps step: 175119.3 fps total: 122291.8
fps step: 174426.9 fps total: 121978.4
fps step: 184062.1 fps total: 125295.9
fps step: 182323.1 fps total: 124011.4
fps step: 177621.3 fps total: 122002.9
fps step: 184158.5 fps total: 126586.2
fps step: 183960.9 fps total: 126431.3
fps step: 181068.4 fps total: 124021.2
fps step: 170599.2 fps total: 120353.5
fps step: 181522.5 fps total: 122780.5
fps step: 162368.1 fps total: 114140.0
fps step: 174668.9 fps total: 118818.8
fps step: 154766.5 fps total: 112257.1
fps step: 179010.2 fps total: 121952.2
fps step: 181599.0 fps total: 123638.3
fps step: 188774.7 fps total: 128271.6
fps step: 184581.0 fps total: 126089.9
fps step: 188837.1 fps total: 128253.1
fps step: 177516.4 fps total: 120984.8
fps step: 173251.1 fps total: 120975.3
fps step: 160613.6 fps total: 113361.5
fps step: 183686.9 fps total: 125398.2
fps step: 180209.5 fps total: 123437.6
fps step: 185646.2 fps total: 123850.0
fps step: 183695.4 fps total: 126257.8
fps step: 186678.6 fps total: 127934.9
fps step: 184130.9 fps total: 124708.7
fps step: 186846.0 fps total: 127503.9
fps step: 187367.4 fps total: 127974.9
fps step: 179846.6 fps total: 121738.6
fps step: 179410.8 fps total: 122011.0
fps step: 178294.9 fps total: 122132.9
fps step: 182234.1 fps total: 123492.5
fps step: 181516.9 fps total: 124236.7
fps step: 186444.0 fps total: 127469.2
fps step: 183366.7 fps total: 123970.5
fps step: 187519.8 fps total: 128471.5
fps step: 180788.9 fps total: 124977.6
fps step: 174698.1 fps total: 120293.8
fps step: 177285.9 fps total: 121393.0
fps step: 183722.3 fps total: 125008.1
fps step: 163114.2 fps total: 115325.5
fps step: 169786.8 fps total: 117736.0
fps step: 168023.8 fps total: 117135.6
fps step: 184056.4 fps total: 124449.7
fps step: 178436.2 fps total: 122719.3
fps step: 180781.7 fps total: 123965.2
=> saving checkpoint 'runs/HumanoidAMP_08-21-55-26/nn/HumanoidAMP_08-21-55-27_2200.pth'
fps step: 185323.5 fps total: 127112.1
fps step: 185952.8 fps total: 125432.1
fps step: 189733.5 fps total: 127450.1
fps step: 188846.3 fps total: 125136.7
fps step: 186534.3 fps total: 126228.1
fps step: 184533.2 fps total: 124882.8
fps step: 180493.8 fps total: 122945.4
fps step: 172482.8 fps total: 119330.2
fps step: 178020.5 fps total: 118104.0
fps step: 174923.3 fps total: 119358.5
fps step: 186304.2 fps total: 126508.4
fps step: 176438.4 fps total: 120622.4
fps step: 173727.6 fps total: 120500.0
fps step: 152159.4 fps total: 109942.6
fps step: 173339.4 fps total: 119950.5
fps step: 163257.6 fps total: 115341.2
fps step: 182544.4 fps total: 125618.4
fps step: 186468.3 fps total: 125213.9
fps step: 180682.4 fps total: 123123.2
fps step: 180676.1 fps total: 122821.6
fps step: 167726.1 fps total: 116689.1
fps step: 139548.3 fps total: 102790.8
fps step: 151765.5 fps total: 107355.8
fps step: 160436.7 fps total: 111423.9
fps step: 144410.8 fps total: 104624.7
fps step: 172999.6 fps total: 118217.7
fps step: 185396.9 fps total: 123961.4
fps step: 185875.6 fps total: 126367.0
fps step: 185595.0 fps total: 127397.0
fps step: 186047.6 fps total: 127481.9
fps step: 181914.3 fps total: 124591.2
fps step: 187518.5 fps total: 128124.2
fps step: 180874.8 fps total: 123278.4
fps step: 186102.4 fps total: 127084.0
fps step: 181589.9 fps total: 123596.1
fps step: 185979.5 fps total: 126716.5
fps step: 149306.7 fps total: 107642.2
fps step: 155081.3 fps total: 110337.1
fps step: 185531.0 fps total: 127200.9
fps step: 179269.6 fps total: 124012.7
fps step: 186127.6 fps total: 126563.7
fps step: 183088.6 fps total: 126118.4
fps step: 187452.5 fps total: 127574.7
fps step: 164693.7 fps total: 116097.8
fps step: 186288.4 fps total: 126872.8
fps step: 162930.7 fps total: 115519.4
fps step: 180280.3 fps total: 123667.4
fps step: 163534.3 fps total: 116294.3
fps step: 169591.9 fps total: 118799.2
fps step: 176659.4 fps total: 123339.7
=> saving checkpoint 'runs/HumanoidAMP_08-21-55-26/nn/HumanoidAMP_08-21-55-27_2250.pth'
fps step: 180071.5 fps total: 123954.7
fps step: 171438.8 fps total: 120472.6
fps step: 181426.5 fps total: 125565.7
fps step: 154366.8 fps total: 107537.8
fps step: 156331.6 fps total: 109159.7
fps step: 171172.5 fps total: 118282.1
fps step: 149245.1 fps total: 108065.9
fps step: 143525.0 fps total: 104927.9
fps step: 173012.7 fps total: 120118.4
fps step: 181006.0 fps total: 124188.8
fps step: 184606.2 fps total: 125078.3
fps step: 177292.4 fps total: 120235.8
fps step: 165860.4 fps total: 115561.5
fps step: 181423.3 fps total: 123551.8
fps step: 178818.3 fps total: 122942.0
fps step: 184585.1 fps total: 126935.3
fps step: 178468.5 fps total: 123265.7
fps step: 188185.3 fps total: 127654.2
fps step: 169234.5 fps total: 118253.3
fps step: 183848.5 fps total: 123844.9
fps step: 188368.8 fps total: 128503.0
fps step: 186979.3 fps total: 128059.4
fps step: 185858.4 fps total: 125977.1
fps step: 148130.7 fps total: 108350.2
fps step: 185688.4 fps total: 127419.9
fps step: 187103.1 fps total: 127782.2
fps step: 188379.4 fps total: 128500.0
fps step: 183858.9 fps total: 126708.7
fps step: 187881.6 fps total: 128286.7
fps step: 184246.5 fps total: 126673.5
fps step: 186209.9 fps total: 127394.6
fps step: 186377.1 fps total: 124298.6
fps step: 176846.9 fps total: 122985.0
fps step: 168973.4 fps total: 117298.3
fps step: 188784.2 fps total: 128275.7
fps step: 160478.4 fps total: 114841.8
fps step: 180992.7 fps total: 121261.4
fps step: 173122.5 fps total: 118354.5
fps step: 167990.4 fps total: 115436.0
fps step: 170251.7 fps total: 113879.9
fps step: 174279.6 fps total: 120124.8
fps step: 163675.0 fps total: 111682.7
fps step: 177900.0 fps total: 120439.8
fps step: 164120.0 fps total: 116125.7
fps step: 154018.2 fps total: 109143.5
fps step: 172181.6 fps total: 119542.3
fps step: 156187.5 fps total: 109090.9
fps step: 178511.3 fps total: 123232.0
fps step: 186451.8 fps total: 127618.2
fps step: 188130.9 fps total: 127904.0
=> saving checkpoint 'runs/HumanoidAMP_08-21-55-26/nn/HumanoidAMP_08-21-55-27_2300.pth'
fps step: 188878.1 fps total: 128769.4
fps step: 189200.7 fps total: 127829.8
fps step: 186950.8 fps total: 126538.0
fps step: 184786.7 fps total: 124881.2
fps step: 187790.7 fps total: 123683.8
fps step: 165338.2 fps total: 113309.3
fps step: 167023.8 fps total: 113977.5
fps step: 162028.7 fps total: 112014.4
fps step: 158721.6 fps total: 112003.3
fps step: 163106.4 fps total: 112949.5
fps step: 185705.7 fps total: 124336.0
fps step: 169645.2 fps total: 116818.8
fps step: 178027.3 fps total: 119184.5
fps step: 162715.5 fps total: 112437.2
fps step: 156659.2 fps total: 111634.9
fps step: 188841.5 fps total: 126534.8
fps step: 188922.5 fps total: 128411.9
fps step: 190219.3 fps total: 129691.0
fps step: 187555.8 fps total: 128486.1
fps step: 189134.5 fps total: 128783.7
fps step: 185498.3 fps total: 123957.3
fps step: 187161.9 fps total: 125736.3
fps step: 142545.1 fps total: 105477.0
fps step: 167331.9 fps total: 117577.5
fps step: 190340.6 fps total: 128465.0
fps step: 186023.8 fps total: 124836.0
fps step: 188190.7 fps total: 126461.5
fps step: 188348.0 fps total: 128578.4
fps step: 183643.3 fps total: 126601.9
fps step: 150421.6 fps total: 108983.7
fps step: 143894.0 fps total: 104515.8
fps step: 184930.2 fps total: 126501.0
fps step: 181814.5 fps total: 124337.3
fps step: 168268.2 fps total: 119230.0
fps step: 181313.9 fps total: 121180.3
fps step: 172696.7 fps total: 119071.9
fps step: 174872.8 fps total: 119039.0
fps step: 185805.5 fps total: 125627.3
fps step: 182294.3 fps total: 124998.8
fps step: 183149.4 fps total: 125450.9
fps step: 155527.9 fps total: 110253.6
fps step: 153744.5 fps total: 108976.2
fps step: 149134.5 fps total: 104070.9
fps step: 184942.7 fps total: 125808.8
fps step: 145971.2 fps total: 102967.3
fps step: 149337.8 fps total: 106961.7
fps step: 146031.0 fps total: 104704.6
fps step: 169113.9 fps total: 114082.5
fps step: 179397.5 fps total: 122591.7
fps step: 178197.0 fps total: 120943.8
=> saving checkpoint 'runs/HumanoidAMP_08-21-55-26/nn/HumanoidAMP_08-21-55-27_2350.pth'
fps step: 184903.7 fps total: 123392.3
fps step: 176934.5 fps total: 120187.6
fps step: 176472.3 fps total: 119006.9
fps step: 181257.7 fps total: 122102.0
fps step: 182193.9 fps total: 125071.1
fps step: 184586.6 fps total: 121552.1
fps step: 161206.0 fps total: 109690.3
fps step: 169140.9 fps total: 114931.2
fps step: 181211.4 fps total: 123260.4
fps step: 186459.5 fps total: 127649.4
fps step: 188095.8 fps total: 128576.9
fps step: 178651.8 fps total: 122162.2
fps step: 178998.1 fps total: 117619.8
fps step: 174059.5 fps total: 116797.3
fps step: 173375.3 fps total: 119982.6
fps step: 182767.7 fps total: 124113.0
fps step: 180315.3 fps total: 121513.0
fps step: 187780.5 fps total: 126379.7
fps step: 146956.0 fps total: 106219.0
fps step: 154545.9 fps total: 111479.2
fps step: 142544.2 fps total: 102816.9
fps step: 158017.4 fps total: 112902.8
fps step: 151833.2 fps total: 109380.1
fps step: 160149.8 fps total: 109826.1
fps step: 179370.5 fps total: 121871.2
fps step: 171086.0 fps total: 117500.9
fps step: 162491.3 fps total: 114399.9
fps step: 159062.2 fps total: 114164.6
fps step: 187906.6 fps total: 128385.8
fps step: 149998.1 fps total: 107942.7
fps step: 145650.7 fps total: 106239.1
fps step: 174619.3 fps total: 117491.6
fps step: 164120.8 fps total: 116115.3
fps step: 184822.2 fps total: 124710.0
fps step: 157289.1 fps total: 108516.3
fps step: 150033.8 fps total: 108503.0
fps step: 141935.5 fps total: 103112.4
fps step: 141509.0 fps total: 103211.8
fps step: 154289.6 fps total: 109735.9
fps step: 146138.3 fps total: 105359.6
fps step: 171399.1 fps total: 118788.9
fps step: 177875.4 fps total: 123417.0
fps step: 187727.0 fps total: 126899.1
fps step: 189846.1 fps total: 127195.6
fps step: 180984.2 fps total: 122942.2
fps step: 182501.2 fps total: 122792.2
fps step: 183267.8 fps total: 125333.2
fps step: 174959.0 fps total: 120487.3
fps step: 174262.3 fps total: 120555.5
fps step: 187752.0 fps total: 127027.8
=> saving checkpoint 'runs/HumanoidAMP_08-21-55-26/nn/HumanoidAMP_08-21-55-27_2400.pth'
fps step: 180561.5 fps total: 122553.3
fps step: 177537.6 fps total: 123131.9
fps step: 188700.2 fps total: 129075.8
fps step: 180353.2 fps total: 123758.7
fps step: 188325.4 fps total: 128636.1
fps step: 188566.9 fps total: 127749.9
fps step: 187046.2 fps total: 127198.9
fps step: 170826.2 fps total: 119499.5
fps step: 180134.2 fps total: 123213.5
fps step: 166546.3 fps total: 118229.6
fps step: 183757.4 fps total: 124477.0
fps step: 168435.3 fps total: 115736.9
fps step: 148984.6 fps total: 105501.5
fps step: 186761.1 fps total: 127037.7
fps step: 185986.2 fps total: 127372.5
fps step: 189149.0 fps total: 129037.3
fps step: 187953.8 fps total: 127254.4
fps step: 188215.3 fps total: 128796.7
fps step: 184781.1 fps total: 126947.7
fps step: 189857.3 fps total: 129341.9
fps step: 189557.4 fps total: 129351.6
fps step: 184023.2 fps total: 123614.0
fps step: 180410.4 fps total: 124905.5
fps step: 189489.7 fps total: 129151.2
fps step: 175052.1 fps total: 119774.3
fps step: 188029.9 fps total: 128481.9
fps step: 175624.7 fps total: 120397.0
fps step: 185135.8 fps total: 127133.0
fps step: 189692.6 fps total: 128354.6
fps step: 175572.2 fps total: 122659.2
fps step: 167501.5 fps total: 117213.1
fps step: 174058.4 fps total: 116063.8
fps step: 168745.8 fps total: 116006.4
fps step: 179937.7 fps total: 122897.2
fps step: 145226.7 fps total: 104279.8
fps step: 188987.5 fps total: 128865.0
fps step: 189925.9 fps total: 129275.6
fps step: 187684.2 fps total: 128335.2
fps step: 187536.9 fps total: 126066.7
fps step: 187515.8 fps total: 127108.5
fps step: 185371.1 fps total: 126831.1
fps step: 185766.5 fps total: 125640.1
fps step: 190250.9 fps total: 128858.0
fps step: 168892.7 fps total: 117931.6
fps step: 141562.0 fps total: 103119.7
fps step: 157148.2 fps total: 110993.8
fps step: 150283.0 fps total: 107238.1
fps step: 149781.6 fps total: 107910.6
fps step: 139698.0 fps total: 101014.3
fps step: 135503.5 fps total: 100477.6
=> saving checkpoint 'runs/HumanoidAMP_08-21-55-26/nn/HumanoidAMP_08-21-55-27_2450.pth'
fps step: 185205.6 fps total: 126166.7
fps step: 187971.0 fps total: 127866.2
fps step: 188847.9 fps total: 128773.0
fps step: 176190.8 fps total: 121010.5
fps step: 187032.9 fps total: 127541.1
fps step: 187194.0 fps total: 125049.1
fps step: 184531.7 fps total: 122725.6
fps step: 178932.5 fps total: 124435.3
fps step: 178202.4 fps total: 124027.9
fps step: 163085.5 fps total: 116458.7
fps step: 181972.8 fps total: 125064.9
fps step: 184030.1 fps total: 126862.1
fps step: 176675.9 fps total: 122186.6
fps step: 182338.8 fps total: 124784.6
fps step: 161109.9 fps total: 112027.6
fps step: 165877.2 fps total: 117208.8
fps step: 163361.4 fps total: 115973.7
fps step: 153851.9 fps total: 109573.8
fps step: 156628.0 fps total: 111739.6
fps step: 169757.4 fps total: 118630.8
fps step: 188541.3 fps total: 128395.9
fps step: 187456.3 fps total: 126879.9
fps step: 181514.7 fps total: 124577.1
fps step: 185834.8 fps total: 127261.6
fps step: 183960.6 fps total: 126268.5
fps step: 183196.6 fps total: 125367.1
fps step: 187612.2 fps total: 127868.0
fps step: 188598.3 fps total: 126826.0
fps step: 186619.8 fps total: 126203.4
fps step: 184021.0 fps total: 126423.4
fps step: 186074.4 fps total: 126238.3
fps step: 178555.2 fps total: 122152.3
fps step: 165070.2 fps total: 116256.3
fps step: 186378.6 fps total: 127642.7
fps step: 186296.9 fps total: 126987.6
fps step: 182997.3 fps total: 121119.8
fps step: 138397.0 fps total: 100160.5
fps step: 178842.1 fps total: 121823.0
fps step: 185941.4 fps total: 126150.3
fps step: 186106.1 fps total: 127451.4
fps step: 187495.1 fps total: 128455.2
fps step: 188244.0 fps total: 128389.5
fps step: 188733.5 fps total: 128482.4
fps step: 138896.7 fps total: 102195.8
fps step: 180317.6 fps total: 124708.7
fps step: 187670.5 fps total: 128239.4
fps step: 186288.3 fps total: 123208.5
fps step: 186241.1 fps total: 126584.6
fps step: 173403.1 fps total: 119881.5
fps step: 167142.9 fps total: 117855.3
=> saving checkpoint 'runs/HumanoidAMP_08-21-55-26/nn/HumanoidAMP_08-21-55-27_2500.pth'
fps step: 183052.3 fps total: 126266.2
fps step: 185218.7 fps total: 126604.2
fps step: 185782.9 fps total: 126917.7
fps step: 149354.0 fps total: 108738.2
fps step: 156965.2 fps total: 112539.7
fps step: 186251.3 fps total: 126592.9
fps step: 184143.9 fps total: 126410.8
fps step: 188031.8 fps total: 128372.5
fps step: 187108.7 fps total: 127552.1
fps step: 188202.8 fps total: 126520.7
fps step: 186162.3 fps total: 127397.4
fps step: 186708.4 fps total: 127437.8
fps step: 186693.6 fps total: 126829.8
fps step: 189327.2 fps total: 129337.4
fps step: 187617.5 fps total: 127703.8
fps step: 189660.6 fps total: 129130.8
fps step: 184180.3 fps total: 125916.5
fps step: 187219.2 fps total: 126712.1
fps step: 167513.0 fps total: 118136.7
fps step: 152659.5 fps total: 109861.2
fps step: 182253.6 fps total: 125946.8
fps step: 188400.2 fps total: 128845.4
fps step: 182444.1 fps total: 125711.6
fps step: 188654.1 fps total: 128237.0
fps step: 186819.9 fps total: 128120.2
fps step: 188019.9 fps total: 128129.9
fps step: 177354.3 fps total: 122212.4
fps step: 180963.1 fps total: 125052.5
fps step: 188276.5 fps total: 127299.1
fps step: 148987.2 fps total: 107811.3
fps step: 161519.1 fps total: 115328.5
fps step: 189412.6 fps total: 128837.8
fps step: 189464.7 fps total: 129225.3
fps step: 188466.9 fps total: 128448.9
fps step: 187751.1 fps total: 127726.1
fps step: 143548.3 fps total: 105433.5
fps step: 150043.7 fps total: 109514.2
fps step: 171224.9 fps total: 119197.5
fps step: 173996.7 fps total: 121565.1
fps step: 186540.0 fps total: 127435.7
fps step: 186267.7 fps total: 127724.2
fps step: 189277.1 fps total: 129280.0
fps step: 187960.3 fps total: 128595.7
fps step: 187101.5 fps total: 127924.0
fps step: 186504.7 fps total: 126590.5
fps step: 186838.0 fps total: 127950.3
fps step: 181370.4 fps total: 124018.0
fps step: 180123.6 fps total: 124616.3
fps step: 172055.3 fps total: 120814.0
fps step: 186682.5 fps total: 126955.4
=> saving checkpoint 'runs/HumanoidAMP_08-21-55-26/nn/HumanoidAMP_08-21-55-27_2550.pth'
fps step: 183764.8 fps total: 126234.3
fps step: 186898.7 fps total: 127602.9
fps step: 184743.8 fps total: 126897.0
fps step: 184467.1 fps total: 125582.2
fps step: 182739.9 fps total: 125958.8
fps step: 184482.4 fps total: 126303.2
fps step: 159495.0 fps total: 114294.9
fps step: 149911.8 fps total: 108939.9
fps step: 149486.0 fps total: 107788.2
fps step: 141104.7 fps total: 104350.7
fps step: 171299.1 fps total: 118273.8
fps step: 189413.3 fps total: 128891.9
fps step: 179473.0 fps total: 122532.9
fps step: 147067.0 fps total: 106986.9
fps step: 136202.2 fps total: 101342.3
fps step: 149812.2 fps total: 109246.8
fps step: 179896.7 fps total: 124773.6
fps step: 164275.1 fps total: 114520.5
fps step: 179923.6 fps total: 124479.6
fps step: 168683.7 fps total: 117950.6
fps step: 181478.9 fps total: 125031.0
fps step: 166106.4 fps total: 116372.8
fps step: 188226.0 fps total: 128699.4
fps step: 187835.2 fps total: 128207.6
fps step: 145069.5 fps total: 103509.3
fps step: 144566.7 fps total: 105913.6
fps step: 153026.0 fps total: 108101.2
fps step: 171829.2 fps total: 120281.8
fps step: 139069.1 fps total: 101528.8
fps step: 161624.3 fps total: 111378.2
fps step: 161204.2 fps total: 113388.5
fps step: 158277.4 fps total: 112635.3
fps step: 185090.4 fps total: 125300.7
fps step: 186905.3 fps total: 126604.4
fps step: 186256.3 fps total: 127085.8
fps step: 186857.9 fps total: 128093.3
fps step: 188116.1 fps total: 128774.0
fps step: 186885.7 fps total: 127779.6
fps step: 180782.4 fps total: 124172.5
fps step: 186221.8 fps total: 127560.5
fps step: 188597.7 fps total: 128619.8
fps step: 188043.3 fps total: 128422.5
fps step: 189609.9 fps total: 128195.2
fps step: 187531.5 fps total: 127982.7
fps step: 188165.7 fps total: 128684.1
fps step: 187981.8 fps total: 128288.5
fps step: 187653.5 fps total: 128325.5
fps step: 186998.1 fps total: 128194.9
fps step: 189522.9 fps total: 129192.6
fps step: 179241.8 fps total: 122608.1
=> saving checkpoint 'runs/HumanoidAMP_08-21-55-26/nn/HumanoidAMP_08-21-55-27_2600.pth'
fps step: 188333.2 fps total: 128621.1
fps step: 179183.2 fps total: 123052.2
fps step: 187452.1 fps total: 127065.2
fps step: 188250.5 fps total: 128595.4
fps step: 177471.0 fps total: 122309.7
fps step: 176310.5 fps total: 122030.8
fps step: 159879.2 fps total: 114385.2
fps step: 158872.7 fps total: 112603.1
fps step: 137238.0 fps total: 100664.8
fps step: 156457.3 fps total: 111569.3
fps step: 157797.3 fps total: 112413.7
fps step: 153553.1 fps total: 111125.8
fps step: 183863.7 fps total: 126540.4
fps step: 184848.4 fps total: 127049.8
fps step: 181642.5 fps total: 125322.9
fps step: 178207.0 fps total: 122703.5
fps step: 181198.4 fps total: 125196.5
fps step: 162107.7 fps total: 113090.3
fps step: 162919.4 fps total: 112550.1
fps step: 172797.6 fps total: 119287.1
fps step: 152676.1 fps total: 107501.9
fps step: 166188.7 fps total: 115587.3
fps step: 174804.2 fps total: 118541.3
fps step: 136818.8 fps total: 101710.0
fps step: 169697.8 fps total: 115214.7
fps step: 153405.0 fps total: 109586.7
fps step: 164049.7 fps total: 116608.6
fps step: 177595.9 fps total: 123183.4
fps step: 176476.5 fps total: 122156.3
fps step: 182492.4 fps total: 123420.5
fps step: 177956.9 fps total: 123431.8
fps step: 185629.0 fps total: 126337.8
fps step: 180290.5 fps total: 123235.5
fps step: 186550.5 fps total: 127641.3
fps step: 176595.2 fps total: 122823.3
fps step: 184115.1 fps total: 126026.2
fps step: 187826.8 fps total: 128643.5
fps step: 169361.5 fps total: 119594.4
fps step: 163281.1 fps total: 115729.5
fps step: 184329.5 fps total: 125766.7
fps step: 171802.8 fps total: 118580.7
fps step: 184910.6 fps total: 126869.9
fps step: 180618.4 fps total: 125148.2
fps step: 189246.9 fps total: 128998.8
fps step: 163071.0 fps total: 116041.8
fps step: 171551.0 fps total: 119631.1
fps step: 168004.0 fps total: 117119.2
fps step: 187772.8 fps total: 125642.7
fps step: 183914.2 fps total: 126136.1
fps step: 186993.9 fps total: 127574.7
=> saving checkpoint 'runs/HumanoidAMP_08-21-55-26/nn/HumanoidAMP_08-21-55-27_2650.pth'
fps step: 185967.2 fps total: 127067.7
fps step: 188779.3 fps total: 127828.8
fps step: 187959.2 fps total: 127414.9
fps step: 188342.7 fps total: 128344.0
fps step: 158232.9 fps total: 112313.2
fps step: 187731.8 fps total: 127926.9
fps step: 188923.5 fps total: 128026.2
fps step: 176672.9 fps total: 118987.0
fps step: 141538.2 fps total: 103594.6
fps step: 173162.5 fps total: 119331.2
fps step: 163425.1 fps total: 113901.4
fps step: 169016.2 fps total: 118105.5
fps step: 179269.9 fps total: 122942.6
fps step: 183528.7 fps total: 124571.5
fps step: 175858.9 fps total: 121084.5
fps step: 169471.7 fps total: 117748.9
fps step: 186830.6 fps total: 127785.6
fps step: 185013.9 fps total: 126772.7
fps step: 188203.2 fps total: 128501.7
fps step: 187244.1 fps total: 126305.6
fps step: 175575.5 fps total: 120882.6
fps step: 187953.3 fps total: 126978.6
fps step: 181782.6 fps total: 124192.3
fps step: 187218.1 fps total: 127994.4
fps step: 185962.0 fps total: 127286.2
fps step: 172296.4 fps total: 121134.9
fps step: 184908.6 fps total: 125055.9
fps step: 159933.5 fps total: 114716.8
fps step: 164836.9 fps total: 116384.1
fps step: 182513.4 fps total: 125555.5
fps step: 171052.5 fps total: 120105.2
fps step: 180585.2 fps total: 121791.8
fps step: 133142.1 fps total: 97357.2
fps step: 171783.9 fps total: 117909.0
fps step: 183450.8 fps total: 123412.8
fps step: 174693.2 fps total: 116713.0
fps step: 163201.6 fps total: 115183.6
fps step: 166188.6 fps total: 116840.6
fps step: 173591.5 fps total: 116069.9
fps step: 169264.5 fps total: 118711.2
fps step: 177571.1 fps total: 121173.8
fps step: 180583.0 fps total: 122131.5
fps step: 156018.2 fps total: 111158.7
fps step: 154572.9 fps total: 109324.6
fps step: 183949.8 fps total: 124812.9
fps step: 174803.6 fps total: 118809.7
fps step: 188829.5 fps total: 125819.7
fps step: 186348.6 fps total: 126809.2
fps step: 171062.4 fps total: 118667.6
fps step: 180494.3 fps total: 122434.5
=> saving checkpoint 'runs/HumanoidAMP_08-21-55-26/nn/HumanoidAMP_08-21-55-27_2700.pth'
fps step: 185258.5 fps total: 125422.0
fps step: 185380.4 fps total: 126639.7
fps step: 186356.6 fps total: 127478.7
fps step: 168936.7 fps total: 117401.5
fps step: 170438.7 fps total: 116575.9
fps step: 177087.0 fps total: 122096.3
fps step: 187765.8 fps total: 127278.0
fps step: 174390.8 fps total: 118793.8
fps step: 180214.2 fps total: 122803.3
fps step: 188479.6 fps total: 128835.9
fps step: 179998.9 fps total: 121878.9
fps step: 158719.1 fps total: 111814.8
fps step: 188176.1 fps total: 125908.4
fps step: 183570.9 fps total: 123152.9
fps step: 187523.7 fps total: 127241.7
fps step: 188849.7 fps total: 126866.5
fps step: 187727.5 fps total: 127748.0
fps step: 185942.3 fps total: 127013.8
fps step: 185095.9 fps total: 125924.3
fps step: 187213.9 fps total: 127628.2
fps step: 188434.0 fps total: 125434.9
fps step: 187948.5 fps total: 125296.2
fps step: 161722.3 fps total: 113878.1
fps step: 174810.8 fps total: 120417.5
fps step: 186939.0 fps total: 125723.3
fps step: 180523.7 fps total: 124997.9
fps step: 163014.4 fps total: 116574.0
fps step: 184976.5 fps total: 125241.4
fps step: 173583.1 fps total: 120072.8
fps step: 153994.3 fps total: 109267.5
fps step: 150831.5 fps total: 108215.0
fps step: 169688.4 fps total: 116023.5
fps step: 183070.9 fps total: 123835.7
fps step: 184822.8 fps total: 125486.8
fps step: 186601.9 fps total: 126903.0
fps step: 188166.7 fps total: 128645.9
fps step: 187561.0 fps total: 127318.0
fps step: 187363.3 fps total: 128558.5
fps step: 185242.1 fps total: 122748.6
fps step: 166691.6 fps total: 116901.8
fps step: 171654.1 fps total: 116679.9
fps step: 178637.5 fps total: 119150.7
fps step: 182647.9 fps total: 124071.7
fps step: 184854.3 fps total: 126784.0
fps step: 174596.6 fps total: 120651.2
fps step: 175251.8 fps total: 121596.7
fps step: 178928.8 fps total: 123171.6
fps step: 187407.6 fps total: 128066.1
fps step: 184737.5 fps total: 126717.5
fps step: 184174.2 fps total: 126240.2
=> saving checkpoint 'runs/HumanoidAMP_08-21-55-26/nn/HumanoidAMP_08-21-55-27_2750.pth'
fps step: 186550.1 fps total: 127987.4
fps step: 186540.6 fps total: 127345.2
fps step: 184717.0 fps total: 125922.0
fps step: 184989.1 fps total: 127204.5
fps step: 188537.8 fps total: 128936.7
fps step: 183361.6 fps total: 126184.4
fps step: 184920.5 fps total: 126228.8
fps step: 186534.2 fps total: 127252.6
fps step: 184386.7 fps total: 124872.6
fps step: 168107.1 fps total: 116636.1
fps step: 170865.3 fps total: 117496.4
fps step: 181993.5 fps total: 125945.1
fps step: 185486.4 fps total: 127256.6
fps step: 181365.3 fps total: 125481.0
fps step: 184970.1 fps total: 127038.0
fps step: 155759.2 fps total: 111789.0
fps step: 138050.0 fps total: 103168.4
fps step: 149108.6 fps total: 107108.2
fps step: 164606.7 fps total: 113458.9
fps step: 142084.3 fps total: 101298.6
fps step: 186110.1 fps total: 126008.9
fps step: 179470.1 fps total: 121860.0
fps step: 149284.6 fps total: 108347.8
fps step: 146490.8 fps total: 106519.9
fps step: 148091.5 fps total: 107303.8
fps step: 165673.3 fps total: 116334.1
fps step: 168632.5 fps total: 117484.9
fps step: 164275.2 fps total: 115694.0
fps step: 175468.2 fps total: 121973.4
fps step: 181425.1 fps total: 123834.2
fps step: 180522.8 fps total: 121035.2
fps step: 176346.7 fps total: 117378.7
fps step: 164872.2 fps total: 114311.0
fps step: 157449.7 fps total: 112819.3
fps step: 163150.5 fps total: 112501.3
fps step: 172384.9 fps total: 120801.1
fps step: 185673.1 fps total: 127251.8
fps step: 187372.0 fps total: 128144.2
fps step: 186291.8 fps total: 125675.3
fps step: 153580.8 fps total: 111008.2
fps step: 186958.2 fps total: 127339.5
fps step: 172894.1 fps total: 120155.3
fps step: 172922.0 fps total: 119033.8
fps step: 165244.7 fps total: 117179.6
fps step: 175399.1 fps total: 118932.2
fps step: 175382.2 fps total: 120518.8
fps step: 166162.4 fps total: 115675.5
fps step: 188369.3 fps total: 127458.8
fps step: 157347.6 fps total: 110215.9
fps step: 142957.0 fps total: 104625.4
=> saving checkpoint 'runs/HumanoidAMP_08-21-55-26/nn/HumanoidAMP_08-21-55-27_2800.pth'
fps step: 138251.6 fps total: 101759.3
fps step: 132697.9 fps total: 98860.0
fps step: 165158.1 fps total: 116151.8
fps step: 180399.6 fps total: 124898.4
fps step: 188639.2 fps total: 128981.4
fps step: 185920.4 fps total: 127716.8
fps step: 171691.7 fps total: 120254.8
fps step: 173048.4 fps total: 120360.9
fps step: 175294.8 fps total: 119720.6
fps step: 188029.8 fps total: 128671.5
fps step: 173088.5 fps total: 120408.1
fps step: 184006.2 fps total: 125807.1
fps step: 185061.1 fps total: 126500.6
fps step: 187151.8 fps total: 127583.2
fps step: 183054.0 fps total: 126300.2
fps step: 148981.1 fps total: 105794.7
fps step: 164427.7 fps total: 112574.8
fps step: 187453.8 fps total: 127989.5
fps step: 174057.0 fps total: 121060.4
fps step: 187303.1 fps total: 128186.9
fps step: 187595.3 fps total: 128439.4
fps step: 186713.6 fps total: 127751.5
fps step: 164110.9 fps total: 114997.7
fps step: 150464.8 fps total: 108114.8
fps step: 145793.1 fps total: 106900.3
fps step: 166383.9 fps total: 117962.3
fps step: 178681.3 fps total: 123932.1
fps step: 172425.4 fps total: 119496.2
fps step: 188874.1 fps total: 126990.8
fps step: 188405.5 fps total: 125221.5
fps step: 185593.6 fps total: 127485.4
fps step: 179350.5 fps total: 123846.5
fps step: 183497.8 fps total: 123551.1
fps step: 181211.0 fps total: 124674.4
fps step: 177899.5 fps total: 122431.4
fps step: 181628.2 fps total: 124874.4
fps step: 178771.2 fps total: 123248.4
fps step: 187342.6 fps total: 128239.5
fps step: 155548.2 fps total: 110358.8
fps step: 175632.6 fps total: 121834.1
fps step: 151022.9 fps total: 109254.9
fps step: 161359.6 fps total: 114506.3
fps step: 163504.3 fps total: 116499.9
fps step: 180206.2 fps total: 122850.2
fps step: 173256.0 fps total: 121420.2
fps step: 163653.7 fps total: 116280.7
fps step: 181822.4 fps total: 125447.5
fps step: 175634.1 fps total: 122086.8
fps step: 184050.0 fps total: 124680.0
fps step: 175640.5 fps total: 122435.1
=> saving checkpoint 'runs/HumanoidAMP_08-21-55-26/nn/HumanoidAMP_08-21-55-27_2850.pth'
fps step: 185270.0 fps total: 124471.6
fps step: 147617.7 fps total: 107892.5
fps step: 159361.0 fps total: 113057.8
fps step: 180609.6 fps total: 122671.7
fps step: 168929.4 fps total: 118623.8
fps step: 168011.0 fps total: 116793.2
fps step: 140579.5 fps total: 103459.8
fps step: 139498.9 fps total: 101983.7
fps step: 154743.6 fps total: 110348.6
fps step: 176269.4 fps total: 120659.7
fps step: 186022.9 fps total: 125369.6
fps step: 177140.1 fps total: 119843.1
fps step: 186522.4 fps total: 127574.7
fps step: 185569.6 fps total: 126813.7
fps step: 186330.4 fps total: 125478.8
fps step: 183262.1 fps total: 124321.9
fps step: 186243.0 fps total: 126838.3
fps step: 186383.4 fps total: 126983.9
fps step: 187469.9 fps total: 127726.4
fps step: 185526.5 fps total: 127169.6
fps step: 186451.3 fps total: 124090.1
fps step: 152719.3 fps total: 110534.3
fps step: 172543.6 fps total: 118747.7
fps step: 178220.2 fps total: 121639.1
fps step: 157869.8 fps total: 113538.8
fps step: 186711.1 fps total: 127507.5
fps step: 167504.2 fps total: 118702.9
fps step: 157486.8 fps total: 113489.2
fps step: 164051.8 fps total: 116126.1
fps step: 177059.8 fps total: 122130.6
fps step: 180998.6 fps total: 124031.1
fps step: 179868.1 fps total: 123469.4
fps step: 187774.9 fps total: 128555.1
fps step: 180897.0 fps total: 124588.6
fps step: 168589.2 fps total: 117803.4
fps step: 184749.0 fps total: 125134.6
fps step: 183661.6 fps total: 124115.6
fps step: 169646.9 fps total: 119052.4
fps step: 158340.6 fps total: 113784.0
fps step: 165825.0 fps total: 117309.3
fps step: 170780.9 fps total: 119916.5
fps step: 180032.9 fps total: 124557.5
fps step: 182408.6 fps total: 122818.2
fps step: 174892.8 fps total: 120998.5
fps step: 181746.1 fps total: 124994.3
fps step: 181482.0 fps total: 125155.2
fps step: 169630.3 fps total: 117748.1
fps step: 185563.6 fps total: 126921.0
fps step: 184972.6 fps total: 127114.0
fps step: 186269.8 fps total: 127335.3
=> saving checkpoint 'runs/HumanoidAMP_08-21-55-26/nn/HumanoidAMP_08-21-55-27_2900.pth'
fps step: 172117.9 fps total: 119270.7
fps step: 164769.3 fps total: 115367.9
fps step: 176619.5 fps total: 118298.7
fps step: 167216.8 fps total: 115791.8
fps step: 171965.2 fps total: 118434.3
fps step: 175595.4 fps total: 121279.5
fps step: 186489.1 fps total: 125159.7
fps step: 182793.0 fps total: 123052.2
fps step: 186160.6 fps total: 127749.9
fps step: 180313.2 fps total: 123325.4
fps step: 154232.7 fps total: 108360.5
fps step: 182337.6 fps total: 122992.6
fps step: 182922.2 fps total: 123020.1
fps step: 174068.7 fps total: 119107.9
fps step: 185915.1 fps total: 127567.5
fps step: 187189.9 fps total: 128199.1
fps step: 187954.3 fps total: 128543.9
fps step: 181281.4 fps total: 123384.8
fps step: 167304.2 fps total: 117933.9
fps step: 183950.2 fps total: 126008.8
fps step: 173763.0 fps total: 120280.4
fps step: 180739.2 fps total: 122550.4
fps step: 177159.5 fps total: 121738.6
fps step: 174417.9 fps total: 119428.6
fps step: 163057.4 fps total: 114070.1
fps step: 181932.3 fps total: 124628.5
fps step: 178960.2 fps total: 124115.8
fps step: 185347.5 fps total: 127096.3
fps step: 174157.4 fps total: 120799.1
fps step: 178483.2 fps total: 124040.9
fps step: 181576.7 fps total: 123888.6
fps step: 180545.7 fps total: 124401.3
fps step: 183002.9 fps total: 125449.8
fps step: 179460.7 fps total: 123422.1
fps step: 175562.4 fps total: 122199.3
fps step: 163227.8 fps total: 115845.8
fps step: 187355.5 fps total: 128007.5
fps step: 181286.0 fps total: 122365.0
fps step: 186744.3 fps total: 124533.1
fps step: 161451.0 fps total: 113773.8
fps step: 164672.5 fps total: 116665.3
fps step: 166674.0 fps total: 117308.4
fps step: 162714.3 fps total: 115102.5
fps step: 150548.7 fps total: 108820.2
fps step: 160212.5 fps total: 113165.5
fps step: 182755.9 fps total: 125595.1
fps step: 159152.5 fps total: 112562.6
fps step: 179762.7 fps total: 123846.8
fps step: 175845.6 fps total: 121490.0
fps step: 166335.5 fps total: 117975.8
=> saving checkpoint 'runs/HumanoidAMP_08-21-55-26/nn/HumanoidAMP_08-21-55-27_2950.pth'
fps step: 173137.0 fps total: 120938.9
fps step: 180003.6 fps total: 123876.6
fps step: 178597.0 fps total: 122940.4
fps step: 178151.3 fps total: 121422.5
fps step: 179363.3 fps total: 123810.3
fps step: 187717.5 fps total: 128198.7
fps step: 185402.2 fps total: 126952.5
fps step: 184519.6 fps total: 127050.1
fps step: 185421.6 fps total: 127375.5
fps step: 177807.0 fps total: 123700.7
fps step: 186887.4 fps total: 127007.9
fps step: 169451.9 fps total: 116668.4
fps step: 144479.4 fps total: 103632.1
fps step: 135738.5 fps total: 99537.1
fps step: 171718.5 fps total: 119486.9
fps step: 170236.0 fps total: 117502.6
fps step: 180814.4 fps total: 125296.9
fps step: 186928.7 fps total: 127834.8
fps step: 186810.8 fps total: 127914.5
fps step: 183307.3 fps total: 125881.4
fps step: 185485.4 fps total: 126521.9
fps step: 159860.2 fps total: 113025.6
fps step: 182973.7 fps total: 125494.2
fps step: 184563.3 fps total: 126549.4
fps step: 154429.2 fps total: 106905.6
fps step: 182444.8 fps total: 125552.1
fps step: 182258.5 fps total: 121896.8
fps step: 183917.2 fps total: 124926.2
fps step: 186283.4 fps total: 127849.8
fps step: 159476.9 fps total: 112103.6
fps step: 169046.1 fps total: 114292.7
fps step: 181491.1 fps total: 122059.0
fps step: 174997.9 fps total: 120876.5
fps step: 184047.9 fps total: 123456.9
fps step: 184743.8 fps total: 124193.2
fps step: 186608.5 fps total: 126154.4
fps step: 177015.2 fps total: 118586.5
fps step: 149890.3 fps total: 107067.0
fps step: 158142.4 fps total: 113374.1
fps step: 142898.2 fps total: 102689.1
fps step: 146659.9 fps total: 106632.8
fps step: 139230.9 fps total: 102555.7
fps step: 148745.3 fps total: 105513.5
fps step: 145931.5 fps total: 103102.6
fps step: 166802.4 fps total: 116810.6
fps step: 178350.5 fps total: 119639.5
fps step: 160436.7 fps total: 113749.7
fps step: 168276.6 fps total: 118552.9
fps step: 182191.3 fps total: 125640.0
fps step: 188423.8 fps total: 128417.7
=> saving checkpoint 'runs/HumanoidAMP_08-21-55-26/nn/HumanoidAMP_08-21-55-27_3000.pth'
fps step: 186413.1 fps total: 127925.3
fps step: 188264.5 fps total: 128491.6
fps step: 184512.8 fps total: 126942.2
fps step: 184683.9 fps total: 124110.5
fps step: 174037.0 fps total: 121424.6
fps step: 169455.2 fps total: 118409.1
fps step: 175629.7 fps total: 122491.6
fps step: 170443.7 fps total: 119605.3
fps step: 185964.8 fps total: 126590.1
fps step: 183726.8 fps total: 126385.1
fps step: 187381.3 fps total: 128503.9
fps step: 175908.2 fps total: 119213.8
fps step: 187810.2 fps total: 128147.4
fps step: 181934.4 fps total: 125465.4
fps step: 184497.8 fps total: 127090.9
fps step: 185621.6 fps total: 127330.4
fps step: 183520.4 fps total: 126283.2
fps step: 184480.8 fps total: 127150.4
fps step: 174928.3 fps total: 117853.0
fps step: 174169.7 fps total: 119450.7
fps step: 173311.3 fps total: 120984.6
fps step: 178188.0 fps total: 123002.7
fps step: 161639.1 fps total: 115615.8
fps step: 181523.6 fps total: 124877.1
fps step: 187092.6 fps total: 126834.3
fps step: 185586.5 fps total: 127420.7
fps step: 185549.9 fps total: 127502.2
fps step: 187751.6 fps total: 128341.3
fps step: 176587.6 fps total: 122544.4
fps step: 178175.7 fps total: 121108.9
fps step: 173127.1 fps total: 119126.5
fps step: 167160.7 fps total: 115731.2
fps step: 182614.0 fps total: 122291.8
fps step: 185468.0 fps total: 125252.2
fps step: 180549.5 fps total: 123238.3
fps step: 183220.9 fps total: 123394.2
fps step: 157434.2 fps total: 112612.6
fps step: 162593.6 fps total: 115724.8
fps step: 170428.8 fps total: 119103.4
fps step: 178827.5 fps total: 123679.3
fps step: 162285.1 fps total: 114094.1
fps step: 170166.1 fps total: 118995.2
fps step: 188112.3 fps total: 128553.9
fps step: 187009.2 fps total: 127971.8
fps step: 186817.0 fps total: 127385.6
fps step: 187825.6 fps total: 128592.1
fps step: 188937.4 fps total: 128735.8
fps step: 186063.5 fps total: 127171.0
fps step: 181873.5 fps total: 122439.7
fps step: 151858.3 fps total: 109814.6
=> saving checkpoint 'runs/HumanoidAMP_08-21-55-26/nn/HumanoidAMP_08-21-55-27_3050.pth'
fps step: 165082.0 fps total: 116728.3
fps step: 177158.7 fps total: 121919.4
fps step: 184346.2 fps total: 124598.9
fps step: 184967.4 fps total: 125441.9
fps step: 185771.9 fps total: 126565.3
fps step: 184434.4 fps total: 125271.4
fps step: 187408.7 fps total: 127042.1
fps step: 186387.1 fps total: 127848.6
fps step: 174633.8 fps total: 119945.5
fps step: 169762.4 fps total: 112523.4
fps step: 156739.4 fps total: 107891.7
fps step: 171768.6 fps total: 117465.2
fps step: 160665.6 fps total: 112743.6
fps step: 171436.2 fps total: 118659.4
fps step: 169745.7 fps total: 115198.3
fps step: 183858.3 fps total: 122730.8
fps step: 151229.9 fps total: 109862.7
fps step: 171925.6 fps total: 118342.1
fps step: 186955.8 fps total: 128173.5
fps step: 186971.2 fps total: 127954.0
fps step: 181023.1 fps total: 125134.9
fps step: 187991.5 fps total: 128287.0
fps step: 185064.1 fps total: 125044.4
fps step: 186104.8 fps total: 125445.7
fps step: 182618.5 fps total: 125285.8
fps step: 183090.6 fps total: 125588.6
fps step: 161041.2 fps total: 113315.7
fps step: 179747.2 fps total: 124694.3
fps step: 168182.7 fps total: 118693.4
fps step: 185002.8 fps total: 124590.4
fps step: 182903.4 fps total: 125875.5
fps step: 167680.6 fps total: 118354.9
fps step: 176200.8 fps total: 123120.0
fps step: 168148.6 fps total: 116879.7
fps step: 175423.4 fps total: 122488.4
fps step: 171955.7 fps total: 120949.6
fps step: 171397.0 fps total: 118758.8
fps step: 143664.6 fps total: 105071.6
fps step: 140929.9 fps total: 101100.2
fps step: 140193.5 fps total: 101533.8
fps step: 180210.9 fps total: 124602.6
fps step: 152310.8 fps total: 109687.0
fps step: 128000.9 fps total: 95291.0
fps step: 177608.3 fps total: 121810.7
fps step: 179995.9 fps total: 121598.0
fps step: 173329.3 fps total: 120576.4
fps step: 185827.9 fps total: 127613.7
fps step: 183984.2 fps total: 126583.2
fps step: 187458.0 fps total: 128009.8
fps step: 186292.2 fps total: 127327.1
=> saving checkpoint 'runs/HumanoidAMP_08-21-55-26/nn/HumanoidAMP_08-21-55-27_3100.pth'
fps step: 187900.0 fps total: 127888.5
fps step: 182949.5 fps total: 126274.8
fps step: 165163.9 fps total: 116398.9
fps step: 171665.0 fps total: 119348.1
fps step: 149513.2 fps total: 105377.6
fps step: 168599.5 fps total: 119334.8
fps step: 183692.2 fps total: 126259.1
fps step: 185668.6 fps total: 127411.9
fps step: 184677.4 fps total: 127159.9
fps step: 152573.7 fps total: 109285.0
fps step: 184903.6 fps total: 125968.5
fps step: 185694.8 fps total: 125515.3
fps step: 156077.5 fps total: 111213.3
fps step: 132344.9 fps total: 97603.8
fps step: 141227.3 fps total: 104561.8
fps step: 155041.2 fps total: 110324.0
fps step: 183664.4 fps total: 125882.3
fps step: 175406.8 fps total: 120160.3
fps step: 159989.7 fps total: 112834.4
fps step: 186726.9 fps total: 127723.3
fps step: 185932.6 fps total: 122833.9
fps step: 143936.6 fps total: 104270.1
fps step: 162913.8 fps total: 114803.5
fps step: 175929.2 fps total: 122618.9
fps step: 183169.4 fps total: 126069.5
fps step: 184874.6 fps total: 126720.8
fps step: 185760.2 fps total: 127360.1
fps step: 180756.9 fps total: 124286.9
fps step: 146060.2 fps total: 106673.4
fps step: 151024.8 fps total: 107660.5
fps step: 155696.6 fps total: 111780.5
fps step: 154430.0 fps total: 110284.3
fps step: 160891.2 fps total: 114439.0
fps step: 148415.8 fps total: 107444.2
fps step: 155696.6 fps total: 112371.1
fps step: 174798.2 fps total: 120948.2
fps step: 161679.9 fps total: 114744.9
fps step: 176873.6 fps total: 122155.5
fps step: 168907.3 fps total: 115833.5
fps step: 147348.5 fps total: 106303.1
fps step: 154298.6 fps total: 108901.7
fps step: 156951.7 fps total: 112358.8
fps step: 164578.3 fps total: 116461.5
fps step: 163746.9 fps total: 116397.2
fps step: 161715.7 fps total: 115383.9
fps step: 153580.6 fps total: 110794.4
fps step: 185976.1 fps total: 123372.7
fps step: 176222.9 fps total: 121118.5
fps step: 143193.2 fps total: 105271.6
fps step: 142250.4 fps total: 104938.4
=> saving checkpoint 'runs/HumanoidAMP_08-21-55-26/nn/HumanoidAMP_08-21-55-27_3150.pth'
fps step: 154778.5 fps total: 111476.6
fps step: 177329.6 fps total: 122704.7
fps step: 151059.0 fps total: 106286.2
fps step: 146714.4 fps total: 104050.8
fps step: 161060.2 fps total: 113513.8
fps step: 160291.8 fps total: 111304.0
fps step: 167643.6 fps total: 115313.1
fps step: 172304.6 fps total: 119542.0
fps step: 172853.2 fps total: 119113.3
fps step: 173384.2 fps total: 121226.4
fps step: 174371.1 fps total: 118197.0
fps step: 154056.8 fps total: 109838.2
fps step: 172726.7 fps total: 119201.9
fps step: 171972.4 fps total: 119857.1
fps step: 183267.6 fps total: 124258.3
fps step: 178807.7 fps total: 123314.1
fps step: 179938.7 fps total: 123547.1
fps step: 180961.7 fps total: 123762.1
fps step: 186017.1 fps total: 121872.9
fps step: 157387.1 fps total: 112163.2
fps step: 182751.9 fps total: 124087.3
fps step: 172184.6 fps total: 119958.1
fps step: 182402.6 fps total: 124858.5
fps step: 178957.1 fps total: 118749.2
fps step: 180374.8 fps total: 121614.1
fps step: 181813.3 fps total: 123412.3
fps step: 165121.8 fps total: 115739.7
fps step: 180687.9 fps total: 123358.7
fps step: 184940.7 fps total: 126737.7
fps step: 178886.4 fps total: 122882.4
fps step: 169049.6 fps total: 117928.0
fps step: 157317.8 fps total: 113052.7
fps step: 150325.3 fps total: 108426.5
fps step: 153622.1 fps total: 108919.1
fps step: 164361.6 fps total: 115800.2
fps step: 152554.3 fps total: 109083.7
fps step: 144521.6 fps total: 104947.1
fps step: 149981.3 fps total: 108073.7
fps step: 189316.0 fps total: 129105.0
fps step: 186976.1 fps total: 127507.0
fps step: 188797.2 fps total: 127538.3
fps step: 174469.2 fps total: 119108.9
fps step: 161055.9 fps total: 113525.3
fps step: 154646.0 fps total: 106699.4
fps step: 145153.3 fps total: 104369.4
fps step: 188187.0 fps total: 127996.8
fps step: 185578.8 fps total: 125686.7
fps step: 188838.3 fps total: 129180.0
fps step: 182937.9 fps total: 125897.0
fps step: 183572.3 fps total: 125948.3
=> saving checkpoint 'runs/HumanoidAMP_08-21-55-26/nn/HumanoidAMP_08-21-55-27_3200.pth'
fps step: 185059.8 fps total: 126225.1
fps step: 185554.0 fps total: 126699.6
fps step: 187324.1 fps total: 128358.3
fps step: 187849.6 fps total: 127740.7
fps step: 184982.4 fps total: 127332.2
fps step: 186615.6 fps total: 127325.1
fps step: 173626.7 fps total: 119562.7
fps step: 175813.5 fps total: 121067.3
fps step: 164278.4 fps total: 113929.7
fps step: 186730.1 fps total: 127927.6
fps step: 187158.3 fps total: 128400.6
fps step: 188892.1 fps total: 128685.2
fps step: 178680.5 fps total: 122785.0
fps step: 145909.3 fps total: 107010.8
fps step: 187686.3 fps total: 128000.5
fps step: 173606.9 fps total: 120014.3
fps step: 144446.7 fps total: 105244.1
fps step: 178262.4 fps total: 123551.6
fps step: 157245.3 fps total: 113039.5
fps step: 152703.0 fps total: 109201.6
fps step: 155138.2 fps total: 111498.7
fps step: 167832.0 fps total: 118277.6
fps step: 184400.4 fps total: 127143.6
fps step: 161556.6 fps total: 112302.2
fps step: 169584.0 fps total: 119771.0
fps step: 177456.6 fps total: 123089.0
fps step: 185392.0 fps total: 127028.9
fps step: 166360.3 fps total: 116105.9
fps step: 165184.1 fps total: 117686.0
fps step: 178613.1 fps total: 124188.9
fps step: 164302.7 fps total: 115935.4
fps step: 171897.9 fps total: 120610.7
fps step: 183405.1 fps total: 123775.9
fps step: 176164.5 fps total: 119204.7
fps step: 151094.0 fps total: 106533.2
fps step: 161679.4 fps total: 113579.3
fps step: 168130.2 fps total: 118072.0
fps step: 173041.2 fps total: 117655.0
fps step: 162884.8 fps total: 113302.7
fps step: 163730.9 fps total: 115595.9
fps step: 163815.7 fps total: 115550.8
fps step: 168295.5 fps total: 119178.8
fps step: 164095.2 fps total: 115746.4
fps step: 160390.1 fps total: 114564.7
fps step: 150086.9 fps total: 108324.3
fps step: 185837.8 fps total: 127733.1
fps step: 188539.2 fps total: 129059.0
fps step: 187945.8 fps total: 128500.2
fps step: 188632.0 fps total: 128026.1
fps step: 187505.7 fps total: 128471.8
=> saving checkpoint 'runs/HumanoidAMP_08-21-55-26/nn/HumanoidAMP_08-21-55-27_3250.pth'
fps step: 177149.5 fps total: 121213.3
fps step: 183739.1 fps total: 124399.0
fps step: 161548.1 fps total: 113842.8
fps step: 174957.1 fps total: 117912.9
fps step: 172759.5 fps total: 120509.5
fps step: 186497.5 fps total: 126682.6
fps step: 170235.1 fps total: 119680.5
fps step: 185633.5 fps total: 127279.7
fps step: 182617.6 fps total: 123082.7
fps step: 164614.1 fps total: 116214.4
fps step: 184324.2 fps total: 126833.1
fps step: 187164.8 fps total: 127590.6
fps step: 188018.2 fps total: 128150.4
fps step: 187734.9 fps total: 126923.5
fps step: 185596.1 fps total: 126564.0
fps step: 188266.3 fps total: 128849.5
fps step: 188288.7 fps total: 128851.4
fps step: 186352.8 fps total: 127277.2
fps step: 187511.7 fps total: 127733.3
fps step: 170078.5 fps total: 117490.5
fps step: 159127.1 fps total: 112343.2
fps step: 160710.9 fps total: 112802.5
fps step: 138702.7 fps total: 100809.4
fps step: 158269.8 fps total: 110801.7
fps step: 144545.8 fps total: 104715.2
fps step: 178240.1 fps total: 120262.3
fps step: 189123.2 fps total: 128668.2
fps step: 188246.6 fps total: 128645.0
fps step: 185577.6 fps total: 127045.5
fps step: 185833.7 fps total: 127499.2
fps step: 186009.6 fps total: 126264.4
fps step: 189262.9 fps total: 128970.6
fps step: 177725.6 fps total: 119300.6
fps step: 185229.4 fps total: 124215.0
fps step: 183804.1 fps total: 125411.1
fps step: 144032.8 fps total: 103006.0
fps step: 187276.0 fps total: 128036.8
fps step: 177722.4 fps total: 121557.7
fps step: 169225.9 fps total: 117873.0
fps step: 158234.0 fps total: 113047.5
fps step: 186741.3 fps total: 125901.8
fps step: 166678.7 fps total: 116359.2
fps step: 181343.5 fps total: 120283.3
fps step: 162779.0 fps total: 114083.5
fps step: 166990.7 fps total: 116648.4
fps step: 172790.9 fps total: 116356.1
fps step: 172157.9 fps total: 118365.4
fps step: 146952.0 fps total: 107054.0
fps step: 166887.1 fps total: 117588.4
fps step: 184589.2 fps total: 126303.8
=> saving checkpoint 'runs/HumanoidAMP_08-21-55-26/nn/HumanoidAMP_08-21-55-27_3300.pth'
fps step: 184996.0 fps total: 126990.1
fps step: 186170.1 fps total: 126634.7
fps step: 165941.7 fps total: 116986.5
fps step: 186889.8 fps total: 127445.4
fps step: 164294.0 fps total: 113982.0
fps step: 187059.7 fps total: 127749.6
fps step: 185374.9 fps total: 124773.2
fps step: 184148.9 fps total: 124480.2
fps step: 185123.0 fps total: 126992.1
fps step: 167978.6 fps total: 117749.8
fps step: 188464.2 fps total: 128916.0
fps step: 162137.3 fps total: 113983.5
fps step: 174876.0 fps total: 119983.5
fps step: 162603.0 fps total: 114125.8
fps step: 150381.2 fps total: 109335.0
fps step: 165552.6 fps total: 116670.3
fps step: 140922.6 fps total: 104123.7
fps step: 139418.1 fps total: 102605.3
fps step: 162336.1 fps total: 114763.7
fps step: 139689.9 fps total: 102562.9
fps step: 169245.7 fps total: 118652.0
fps step: 183967.4 fps total: 126818.4
fps step: 186192.4 fps total: 127839.5
fps step: 180620.9 fps total: 123601.8
fps step: 181613.3 fps total: 125713.5
fps step: 180223.9 fps total: 124397.5
fps step: 177773.4 fps total: 123830.8
fps step: 174004.4 fps total: 121237.3
fps step: 183584.3 fps total: 124547.5
fps step: 180231.6 fps total: 124488.0
fps step: 187956.5 fps total: 128373.8
fps step: 187273.6 fps total: 128123.1
fps step: 188100.4 fps total: 128546.0
fps step: 177435.7 fps total: 122648.5
fps step: 187980.8 fps total: 126497.7
fps step: 161996.1 fps total: 115035.1
fps step: 166176.2 fps total: 116460.3
fps step: 186410.1 fps total: 125836.2
fps step: 186556.6 fps total: 126505.5
fps step: 182987.2 fps total: 124571.2
fps step: 172006.2 fps total: 118105.3
fps step: 177634.3 fps total: 121195.6
fps step: 186068.0 fps total: 127259.6
fps step: 183503.2 fps total: 125870.6
fps step: 159493.2 fps total: 112510.1
fps step: 134007.0 fps total: 99740.5
fps step: 183033.5 fps total: 125090.1
fps step: 150703.9 fps total: 107026.6
fps step: 186297.4 fps total: 126317.5
fps step: 180819.8 fps total: 125086.7
=> saving checkpoint 'runs/HumanoidAMP_08-21-55-26/nn/HumanoidAMP_08-21-55-27_3350.pth'
fps step: 167784.0 fps total: 116240.9
fps step: 162967.6 fps total: 113572.9
fps step: 158458.9 fps total: 112794.2
fps step: 144596.5 fps total: 103979.3
fps step: 173599.9 fps total: 120052.1
fps step: 183464.5 fps total: 126357.1
fps step: 180511.5 fps total: 124276.1
fps step: 184674.2 fps total: 125829.5
fps step: 165029.2 fps total: 116293.8
fps step: 168822.6 fps total: 118393.5
fps step: 181307.2 fps total: 124032.6
fps step: 176852.8 fps total: 122238.0
fps step: 183648.0 fps total: 125303.6
fps step: 158265.0 fps total: 108598.7
fps step: 171891.4 fps total: 117004.7
fps step: 166224.3 fps total: 116955.6
fps step: 185639.9 fps total: 127560.3
fps step: 185616.2 fps total: 127299.1
fps step: 188049.3 fps total: 126573.5
fps step: 184197.1 fps total: 126453.3
fps step: 186309.9 fps total: 127845.3
fps step: 187061.9 fps total: 128133.9
fps step: 188878.5 fps total: 129097.6
fps step: 187092.3 fps total: 128303.1
fps step: 187992.5 fps total: 128503.6
fps step: 184502.0 fps total: 126461.6
fps step: 187283.8 fps total: 127139.6
fps step: 184143.2 fps total: 127019.7
fps step: 188258.1 fps total: 128730.1
fps step: 180732.2 fps total: 124510.4
fps step: 181560.4 fps total: 125547.9
fps step: 177960.5 fps total: 123230.8
fps step: 183700.5 fps total: 125720.8
fps step: 185645.5 fps total: 126962.8
fps step: 174128.8 fps total: 121977.1
fps step: 181388.8 fps total: 125517.1
fps step: 157410.9 fps total: 110776.0
fps step: 161647.1 fps total: 115608.9
fps step: 167321.6 fps total: 118235.1
fps step: 173228.5 fps total: 118115.5
fps step: 175369.8 fps total: 121686.2
fps step: 162406.1 fps total: 114319.6
fps step: 181048.1 fps total: 120949.1
fps step: 178970.1 fps total: 122039.4
fps step: 178761.7 fps total: 124081.5
fps step: 176578.9 fps total: 119789.4
fps step: 185558.1 fps total: 126045.2
fps step: 182295.3 fps total: 125674.1
fps step: 178598.6 fps total: 121053.1
fps step: 161786.8 fps total: 114870.8
=> saving checkpoint 'runs/HumanoidAMP_08-21-55-26/nn/HumanoidAMP_08-21-55-27_3400.pth'
fps step: 166844.8 fps total: 118196.0
fps step: 152829.2 fps total: 110759.7
fps step: 166762.9 fps total: 116894.2
fps step: 186651.1 fps total: 126429.5
fps step: 185965.2 fps total: 127611.4
fps step: 186787.5 fps total: 128209.5
fps step: 170769.4 fps total: 118738.5
fps step: 186734.3 fps total: 127004.0
fps step: 185972.1 fps total: 126359.7
fps step: 184720.7 fps total: 126865.0
fps step: 164522.1 fps total: 117127.7
fps step: 174367.6 fps total: 121862.5
fps step: 173098.8 fps total: 121049.1
fps step: 171498.4 fps total: 117518.2
fps step: 178695.8 fps total: 121808.1
fps step: 181754.4 fps total: 124616.0
fps step: 159291.5 fps total: 114196.4
fps step: 160662.2 fps total: 115226.8
fps step: 178789.7 fps total: 121896.3
fps step: 175960.3 fps total: 122323.9
fps step: 172091.1 fps total: 118632.7
fps step: 152647.2 fps total: 110464.1
fps step: 145654.1 fps total: 106245.6
fps step: 171928.3 fps total: 120379.2
fps step: 177427.4 fps total: 121751.1
fps step: 187412.9 fps total: 127540.1
fps step: 185094.1 fps total: 126466.2
fps step: 187230.1 fps total: 127984.1
fps step: 174032.8 fps total: 120410.2
fps step: 161525.5 fps total: 115378.9
fps step: 153028.2 fps total: 109664.7
fps step: 164492.5 fps total: 115743.4
fps step: 186241.4 fps total: 127498.2
fps step: 179839.2 fps total: 123496.7
fps step: 160491.2 fps total: 113618.7
fps step: 177000.2 fps total: 122446.3
fps step: 187069.1 fps total: 127384.0
fps step: 168586.1 fps total: 115960.1
fps step: 180006.2 fps total: 124885.8
fps step: 185550.5 fps total: 127372.7
fps step: 187866.1 fps total: 127339.5
fps step: 185848.9 fps total: 127709.0
fps step: 170446.0 fps total: 119971.0
fps step: 189528.5 fps total: 129185.1
fps step: 190673.1 fps total: 129825.8
fps step: 188892.1 fps total: 129118.9
fps step: 184650.5 fps total: 126598.9
fps step: 180267.4 fps total: 123767.9
fps step: 167347.1 fps total: 115763.7
fps step: 185050.1 fps total: 125478.6
=> saving checkpoint 'runs/HumanoidAMP_08-21-55-26/nn/HumanoidAMP_08-21-55-27_3450.pth'
fps step: 181003.9 fps total: 125109.3
fps step: 188380.1 fps total: 128331.4
fps step: 188084.1 fps total: 128632.2
fps step: 181491.7 fps total: 125455.6
fps step: 186075.7 fps total: 127719.9
fps step: 187859.4 fps total: 128075.8
fps step: 184688.7 fps total: 125914.2
fps step: 188717.7 fps total: 129067.0
fps step: 182268.2 fps total: 125934.9
fps step: 187335.1 fps total: 128197.4
fps step: 170774.8 fps total: 118654.8
fps step: 143832.1 fps total: 102067.4
fps step: 186408.2 fps total: 126190.1
fps step: 186884.0 fps total: 124338.4
fps step: 186918.9 fps total: 127408.7
fps step: 185049.1 fps total: 125714.1
fps step: 184153.1 fps total: 124831.2
fps step: 185823.5 fps total: 124256.6
fps step: 182192.2 fps total: 123727.7
fps step: 160786.6 fps total: 110929.9
fps step: 161086.3 fps total: 112495.5
fps step: 157244.4 fps total: 111643.4
fps step: 161118.3 fps total: 112714.4
fps step: 153745.2 fps total: 109525.0
fps step: 184678.4 fps total: 126327.2
fps step: 187061.6 fps total: 127377.6
fps step: 184866.6 fps total: 126911.0
fps step: 188968.5 fps total: 128689.6
fps step: 185413.6 fps total: 127064.3
fps step: 185239.2 fps total: 126168.8
fps step: 153666.5 fps total: 108915.9
fps step: 138516.8 fps total: 100976.4
fps step: 154913.1 fps total: 110230.9
fps step: 137554.0 fps total: 99808.5
fps step: 165928.2 fps total: 116333.4
fps step: 139151.9 fps total: 102414.7
fps step: 142925.7 fps total: 105559.3
fps step: 188086.3 fps total: 127683.7
fps step: 187628.4 fps total: 126385.5
fps step: 187541.6 fps total: 128465.7
fps step: 186088.7 fps total: 127594.5
fps step: 188166.3 fps total: 128128.9
fps step: 183173.3 fps total: 125611.3
fps step: 186663.4 fps total: 127125.1
fps step: 183586.4 fps total: 125020.6
fps step: 156944.4 fps total: 110987.3
fps step: 141623.1 fps total: 102563.1
fps step: 178454.0 fps total: 120932.8
fps step: 177209.7 fps total: 118314.2
fps step: 181185.7 fps total: 124142.6
=> saving checkpoint 'runs/HumanoidAMP_08-21-55-26/nn/HumanoidAMP_08-21-55-27_3500.pth'
fps step: 189396.2 fps total: 129139.2
fps step: 186402.6 fps total: 127572.0
fps step: 188958.0 fps total: 128968.1
fps step: 170021.2 fps total: 118235.1
fps step: 182530.9 fps total: 124264.2
fps step: 186400.5 fps total: 127903.1
fps step: 188995.5 fps total: 129167.1
fps step: 188195.6 fps total: 128556.2
fps step: 189276.5 fps total: 129264.0
fps step: 184021.3 fps total: 126607.0
fps step: 187206.7 fps total: 127814.0
fps step: 187567.9 fps total: 128083.4
fps step: 189144.8 fps total: 129111.5
fps step: 168233.3 fps total: 116354.2
fps step: 168814.9 fps total: 118043.2
fps step: 183010.4 fps total: 124682.3
fps step: 171979.1 fps total: 119060.8
fps step: 184206.0 fps total: 124985.5
fps step: 171923.4 fps total: 119760.2
fps step: 188446.1 fps total: 128538.4
fps step: 183409.7 fps total: 124734.4
fps step: 167476.2 fps total: 117461.7
fps step: 155012.8 fps total: 111170.0
fps step: 166814.8 fps total: 116745.0
fps step: 165998.4 fps total: 117841.2
fps step: 179948.3 fps total: 124622.7
fps step: 173125.4 fps total: 121611.3
fps step: 169229.4 fps total: 118401.2
fps step: 183868.9 fps total: 124586.1
fps step: 182847.2 fps total: 123958.2
fps step: 152443.7 fps total: 109307.4
fps step: 146471.9 fps total: 106559.2
fps step: 153292.2 fps total: 109656.5
fps step: 127296.2 fps total: 96274.9
fps step: 186395.7 fps total: 125592.0
fps step: 182568.5 fps total: 123339.5
fps step: 156832.2 fps total: 110280.4
fps step: 159769.9 fps total: 113766.4
fps step: 185815.4 fps total: 127753.7
fps step: 175959.5 fps total: 120580.9
fps step: 182984.8 fps total: 124706.1
fps step: 174196.3 fps total: 118104.4
fps step: 165831.1 fps total: 115214.4
fps step: 169861.7 fps total: 118123.3
fps step: 154330.6 fps total: 110382.0
fps step: 155978.7 fps total: 111944.4
fps step: 151486.4 fps total: 107365.3
fps step: 183134.7 fps total: 122632.6
fps step: 187948.3 fps total: 125863.5
fps step: 185081.3 fps total: 127203.3
=> saving checkpoint 'runs/HumanoidAMP_08-21-55-26/nn/HumanoidAMP_08-21-55-27_3550.pth'
fps step: 186857.2 fps total: 127777.0
fps step: 186704.2 fps total: 127591.7
fps step: 183102.2 fps total: 124950.0
fps step: 189059.6 fps total: 127388.2
fps step: 184591.2 fps total: 126984.3
fps step: 186730.4 fps total: 127340.1
fps step: 188443.9 fps total: 128600.3
fps step: 187713.8 fps total: 128555.6
fps step: 186373.7 fps total: 127866.8
fps step: 187944.9 fps total: 128419.1
fps step: 184028.4 fps total: 120932.1
fps step: 152601.8 fps total: 109381.4
fps step: 185883.9 fps total: 125074.1
fps step: 187836.1 fps total: 125847.6
fps step: 165950.6 fps total: 115929.0
fps step: 175622.2 fps total: 118028.6
fps step: 170103.3 fps total: 119608.3
fps step: 155164.8 fps total: 111503.5
fps step: 150518.2 fps total: 106981.1
fps step: 138957.1 fps total: 102650.5
fps step: 145718.9 fps total: 105774.1
fps step: 188384.5 fps total: 128709.9
fps step: 186006.7 fps total: 127670.0
fps step: 169262.8 fps total: 119634.5
fps step: 148044.8 fps total: 105865.1
fps step: 170786.8 fps total: 118160.0
fps step: 163145.5 fps total: 114707.9
fps step: 170641.2 fps total: 117451.1
fps step: 188301.8 fps total: 126478.8
fps step: 186394.0 fps total: 127358.9
fps step: 187853.0 fps total: 128518.8
fps step: 187801.7 fps total: 128452.4
fps step: 187497.5 fps total: 128416.4
fps step: 186385.5 fps total: 126995.2
fps step: 186542.9 fps total: 126763.7
fps step: 184055.3 fps total: 126716.1
fps step: 184432.9 fps total: 126984.2
fps step: 186066.6 fps total: 127515.7
fps step: 186430.5 fps total: 127554.3
fps step: 182598.7 fps total: 125858.0
fps step: 183428.0 fps total: 126600.1
fps step: 178611.8 fps total: 119952.9
fps step: 183842.8 fps total: 125201.2
fps step: 182204.7 fps total: 124629.3
fps step: 185297.4 fps total: 126924.0
fps step: 182210.8 fps total: 125360.6
fps step: 186333.5 fps total: 127610.7
fps step: 183477.6 fps total: 124437.9
fps step: 177237.7 fps total: 120691.1
fps step: 177992.6 fps total: 121816.9
=> saving checkpoint 'runs/HumanoidAMP_08-21-55-26/nn/HumanoidAMP_08-21-55-27_3600.pth'
fps step: 165798.7 fps total: 113352.0
fps step: 163233.0 fps total: 115654.5
fps step: 171625.1 fps total: 119276.0
fps step: 173061.5 fps total: 121255.7
fps step: 180317.8 fps total: 122035.1
fps step: 187057.2 fps total: 124866.5
fps step: 186866.6 fps total: 124579.5
fps step: 185868.6 fps total: 125903.2
fps step: 181621.3 fps total: 125001.0
fps step: 188092.6 fps total: 128198.3
fps step: 185372.9 fps total: 126904.7
fps step: 182393.8 fps total: 122857.2
fps step: 160240.4 fps total: 114581.9
fps step: 179367.4 fps total: 123862.0
fps step: 188517.1 fps total: 128877.8
fps step: 185353.9 fps total: 127046.8
fps step: 189560.3 fps total: 126180.0
fps step: 187431.2 fps total: 125806.6
fps step: 185920.6 fps total: 126334.5
fps step: 180687.7 fps total: 121956.4
fps step: 155853.6 fps total: 109789.6
fps step: 174280.6 fps total: 120915.6
fps step: 188317.2 fps total: 127104.6
fps step: 186963.0 fps total: 126318.6
fps step: 187882.2 fps total: 128485.7
fps step: 187024.2 fps total: 128278.5
fps step: 176087.2 fps total: 121334.3
fps step: 164707.4 fps total: 115774.7
fps step: 182147.6 fps total: 124097.4
fps step: 185520.5 fps total: 126343.3
fps step: 158345.9 fps total: 113117.7
fps step: 185853.9 fps total: 125612.5
fps step: 156075.2 fps total: 111947.5
fps step: 184600.6 fps total: 126641.8
fps step: 183580.4 fps total: 125316.1
fps step: 168761.5 fps total: 118268.6
fps step: 164647.4 fps total: 116938.7
fps step: 187403.9 fps total: 127057.2
fps step: 169985.5 fps total: 119345.2
fps step: 168077.8 fps total: 118203.9
fps step: 183554.6 fps total: 126165.2
fps step: 184475.9 fps total: 126614.1
fps step: 179163.1 fps total: 120979.9
fps step: 173204.6 fps total: 118830.4
fps step: 151612.7 fps total: 107349.9
fps step: 170604.7 fps total: 118741.6
fps step: 171248.2 fps total: 118990.8
fps step: 152811.8 fps total: 110210.1
fps step: 166699.8 fps total: 114947.2
fps step: 184510.8 fps total: 127077.7
=> saving checkpoint 'runs/HumanoidAMP_08-21-55-26/nn/HumanoidAMP_08-21-55-27_3650.pth'
fps step: 176228.2 fps total: 123070.3
fps step: 153458.1 fps total: 108717.8
fps step: 149575.3 fps total: 106370.8
fps step: 157256.1 fps total: 109447.3
fps step: 167319.8 fps total: 118588.9
fps step: 186666.1 fps total: 125647.2
fps step: 183547.7 fps total: 125307.4
fps step: 186697.0 fps total: 126773.4
fps step: 186301.7 fps total: 126596.2
fps step: 185589.1 fps total: 124413.9
fps step: 185664.6 fps total: 127467.6
fps step: 185500.8 fps total: 125567.8
fps step: 159345.1 fps total: 114524.2
fps step: 182408.1 fps total: 123686.4
fps step: 178858.6 fps total: 122804.3
fps step: 179786.8 fps total: 123116.7
fps step: 187779.2 fps total: 126255.4
fps step: 188284.8 fps total: 125541.3
fps step: 185777.4 fps total: 127305.1
fps step: 181436.4 fps total: 125171.8
fps step: 186387.6 fps total: 125190.4
fps step: 182165.6 fps total: 123555.2
fps step: 187371.0 fps total: 128315.5
fps step: 177976.9 fps total: 121372.3
fps step: 183910.6 fps total: 126070.9
fps step: 185017.0 fps total: 126861.4
fps step: 160066.5 fps total: 113196.6
fps step: 185427.1 fps total: 125113.1
fps step: 167153.3 fps total: 115690.1
fps step: 155090.0 fps total: 109823.8
fps step: 176357.6 fps total: 120495.0
fps step: 179754.4 fps total: 122575.1
fps step: 189522.7 fps total: 125918.9
fps step: 187519.1 fps total: 124434.5
fps step: 189347.1 fps total: 129143.6
fps step: 188278.9 fps total: 127777.4
fps step: 185776.9 fps total: 124368.7
fps step: 187276.5 fps total: 124805.5
fps step: 187279.2 fps total: 127655.8
fps step: 187225.5 fps total: 124942.0
fps step: 188952.4 fps total: 126826.6
fps step: 188024.9 fps total: 125407.1
fps step: 150186.9 fps total: 107629.6
fps step: 161844.0 fps total: 112994.7
fps step: 143865.8 fps total: 105571.9
fps step: 187115.0 fps total: 128172.3
fps step: 183697.1 fps total: 125017.2
fps step: 157698.0 fps total: 111870.9
fps step: 155925.8 fps total: 110568.8
fps step: 177609.5 fps total: 121417.2
=> saving checkpoint 'runs/HumanoidAMP_08-21-55-26/nn/HumanoidAMP_08-21-55-27_3700.pth'
fps step: 170384.3 fps total: 119370.8
fps step: 168059.5 fps total: 118910.9
fps step: 164963.6 fps total: 115868.1
fps step: 157616.2 fps total: 112341.9
fps step: 184105.9 fps total: 122863.1
fps step: 163355.8 fps total: 114369.3
fps step: 188295.0 fps total: 127992.2
fps step: 182365.5 fps total: 125733.3
fps step: 186201.7 fps total: 126374.7
fps step: 185956.7 fps total: 127455.9
fps step: 172910.0 fps total: 116513.6
fps step: 171891.9 fps total: 118583.0
fps step: 164859.3 fps total: 115062.0
fps step: 166384.8 fps total: 116350.5
fps step: 178561.8 fps total: 122832.3
fps step: 181827.3 fps total: 125496.1
fps step: 161687.0 fps total: 113142.2
fps step: 186744.1 fps total: 125090.6
fps step: 185586.0 fps total: 124160.5
fps step: 187595.0 fps total: 124932.8
fps step: 188465.3 fps total: 126882.0
fps step: 187109.0 fps total: 127900.1
fps step: 188870.2 fps total: 128904.0
fps step: 185787.6 fps total: 126826.8
fps step: 159298.8 fps total: 113494.0
fps step: 186235.9 fps total: 127432.5
fps step: 187598.2 fps total: 127952.8
fps step: 188154.2 fps total: 127622.2
fps step: 187007.4 fps total: 124429.9
fps step: 184256.8 fps total: 125842.3
fps step: 186911.3 fps total: 127389.3
fps step: 185805.5 fps total: 126935.4
fps step: 184365.5 fps total: 124488.6
fps step: 143248.7 fps total: 105234.7
fps step: 153985.6 fps total: 110862.6
fps step: 159063.0 fps total: 112368.5
fps step: 165801.7 fps total: 117780.3
fps step: 188379.2 fps total: 128863.7
fps step: 185010.8 fps total: 124595.1
fps step: 165072.0 fps total: 117457.5
fps step: 154945.8 fps total: 109559.6
fps step: 151044.5 fps total: 107541.7
fps step: 187243.9 fps total: 128368.0
fps step: 183463.7 fps total: 125210.5
fps step: 174242.4 fps total: 119895.5
fps step: 140587.3 fps total: 104260.0
fps step: 162528.7 fps total: 115164.5
fps step: 158375.3 fps total: 113440.7
fps step: 189288.6 fps total: 128577.7
fps step: 176964.5 fps total: 122003.2
=> saving checkpoint 'runs/HumanoidAMP_08-21-55-26/nn/HumanoidAMP_08-21-55-27_3750.pth'
fps step: 182089.0 fps total: 123960.9
fps step: 168514.8 fps total: 116658.7
fps step: 190136.7 fps total: 128748.3
fps step: 185699.7 fps total: 126967.0
fps step: 188218.5 fps total: 125124.6
fps step: 187198.5 fps total: 125564.2
fps step: 164418.6 fps total: 115350.4
fps step: 159955.5 fps total: 114471.2
fps step: 183449.0 fps total: 126155.4
fps step: 174541.2 fps total: 121023.1
fps step: 186852.8 fps total: 127116.9
fps step: 188616.7 fps total: 128926.9
fps step: 187002.3 fps total: 128206.4
fps step: 189704.2 fps total: 129210.1
fps step: 188313.9 fps total: 128829.4
fps step: 188515.5 fps total: 128602.5
fps step: 171179.5 fps total: 118763.5
fps step: 189900.1 fps total: 128753.4
fps step: 176225.2 fps total: 122531.6
fps step: 186999.8 fps total: 125998.6
fps step: 187194.4 fps total: 128326.5
fps step: 188037.1 fps total: 128026.6
fps step: 189362.9 fps total: 129200.1
fps step: 186936.1 fps total: 127712.3
fps step: 189164.1 fps total: 127982.2
fps step: 181102.0 fps total: 124715.7
fps step: 185652.2 fps total: 126407.0
fps step: 148695.6 fps total: 106354.1
fps step: 143605.3 fps total: 104842.2
fps step: 138477.7 fps total: 102057.3
fps step: 161012.3 fps total: 115408.6
fps step: 176762.4 fps total: 122273.9
fps step: 179736.1 fps total: 124794.7
fps step: 169636.7 fps total: 117726.7
fps step: 185656.6 fps total: 126457.2
fps step: 186365.6 fps total: 127530.8
fps step: 169640.2 fps total: 119530.4
fps step: 186339.3 fps total: 125994.6
fps step: 176143.6 fps total: 118011.6
fps step: 175696.6 fps total: 120483.9
fps step: 182100.6 fps total: 123581.0
fps step: 180622.2 fps total: 122236.0
fps step: 182726.9 fps total: 123377.7
fps step: 178695.2 fps total: 119263.0
fps step: 158578.3 fps total: 110240.1
fps step: 185053.1 fps total: 120520.2
fps step: 158872.0 fps total: 113371.7
fps step: 151027.4 fps total: 110094.3
fps step: 186243.5 fps total: 126699.9
fps step: 176795.3 fps total: 120868.9
=> saving checkpoint 'runs/HumanoidAMP_08-21-55-26/nn/HumanoidAMP_08-21-55-27_3800.pth'
fps step: 178739.7 fps total: 122267.8
fps step: 184180.5 fps total: 125893.4
fps step: 187982.8 fps total: 128642.4
fps step: 183505.7 fps total: 125874.4
fps step: 188365.8 fps total: 128830.5
fps step: 187085.3 fps total: 128337.0
fps step: 186898.7 fps total: 126585.2
fps step: 187519.9 fps total: 127570.2
fps step: 168310.0 fps total: 114188.3
fps step: 144426.0 fps total: 104321.2
fps step: 189556.1 fps total: 129165.5
fps step: 184070.1 fps total: 125337.5
fps step: 160146.3 fps total: 112647.4
fps step: 172522.3 fps total: 120930.0
fps step: 128504.1 fps total: 96844.7
fps step: 185682.9 fps total: 127394.5
fps step: 184114.9 fps total: 126481.0
fps step: 170967.7 fps total: 119671.8
fps step: 178598.5 fps total: 123878.9
fps step: 163949.6 fps total: 115712.1
fps step: 188031.3 fps total: 127203.1
fps step: 169698.9 fps total: 119580.0
fps step: 166212.2 fps total: 117444.8
fps step: 180917.6 fps total: 124587.3
fps step: 185346.4 fps total: 126256.1
fps step: 183925.5 fps total: 124950.6
fps step: 144059.9 fps total: 104240.5
fps step: 160145.4 fps total: 111894.1
fps step: 177356.8 fps total: 121032.9
fps step: 184992.1 fps total: 124816.3
fps step: 174995.9 fps total: 118743.2
fps step: 181034.7 fps total: 123284.3
fps step: 178530.6 fps total: 122237.6
fps step: 159753.9 fps total: 114789.2
fps step: 189492.2 fps total: 129471.9
fps step: 188074.0 fps total: 128168.8
fps step: 189662.0 fps total: 129399.4
fps step: 186504.3 fps total: 127468.6
fps step: 188620.5 fps total: 128567.8
fps step: 184715.7 fps total: 124757.8
fps step: 188956.4 fps total: 127488.4
fps step: 187537.4 fps total: 127549.9
fps step: 182398.7 fps total: 123990.4
fps step: 164737.1 fps total: 114554.4
fps step: 159821.3 fps total: 112749.0
fps step: 147760.2 fps total: 107823.1
fps step: 172502.3 fps total: 119556.8
fps step: 169427.2 fps total: 117874.1
fps step: 163143.5 fps total: 115387.1
fps step: 167564.7 fps total: 117088.8
=> saving checkpoint 'runs/HumanoidAMP_08-21-55-26/nn/HumanoidAMP_08-21-55-27_3850.pth'
fps step: 179827.0 fps total: 121499.8
fps step: 187791.6 fps total: 126735.6
fps step: 185704.1 fps total: 127730.5
fps step: 189196.9 fps total: 128275.0
fps step: 186712.2 fps total: 127741.0
fps step: 189480.9 fps total: 128946.7
fps step: 176409.8 fps total: 119963.8
fps step: 184498.9 fps total: 124209.1
fps step: 182789.0 fps total: 126123.5
fps step: 182944.3 fps total: 126098.6
fps step: 188817.1 fps total: 128441.0
fps step: 174915.6 fps total: 121951.9
fps step: 180961.3 fps total: 122789.7
fps step: 186903.2 fps total: 126058.7
fps step: 184795.3 fps total: 126844.1
fps step: 186066.3 fps total: 127422.3
fps step: 186377.0 fps total: 127187.2
fps step: 155348.1 fps total: 109921.5
fps step: 185839.9 fps total: 126674.4
fps step: 187449.6 fps total: 127432.1
fps step: 187769.0 fps total: 127329.7
fps step: 189247.3 fps total: 128504.1
fps step: 184772.0 fps total: 124817.3
fps step: 155133.0 fps total: 111768.2
fps step: 148989.0 fps total: 107223.1
fps step: 185226.6 fps total: 126785.0
fps step: 186096.4 fps total: 127785.4
fps step: 187552.5 fps total: 128558.0
fps step: 187696.8 fps total: 128291.0
fps step: 190207.2 fps total: 129303.0
fps step: 152063.7 fps total: 108972.4
fps step: 153129.7 fps total: 110678.6
fps step: 186677.2 fps total: 127572.9
fps step: 177343.7 fps total: 122150.2
fps step: 159825.2 fps total: 114251.6
fps step: 166917.0 fps total: 117617.1
fps step: 162146.8 fps total: 114045.3
fps step: 176766.5 fps total: 122614.5
fps step: 187320.5 fps total: 126832.6
fps step: 184791.0 fps total: 125982.8
fps step: 150267.8 fps total: 108637.9
fps step: 167591.8 fps total: 118044.0
fps step: 167316.5 fps total: 118470.2
fps step: 181995.7 fps total: 125300.1
fps step: 182686.3 fps total: 126094.5
fps step: 167073.2 fps total: 117340.8
fps step: 178038.5 fps total: 121209.5
fps step: 181736.4 fps total: 122037.8
fps step: 175139.4 fps total: 113831.9
fps step: 138248.2 fps total: 100187.6
=> saving checkpoint 'runs/HumanoidAMP_08-21-55-26/nn/HumanoidAMP_08-21-55-27_3900.pth'
fps step: 162903.7 fps total: 114002.6
fps step: 137402.1 fps total: 101896.6
fps step: 164389.5 fps total: 116608.4
fps step: 185095.1 fps total: 125846.2
fps step: 162678.2 fps total: 114005.7
fps step: 165608.5 fps total: 115024.2
fps step: 175564.8 fps total: 119041.7
fps step: 170570.6 fps total: 116591.3
fps step: 166497.6 fps total: 115498.8
fps step: 173749.7 fps total: 120132.2
fps step: 183137.4 fps total: 125792.2
fps step: 186442.3 fps total: 127478.8
fps step: 186414.5 fps total: 127446.4
fps step: 186633.5 fps total: 127685.1
fps step: 187288.9 fps total: 128327.0
fps step: 183016.9 fps total: 125883.4
fps step: 185535.6 fps total: 125098.8
fps step: 182247.6 fps total: 124259.0
fps step: 177629.4 fps total: 123583.7
fps step: 188208.2 fps total: 128280.9
fps step: 160617.5 fps total: 113735.2
fps step: 183906.2 fps total: 121339.7
fps step: 162146.8 fps total: 115852.0
fps step: 189304.9 fps total: 128509.4
fps step: 189734.0 fps total: 128843.3
fps step: 189580.1 fps total: 128812.5
fps step: 185972.8 fps total: 127300.6
fps step: 154976.7 fps total: 108580.5
fps step: 141246.0 fps total: 102868.0
fps step: 148772.4 fps total: 107923.9
fps step: 190886.5 fps total: 126548.7
fps step: 188442.8 fps total: 127542.6
fps step: 190237.1 fps total: 129284.7
fps step: 185359.0 fps total: 126991.0
fps step: 187670.1 fps total: 127248.4
fps step: 183967.9 fps total: 123851.2
fps step: 188405.5 fps total: 125794.4
fps step: 167938.0 fps total: 115719.5
fps step: 179528.4 fps total: 124063.2
fps step: 182529.6 fps total: 123015.5
fps step: 177269.9 fps total: 119424.8
fps step: 184488.8 fps total: 127014.5
fps step: 151626.6 fps total: 110217.9
fps step: 168344.0 fps total: 118409.2
fps step: 176123.9 fps total: 122310.4
fps step: 178622.2 fps total: 123952.9
fps step: 177216.0 fps total: 123178.1
fps step: 188363.9 fps total: 128598.0
fps step: 189163.8 fps total: 129098.7
fps step: 188262.9 fps total: 128754.9
=> saving checkpoint 'runs/HumanoidAMP_08-21-55-26/nn/HumanoidAMP_08-21-55-27_3950.pth'
fps step: 187585.5 fps total: 128005.1
fps step: 179946.4 fps total: 124085.5
fps step: 185142.7 fps total: 126083.2
fps step: 168948.2 fps total: 119338.7
fps step: 176966.6 fps total: 122462.1
fps step: 162717.7 fps total: 116025.4
fps step: 163311.7 fps total: 115126.6
fps step: 183677.3 fps total: 124214.1
fps step: 170382.2 fps total: 118288.1
fps step: 165915.7 fps total: 115166.3
fps step: 186036.4 fps total: 126989.6
fps step: 178262.3 fps total: 123587.3
fps step: 181634.5 fps total: 123079.5
fps step: 184503.6 fps total: 126349.6
fps step: 183191.4 fps total: 122095.5
fps step: 175783.6 fps total: 122003.3
fps step: 182468.3 fps total: 122092.6
fps step: 171427.1 fps total: 117301.3
fps step: 160427.4 fps total: 113056.2
fps step: 165571.3 fps total: 115686.8
fps step: 167984.2 fps total: 118376.2
fps step: 172088.3 fps total: 119485.9
fps step: 164378.1 fps total: 116643.1
fps step: 173048.0 fps total: 121526.4
fps step: 176631.2 fps total: 122631.2
fps step: 160489.7 fps total: 113262.4
fps step: 173539.4 fps total: 121028.9
fps step: 184979.0 fps total: 126524.3
fps step: 191672.6 fps total: 129705.2
fps step: 189661.6 fps total: 129049.6
fps step: 188936.4 fps total: 129122.5
fps step: 187870.7 fps total: 128593.3
fps step: 185000.4 fps total: 127040.9
fps step: 158488.3 fps total: 112623.0
fps step: 168487.9 fps total: 115290.0
fps step: 162366.0 fps total: 115216.3
fps step: 188052.0 fps total: 128146.2
fps step: 191812.3 fps total: 129401.4
fps step: 178000.3 fps total: 123428.7
fps step: 179270.2 fps total: 123182.3
fps step: 183130.3 fps total: 126348.7
fps step: 166783.9 fps total: 118031.3
fps step: 179828.5 fps total: 124203.7
fps step: 181061.8 fps total: 124097.0
fps step: 172117.9 fps total: 120984.5
fps step: 189235.6 fps total: 129029.2
fps step: 185012.9 fps total: 126718.9
fps step: 185527.6 fps total: 124833.0
fps step: 185826.0 fps total: 127282.6
fps step: 187850.1 fps total: 127918.0
=> saving checkpoint 'runs/HumanoidAMP_08-21-55-26/nn/HumanoidAMP_08-21-55-27_4000.pth'
fps step: 171628.0 fps total: 116970.4
fps step: 180154.8 fps total: 124887.7
fps step: 174080.1 fps total: 121666.3
fps step: 174289.8 fps total: 121148.9
fps step: 177483.8 fps total: 123565.5
fps step: 163567.3 fps total: 113985.3
fps step: 170540.3 fps total: 119077.4
fps step: 185801.5 fps total: 125539.3
fps step: 180912.1 fps total: 125200.0
fps step: 189822.8 fps total: 129330.5
fps step: 179063.1 fps total: 124333.4
fps step: 182774.2 fps total: 124980.5
fps step: 171618.9 fps total: 120716.5
fps step: 187735.3 fps total: 128445.6
fps step: 177636.0 fps total: 122513.9
fps step: 188719.5 fps total: 127568.7
fps step: 160856.9 fps total: 113851.3
fps step: 186737.6 fps total: 127646.3
fps step: 185333.6 fps total: 125206.2
fps step: 187138.7 fps total: 125305.0
fps step: 132284.7 fps total: 98411.6
fps step: 139966.3 fps total: 103314.8
fps step: 165914.2 fps total: 116088.3
fps step: 185835.0 fps total: 125402.6
fps step: 166125.5 fps total: 116515.2
fps step: 166066.6 fps total: 116552.8
fps step: 169909.2 fps total: 118636.4
fps step: 166823.9 fps total: 117863.6
fps step: 173606.5 fps total: 120550.7
fps step: 189094.8 fps total: 129030.5
fps step: 189279.1 fps total: 126736.7
fps step: 176620.1 fps total: 123031.4
fps step: 151379.2 fps total: 108893.1
fps step: 189125.7 fps total: 129250.4
fps step: 175072.1 fps total: 121530.1
fps step: 183712.1 fps total: 125565.6
fps step: 149587.9 fps total: 108778.1
fps step: 149998.2 fps total: 109632.8
fps step: 146936.7 fps total: 107010.6
fps step: 177999.1 fps total: 122982.7
fps step: 191031.9 fps total: 130073.8
fps step: 183964.5 fps total: 126514.3
fps step: 161315.4 fps total: 113063.4
fps step: 186628.5 fps total: 127792.7
fps step: 187354.9 fps total: 128345.1
fps step: 187906.4 fps total: 127857.9
fps step: 186507.7 fps total: 127572.3
fps step: 185693.7 fps total: 125593.8
fps step: 187178.7 fps total: 127040.1
fps step: 181657.2 fps total: 125760.3
=> saving checkpoint 'runs/HumanoidAMP_08-21-55-26/nn/HumanoidAMP_08-21-55-27_4050.pth'
fps step: 181917.0 fps total: 123139.0
fps step: 156901.4 fps total: 111740.4
fps step: 187404.1 fps total: 127830.8
fps step: 182715.2 fps total: 126175.4
fps step: 185048.0 fps total: 122537.8
fps step: 184308.8 fps total: 126066.0
fps step: 188883.6 fps total: 128695.8
fps step: 159523.0 fps total: 113910.5
fps step: 176588.4 fps total: 121851.0
fps step: 151415.5 fps total: 107963.5
fps step: 166087.6 fps total: 117995.6
fps step: 183310.6 fps total: 124917.6
fps step: 164702.3 fps total: 117380.9
fps step: 183839.2 fps total: 120712.0
fps step: 184970.9 fps total: 126009.7
fps step: 178368.7 fps total: 123440.9
fps step: 176150.2 fps total: 121101.8
fps step: 167278.9 fps total: 114835.8
fps step: 182789.0 fps total: 122131.8
fps step: 180441.0 fps total: 121257.0
fps step: 149157.3 fps total: 104168.2
fps step: 142881.8 fps total: 103308.7
fps step: 150124.9 fps total: 105233.8
fps step: 149287.8 fps total: 104396.3
fps step: 170968.7 fps total: 118863.3
fps step: 187107.7 fps total: 127930.3
fps step: 188081.8 fps total: 128237.2
fps step: 186963.9 fps total: 127796.0
fps step: 184985.6 fps total: 127034.7
fps step: 188868.0 fps total: 128237.6
fps step: 186856.1 fps total: 124685.0
fps step: 147389.3 fps total: 105718.1
fps step: 183804.8 fps total: 124540.8
fps step: 185374.7 fps total: 124322.8
fps step: 187102.9 fps total: 125087.2
fps step: 182923.2 fps total: 123240.1
fps step: 186291.7 fps total: 126509.7
fps step: 161668.8 fps total: 113685.4
fps step: 141689.1 fps total: 102761.9
fps step: 187502.6 fps total: 128343.0
fps step: 187751.3 fps total: 128596.2
fps step: 187572.1 fps total: 128312.7
fps step: 185516.7 fps total: 127543.1
fps step: 164985.0 fps total: 116036.8
fps step: 169592.1 fps total: 119690.9
fps step: 185158.7 fps total: 127129.5
fps step: 188835.0 fps total: 127824.0
fps step: 186685.8 fps total: 128000.4
fps step: 189247.7 fps total: 129037.7
fps step: 188000.1 fps total: 128277.8
=> saving checkpoint 'runs/HumanoidAMP_08-21-55-26/nn/HumanoidAMP_08-21-55-27_4100.pth'
fps step: 171820.5 fps total: 120636.2
fps step: 190185.3 fps total: 127358.1
fps step: 167371.0 fps total: 116162.2
fps step: 153450.3 fps total: 110471.0
fps step: 150365.8 fps total: 107968.7
fps step: 145840.1 fps total: 106670.1
fps step: 142453.4 fps total: 104281.0
fps step: 190188.9 fps total: 129539.9
fps step: 190502.6 fps total: 129749.2
fps step: 188217.0 fps total: 128518.8
fps step: 188236.7 fps total: 128769.4
fps step: 186632.7 fps total: 126090.8
fps step: 175976.5 fps total: 120306.9
fps step: 177649.7 fps total: 122078.4
fps step: 173044.3 fps total: 117225.3
fps step: 189011.1 fps total: 127555.3
fps step: 183971.9 fps total: 124653.8
fps step: 183641.4 fps total: 125426.6
fps step: 186911.4 fps total: 127284.6
fps step: 190494.0 fps total: 128405.1
fps step: 189184.6 fps total: 128557.1
fps step: 190251.9 fps total: 127606.0
fps step: 166407.7 fps total: 114058.8
fps step: 165808.1 fps total: 115767.0
fps step: 171977.7 fps total: 117997.8
fps step: 161104.1 fps total: 115404.6
fps step: 186308.6 fps total: 127413.5
fps step: 186634.5 fps total: 127349.6
fps step: 189582.0 fps total: 128043.1
fps step: 190221.1 fps total: 128466.0
fps step: 187720.2 fps total: 127546.4
fps step: 189321.8 fps total: 128777.7
fps step: 188461.5 fps total: 128870.4
fps step: 189823.9 fps total: 129290.8
fps step: 186918.4 fps total: 127825.9
fps step: 185782.7 fps total: 124482.8
fps step: 169264.8 fps total: 119028.0
fps step: 154324.6 fps total: 110777.7
fps step: 156540.4 fps total: 111844.6
fps step: 159434.4 fps total: 112609.6
fps step: 159179.1 fps total: 113997.9
fps step: 153261.1 fps total: 110725.6
fps step: 155177.7 fps total: 110128.4
fps step: 157439.3 fps total: 112336.1
fps step: 189882.9 fps total: 128371.2
fps step: 191654.3 fps total: 130391.0
fps step: 190430.3 fps total: 129835.2
fps step: 165088.1 fps total: 116890.7
fps step: 187320.8 fps total: 127901.9
fps step: 160107.4 fps total: 114907.5
=> saving checkpoint 'runs/HumanoidAMP_08-21-55-26/nn/HumanoidAMP_08-21-55-27_4150.pth'
fps step: 187404.6 fps total: 128439.2
fps step: 158700.7 fps total: 113829.7
fps step: 174667.7 fps total: 122072.5
fps step: 166917.0 fps total: 116713.8
fps step: 186960.4 fps total: 127678.0
fps step: 190013.2 fps total: 128482.4
fps step: 157223.0 fps total: 111929.3
fps step: 155549.2 fps total: 110327.3
fps step: 184711.2 fps total: 125110.2
fps step: 172981.0 fps total: 118368.8
fps step: 180718.6 fps total: 123334.6
fps step: 177033.1 fps total: 123408.0
fps step: 186496.5 fps total: 127662.6
fps step: 187836.5 fps total: 128451.2
fps step: 177180.3 fps total: 120179.3
fps step: 183727.5 fps total: 123736.2
fps step: 173230.3 fps total: 120977.6
fps step: 174482.8 fps total: 120409.1
fps step: 182338.2 fps total: 124839.6
fps step: 155836.3 fps total: 109901.4
fps step: 170986.1 fps total: 120534.2
fps step: 166846.9 fps total: 116992.1
fps step: 177623.1 fps total: 121930.6
fps step: 184734.2 fps total: 126248.7
fps step: 165034.9 fps total: 117345.0
fps step: 173219.4 fps total: 119973.7
fps step: 173874.4 fps total: 118017.8
fps step: 184335.7 fps total: 124868.2
fps step: 186719.2 fps total: 127949.3
fps step: 180382.1 fps total: 124929.4
fps step: 175467.5 fps total: 121753.9
fps step: 187524.1 fps total: 127786.1
fps step: 190070.1 fps total: 127659.2
fps step: 180834.3 fps total: 122155.5
fps step: 189082.6 fps total: 124991.5
fps step: 187440.9 fps total: 127489.6
fps step: 186074.6 fps total: 127295.9
fps step: 134270.3 fps total: 99666.4
fps step: 150216.6 fps total: 105805.6
fps step: 166543.6 fps total: 117798.6
fps step: 159126.3 fps total: 112337.6
fps step: 166972.8 fps total: 117189.5
fps step: 182045.9 fps total: 124362.5
fps step: 181206.4 fps total: 125438.3
fps step: 189415.3 fps total: 129468.6
fps step: 189590.5 fps total: 129209.5
fps step: 186049.6 fps total: 127402.6
fps step: 189415.6 fps total: 129283.7
fps step: 190770.3 fps total: 129537.1
fps step: 187319.4 fps total: 127036.5
=> saving checkpoint 'runs/HumanoidAMP_08-21-55-26/nn/HumanoidAMP_08-21-55-27_4200.pth'
fps step: 153265.5 fps total: 110582.0
fps step: 186133.5 fps total: 127751.4
fps step: 183106.1 fps total: 124558.5
fps step: 188438.8 fps total: 128516.7
fps step: 187116.0 fps total: 127784.9
fps step: 187938.5 fps total: 128190.0
fps step: 188835.2 fps total: 128775.0
fps step: 188794.4 fps total: 128700.2
fps step: 184154.5 fps total: 125350.9
fps step: 188494.5 fps total: 128542.5
fps step: 184689.6 fps total: 126233.9
fps step: 171123.3 fps total: 117115.7
fps step: 146376.2 fps total: 105978.5
fps step: 181088.5 fps total: 125397.6
fps step: 185834.4 fps total: 127621.1
fps step: 175154.4 fps total: 121047.9
fps step: 146874.9 fps total: 107811.5
fps step: 179175.9 fps total: 123271.4
fps step: 189790.5 fps total: 129625.0
fps step: 187864.8 fps total: 128132.6
fps step: 189988.2 fps total: 129312.1
fps step: 178388.6 fps total: 120623.2
fps step: 168173.4 fps total: 116702.0
fps step: 164910.5 fps total: 116916.3
fps step: 158010.8 fps total: 109695.0
fps step: 134779.7 fps total: 99330.7
fps step: 188972.0 fps total: 127124.7
fps step: 190247.9 fps total: 125754.5
fps step: 185929.3 fps total: 126482.0
fps step: 176430.0 fps total: 119862.0
fps step: 151211.8 fps total: 109420.6
fps step: 155354.8 fps total: 110295.8
fps step: 151982.5 fps total: 109378.0
fps step: 156620.8 fps total: 111018.2
fps step: 155317.7 fps total: 107675.3
fps step: 163962.7 fps total: 116078.8
fps step: 181629.1 fps total: 124826.0
fps step: 184731.1 fps total: 126383.1
fps step: 186783.1 fps total: 126278.5
fps step: 188196.0 fps total: 127015.8
fps step: 189548.2 fps total: 128275.2
fps step: 189114.7 fps total: 129198.6
fps step: 181527.1 fps total: 124473.9
fps step: 188956.9 fps total: 128444.3
fps step: 179929.4 fps total: 123493.9
fps step: 188559.8 fps total: 128768.2
fps step: 184583.6 fps total: 126731.6
fps step: 183359.9 fps total: 125504.3
fps step: 189963.3 fps total: 129488.7
fps step: 146943.5 fps total: 106493.4
=> saving checkpoint 'runs/HumanoidAMP_08-21-55-26/nn/HumanoidAMP_08-21-55-27_4250.pth'
fps step: 186048.7 fps total: 127740.5
fps step: 188080.1 fps total: 128155.6
fps step: 187203.8 fps total: 127720.6
fps step: 184500.5 fps total: 126574.4
fps step: 189321.6 fps total: 129315.6
fps step: 169674.4 fps total: 118214.3
fps step: 173379.7 fps total: 117864.5
fps step: 170930.8 fps total: 118604.0
fps step: 169585.9 fps total: 117722.4
fps step: 175452.8 fps total: 120014.6
fps step: 160125.5 fps total: 113596.9
fps step: 186728.8 fps total: 125846.2
fps step: 179332.9 fps total: 122909.1
fps step: 168819.6 fps total: 119213.6
fps step: 188747.6 fps total: 129105.0
fps step: 178477.5 fps total: 123534.6
fps step: 181306.2 fps total: 121654.0
fps step: 171320.5 fps total: 115848.4
fps step: 142549.9 fps total: 103701.5
fps step: 171733.5 fps total: 120592.8
fps step: 187166.1 fps total: 127185.7
fps step: 187973.1 fps total: 127714.6
fps step: 189386.5 fps total: 127811.1
fps step: 189383.8 fps total: 129247.7
fps step: 178627.2 fps total: 124225.5
fps step: 190893.3 fps total: 129831.5
fps step: 187844.4 fps total: 128425.6
fps step: 188679.6 fps total: 129136.3
fps step: 189259.4 fps total: 128927.1
fps step: 185975.9 fps total: 127088.3
fps step: 189191.0 fps total: 129276.7
fps step: 190329.3 fps total: 129896.6
fps step: 181990.9 fps total: 125634.1
fps step: 188489.4 fps total: 128654.9
fps step: 189912.8 fps total: 129708.0
fps step: 183804.0 fps total: 126411.4
fps step: 190248.0 fps total: 129665.5
fps step: 188244.4 fps total: 128054.4
fps step: 185611.7 fps total: 126006.9
fps step: 185656.2 fps total: 127392.7
fps step: 186601.4 fps total: 128028.8
fps step: 187081.4 fps total: 127727.5
fps step: 182496.9 fps total: 125509.0
fps step: 157990.2 fps total: 111774.7
fps step: 188192.5 fps total: 127928.1
fps step: 189039.8 fps total: 128708.5
fps step: 189234.9 fps total: 128727.0
fps step: 189158.6 fps total: 127556.1
fps step: 188232.6 fps total: 128107.8
fps step: 184473.8 fps total: 126031.2
=> saving checkpoint 'runs/HumanoidAMP_08-21-55-26/nn/HumanoidAMP_08-21-55-27_4300.pth'
fps step: 180672.9 fps total: 124991.9
fps step: 185175.2 fps total: 127375.1
fps step: 185534.3 fps total: 127682.1
fps step: 184965.0 fps total: 126733.4
fps step: 161895.4 fps total: 112881.8
fps step: 169114.5 fps total: 117704.8
fps step: 163323.7 fps total: 112292.3
fps step: 179323.0 fps total: 120336.3
fps step: 189135.7 fps total: 126733.8
fps step: 186348.3 fps total: 127848.2
fps step: 190465.2 fps total: 127390.7
fps step: 183836.0 fps total: 126123.4
fps step: 181390.7 fps total: 123661.5
fps step: 190006.3 fps total: 126596.6
fps step: 179766.9 fps total: 122037.9
fps step: 184448.0 fps total: 125734.8
fps step: 188394.9 fps total: 128772.7
fps step: 189221.4 fps total: 127799.8
fps step: 188591.5 fps total: 128393.1
fps step: 187838.2 fps total: 127659.5
fps step: 188756.1 fps total: 126956.2
fps step: 187910.9 fps total: 128372.9
fps step: 189721.8 fps total: 129072.2
fps step: 164701.2 fps total: 114749.5
fps step: 171373.0 fps total: 118599.3
fps step: 177177.1 fps total: 123576.6
fps step: 177492.8 fps total: 121671.3
fps step: 186645.7 fps total: 127615.4
fps step: 149607.8 fps total: 108850.1
fps step: 155798.3 fps total: 112187.7
fps step: 133883.9 fps total: 99175.0
fps step: 143085.9 fps total: 105739.1
fps step: 187319.4 fps total: 128456.4
fps step: 189450.1 fps total: 129137.2
fps step: 189788.0 fps total: 129343.2
fps step: 186045.9 fps total: 126954.3
fps step: 183326.1 fps total: 122701.2
fps step: 161486.0 fps total: 114540.1
fps step: 188152.6 fps total: 128490.0
fps step: 186813.0 fps total: 127784.6
fps step: 185543.1 fps total: 126124.4
fps step: 163391.0 fps total: 115503.8
fps step: 178909.3 fps total: 124332.2
fps step: 186238.3 fps total: 127617.6
fps step: 172275.9 fps total: 121098.1
fps step: 167608.7 fps total: 118546.0
fps step: 181705.6 fps total: 124281.5
fps step: 188601.7 fps total: 128117.8
fps step: 188786.7 fps total: 128560.6
fps step: 176785.3 fps total: 122089.6
=> saving checkpoint 'runs/HumanoidAMP_08-21-55-26/nn/HumanoidAMP_08-21-55-27_4350.pth'
fps step: 185205.1 fps total: 126428.5
fps step: 187974.4 fps total: 126491.6
fps step: 139854.0 fps total: 102050.4
fps step: 160708.8 fps total: 112907.5
fps step: 148222.1 fps total: 105795.6
fps step: 183994.2 fps total: 123718.1
fps step: 184052.2 fps total: 126126.4
fps step: 169980.6 fps total: 119128.3
fps step: 167854.2 fps total: 117155.8
fps step: 184944.1 fps total: 126026.8
fps step: 188785.0 fps total: 128771.5
fps step: 181627.0 fps total: 125025.1
fps step: 184100.9 fps total: 126927.9
fps step: 161158.3 fps total: 113592.2
fps step: 182005.4 fps total: 123340.2
fps step: 184720.5 fps total: 126930.7
fps step: 162061.3 fps total: 114051.3
fps step: 184371.6 fps total: 126269.2
fps step: 188993.0 fps total: 127430.5
fps step: 188112.3 fps total: 128150.8
fps step: 176057.6 fps total: 120809.5
fps step: 154192.0 fps total: 110076.3
fps step: 142920.2 fps total: 103619.9
fps step: 170272.8 fps total: 117387.3
fps step: 162322.1 fps total: 114040.8
fps step: 186572.0 fps total: 126459.4
fps step: 184470.9 fps total: 126316.2
fps step: 188505.6 fps total: 128850.5
fps step: 186837.9 fps total: 126439.1
fps step: 187897.3 fps total: 127305.7
fps step: 185032.2 fps total: 126494.1
fps step: 168826.7 fps total: 117108.8
fps step: 166980.7 fps total: 114395.9
fps step: 189496.7 fps total: 128973.1
fps step: 189259.1 fps total: 127839.6
fps step: 173904.0 fps total: 119423.8
fps step: 173434.5 fps total: 120908.1
fps step: 178028.8 fps total: 123810.1
fps step: 185166.8 fps total: 126460.9
fps step: 186804.7 fps total: 128004.0
fps step: 180405.6 fps total: 123746.1
fps step: 179288.6 fps total: 120999.9
fps step: 186382.7 fps total: 124122.6
fps step: 180356.7 fps total: 122350.5
fps step: 186384.6 fps total: 127879.2
fps step: 183428.4 fps total: 125600.7
fps step: 184983.4 fps total: 125442.6
fps step: 172644.8 fps total: 118035.9
fps step: 185161.6 fps total: 124335.8
fps step: 172514.1 fps total: 120412.2
=> saving checkpoint 'runs/HumanoidAMP_08-21-55-26/nn/HumanoidAMP_08-21-55-27_4400.pth'
fps step: 182522.6 fps total: 125137.9
fps step: 175600.3 fps total: 122778.7
fps step: 169139.0 fps total: 115871.2
fps step: 179459.9 fps total: 121637.4
fps step: 188235.9 fps total: 127842.5
fps step: 189402.6 fps total: 129134.1
fps step: 190520.2 fps total: 129666.4
fps step: 187818.4 fps total: 128069.9
fps step: 189490.9 fps total: 129446.1
fps step: 150995.5 fps total: 109106.9
fps step: 162136.8 fps total: 113315.8
fps step: 189954.5 fps total: 129343.9
fps step: 190414.0 fps total: 129884.7
fps step: 190088.4 fps total: 129706.5
fps step: 188201.8 fps total: 128635.9
fps step: 187510.4 fps total: 128435.0
fps step: 176595.7 fps total: 121229.5
fps step: 151460.8 fps total: 106977.0
fps step: 170318.2 fps total: 117189.8
fps step: 157769.5 fps total: 107701.7
fps step: 165948.0 fps total: 113869.9
fps step: 178133.6 fps total: 120805.5
fps step: 163820.2 fps total: 116537.5
fps step: 177303.6 fps total: 122857.8
fps step: 163271.7 fps total: 116525.7
fps step: 137431.2 fps total: 102532.1
fps step: 172070.0 fps total: 120720.8
fps step: 188186.4 fps total: 126713.8
fps step: 188859.3 fps total: 126846.2
fps step: 189168.6 fps total: 128569.0
fps step: 188822.7 fps total: 125595.3
fps step: 187996.7 fps total: 127921.2
fps step: 172850.9 fps total: 120430.9
fps step: 185164.7 fps total: 127390.3
fps step: 186865.3 fps total: 125449.3
fps step: 173312.6 fps total: 119496.2
fps step: 184525.7 fps total: 126679.0
fps step: 184863.6 fps total: 126887.7
fps step: 187986.7 fps total: 128097.3
fps step: 187718.9 fps total: 127594.3
fps step: 173983.0 fps total: 118500.8
fps step: 138227.1 fps total: 101253.9
fps step: 121264.2 fps total: 92558.7
fps step: 154388.9 fps total: 109685.5
fps step: 181169.5 fps total: 125477.4
fps step: 190531.6 fps total: 129873.4
fps step: 190016.4 fps total: 129358.6
fps step: 185943.5 fps total: 126042.2
fps step: 163084.2 fps total: 110420.3
fps step: 138916.3 fps total: 102292.7
=> saving checkpoint 'runs/HumanoidAMP_08-21-55-26/nn/HumanoidAMP_08-21-55-27_4450.pth'
fps step: 160743.6 fps total: 112530.8
fps step: 145249.8 fps total: 103537.6
fps step: 173468.5 fps total: 121245.3
fps step: 190584.5 fps total: 128999.1
fps step: 187965.1 fps total: 127048.0
fps step: 189459.3 fps total: 128753.7
fps step: 188166.1 fps total: 128481.1
fps step: 189919.5 fps total: 129367.8
fps step: 186296.1 fps total: 122730.0
fps step: 142068.0 fps total: 103288.2
fps step: 131508.5 fps total: 97683.1
fps step: 152836.9 fps total: 107882.1
fps step: 190417.5 fps total: 128913.8
fps step: 187376.5 fps total: 127715.2
fps step: 190034.8 fps total: 128529.1
fps step: 190100.0 fps total: 129360.3
fps step: 184855.0 fps total: 126868.3
fps step: 190327.0 fps total: 129486.6
fps step: 188277.2 fps total: 128579.9
fps step: 188820.8 fps total: 128948.8
fps step: 189220.7 fps total: 129138.6
fps step: 187251.5 fps total: 127750.4
fps step: 189893.9 fps total: 129555.7
fps step: 187327.8 fps total: 127805.8
fps step: 189289.0 fps total: 129225.3
fps step: 186493.2 fps total: 127686.7
fps step: 181962.4 fps total: 120212.7
fps step: 171116.0 fps total: 118363.9
fps step: 178813.9 fps total: 123708.9
fps step: 184343.0 fps total: 126096.9
fps step: 187265.5 fps total: 126501.0
fps step: 156803.3 fps total: 110219.0
fps step: 168585.7 fps total: 119213.7
fps step: 190192.6 fps total: 128444.0
fps step: 189756.4 fps total: 129421.7
fps step: 189328.6 fps total: 129291.9
fps step: 186332.8 fps total: 127471.3
fps step: 187370.2 fps total: 127998.2
fps step: 191597.4 fps total: 130362.5
fps step: 189542.3 fps total: 129522.7
fps step: 184412.5 fps total: 126524.0
fps step: 185345.5 fps total: 127252.4
fps step: 190003.8 fps total: 129665.6
fps step: 190240.7 fps total: 129683.6
fps step: 155679.6 fps total: 109675.7
fps step: 184280.8 fps total: 125869.0
fps step: 178085.1 fps total: 123084.9
fps step: 182746.0 fps total: 125723.9
fps step: 172183.2 fps total: 119743.4
fps step: 186008.8 fps total: 126840.9
=> saving checkpoint 'runs/HumanoidAMP_08-21-55-26/nn/HumanoidAMP_08-21-55-27_4500.pth'
fps step: 172594.8 fps total: 119213.9
fps step: 171981.6 fps total: 118892.2
fps step: 183800.4 fps total: 126549.1
fps step: 161578.5 fps total: 114067.2
fps step: 187998.5 fps total: 127163.8
fps step: 188766.8 fps total: 126230.0
fps step: 190723.3 fps total: 129797.7
fps step: 143069.9 fps total: 102305.2
fps step: 167902.8 fps total: 115404.6
fps step: 174214.8 fps total: 118165.6
fps step: 176619.3 fps total: 121826.0
fps step: 181860.2 fps total: 124875.4
fps step: 186268.1 fps total: 123427.5
fps step: 178631.6 fps total: 123428.7
fps step: 185554.0 fps total: 126154.4
fps step: 162019.7 fps total: 114381.5
fps step: 183501.7 fps total: 126591.3
fps step: 188347.4 fps total: 128469.8
fps step: 182209.8 fps total: 125392.8
fps step: 189461.0 fps total: 129171.4
fps step: 183518.5 fps total: 124784.2
fps step: 172360.8 fps total: 121028.2
fps step: 175756.5 fps total: 121379.9
fps step: 174166.0 fps total: 119493.9
fps step: 177444.9 fps total: 118343.3
fps step: 183056.1 fps total: 124617.4
fps step: 182075.5 fps total: 125724.7
fps step: 189540.1 fps total: 129216.5
fps step: 186039.2 fps total: 122955.1
fps step: 183570.1 fps total: 125104.9
fps step: 188563.8 fps total: 127000.4
fps step: 151668.3 fps total: 108366.0
fps step: 167306.1 fps total: 115339.8
fps step: 171440.1 fps total: 118387.7
fps step: 174182.0 fps total: 118268.1
fps step: 182459.9 fps total: 121057.9
fps step: 188413.8 fps total: 128623.4
fps step: 185115.6 fps total: 126945.6
fps step: 188137.6 fps total: 128546.0
fps step: 189093.2 fps total: 128888.5
fps step: 185946.6 fps total: 127600.7
fps step: 188208.1 fps total: 127619.6
fps step: 189428.2 fps total: 129211.4
fps step: 178900.1 fps total: 120505.1
fps step: 153796.7 fps total: 107297.8
fps step: 165114.4 fps total: 116622.6
fps step: 188164.2 fps total: 128861.3
fps step: 178607.8 fps total: 116908.4
fps step: 178950.6 fps total: 121237.8
fps step: 186940.8 fps total: 127967.5
=> saving checkpoint 'runs/HumanoidAMP_08-21-55-26/nn/HumanoidAMP_08-21-55-27_4550.pth'
fps step: 191571.2 fps total: 129321.3
fps step: 188135.3 fps total: 127582.2
fps step: 189345.5 fps total: 129043.0
fps step: 190860.0 fps total: 129760.9
fps step: 190099.3 fps total: 129442.9
fps step: 190395.4 fps total: 129393.9
fps step: 187619.7 fps total: 128417.2
fps step: 188807.0 fps total: 128306.2
fps step: 187497.5 fps total: 125198.9
fps step: 178738.8 fps total: 122449.2
fps step: 189774.9 fps total: 128337.8
fps step: 189080.7 fps total: 129244.5
fps step: 186934.9 fps total: 127692.1
fps step: 182611.0 fps total: 125941.4
fps step: 189196.0 fps total: 129083.7
fps step: 190325.4 fps total: 129860.7
fps step: 188282.6 fps total: 128636.6
fps step: 157342.1 fps total: 112499.0
fps step: 184733.3 fps total: 126978.6
fps step: 188426.9 fps total: 128485.4
fps step: 188129.3 fps total: 128276.3
fps step: 187718.3 fps total: 126560.4
fps step: 166629.3 fps total: 115739.7
fps step: 170702.4 fps total: 119150.0
fps step: 148907.4 fps total: 108648.1
fps step: 165357.4 fps total: 116835.6
fps step: 143446.8 fps total: 103132.3
fps step: 151236.7 fps total: 107275.3
fps step: 186121.1 fps total: 126009.5
fps step: 172913.2 fps total: 119556.6
fps step: 174221.5 fps total: 121105.6
fps step: 166463.9 fps total: 117010.0
fps step: 170213.5 fps total: 118855.1
fps step: 163145.7 fps total: 115042.2
fps step: 178855.9 fps total: 124153.6
fps step: 166205.9 fps total: 117043.4
fps step: 152956.4 fps total: 108884.6
fps step: 191152.4 fps total: 129988.2
fps step: 189030.0 fps total: 129064.3
fps step: 189061.3 fps total: 129168.4
fps step: 190665.3 fps total: 129759.5
fps step: 190731.0 fps total: 129743.7
fps step: 189976.1 fps total: 128475.3
fps step: 189135.0 fps total: 125594.3
fps step: 188679.1 fps total: 125462.8
fps step: 188351.4 fps total: 126247.7
fps step: 185383.6 fps total: 125678.5
fps step: 187506.7 fps total: 126172.6
fps step: 184487.8 fps total: 124361.2
fps step: 168828.3 fps total: 116694.3
=> saving checkpoint 'runs/HumanoidAMP_08-21-55-26/nn/HumanoidAMP_08-21-55-27_4600.pth'
fps step: 177109.7 fps total: 120170.1
fps step: 182356.4 fps total: 124828.5
fps step: 165449.0 fps total: 117782.2
fps step: 181688.1 fps total: 125327.8
fps step: 180382.8 fps total: 124750.8
fps step: 176125.9 fps total: 122386.8
fps step: 169876.6 fps total: 117403.2
fps step: 185776.8 fps total: 125952.5
fps step: 189362.1 fps total: 126351.5
fps step: 184899.3 fps total: 126228.4
fps step: 186376.4 fps total: 127334.3
fps step: 172087.7 fps total: 117880.1
fps step: 169258.3 fps total: 117592.1
fps step: 153847.8 fps total: 108463.2
fps step: 181412.2 fps total: 122346.3
fps step: 171533.8 fps total: 118981.6
fps step: 176432.6 fps total: 120789.7
fps step: 178460.6 fps total: 122162.6
fps step: 184142.8 fps total: 125178.6
fps step: 190020.7 fps total: 129378.8
fps step: 186706.5 fps total: 127584.2
fps step: 188727.6 fps total: 128083.1
fps step: 165865.6 fps total: 117570.5
fps step: 178149.6 fps total: 123694.2
fps step: 178389.4 fps total: 122694.5
fps step: 188207.7 fps total: 128801.5
fps step: 179860.1 fps total: 119506.0
fps step: 171782.5 fps total: 117962.1
fps step: 164482.5 fps total: 111522.5
fps step: 164656.2 fps total: 113548.9
fps step: 187447.5 fps total: 126891.9
fps step: 190105.8 fps total: 127696.4
fps step: 179666.9 fps total: 120801.7
fps step: 154966.3 fps total: 107001.1
fps step: 141220.8 fps total: 102524.1
fps step: 142383.3 fps total: 102936.1
fps step: 156620.7 fps total: 110625.8
fps step: 153339.8 fps total: 109932.7
fps step: 154997.5 fps total: 109972.0
fps step: 144186.6 fps total: 105120.1
fps step: 187898.0 fps total: 127357.5
fps step: 181503.9 fps total: 125360.6
fps step: 151433.9 fps total: 108079.1
fps step: 161047.2 fps total: 115220.4
fps step: 188011.6 fps total: 125132.6
fps step: 171002.7 fps total: 117531.0
fps step: 188727.8 fps total: 125478.5
fps step: 144540.2 fps total: 105099.4
fps step: 150726.4 fps total: 107173.8
fps step: 157298.0 fps total: 110316.2
=> saving checkpoint 'runs/HumanoidAMP_08-21-55-26/nn/HumanoidAMP_08-21-55-27_4650.pth'
fps step: 189844.9 fps total: 127572.7
fps step: 176635.2 fps total: 119457.1
fps step: 183053.0 fps total: 123894.7
fps step: 178892.6 fps total: 124256.5
fps step: 170723.2 fps total: 118655.2
fps step: 188678.3 fps total: 128649.0
fps step: 190318.6 fps total: 128734.4
fps step: 177017.2 fps total: 122485.5
fps step: 189815.2 fps total: 128701.8
fps step: 184413.7 fps total: 126889.1
fps step: 182594.0 fps total: 123279.7
fps step: 182311.9 fps total: 121168.3
fps step: 184940.1 fps total: 123579.5
fps step: 180318.9 fps total: 124416.4
fps step: 183723.9 fps total: 120375.0
fps step: 181572.9 fps total: 122113.6
fps step: 186000.0 fps total: 125986.1
fps step: 175233.6 fps total: 119844.9
fps step: 150191.8 fps total: 108583.8
fps step: 178537.7 fps total: 119008.0
fps step: 187883.5 fps total: 128556.1
fps step: 184355.2 fps total: 126260.7
fps step: 186283.9 fps total: 126206.8
fps step: 187302.8 fps total: 128168.9
fps step: 190050.7 fps total: 129243.4
fps step: 189907.8 fps total: 127385.9
fps step: 166935.6 fps total: 117070.5
fps step: 178392.9 fps total: 122830.3
fps step: 131689.3 fps total: 96880.3
fps step: 155940.5 fps total: 109471.5
fps step: 159144.8 fps total: 111889.9
fps step: 153538.4 fps total: 108390.9
fps step: 166722.3 fps total: 116094.0
fps step: 144586.1 fps total: 101610.1
fps step: 170142.6 fps total: 118502.4
fps step: 173210.1 fps total: 119647.0
fps step: 157569.2 fps total: 108673.3
fps step: 188828.9 fps total: 127828.2
fps step: 188973.2 fps total: 127089.5
fps step: 184003.0 fps total: 125518.4
fps step: 186903.0 fps total: 123923.2
fps step: 177123.0 fps total: 122748.3
fps step: 181987.7 fps total: 125413.7
fps step: 177178.6 fps total: 123529.7
fps step: 171058.9 fps total: 120427.1
fps step: 183737.1 fps total: 124042.3
fps step: 183029.1 fps total: 124672.4
fps step: 180778.2 fps total: 124457.9
fps step: 186425.6 fps total: 126129.1
fps step: 188936.1 fps total: 128054.8
=> saving checkpoint 'runs/HumanoidAMP_08-21-55-26/nn/HumanoidAMP_08-21-55-27_4700.pth'
fps step: 184841.9 fps total: 124748.4
fps step: 184035.7 fps total: 126007.0
fps step: 182558.6 fps total: 124152.5
fps step: 175021.6 fps total: 120907.4
fps step: 185068.4 fps total: 125252.2
fps step: 182973.0 fps total: 125790.5
fps step: 189130.6 fps total: 128816.4
fps step: 186788.6 fps total: 127497.6
fps step: 187722.9 fps total: 127991.8
fps step: 173942.5 fps total: 120519.6
fps step: 185046.9 fps total: 124166.7
fps step: 152644.7 fps total: 109861.6
fps step: 182268.7 fps total: 123979.1
fps step: 178524.1 fps total: 123674.8
fps step: 189501.1 fps total: 129404.7
fps step: 185227.8 fps total: 127379.9
fps step: 188809.9 fps total: 129223.9
fps step: 186270.8 fps total: 127528.0
fps step: 186470.7 fps total: 127879.3
fps step: 188331.2 fps total: 128420.4
fps step: 159006.5 fps total: 111817.1
fps step: 150679.7 fps total: 109178.0
fps step: 157340.9 fps total: 113014.0
fps step: 162263.2 fps total: 115218.7
fps step: 147692.0 fps total: 106918.0
fps step: 149815.3 fps total: 107130.0
fps step: 153695.0 fps total: 111404.7
fps step: 190269.9 fps total: 129381.4
fps step: 159645.1 fps total: 113871.0
fps step: 160993.9 fps total: 115366.8
fps step: 177618.0 fps total: 121217.5
fps step: 172323.5 fps total: 120046.3
fps step: 188437.9 fps total: 128448.8
fps step: 188508.7 fps total: 128857.4
fps step: 189139.5 fps total: 129009.0
fps step: 178838.0 fps total: 121030.4
fps step: 166765.7 fps total: 115407.8
fps step: 177339.9 fps total: 123432.2
fps step: 184800.2 fps total: 125304.1
fps step: 155295.4 fps total: 110202.2
fps step: 160136.9 fps total: 113731.0
fps step: 185570.5 fps total: 127370.2
fps step: 170726.5 fps total: 119975.3
fps step: 166080.8 fps total: 116568.0
fps step: 145515.0 fps total: 105407.4
fps step: 141520.5 fps total: 101352.9
fps step: 157454.4 fps total: 111873.8
fps step: 148682.1 fps total: 107009.4
fps step: 167242.4 fps total: 115991.0
fps step: 173317.9 fps total: 119165.1
=> saving checkpoint 'runs/HumanoidAMP_08-21-55-26/nn/HumanoidAMP_08-21-55-27_4750.pth'
fps step: 175838.1 fps total: 120278.3
fps step: 170984.6 fps total: 117048.6
fps step: 180888.2 fps total: 122713.7
fps step: 166189.0 fps total: 112458.9
fps step: 158341.1 fps total: 112389.5
fps step: 158408.2 fps total: 111109.5
fps step: 145206.9 fps total: 105907.4
fps step: 152226.0 fps total: 109118.6
fps step: 155369.5 fps total: 109802.4
fps step: 134609.5 fps total: 98809.5
fps step: 143323.4 fps total: 104737.6
fps step: 188028.6 fps total: 127232.0
fps step: 189418.5 fps total: 127335.2
fps step: 190384.5 fps total: 129736.9
fps step: 189103.3 fps total: 129094.8
fps step: 190689.7 fps total: 130018.6
fps step: 190049.4 fps total: 129743.0
fps step: 178758.5 fps total: 123240.0
fps step: 189700.4 fps total: 128223.6
fps step: 189024.1 fps total: 128481.5
fps step: 157974.4 fps total: 113858.8
fps step: 173515.5 fps total: 121078.8
fps step: 184102.5 fps total: 126289.2
fps step: 178074.7 fps total: 123339.7
fps step: 182245.7 fps total: 125415.3
fps step: 158306.2 fps total: 113134.4
fps step: 140471.4 fps total: 102850.2
fps step: 152226.2 fps total: 108438.1
fps step: 183132.9 fps total: 126502.6
fps step: 186753.7 fps total: 127541.2
fps step: 177315.6 fps total: 122963.1
fps step: 185289.3 fps total: 124269.4
fps step: 180569.5 fps total: 124323.9
fps step: 187005.4 fps total: 127938.3
fps step: 180512.7 fps total: 122671.8
fps step: 188487.4 fps total: 128906.7
fps step: 163936.6 fps total: 116870.9
fps step: 179724.4 fps total: 122378.4
fps step: 187801.1 fps total: 124918.1
fps step: 166756.9 fps total: 116027.0
fps step: 181987.5 fps total: 125863.1
fps step: 182882.9 fps total: 124516.7
fps step: 181044.8 fps total: 124972.8
fps step: 171394.0 fps total: 120643.0
fps step: 188236.3 fps total: 128879.2
fps step: 187621.1 fps total: 128463.6
fps step: 186181.7 fps total: 127934.1
fps step: 188488.5 fps total: 129018.1
fps step: 185037.8 fps total: 127124.0
fps step: 185945.4 fps total: 127669.9
=> saving checkpoint 'runs/HumanoidAMP_08-21-55-26/nn/HumanoidAMP_08-21-55-27_4800.pth'
fps step: 175670.5 fps total: 120810.1
fps step: 189005.9 fps total: 129296.8
fps step: 185736.2 fps total: 126189.1
fps step: 158526.6 fps total: 110294.3
fps step: 186169.0 fps total: 126291.7
fps step: 184950.0 fps total: 126474.4
fps step: 189034.9 fps total: 126788.0
fps step: 187281.0 fps total: 126312.7
fps step: 186094.8 fps total: 127148.6
fps step: 186355.9 fps total: 125094.3
fps step: 187151.6 fps total: 127459.6
fps step: 188095.3 fps total: 128665.5
fps step: 187289.1 fps total: 128443.3
fps step: 189537.1 fps total: 129442.5
fps step: 188315.9 fps total: 126849.4
fps step: 188190.0 fps total: 128009.9
fps step: 187058.7 fps total: 126224.5
fps step: 186498.0 fps total: 126784.6
fps step: 169857.1 fps total: 117883.3
fps step: 161310.8 fps total: 112005.0
fps step: 169482.3 fps total: 116835.0
fps step: 187874.9 fps total: 127475.3
fps step: 189168.1 fps total: 127761.7
fps step: 171322.9 fps total: 116979.1
fps step: 164317.5 fps total: 113693.2
fps step: 183292.4 fps total: 125980.7
fps step: 168235.5 fps total: 117570.5
fps step: 187252.7 fps total: 128127.0
fps step: 186110.6 fps total: 127516.6
fps step: 168236.4 fps total: 117704.2
fps step: 139936.9 fps total: 103308.2
fps step: 188266.5 fps total: 128524.0
fps step: 185651.3 fps total: 125646.4
fps step: 187531.1 fps total: 128412.2
fps step: 154421.4 fps total: 110305.0
fps step: 178446.6 fps total: 121790.3
fps step: 158973.7 fps total: 112586.3
fps step: 178745.3 fps total: 121889.6
fps step: 175914.2 fps total: 119643.8
fps step: 185574.3 fps total: 123881.9
fps step: 186046.9 fps total: 126071.3
fps step: 180047.5 fps total: 124119.6
fps step: 173820.0 fps total: 120404.9
fps step: 179997.8 fps total: 123335.3
fps step: 185078.3 fps total: 126783.6
fps step: 183425.6 fps total: 126162.5
fps step: 152406.2 fps total: 109233.1
fps step: 161984.7 fps total: 114858.1
fps step: 140594.5 fps total: 102988.4
fps step: 165393.3 fps total: 116271.1
=> saving checkpoint 'runs/HumanoidAMP_08-21-55-26/nn/HumanoidAMP_08-21-55-27_4850.pth'
fps step: 186519.4 fps total: 127381.4
fps step: 184303.2 fps total: 124221.3
fps step: 186449.2 fps total: 127908.9
fps step: 186951.5 fps total: 127912.7
fps step: 183330.8 fps total: 125513.9
fps step: 185635.9 fps total: 126792.6
fps step: 184197.2 fps total: 126184.2
fps step: 188253.8 fps total: 128019.5
fps step: 187697.2 fps total: 127450.3
fps step: 159873.2 fps total: 112617.8
fps step: 149869.3 fps total: 108710.2
fps step: 147949.9 fps total: 107435.6
fps step: 146412.4 fps total: 103268.6
fps step: 161645.4 fps total: 111661.5
fps step: 144678.4 fps total: 106160.9
fps step: 173870.7 fps total: 122015.1
fps step: 160134.0 fps total: 110649.5
fps step: 183202.0 fps total: 125807.9
fps step: 188741.0 fps total: 128315.5
fps step: 184271.7 fps total: 126501.3
fps step: 188726.8 fps total: 125556.1
fps step: 187252.7 fps total: 126853.0
fps step: 187924.0 fps total: 126494.3
fps step: 152748.6 fps total: 108416.1
fps step: 164284.4 fps total: 114893.0
fps step: 177838.9 fps total: 120955.2
fps step: 186693.1 fps total: 125631.3
fps step: 182196.9 fps total: 124485.5
fps step: 187972.0 fps total: 128720.7
fps step: 189672.0 fps total: 126940.2
fps step: 185583.7 fps total: 121517.1
fps step: 180169.7 fps total: 124196.2
fps step: 168765.0 fps total: 118903.8
fps step: 166302.8 fps total: 117778.5
fps step: 189123.1 fps total: 129024.5
fps step: 186842.9 fps total: 127447.8
fps step: 183585.6 fps total: 124349.6
fps step: 187514.9 fps total: 128230.6
fps step: 186881.0 fps total: 128053.1
fps step: 186218.3 fps total: 127334.5
fps step: 189740.7 fps total: 129368.1
fps step: 189752.2 fps total: 129318.0
fps step: 187800.2 fps total: 127410.4
fps step: 179999.1 fps total: 122679.0
fps step: 183979.9 fps total: 124179.2
fps step: 178276.8 fps total: 123398.7
fps step: 145183.1 fps total: 105540.7
fps step: 177152.3 fps total: 122934.5
fps step: 160928.5 fps total: 111313.7
fps step: 168936.3 fps total: 118867.4
=> saving checkpoint 'runs/HumanoidAMP_08-21-55-26/nn/HumanoidAMP_08-21-55-27_4900.pth'
fps step: 186579.9 fps total: 128104.1
fps step: 189383.4 fps total: 129415.2
fps step: 186323.2 fps total: 127967.3
fps step: 189293.0 fps total: 128602.8
fps step: 184194.8 fps total: 126881.6
fps step: 188572.8 fps total: 128834.1
fps step: 187300.9 fps total: 127761.8
fps step: 186340.3 fps total: 127739.4
fps step: 188833.1 fps total: 129173.2
fps step: 186718.3 fps total: 128028.7
fps step: 188416.4 fps total: 128848.1
fps step: 187920.8 fps total: 128191.9
fps step: 187727.2 fps total: 127485.2
fps step: 189666.1 fps total: 129320.9
fps step: 188163.2 fps total: 128393.0
fps step: 177438.3 fps total: 119556.8
fps step: 188698.0 fps total: 128307.7
fps step: 187666.6 fps total: 127962.4
fps step: 189234.0 fps total: 128878.7
fps step: 186793.5 fps total: 127590.2
fps step: 175563.3 fps total: 118564.0
fps step: 178763.5 fps total: 122144.8
fps step: 184350.4 fps total: 125616.6
fps step: 187348.5 fps total: 126177.9
fps step: 187035.2 fps total: 127473.3
fps step: 185000.9 fps total: 126410.2
fps step: 175259.1 fps total: 122110.8
fps step: 186329.1 fps total: 127409.1
fps step: 188679.1 fps total: 127115.9
fps step: 139710.9 fps total: 101087.8
fps step: 155133.7 fps total: 109120.4
fps step: 137294.8 fps total: 99046.9
fps step: 145681.9 fps total: 106501.9
fps step: 183717.0 fps total: 126727.9
fps step: 183786.8 fps total: 126539.9
fps step: 189028.3 fps total: 125895.8
fps step: 172589.3 fps total: 118810.1
fps step: 158369.5 fps total: 113138.2
fps step: 182435.0 fps total: 126121.7
fps step: 177385.1 fps total: 122755.7
fps step: 175744.8 fps total: 121779.9
fps step: 183159.3 fps total: 125349.9
fps step: 152494.5 fps total: 110070.3
fps step: 182514.3 fps total: 125767.5
fps step: 184392.5 fps total: 124849.8
fps step: 180937.4 fps total: 124270.2
fps step: 176059.7 fps total: 121417.3
fps step: 186282.9 fps total: 127220.1
fps step: 187174.5 fps total: 128307.0
fps step: 189853.7 fps total: 129473.5
=> saving checkpoint 'runs/HumanoidAMP_08-21-55-26/nn/HumanoidAMP_08-21-55-27_4950.pth'
fps step: 185674.7 fps total: 127252.2
fps step: 185499.1 fps total: 126716.1
fps step: 184284.9 fps total: 123646.2
fps step: 187187.0 fps total: 126893.8
fps step: 186962.6 fps total: 126906.4
fps step: 180502.3 fps total: 123863.2
fps step: 171856.9 fps total: 120546.2
fps step: 170285.9 fps total: 115224.0
fps step: 165839.5 fps total: 117416.0
fps step: 166648.0 fps total: 115807.7
fps step: 182264.6 fps total: 122298.0
fps step: 178859.9 fps total: 124298.0
fps step: 187725.8 fps total: 126881.5
fps step: 186876.7 fps total: 127105.8
fps step: 190212.6 fps total: 129699.2
fps step: 183378.6 fps total: 121855.3
fps step: 179767.9 fps total: 121520.8
fps step: 177280.5 fps total: 122696.3
fps step: 177128.3 fps total: 121882.9
fps step: 175640.8 fps total: 119381.6
fps step: 180052.8 fps total: 123475.3
fps step: 184119.6 fps total: 124042.9
fps step: 187161.4 fps total: 124411.5
fps step: 185069.1 fps total: 126756.1
fps step: 148565.3 fps total: 107947.7
fps step: 147751.3 fps total: 107383.6
fps step: 158483.1 fps total: 111932.1
fps step: 166467.8 fps total: 116790.2
fps step: 185600.3 fps total: 126768.5
fps step: 164210.3 fps total: 115244.4
fps step: 180020.3 fps total: 124376.0
fps step: 163718.8 fps total: 115969.8
fps step: 168905.8 fps total: 115267.6
fps step: 164334.4 fps total: 116332.6
fps step: 187725.6 fps total: 128143.5
fps step: 189608.4 fps total: 129016.5
fps step: 186746.1 fps total: 127411.8
fps step: 188453.9 fps total: 126281.2
fps step: 184073.9 fps total: 123868.5
fps step: 163475.8 fps total: 114085.3
fps step: 161055.8 fps total: 113194.0
fps step: 160051.0 fps total: 113874.6
fps step: 169751.6 fps total: 116786.5
fps step: 170560.8 fps total: 119163.0
fps step: 172932.4 fps total: 121378.3
fps step: 176642.0 fps total: 123184.0
fps step: 185788.3 fps total: 124917.6
fps step: 174719.1 fps total: 122274.5
fps step: 148619.2 fps total: 108020.8
fps step: 177865.1 fps total: 123059.5
=> saving checkpoint 'runs/HumanoidAMP_08-21-55-26/nn/HumanoidAMP_08-21-55-27_5000.pth'
fps step: 176652.4 fps total: 122846.7
fps step: 146530.0 fps total: 106056.8
fps step: 181456.0 fps total: 125288.1
fps step: 184710.8 fps total: 126800.1
fps step: 189100.0 fps total: 129313.8
fps step: 179015.7 fps total: 120937.8
fps step: 165276.1 fps total: 115918.3
fps step: 181740.9 fps total: 125156.9
fps step: 155420.2 fps total: 110277.9
fps step: 188604.1 fps total: 128951.9
fps step: 180073.8 fps total: 123323.7
fps step: 181286.6 fps total: 124696.5
fps step: 186015.0 fps total: 126251.0
fps step: 185497.8 fps total: 126842.6
fps step: 181283.7 fps total: 124325.9
fps step: 167099.1 fps total: 118144.0
fps step: 185230.3 fps total: 126730.7
fps step: 168768.9 fps total: 116465.7
fps step: 178837.7 fps total: 120411.5
fps step: 167215.5 fps total: 117890.3
fps step: 177917.4 fps total: 121422.6
fps step: 166048.9 fps total: 117310.5
fps step: 153989.6 fps total: 111509.9
fps step: 169099.5 fps total: 115413.9
fps step: 172879.1 fps total: 116310.2
fps step: 172616.8 fps total: 116082.3
fps step: 141158.8 fps total: 100638.4
fps step: 148720.8 fps total: 106125.8
fps step: 177181.6 fps total: 121080.4
fps step: 186763.6 fps total: 127895.0
fps step: 187466.0 fps total: 128363.5
fps step: 150989.4 fps total: 109477.3
fps step: 152354.5 fps total: 109458.9
fps step: 159314.1 fps total: 113749.7
fps step: 165755.5 fps total: 117527.8
fps step: 188795.9 fps total: 128368.4
fps step: 185658.4 fps total: 127166.3
fps step: 189066.9 fps total: 128237.2
fps step: 187811.9 fps total: 125913.9
fps step: 156392.5 fps total: 112347.9
fps step: 174749.1 fps total: 121101.4
fps step: 159061.6 fps total: 108765.0
fps step: 165039.6 fps total: 115503.0
fps step: 175553.3 fps total: 118733.5
fps step: 174132.8 fps total: 117907.0
fps step: 179870.4 fps total: 123535.9
fps step: 147458.8 fps total: 104910.3
fps step: 172735.3 fps total: 119792.8
fps step: 188391.5 fps total: 126422.7
fps step: 190116.0 fps total: 129780.2
=> saving checkpoint 'runs/HumanoidAMP_08-21-55-26/nn/HumanoidAMP_08-21-55-27_5050.pth'
fps step: 187943.4 fps total: 128387.3
fps step: 185924.4 fps total: 127535.4
fps step: 189129.1 fps total: 129319.7
fps step: 188432.1 fps total: 128647.1
fps step: 185821.2 fps total: 127639.1
fps step: 188202.5 fps total: 128460.5
fps step: 187344.8 fps total: 126875.8
fps step: 167025.9 fps total: 115704.6
fps step: 184695.5 fps total: 124488.3
fps step: 184753.0 fps total: 124562.2
fps step: 166480.4 fps total: 117177.4
fps step: 164640.6 fps total: 114162.7
fps step: 185354.7 fps total: 126629.5
fps step: 187663.4 fps total: 127772.9
fps step: 185299.0 fps total: 126624.9
fps step: 183911.1 fps total: 126341.6
fps step: 189132.4 fps total: 129214.3
fps step: 184114.1 fps total: 125863.2
fps step: 182313.0 fps total: 125526.3
fps step: 175214.8 fps total: 121380.8
fps step: 187974.5 fps total: 126652.7
fps step: 176559.2 fps total: 120600.1
fps step: 182450.4 fps total: 123056.2
fps step: 172003.8 fps total: 119671.2
fps step: 175126.8 fps total: 122051.0
fps step: 186409.5 fps total: 127384.9
fps step: 173097.0 fps total: 121213.3
fps step: 187211.1 fps total: 127448.8
fps step: 188776.3 fps total: 127990.7
fps step: 189034.1 fps total: 126668.1
fps step: 188985.5 fps total: 128959.5
fps step: 190246.3 fps total: 129502.4
fps step: 189491.8 fps total: 129434.4
fps step: 187774.9 fps total: 128417.5
fps step: 187636.4 fps total: 128171.4
fps step: 177593.1 fps total: 121604.5
fps step: 187459.5 fps total: 127327.7
fps step: 190327.8 fps total: 129480.0
fps step: 189108.9 fps total: 126397.1
fps step: 188658.0 fps total: 127853.5
fps step: 184795.5 fps total: 125083.9
fps step: 160710.1 fps total: 113932.4
fps step: 180443.2 fps total: 124211.1
fps step: 168679.1 fps total: 119391.1
fps step: 180331.8 fps total: 123393.2
fps step: 167191.3 fps total: 116701.3
fps step: 160349.9 fps total: 114643.6
fps step: 157023.6 fps total: 108028.0
fps step: 163913.4 fps total: 112108.7
fps step: 165253.7 fps total: 116390.9
=> saving checkpoint 'runs/HumanoidAMP_08-21-55-26/nn/HumanoidAMP_08-21-55-27_5100.pth'
fps step: 185738.4 fps total: 125582.9
fps step: 179454.3 fps total: 124689.9
fps step: 186112.9 fps total: 127680.9
fps step: 172003.8 fps total: 120014.3
fps step: 184677.9 fps total: 125235.7
fps step: 188240.8 fps total: 127522.6
fps step: 160840.1 fps total: 113918.1
fps step: 176489.0 fps total: 121434.7
fps step: 185272.1 fps total: 126188.5
fps step: 188204.0 fps total: 127409.2
fps step: 183009.9 fps total: 123401.2
fps step: 188299.6 fps total: 126328.8
fps step: 183235.6 fps total: 119798.7
fps step: 173059.5 fps total: 116290.2
fps step: 174883.5 fps total: 117755.1
fps step: 163110.7 fps total: 108741.8
fps step: 151861.4 fps total: 108395.5
fps step: 175116.3 fps total: 119285.7
fps step: 148149.3 fps total: 107584.1
fps step: 160976.4 fps total: 111585.2
fps step: 171666.8 fps total: 117421.1
fps step: 161665.3 fps total: 114387.0
fps step: 165712.7 fps total: 117134.3
fps step: 162743.4 fps total: 114346.8
fps step: 154544.2 fps total: 109239.2
fps step: 155293.5 fps total: 110935.3
fps step: 152447.8 fps total: 107665.8
fps step: 165165.2 fps total: 114919.2
fps step: 144655.3 fps total: 104759.1
fps step: 178554.2 fps total: 122301.2
fps step: 160006.0 fps total: 113723.7
fps step: 178612.3 fps total: 121875.0
fps step: 179430.4 fps total: 122371.5
fps step: 167274.4 fps total: 116659.2
fps step: 186169.6 fps total: 122457.0
fps step: 169797.6 fps total: 115424.7
fps step: 186628.9 fps total: 124719.7
fps step: 185161.9 fps total: 127391.0
fps step: 188134.8 fps total: 128575.2
fps step: 184302.6 fps total: 126717.9
fps step: 187912.3 fps total: 128188.5
fps step: 187704.2 fps total: 128462.8
fps step: 189626.6 fps total: 129469.6
fps step: 185504.0 fps total: 127287.7
fps step: 187255.3 fps total: 127954.0
fps step: 184686.7 fps total: 127196.6
fps step: 183543.8 fps total: 123581.0
fps step: 185076.9 fps total: 127106.9
fps step: 188399.5 fps total: 128889.4
fps step: 190425.8 fps total: 129847.5
=> saving checkpoint 'runs/HumanoidAMP_08-21-55-26/nn/HumanoidAMP_08-21-55-27_5150.pth'
fps step: 171180.9 fps total: 118794.2
fps step: 153080.8 fps total: 110346.6
fps step: 183993.2 fps total: 124689.6
fps step: 188772.3 fps total: 128562.7
fps step: 184191.1 fps total: 125939.8
fps step: 184673.6 fps total: 125440.6
fps step: 187690.7 fps total: 127012.3
fps step: 187697.2 fps total: 127319.2
fps step: 184461.4 fps total: 126589.4
fps step: 185888.6 fps total: 125842.0
fps step: 178965.4 fps total: 120915.5
fps step: 170703.4 fps total: 118686.4
fps step: 174764.0 fps total: 121519.3
fps step: 159438.8 fps total: 112829.8
fps step: 165606.4 fps total: 116024.8
fps step: 162618.1 fps total: 113441.4
fps step: 156415.8 fps total: 112299.4
fps step: 187467.6 fps total: 128344.6
fps step: 189532.3 fps total: 128407.2
fps step: 162621.3 fps total: 115565.5
fps step: 142207.7 fps total: 104127.7
fps step: 185661.6 fps total: 124238.9
fps step: 188550.5 fps total: 127184.9
fps step: 190095.8 fps total: 129660.6
fps step: 187874.9 fps total: 128276.6
fps step: 187974.9 fps total: 124753.7
fps step: 184832.6 fps total: 122604.2
fps step: 188259.0 fps total: 125115.7
fps step: 185669.0 fps total: 126559.2
fps step: 179672.6 fps total: 122751.2
fps step: 156110.6 fps total: 111737.1
fps step: 173478.1 fps total: 120843.6
fps step: 188940.9 fps total: 128426.9
fps step: 187904.2 fps total: 128040.6
fps step: 190619.0 fps total: 128159.4
fps step: 187735.8 fps total: 127760.5
fps step: 187324.4 fps total: 125101.3
fps step: 176478.1 fps total: 122803.6
fps step: 185840.7 fps total: 127494.5
fps step: 189061.2 fps total: 128962.2
fps step: 189120.3 fps total: 129057.3
fps step: 189859.3 fps total: 129246.3
fps step: 190314.9 fps total: 129437.5
fps step: 186856.1 fps total: 127944.3
fps step: 188138.7 fps total: 128818.1
fps step: 179658.9 fps total: 124673.7
fps step: 169353.4 fps total: 118725.7
fps step: 188995.0 fps total: 129219.3
fps step: 188444.6 fps total: 128725.6
fps step: 186789.1 fps total: 127695.4
=> saving checkpoint 'runs/HumanoidAMP_08-21-55-26/nn/HumanoidAMP_08-21-55-27_5200.pth'
fps step: 188807.1 fps total: 125912.4
fps step: 178902.8 fps total: 121318.1
fps step: 187864.4 fps total: 126132.9
fps step: 177622.8 fps total: 123000.6
fps step: 179536.6 fps total: 123393.5
fps step: 188475.7 fps total: 123724.0
fps step: 184103.7 fps total: 123660.1
fps step: 169156.6 fps total: 116839.2
fps step: 165448.8 fps total: 113026.5
fps step: 170720.7 fps total: 118045.6
fps step: 182383.2 fps total: 124143.5
fps step: 145782.5 fps total: 106578.8
fps step: 189601.2 fps total: 128889.3
fps step: 175368.2 fps total: 120238.6
fps step: 189080.5 fps total: 129231.0
fps step: 188192.2 fps total: 128166.6
fps step: 186854.0 fps total: 127078.1
fps step: 185392.9 fps total: 127424.4
fps step: 170466.6 fps total: 119277.9
fps step: 176376.2 fps total: 119858.6
fps step: 155065.7 fps total: 109372.5
fps step: 149761.9 fps total: 105647.1
fps step: 138071.4 fps total: 99181.7
fps step: 173522.9 fps total: 119426.0
fps step: 178660.9 fps total: 122133.6
fps step: 181846.7 fps total: 125780.5
fps step: 176679.6 fps total: 123314.1
fps step: 184024.3 fps total: 126225.2
fps step: 160771.2 fps total: 114668.8
fps step: 166952.7 fps total: 116645.0
fps step: 181421.5 fps total: 124931.8
fps step: 166395.5 fps total: 116833.4
fps step: 184817.6 fps total: 125935.3
fps step: 182206.3 fps total: 125819.9
fps step: 168336.7 fps total: 115403.4
fps step: 177717.3 fps total: 119394.7
fps step: 175448.7 fps total: 121246.0
fps step: 182953.7 fps total: 125723.8
fps step: 186800.4 fps total: 124026.4
fps step: 169062.9 fps total: 117972.5
fps step: 183261.3 fps total: 125982.1
fps step: 174902.4 fps total: 121201.0
fps step: 176417.4 fps total: 121951.5
fps step: 177985.5 fps total: 121764.1
fps step: 158148.2 fps total: 113868.1
fps step: 165832.3 fps total: 116890.3
fps step: 149701.1 fps total: 107572.3
fps step: 182983.1 fps total: 124338.8
fps step: 187393.1 fps total: 127464.8
fps step: 165970.2 fps total: 118028.0
=> saving checkpoint 'runs/HumanoidAMP_08-21-55-26/nn/HumanoidAMP_08-21-55-27_5250.pth'
fps step: 181863.4 fps total: 124827.9
fps step: 162345.7 fps total: 114599.5
fps step: 168744.3 fps total: 117556.4
fps step: 173413.4 fps total: 119813.2
fps step: 175256.7 fps total: 121534.3
fps step: 175950.2 fps total: 121623.5
fps step: 185177.7 fps total: 126689.5
fps step: 187875.6 fps total: 128435.3
fps step: 190538.5 fps total: 128867.1
fps step: 185193.8 fps total: 124458.2
fps step: 144174.3 fps total: 102515.5
fps step: 164791.1 fps total: 114965.1
fps step: 165609.6 fps total: 115201.5
fps step: 166766.7 fps total: 116689.6
fps step: 172244.8 fps total: 118431.4
fps step: 174850.4 fps total: 121535.4
fps step: 184596.0 fps total: 125976.7
fps step: 187103.8 fps total: 128091.2
fps step: 186827.6 fps total: 127378.5
fps step: 189155.9 fps total: 128660.1
fps step: 173474.7 fps total: 117396.4
fps step: 167636.4 fps total: 118002.1
fps step: 163882.8 fps total: 116321.7
fps step: 171317.9 fps total: 119828.8
fps step: 169889.9 fps total: 118046.6
fps step: 175635.1 fps total: 121906.9
fps step: 166686.9 fps total: 117534.2
fps step: 183782.8 fps total: 123747.9
fps step: 173044.9 fps total: 120539.4
fps step: 185393.1 fps total: 127325.0
fps step: 188704.5 fps total: 127979.7
fps step: 188882.0 fps total: 129292.9
fps step: 186055.5 fps total: 126609.8
fps step: 188290.1 fps total: 128745.5
fps step: 189131.8 fps total: 128956.9
fps step: 188438.0 fps total: 129025.0
fps step: 166935.0 fps total: 116854.1
fps step: 167986.3 fps total: 118214.2
fps step: 184894.4 fps total: 126702.4
fps step: 157661.2 fps total: 112362.9
fps step: 169503.8 fps total: 118981.1
fps step: 156539.2 fps total: 112484.9
fps step: 180458.7 fps total: 124704.4
fps step: 168717.6 fps total: 118143.8
fps step: 160578.0 fps total: 114302.9
fps step: 160308.5 fps total: 114476.2
fps step: 171422.7 fps total: 117909.1
fps step: 176135.8 fps total: 121024.0
fps step: 170328.1 fps total: 118133.5
fps step: 159677.7 fps total: 110091.1
=> saving checkpoint 'runs/HumanoidAMP_08-21-55-26/nn/HumanoidAMP_08-21-55-27_5300.pth'
fps step: 152341.5 fps total: 109544.7
fps step: 187045.9 fps total: 127131.0
fps step: 189928.8 fps total: 129375.1
fps step: 185491.2 fps total: 125965.6
fps step: 172099.1 fps total: 119160.3
fps step: 185480.7 fps total: 127393.1
fps step: 163860.0 fps total: 115021.4
fps step: 167832.3 fps total: 116325.5
fps step: 159411.2 fps total: 112780.9
fps step: 164670.0 fps total: 114263.8
fps step: 169959.4 fps total: 116347.0
fps step: 162284.6 fps total: 112169.1
fps step: 166147.1 fps total: 114712.2
fps step: 173043.2 fps total: 119642.0
fps step: 181963.4 fps total: 123349.6
fps step: 173388.1 fps total: 118362.0
fps step: 172141.5 fps total: 120737.4
fps step: 183943.4 fps total: 125617.8
fps step: 188624.7 fps total: 127194.0
fps step: 183211.1 fps total: 125108.7
fps step: 165092.7 fps total: 117215.3
fps step: 180821.0 fps total: 124933.8
fps step: 154959.4 fps total: 109137.1
fps step: 147208.9 fps total: 106176.7
fps step: 158080.7 fps total: 112773.5
fps step: 166354.0 fps total: 116610.8
fps step: 168524.4 fps total: 118763.8
fps step: 141820.7 fps total: 103306.3
fps step: 180543.9 fps total: 123296.6
fps step: 152990.3 fps total: 108841.9
fps step: 186043.8 fps total: 127273.4
fps step: 185683.0 fps total: 127599.0
fps step: 174276.9 fps total: 121219.6
fps step: 147290.6 fps total: 107326.2
fps step: 177834.5 fps total: 123900.9
fps step: 169688.6 fps total: 117896.7
fps step: 169536.2 fps total: 116281.1
fps step: 174081.3 fps total: 118520.3
fps step: 163735.2 fps total: 113820.0
fps step: 163636.8 fps total: 114234.4
fps step: 151715.5 fps total: 108803.3
fps step: 150796.8 fps total: 108433.4
fps step: 161817.1 fps total: 112193.3
fps step: 147083.5 fps total: 104428.9
fps step: 146487.3 fps total: 101833.1
fps step: 140641.5 fps total: 99626.1
fps step: 148456.2 fps total: 105928.3
fps step: 190098.0 fps total: 127173.4
fps step: 185437.4 fps total: 125162.1
fps step: 190134.8 fps total: 129223.9
=> saving checkpoint 'runs/HumanoidAMP_08-21-55-26/nn/HumanoidAMP_08-21-55-27_5350.pth'
fps step: 188031.2 fps total: 128520.0
fps step: 190927.3 fps total: 129780.8
fps step: 176033.3 fps total: 121413.3
fps step: 188603.2 fps total: 128924.9
fps step: 188423.3 fps total: 128998.0
fps step: 186928.1 fps total: 128055.6
fps step: 184218.8 fps total: 126638.6
fps step: 189954.9 fps total: 129600.6
fps step: 186501.2 fps total: 127568.5
fps step: 184854.1 fps total: 126474.6
fps step: 184523.3 fps total: 125922.1
fps step: 184851.4 fps total: 126735.0
fps step: 183300.7 fps total: 125122.3
fps step: 185649.0 fps total: 126924.3
fps step: 177485.9 fps total: 123617.1
fps step: 182145.3 fps total: 125732.8
fps step: 188303.5 fps total: 127952.4
fps step: 186450.1 fps total: 127527.9
fps step: 186371.4 fps total: 127744.9
fps step: 186642.7 fps total: 126957.8
fps step: 162305.5 fps total: 115116.5
fps step: 159289.1 fps total: 113719.4
fps step: 163763.7 fps total: 114704.6
fps step: 182710.9 fps total: 124330.6
fps step: 172212.5 fps total: 115092.6
fps step: 187713.3 fps total: 126414.2
fps step: 188248.9 fps total: 123792.0
fps step: 187544.5 fps total: 126145.1
fps step: 189063.8 fps total: 125959.2
fps step: 153661.3 fps total: 111456.6
fps step: 185469.8 fps total: 127537.2
fps step: 185835.9 fps total: 123589.0
fps step: 168844.1 fps total: 116662.5
fps step: 162436.6 fps total: 114147.5
fps step: 163359.9 fps total: 114345.1
fps step: 158100.3 fps total: 110167.1
fps step: 173485.3 fps total: 118698.0
fps step: 151676.3 fps total: 108811.7
fps step: 159885.9 fps total: 113331.5
fps step: 186870.6 fps total: 127451.7
fps step: 186345.4 fps total: 127541.3
fps step: 188722.8 fps total: 126995.7
fps step: 190906.4 fps total: 128970.6
fps step: 182892.1 fps total: 126025.8
fps step: 185362.1 fps total: 126903.9
fps step: 183405.4 fps total: 125784.9
fps step: 185187.4 fps total: 127054.5
fps step: 185713.8 fps total: 127342.5
fps step: 187516.2 fps total: 127107.1
fps step: 145042.7 fps total: 106588.1
=> saving checkpoint 'runs/HumanoidAMP_08-21-55-26/nn/HumanoidAMP_08-21-55-27_5400.pth'
fps step: 140681.1 fps total: 104235.8
fps step: 175312.3 fps total: 121972.3
fps step: 159516.1 fps total: 113615.2
fps step: 145876.4 fps total: 105581.5
fps step: 187089.8 fps total: 128350.2
fps step: 188592.5 fps total: 125224.0
fps step: 159800.7 fps total: 112682.5
fps step: 146882.4 fps total: 107227.0
fps step: 136786.1 fps total: 100254.9
fps step: 185905.7 fps total: 125024.4
fps step: 180625.8 fps total: 123866.4
fps step: 146392.5 fps total: 106768.0
fps step: 185349.1 fps total: 126765.6
fps step: 178755.6 fps total: 123689.9
fps step: 185093.4 fps total: 126707.9
fps step: 190204.2 fps total: 128603.8
fps step: 186471.4 fps total: 127114.8
fps step: 190714.1 fps total: 129685.8
fps step: 185737.6 fps total: 127471.2
fps step: 155358.7 fps total: 110464.2
fps step: 166371.4 fps total: 117686.1
fps step: 148897.1 fps total: 107406.7
fps step: 134549.4 fps total: 99906.5
fps step: 183026.1 fps total: 125624.8
fps step: 189169.4 fps total: 127867.0
fps step: 186424.5 fps total: 127804.7
fps step: 186616.1 fps total: 127885.0
fps step: 189777.8 fps total: 129289.4
fps step: 189108.6 fps total: 129163.3
fps step: 186979.1 fps total: 127977.5
fps step: 189666.6 fps total: 129436.6
fps step: 185364.6 fps total: 126740.6
fps step: 187365.6 fps total: 128087.0
fps step: 187296.7 fps total: 128360.9
fps step: 189786.8 fps total: 129433.4
fps step: 189245.5 fps total: 128866.4
fps step: 188129.8 fps total: 126557.3
fps step: 187272.3 fps total: 127798.8
fps step: 190546.7 fps total: 129722.1
fps step: 186315.8 fps total: 127792.4
fps step: 184376.5 fps total: 125429.3
fps step: 183241.2 fps total: 126144.0
fps step: 189881.1 fps total: 129479.9
fps step: 186319.6 fps total: 127749.7
fps step: 189022.4 fps total: 128279.7
fps step: 190646.0 fps total: 128048.2
fps step: 187052.1 fps total: 126916.7
fps step: 187437.9 fps total: 126441.0
fps step: 151843.5 fps total: 107800.9
fps step: 136941.4 fps total: 99992.7
=> saving checkpoint 'runs/HumanoidAMP_08-21-55-26/nn/HumanoidAMP_08-21-55-27_5450.pth'
fps step: 144413.3 fps total: 106346.2
fps step: 189474.3 fps total: 129104.0
fps step: 184989.9 fps total: 127156.3
fps step: 188648.4 fps total: 126546.7
fps step: 189954.2 fps total: 127868.9
fps step: 189440.7 fps total: 128270.8
fps step: 187028.8 fps total: 126260.0
fps step: 189774.9 fps total: 128502.6
fps step: 166395.5 fps total: 114774.8
fps step: 170201.7 fps total: 117881.5
fps step: 187482.8 fps total: 128478.4
fps step: 187591.7 fps total: 128432.9
fps step: 190305.2 fps total: 129575.5
fps step: 188075.1 fps total: 126832.5
fps step: 186156.7 fps total: 126876.4
fps step: 155748.6 fps total: 109758.5
fps step: 189313.9 fps total: 126052.4
fps step: 188150.4 fps total: 124960.2
fps step: 187517.5 fps total: 126103.8
fps step: 159689.7 fps total: 112648.7
fps step: 158031.3 fps total: 113718.2
fps step: 177098.1 fps total: 121667.7
fps step: 171731.6 fps total: 117196.1
fps step: 169478.3 fps total: 117497.7
fps step: 182333.0 fps total: 123366.8
fps step: 177193.6 fps total: 123221.6
fps step: 166649.7 fps total: 117829.8
fps step: 153224.4 fps total: 109906.2
fps step: 164311.1 fps total: 116136.0
fps step: 189220.5 fps total: 128952.7
fps step: 168462.4 fps total: 118886.0
fps step: 138974.8 fps total: 102794.7
fps step: 166757.8 fps total: 117748.4
fps step: 183379.2 fps total: 126324.2
fps step: 188054.2 fps total: 128092.3
fps step: 186292.0 fps total: 127337.3
fps step: 184749.1 fps total: 126029.3
fps step: 183857.8 fps total: 125113.2
fps step: 184637.2 fps total: 125167.1
fps step: 187919.4 fps total: 125345.5
fps step: 186002.8 fps total: 126550.4
fps step: 164468.8 fps total: 115620.2
fps step: 146591.2 fps total: 105263.2
fps step: 186033.8 fps total: 126237.6
fps step: 184375.4 fps total: 124347.7
fps step: 188093.6 fps total: 126828.5
fps step: 185627.7 fps total: 127249.2
fps step: 188879.8 fps total: 128715.8
fps step: 178817.7 fps total: 122829.3
fps step: 176665.5 fps total: 116999.6
=> saving checkpoint 'runs/HumanoidAMP_08-21-55-26/nn/HumanoidAMP_08-21-55-27_5500.pth'
fps step: 156494.3 fps total: 109624.0
fps step: 171559.6 fps total: 114266.5
fps step: 167238.0 fps total: 115445.0
fps step: 161583.7 fps total: 113018.4
fps step: 185938.2 fps total: 125865.4
fps step: 167756.5 fps total: 114712.5
fps step: 175883.0 fps total: 119650.1
fps step: 161537.5 fps total: 115300.4
fps step: 181825.8 fps total: 123923.7
fps step: 181773.3 fps total: 125861.3
fps step: 177233.2 fps total: 122180.6
fps step: 190897.0 fps total: 129170.9
fps step: 189863.6 fps total: 128999.4
fps step: 190610.1 fps total: 129818.0
fps step: 189805.7 fps total: 129407.2
fps step: 190486.8 fps total: 129725.6
fps step: 152398.4 fps total: 110659.3
fps step: 187211.5 fps total: 126681.3
fps step: 189002.5 fps total: 126982.0
fps step: 183464.8 fps total: 122127.9
fps step: 182329.0 fps total: 122872.0
fps step: 171761.0 fps total: 118536.9
fps step: 183845.9 fps total: 124126.3
fps step: 186073.7 fps total: 123963.9
fps step: 177177.4 fps total: 121459.0
fps step: 177083.0 fps total: 122053.3
fps step: 174424.8 fps total: 121988.1
fps step: 178687.5 fps total: 121854.7
fps step: 174717.7 fps total: 121033.0
fps step: 187202.3 fps total: 127819.5
fps step: 171799.2 fps total: 120177.0
fps step: 175473.4 fps total: 121714.0
fps step: 189439.3 fps total: 128591.4
fps step: 189535.0 fps total: 128913.6
fps step: 186922.0 fps total: 127521.3
fps step: 186968.2 fps total: 128059.0
fps step: 184953.1 fps total: 126128.0
fps step: 181523.1 fps total: 123255.1
fps step: 166106.0 fps total: 116140.0
fps step: 187742.5 fps total: 126949.6
fps step: 170014.8 fps total: 118195.6
fps step: 188894.6 fps total: 128945.0
fps step: 186079.6 fps total: 125343.7
fps step: 183144.2 fps total: 125048.9
fps step: 175890.8 fps total: 122211.2
fps step: 177090.3 fps total: 122933.9
fps step: 158064.5 fps total: 113223.8
fps step: 190407.7 fps total: 129580.7
fps step: 178501.9 fps total: 122876.8
fps step: 181512.6 fps total: 123578.6
=> saving checkpoint 'runs/HumanoidAMP_08-21-55-26/nn/HumanoidAMP_08-21-55-27_5550.pth'
fps step: 177579.2 fps total: 122782.5
fps step: 190950.7 fps total: 129487.3
fps step: 186829.3 fps total: 126463.9
fps step: 189218.8 fps total: 129194.3
fps step: 189269.3 fps total: 129393.2
fps step: 190052.0 fps total: 129079.2
fps step: 189219.5 fps total: 129401.5
fps step: 182711.0 fps total: 125956.6
fps step: 170030.4 fps total: 119807.9
fps step: 176721.4 fps total: 120806.5
fps step: 181586.8 fps total: 123421.9
fps step: 174818.9 fps total: 121652.3
fps step: 175320.7 fps total: 122147.1
fps step: 169766.7 fps total: 118841.5
fps step: 182217.1 fps total: 124113.6
fps step: 185443.1 fps total: 127058.6
fps step: 188998.2 fps total: 129175.3
fps step: 188044.2 fps total: 127937.8
fps step: 188480.6 fps total: 125500.2
fps step: 187076.5 fps total: 127844.8
fps step: 189225.4 fps total: 128690.9
fps step: 188313.0 fps total: 126725.5
fps step: 178720.2 fps total: 123164.5
fps step: 181581.5 fps total: 125334.1
fps step: 189548.6 fps total: 129099.8
fps step: 178180.8 fps total: 120678.5
fps step: 174016.0 fps total: 121578.9
fps step: 188481.3 fps total: 128876.5
fps step: 188665.2 fps total: 128692.0
fps step: 190104.4 fps total: 129411.4
fps step: 186555.0 fps total: 127945.2
fps step: 188490.9 fps total: 127832.2
fps step: 160972.4 fps total: 114309.9
fps step: 190364.1 fps total: 129455.6
fps step: 176496.6 fps total: 122272.8
fps step: 185779.9 fps total: 127563.9
fps step: 181419.0 fps total: 124786.0
fps step: 184579.4 fps total: 125980.1
fps step: 178547.9 fps total: 121595.2
fps step: 184344.1 fps total: 125450.8
fps step: 178098.6 fps total: 120948.8
fps step: 156742.3 fps total: 112218.0
fps step: 134029.7 fps total: 100135.7
fps step: 155700.1 fps total: 112506.2
fps step: 176414.4 fps total: 122866.1
fps step: 186226.1 fps total: 125857.1
fps step: 187461.4 fps total: 127361.8
fps step: 187690.1 fps total: 126890.2
fps step: 183879.1 fps total: 126289.5
fps step: 187211.8 fps total: 128200.5
=> saving checkpoint 'runs/HumanoidAMP_08-21-55-26/nn/HumanoidAMP_08-21-55-27_5600.pth'
fps step: 189112.4 fps total: 127149.4
fps step: 177656.6 fps total: 123241.4
fps step: 188255.5 fps total: 128799.5
fps step: 177486.8 fps total: 122779.0
fps step: 154564.6 fps total: 111643.1
fps step: 130413.9 fps total: 97575.9
fps step: 184899.3 fps total: 126464.1
fps step: 188770.8 fps total: 128697.4
fps step: 179783.7 fps total: 122181.5
fps step: 181895.2 fps total: 124169.2
fps step: 187159.2 fps total: 127962.1
fps step: 191120.6 fps total: 129673.2
fps step: 138611.0 fps total: 101065.2
fps step: 164836.0 fps total: 112506.5
fps step: 174313.5 fps total: 121688.4
fps step: 178209.1 fps total: 123666.9
fps step: 168492.3 fps total: 116203.5
fps step: 154830.8 fps total: 109748.7
fps step: 179519.4 fps total: 122366.1
fps step: 178726.2 fps total: 122616.8
fps step: 171219.0 fps total: 118645.9
fps step: 177198.6 fps total: 121489.0
fps step: 159784.9 fps total: 112074.3
fps step: 161861.0 fps total: 113691.6
fps step: 151601.4 fps total: 109356.0
fps step: 187989.5 fps total: 127367.4
fps step: 174190.3 fps total: 121376.2
fps step: 169880.3 fps total: 118454.1
fps step: 189940.2 fps total: 127131.5
fps step: 189817.9 fps total: 128383.3
fps step: 190475.8 fps total: 129991.5
fps step: 186579.4 fps total: 127275.2
fps step: 191219.1 fps total: 128964.3
fps step: 190948.2 fps total: 129867.7
fps step: 190775.5 fps total: 130017.5
fps step: 187843.1 fps total: 128277.9
fps step: 188976.8 fps total: 129246.4
fps step: 189411.2 fps total: 129171.2
fps step: 190915.0 fps total: 129951.5
fps step: 189335.4 fps total: 129034.4
fps step: 190084.3 fps total: 129380.6
fps step: 189267.8 fps total: 129103.0
fps step: 189300.9 fps total: 129238.3
fps step: 187475.0 fps total: 128067.0
fps step: 188317.2 fps total: 128870.2
fps step: 190252.5 fps total: 129220.8
fps step: 189342.8 fps total: 128796.1
fps step: 140887.7 fps total: 102556.8
fps step: 148594.8 fps total: 104932.5
fps step: 154049.4 fps total: 110582.6
=> saving checkpoint 'runs/HumanoidAMP_08-21-55-26/nn/HumanoidAMP_08-21-55-27_5650.pth'
fps step: 145410.3 fps total: 105499.7
fps step: 144448.0 fps total: 105516.2
fps step: 151665.1 fps total: 107765.5
fps step: 145538.2 fps total: 102166.0
fps step: 164056.8 fps total: 114519.1
fps step: 144094.8 fps total: 101315.1
fps step: 184077.7 fps total: 124822.9
fps step: 178371.3 fps total: 121605.0
fps step: 180590.9 fps total: 122683.3
fps step: 147577.0 fps total: 106321.7
fps step: 188042.3 fps total: 128109.9
fps step: 189498.7 fps total: 128047.7
fps step: 189001.9 fps total: 129048.8
fps step: 190612.2 fps total: 129754.7
fps step: 143735.0 fps total: 104889.8
fps step: 148590.1 fps total: 108731.6
fps step: 151087.4 fps total: 109590.0
fps step: 137358.5 fps total: 102673.7
fps step: 189960.7 fps total: 129617.7
fps step: 188196.4 fps total: 126198.5
fps step: 164592.8 fps total: 108665.4
fps step: 149580.7 fps total: 103596.7
fps step: 145389.1 fps total: 104261.8
fps step: 188087.3 fps total: 128300.1
fps step: 188325.4 fps total: 128718.3
fps step: 191244.6 fps total: 129727.1
fps step: 186891.8 fps total: 127318.2
fps step: 186754.3 fps total: 127568.3
fps step: 187642.1 fps total: 128165.8
fps step: 185366.1 fps total: 126857.2
fps step: 170645.0 fps total: 112165.9
fps step: 156977.4 fps total: 110984.1
fps step: 165679.8 fps total: 114979.4
fps step: 153999.9 fps total: 110541.6
fps step: 177584.0 fps total: 121991.1
fps step: 143993.8 fps total: 102917.7
fps step: 153495.7 fps total: 107165.0
fps step: 169370.9 fps total: 115383.5
fps step: 164757.4 fps total: 114630.7
fps step: 178725.3 fps total: 120025.8
fps step: 189258.4 fps total: 127766.0
fps step: 180180.2 fps total: 120146.3
fps step: 163883.3 fps total: 112814.8
fps step: 182248.8 fps total: 122646.8
fps step: 164161.4 fps total: 114641.8
fps step: 166408.5 fps total: 115737.3
fps step: 157480.8 fps total: 111822.4
fps step: 183804.6 fps total: 126053.9
fps step: 173419.3 fps total: 120592.6
fps step: 184835.6 fps total: 126922.9
=> saving checkpoint 'runs/HumanoidAMP_08-21-55-26/nn/HumanoidAMP_08-21-55-27_5700.pth'
fps step: 186180.7 fps total: 126841.7
fps step: 189398.0 fps total: 128672.0
fps step: 189912.0 fps total: 127553.0
fps step: 160313.2 fps total: 114567.3
fps step: 186568.9 fps total: 127729.7
fps step: 188295.8 fps total: 128347.8
fps step: 158290.7 fps total: 113880.7
fps step: 177619.0 fps total: 122350.3
fps step: 168598.2 fps total: 118054.1
fps step: 175461.2 fps total: 119532.2
fps step: 166634.8 fps total: 118103.1
fps step: 188939.1 fps total: 128087.7
fps step: 190566.0 fps total: 127618.2
fps step: 185676.4 fps total: 126447.2
fps step: 188094.8 fps total: 127652.4
fps step: 187853.3 fps total: 128182.6
fps step: 189501.1 fps total: 128988.1
fps step: 189106.3 fps total: 129032.6
fps step: 189367.9 fps total: 128789.9
fps step: 189328.9 fps total: 128829.8
fps step: 181328.5 fps total: 124679.1
fps step: 186650.8 fps total: 126392.7
fps step: 164363.8 fps total: 116522.4
fps step: 165044.7 fps total: 115123.5
fps step: 170388.6 fps total: 119939.5
fps step: 174304.3 fps total: 121108.9
fps step: 185450.3 fps total: 127572.0
fps step: 188794.8 fps total: 128584.9
fps step: 189266.8 fps total: 127891.2
fps step: 190329.8 fps total: 129742.3
fps step: 186731.4 fps total: 127714.8
fps step: 188266.0 fps total: 127413.8
fps step: 182606.1 fps total: 119200.9
fps step: 179515.0 fps total: 119912.8
fps step: 187565.7 fps total: 127568.1
fps step: 184663.3 fps total: 125414.1
fps step: 189527.1 fps total: 128249.1
fps step: 178239.0 fps total: 120010.1
fps step: 180195.0 fps total: 119594.4
fps step: 181599.0 fps total: 122235.8
fps step: 191467.6 fps total: 129622.0
fps step: 187260.6 fps total: 128166.9
fps step: 188849.4 fps total: 129182.2
fps step: 189414.3 fps total: 128898.7
fps step: 192414.5 fps total: 127572.0
fps step: 190374.2 fps total: 128628.4
fps step: 188654.9 fps total: 127463.6
fps step: 184190.2 fps total: 126107.8
fps step: 183649.2 fps total: 125626.8
fps step: 188021.3 fps total: 128052.1
=> saving checkpoint 'runs/HumanoidAMP_08-21-55-26/nn/HumanoidAMP_08-21-55-27_5750.pth'
fps step: 189585.1 fps total: 128611.1
fps step: 186063.4 fps total: 126420.9
fps step: 173345.0 fps total: 120126.3
fps step: 189100.7 fps total: 125629.1
fps step: 178895.7 fps total: 121387.4
fps step: 186570.5 fps total: 122060.4
fps step: 183912.3 fps total: 125581.5
fps step: 175514.2 fps total: 121993.3
fps step: 186178.5 fps total: 126847.0
fps step: 167306.6 fps total: 118431.9
fps step: 185978.5 fps total: 126802.4
fps step: 191978.9 fps total: 130701.4
fps step: 179977.0 fps total: 123844.0
fps step: 188611.3 fps total: 127746.9
fps step: 166964.7 fps total: 115480.1
fps step: 184853.8 fps total: 125538.6
fps step: 161937.3 fps total: 113648.8
fps step: 187744.2 fps total: 125719.7
fps step: 186325.8 fps total: 128105.6
fps step: 188427.3 fps total: 128945.1
fps step: 180877.5 fps total: 125401.8
fps step: 193189.5 fps total: 130753.7
fps step: 188189.0 fps total: 128436.5
fps step: 190777.3 fps total: 130044.5
fps step: 191948.3 fps total: 130402.2
fps step: 190505.2 fps total: 129504.4
fps step: 168183.7 fps total: 116506.2
fps step: 143508.7 fps total: 104196.6
fps step: 131850.3 fps total: 98839.6
fps step: 187679.9 fps total: 127021.6
fps step: 188530.9 fps total: 128526.4
fps step: 190002.9 fps total: 129760.2
fps step: 189147.8 fps total: 128696.5
fps step: 191752.2 fps total: 130383.4
fps step: 190506.3 fps total: 129796.7
fps step: 191315.5 fps total: 130369.7
fps step: 191770.1 fps total: 129169.3
fps step: 191028.3 fps total: 128584.0
fps step: 188007.9 fps total: 127494.6
fps step: 189542.6 fps total: 127718.2
fps step: 191146.1 fps total: 130128.3
fps step: 191623.3 fps total: 130307.9
fps step: 191809.2 fps total: 129401.6
fps step: 190124.0 fps total: 128200.2
fps step: 191892.5 fps total: 130409.7
fps step: 190547.6 fps total: 129861.2
fps step: 190740.8 fps total: 129242.0
fps step: 186944.8 fps total: 127883.5
fps step: 184659.4 fps total: 127110.5
fps step: 188254.0 fps total: 128430.0
=> saving checkpoint 'runs/HumanoidAMP_08-21-55-26/nn/HumanoidAMP_08-21-55-27_5800.pth'
fps step: 189451.2 fps total: 129497.2
fps step: 190965.0 fps total: 128989.6
fps step: 139768.7 fps total: 102013.3
fps step: 159243.1 fps total: 113339.6
fps step: 160550.3 fps total: 110353.1
fps step: 180106.3 fps total: 122684.4
fps step: 189648.8 fps total: 128928.6
fps step: 190156.7 fps total: 127789.0
fps step: 189997.6 fps total: 128079.8
fps step: 145227.8 fps total: 103778.8
fps step: 190162.0 fps total: 129533.4
fps step: 152420.4 fps total: 107923.1
fps step: 154316.6 fps total: 108235.4
fps step: 147872.3 fps total: 105627.0
fps step: 145556.0 fps total: 103596.8
fps step: 151427.5 fps total: 108951.9
fps step: 183591.3 fps total: 126342.9
fps step: 192042.9 fps total: 130431.2
fps step: 190495.2 fps total: 129715.4
fps step: 193373.8 fps total: 131009.5
fps step: 189680.7 fps total: 129567.9
fps step: 191294.2 fps total: 129625.4
fps step: 185477.9 fps total: 127274.1
fps step: 191736.8 fps total: 129785.3
fps step: 191950.8 fps total: 129536.3
fps step: 191747.8 fps total: 130095.8
fps step: 190557.0 fps total: 129943.8
fps step: 189334.9 fps total: 128770.3
fps step: 189481.1 fps total: 129269.0
fps step: 189340.5 fps total: 129138.4
fps step: 190964.5 fps total: 129878.8
fps step: 190368.3 fps total: 129462.0
fps step: 190037.5 fps total: 129607.3
fps step: 191553.7 fps total: 129544.2
fps step: 189574.0 fps total: 129393.3
fps step: 185685.4 fps total: 126787.8
fps step: 189963.7 fps total: 129676.5
fps step: 189489.6 fps total: 129381.7
fps step: 191727.3 fps total: 130521.0
fps step: 177983.3 fps total: 120515.6
fps step: 169129.0 fps total: 116956.3
fps step: 188725.0 fps total: 128365.6
fps step: 192549.2 fps total: 130059.2
fps step: 187202.8 fps total: 128075.7
fps step: 191477.3 fps total: 130279.8
fps step: 189306.3 fps total: 129274.8
fps step: 191655.9 fps total: 130303.7
fps step: 189446.3 fps total: 129230.2
fps step: 191190.7 fps total: 130146.1
fps step: 189251.6 fps total: 129158.8
=> saving checkpoint 'runs/HumanoidAMP_08-21-55-26/nn/HumanoidAMP_08-21-55-27_5850.pth'
fps step: 190895.9 fps total: 129749.7
fps step: 153019.6 fps total: 108214.1
fps step: 182469.5 fps total: 124267.5
fps step: 190202.2 fps total: 129416.1
fps step: 185384.9 fps total: 126952.4
fps step: 190175.6 fps total: 129573.4
fps step: 188803.4 fps total: 126681.7
fps step: 159707.9 fps total: 114286.7
fps step: 145605.5 fps total: 106451.5
fps step: 180506.3 fps total: 124646.5
fps step: 187644.3 fps total: 128400.0
fps step: 160963.5 fps total: 115506.7
fps step: 189028.1 fps total: 129254.1
fps step: 191264.7 fps total: 129772.9
fps step: 155650.3 fps total: 111071.6
fps step: 154151.2 fps total: 110862.5
fps step: 185651.8 fps total: 127628.0
fps step: 174412.6 fps total: 120962.2
fps step: 177787.8 fps total: 122351.7
fps step: 183954.4 fps total: 126649.2
fps step: 163548.6 fps total: 114747.9
fps step: 168901.4 fps total: 118042.8
fps step: 169691.8 fps total: 115789.3
fps step: 156943.3 fps total: 110312.9
fps step: 180952.0 fps total: 124151.3
fps step: 174469.5 fps total: 121175.5
fps step: 144920.5 fps total: 105156.8
fps step: 182260.6 fps total: 123959.5
fps step: 174010.3 fps total: 118986.5
fps step: 160182.6 fps total: 114384.6
fps step: 186438.0 fps total: 127858.6
fps step: 185528.2 fps total: 127083.2
fps step: 189475.3 fps total: 128649.4
fps step: 161215.9 fps total: 113436.5
fps step: 159583.8 fps total: 110744.9
fps step: 187882.2 fps total: 125239.5
fps step: 180422.2 fps total: 122471.3
fps step: 179638.7 fps total: 124287.5
fps step: 187896.7 fps total: 127057.8
fps step: 188431.0 fps total: 128881.7
fps step: 192711.5 fps total: 130863.8
fps step: 188197.8 fps total: 128635.6
fps step: 192369.5 fps total: 130685.0
fps step: 186668.6 fps total: 127893.1
fps step: 187599.6 fps total: 128553.5
fps step: 171123.9 fps total: 118385.0
fps step: 188545.7 fps total: 124009.0
fps step: 177377.9 fps total: 120997.6
fps step: 186974.7 fps total: 121654.8
fps step: 165869.8 fps total: 114848.8
=> saving checkpoint 'runs/HumanoidAMP_08-21-55-26/nn/HumanoidAMP_08-21-55-27_5900.pth'
fps step: 164863.8 fps total: 115902.3
fps step: 176195.4 fps total: 120049.7
fps step: 175430.4 fps total: 119472.0
fps step: 187756.5 fps total: 124203.9
fps step: 156474.6 fps total: 111787.9
fps step: 157090.2 fps total: 112520.7
fps step: 172039.2 fps total: 120150.7
fps step: 155150.1 fps total: 111295.7
fps step: 166913.1 fps total: 117872.4
fps step: 156672.3 fps total: 109994.2
fps step: 163024.6 fps total: 115758.6
fps step: 162629.9 fps total: 115546.9
fps step: 156629.6 fps total: 111865.8
fps step: 189237.9 fps total: 128469.7
fps step: 191704.4 fps total: 129923.3
fps step: 191129.7 fps total: 129351.6
fps step: 188609.7 fps total: 128150.7
fps step: 188459.8 fps total: 128825.0
fps step: 189201.7 fps total: 128221.1
fps step: 183166.8 fps total: 124489.0
fps step: 176771.4 fps total: 121756.6
fps step: 188152.6 fps total: 128680.4
fps step: 188010.7 fps total: 128536.4
fps step: 184726.2 fps total: 126496.2
fps step: 188267.9 fps total: 126201.5
fps step: 190860.5 fps total: 130042.2
fps step: 190462.3 fps total: 129475.9
fps step: 187831.3 fps total: 127983.8
fps step: 188293.8 fps total: 128742.1
fps step: 189950.0 fps total: 129375.4
fps step: 187004.4 fps total: 128264.3
fps step: 186656.4 fps total: 127559.7
fps step: 187117.0 fps total: 128127.7
fps step: 188537.5 fps total: 128874.4
fps step: 184967.8 fps total: 127111.5
fps step: 188796.8 fps total: 128215.4
fps step: 185955.2 fps total: 126545.1
fps step: 188081.9 fps total: 128339.1
fps step: 187324.9 fps total: 128342.2
fps step: 182431.0 fps total: 125342.0
fps step: 184787.5 fps total: 127106.7
fps step: 190391.1 fps total: 129652.9
fps step: 188507.5 fps total: 128895.7
fps step: 185768.7 fps total: 127308.0
fps step: 189200.5 fps total: 128974.1
fps step: 189957.6 fps total: 129516.9
fps step: 191903.1 fps total: 130495.9
fps step: 191217.6 fps total: 129843.1
fps step: 171778.6 fps total: 117561.0
fps step: 179536.4 fps total: 121490.8
=> saving checkpoint 'runs/HumanoidAMP_08-21-55-26/nn/HumanoidAMP_08-21-55-27_5950.pth'
fps step: 173060.2 fps total: 120598.4
fps step: 156551.4 fps total: 112527.5
fps step: 175857.9 fps total: 120882.7
fps step: 176663.5 fps total: 123053.7
fps step: 180068.0 fps total: 124361.1
fps step: 187827.7 fps total: 128223.1
fps step: 188328.3 fps total: 128587.1
fps step: 188367.2 fps total: 128764.2
fps step: 190286.7 fps total: 129533.5
fps step: 186595.4 fps total: 127221.2
fps step: 162733.4 fps total: 115476.4
fps step: 188554.1 fps total: 128983.6
fps step: 189856.7 fps total: 128952.6
fps step: 190503.5 fps total: 125992.2
fps step: 188622.4 fps total: 127282.7
fps step: 164926.0 fps total: 117471.6
fps step: 189082.0 fps total: 128929.7
fps step: 188684.3 fps total: 128383.6
fps step: 189732.4 fps total: 127699.3
fps step: 190500.3 fps total: 129565.7
fps step: 189249.6 fps total: 129143.1
fps step: 190350.2 fps total: 128165.2
fps step: 183101.7 fps total: 125329.0
fps step: 156775.8 fps total: 110192.3
fps step: 160365.1 fps total: 112817.6
fps step: 184114.2 fps total: 123103.1
fps step: 190337.0 fps total: 128019.9
fps step: 192100.9 fps total: 130394.2
fps step: 163050.7 fps total: 114757.7
fps step: 185453.0 fps total: 125526.1
fps step: 189743.2 fps total: 128616.0
fps step: 170246.4 fps total: 118943.3
fps step: 156217.8 fps total: 112119.0
fps step: 148078.3 fps total: 108179.2
fps step: 150977.0 fps total: 107973.0
fps step: 174517.3 fps total: 118562.9
fps step: 170314.1 fps total: 114801.7
fps step: 170689.2 fps total: 119485.1
fps step: 172445.6 fps total: 118571.9
fps step: 176333.8 fps total: 121681.9
fps step: 156907.2 fps total: 111754.2
fps step: 157893.6 fps total: 111454.9
fps step: 185616.4 fps total: 127603.6
fps step: 189732.2 fps total: 128923.7
fps step: 186942.0 fps total: 128061.8
fps step: 189814.1 fps total: 128857.8
fps step: 188801.1 fps total: 129144.8
fps step: 191531.9 fps total: 129971.8
fps step: 187178.6 fps total: 127501.2
fps step: 157597.8 fps total: 113355.5
=> saving checkpoint 'runs/HumanoidAMP_08-21-55-26/nn/HumanoidAMP_08-21-55-27_6000.pth'
fps step: 132127.6 fps total: 97759.1
fps step: 184989.4 fps total: 126119.0
fps step: 181223.8 fps total: 124622.9
fps step: 186663.3 fps total: 127476.4
fps step: 187323.7 fps total: 128004.9
fps step: 170902.3 fps total: 116821.0
fps step: 178634.4 fps total: 123381.8
fps step: 182329.7 fps total: 120022.8
fps step: 176752.9 fps total: 120262.7
fps step: 157919.8 fps total: 110187.1
fps step: 174249.8 fps total: 118653.3
fps step: 189727.5 fps total: 128414.2
fps step: 186886.1 fps total: 127185.7
fps step: 188142.8 fps total: 125862.5
fps step: 162999.1 fps total: 112761.0
fps step: 165816.8 fps total: 113693.9
fps step: 175129.2 fps total: 117765.9
fps step: 165502.7 fps total: 114336.5
fps step: 170851.7 fps total: 120076.8
fps step: 166720.2 fps total: 115607.2
fps step: 157694.0 fps total: 111435.4
fps step: 159684.9 fps total: 112022.0
fps step: 153419.1 fps total: 110408.1
fps step: 179055.6 fps total: 119523.6
fps step: 159119.1 fps total: 110326.4
fps step: 182919.9 fps total: 118477.1
fps step: 170008.1 fps total: 116109.1
fps step: 175736.3 fps total: 119148.3
fps step: 174736.0 fps total: 120608.4
fps step: 173775.1 fps total: 118802.6
fps step: 166352.3 fps total: 114423.2
fps step: 148001.9 fps total: 104488.2
fps step: 154616.6 fps total: 107065.6
fps step: 178701.1 fps total: 121154.5
fps step: 179108.1 fps total: 122200.3
fps step: 169426.9 fps total: 116723.2
fps step: 181679.3 fps total: 124761.1
fps step: 155231.4 fps total: 111384.5
fps step: 153572.3 fps total: 110761.6
fps step: 184670.3 fps total: 125181.3
fps step: 189003.0 fps total: 127913.1
fps step: 183167.1 fps total: 125882.2
fps step: 166185.0 fps total: 117262.0
fps step: 189823.0 fps total: 129422.8
fps step: 168455.9 fps total: 117412.4
fps step: 187837.9 fps total: 126366.4
fps step: 189568.2 fps total: 129512.8
fps step: 191523.3 fps total: 130238.3
fps step: 190979.3 fps total: 129119.6
fps step: 190859.1 fps total: 130181.3
=> saving checkpoint 'runs/HumanoidAMP_08-21-55-26/nn/HumanoidAMP_08-21-55-27_6050.pth'
fps step: 190023.9 fps total: 129728.7
fps step: 189413.4 fps total: 128869.5
fps step: 187477.4 fps total: 128448.2
fps step: 190766.9 fps total: 130077.0
fps step: 185982.2 fps total: 127343.1
fps step: 187607.6 fps total: 125717.7
fps step: 183960.9 fps total: 125918.7
fps step: 190588.8 fps total: 129905.8
fps step: 147317.8 fps total: 105725.1
fps step: 190266.7 fps total: 129480.8
fps step: 191902.3 fps total: 130475.4
fps step: 176156.8 fps total: 123067.1
fps step: 190617.0 fps total: 130099.6
fps step: 175408.6 fps total: 121815.6
fps step: 191125.5 fps total: 127540.3
fps step: 177293.2 fps total: 122744.4
fps step: 149849.2 fps total: 109459.1
fps step: 165373.1 fps total: 116223.2
fps step: 190127.1 fps total: 129299.4
fps step: 159204.3 fps total: 113864.5
fps step: 162501.5 fps total: 114388.8
fps step: 150474.6 fps total: 108382.1
fps step: 188883.8 fps total: 128264.7
fps step: 187848.2 fps total: 128107.2
fps step: 187128.4 fps total: 127199.4
fps step: 184743.8 fps total: 126246.4
fps step: 157507.1 fps total: 113114.3
fps step: 162422.4 fps total: 115225.8
fps step: 146841.7 fps total: 107643.2
fps step: 150340.1 fps total: 108007.0
fps step: 191255.6 fps total: 125616.9
fps step: 188184.4 fps total: 127722.3
fps step: 164063.7 fps total: 116912.5
fps step: 183704.0 fps total: 125691.2
fps step: 151414.4 fps total: 110209.8
fps step: 167676.7 fps total: 118064.0
fps step: 153933.4 fps total: 109981.3
fps step: 190437.3 fps total: 129725.7
fps step: 188019.7 fps total: 128243.9
fps step: 190178.0 fps total: 129626.7
fps step: 175058.3 fps total: 120204.8
fps step: 141592.9 fps total: 104052.2
fps step: 188105.0 fps total: 127866.7
fps step: 165863.7 fps total: 115213.6
fps step: 186103.5 fps total: 127298.1
fps step: 185718.0 fps total: 126395.3
fps step: 185035.7 fps total: 123974.0
fps step: 187257.0 fps total: 127302.0
fps step: 162370.1 fps total: 113654.5
fps step: 180460.3 fps total: 123761.5
=> saving checkpoint 'runs/HumanoidAMP_08-21-55-26/nn/HumanoidAMP_08-21-55-27_6100.pth'
fps step: 185286.1 fps total: 126816.0
fps step: 189054.1 fps total: 126492.0
fps step: 187498.3 fps total: 127681.2
fps step: 164903.4 fps total: 113658.3
fps step: 189255.8 fps total: 129278.0
fps step: 181647.7 fps total: 124348.0
fps step: 147203.7 fps total: 106455.7
fps step: 140272.2 fps total: 102368.0
fps step: 155095.8 fps total: 110236.8
fps step: 158988.2 fps total: 112740.9
fps step: 151471.2 fps total: 109484.8
fps step: 163558.0 fps total: 115798.8
fps step: 183989.9 fps total: 125183.5
fps step: 183247.9 fps total: 121345.5
fps step: 170629.8 fps total: 119645.7
fps step: 189481.6 fps total: 127535.7
fps step: 187647.0 fps total: 127215.3
fps step: 191120.1 fps total: 127684.3
fps step: 189860.1 fps total: 128735.8
fps step: 191218.2 fps total: 126156.7
fps step: 136202.8 fps total: 100361.1
fps step: 138980.1 fps total: 101390.4
fps step: 181352.2 fps total: 120668.8
fps step: 158337.4 fps total: 110352.3
fps step: 166959.5 fps total: 115987.1
fps step: 187651.9 fps total: 124889.6
fps step: 162455.8 fps total: 114678.9
fps step: 184486.4 fps total: 120464.1
fps step: 179958.8 fps total: 122091.0
fps step: 161378.8 fps total: 112526.8
fps step: 184212.2 fps total: 125415.9
fps step: 190180.9 fps total: 124791.8
fps step: 174147.0 fps total: 120018.8
fps step: 158523.4 fps total: 111848.2
fps step: 166836.6 fps total: 116425.5
fps step: 177793.9 fps total: 122912.3
fps step: 186723.2 fps total: 126290.8
fps step: 163297.4 fps total: 116108.4
fps step: 189730.2 fps total: 128338.7
fps step: 188676.4 fps total: 128702.3
fps step: 187320.5 fps total: 128245.1
fps step: 183800.3 fps total: 126778.9
fps step: 190813.2 fps total: 129899.2
fps step: 190508.9 fps total: 129683.8
fps step: 189678.9 fps total: 128274.9
fps step: 181639.0 fps total: 123494.0
fps step: 189204.3 fps total: 127000.2
fps step: 188279.1 fps total: 128597.5
fps step: 191553.9 fps total: 130234.3
fps step: 190134.2 fps total: 129709.1
=> saving checkpoint 'runs/HumanoidAMP_08-21-55-26/nn/HumanoidAMP_08-21-55-27_6150.pth'
fps step: 191343.7 fps total: 129985.6
fps step: 191297.5 fps total: 129978.5
fps step: 189811.8 fps total: 128991.6
fps step: 187160.2 fps total: 127249.4
fps step: 186752.7 fps total: 127829.2
fps step: 186070.2 fps total: 126322.0
fps step: 189749.5 fps total: 128257.5
fps step: 186522.3 fps total: 126235.7
fps step: 169140.6 fps total: 117130.5
fps step: 188797.2 fps total: 128293.6
fps step: 172185.8 fps total: 118951.3
fps step: 181335.9 fps total: 124148.7
fps step: 187954.2 fps total: 127838.5
fps step: 185673.5 fps total: 127023.9
fps step: 188573.0 fps total: 129008.4
fps step: 190357.5 fps total: 129839.0
fps step: 189581.8 fps total: 129030.2
fps step: 189586.0 fps total: 128630.9
fps step: 188646.3 fps total: 129042.7
fps step: 187545.1 fps total: 128520.7
fps step: 176721.6 fps total: 118779.8
fps step: 155582.6 fps total: 106957.1
fps step: 135432.6 fps total: 99002.7
fps step: 137766.6 fps total: 99904.9
fps step: 168378.5 fps total: 115177.8
fps step: 153485.6 fps total: 106523.7
fps step: 148949.7 fps total: 103711.4
fps step: 164784.2 fps total: 114711.2
fps step: 177874.7 fps total: 122579.1
fps step: 145417.0 fps total: 102701.1
fps step: 148102.0 fps total: 104588.3
fps step: 175299.9 fps total: 120472.2
fps step: 189253.3 fps total: 129196.1
fps step: 187180.2 fps total: 127482.6
fps step: 186148.3 fps total: 128003.7
fps step: 164176.1 fps total: 110641.0
fps step: 181785.9 fps total: 120385.5
fps step: 156363.2 fps total: 110580.4
fps step: 154300.5 fps total: 110745.7
fps step: 184112.5 fps total: 125596.7
fps step: 189849.7 fps total: 128825.7
fps step: 189476.8 fps total: 124689.7
fps step: 185641.8 fps total: 125826.1
fps step: 185627.9 fps total: 124748.9
fps step: 189124.1 fps total: 128996.8
fps step: 186990.6 fps total: 126968.5
fps step: 187322.3 fps total: 126224.2
fps step: 175816.5 fps total: 121263.6
fps step: 175160.1 fps total: 121675.1
fps step: 184524.9 fps total: 126015.8
=> saving checkpoint 'runs/HumanoidAMP_08-21-55-26/nn/HumanoidAMP_08-21-55-27_6200.pth'
fps step: 186071.0 fps total: 124036.7
fps step: 154109.6 fps total: 108910.2
fps step: 183345.0 fps total: 122900.6
fps step: 161315.7 fps total: 113812.6
fps step: 171341.7 fps total: 119812.2
fps step: 161671.0 fps total: 114303.9
fps step: 186788.5 fps total: 127941.4
fps step: 183194.7 fps total: 125913.2
fps step: 178516.5 fps total: 123185.4
fps step: 178366.6 fps total: 120715.6
fps step: 183150.6 fps total: 124462.1
fps step: 171961.9 fps total: 120583.7
fps step: 171133.2 fps total: 120107.2
fps step: 176177.6 fps total: 122290.9
fps step: 189661.9 fps total: 128716.4
fps step: 188971.6 fps total: 128276.4
fps step: 170810.7 fps total: 119560.2
fps step: 178833.4 fps total: 124082.0
fps step: 187866.6 fps total: 128185.5
fps step: 189865.5 fps total: 126559.7
fps step: 187673.1 fps total: 125102.0
fps step: 190601.3 fps total: 127212.8
fps step: 187332.3 fps total: 126769.7
fps step: 170156.5 fps total: 118081.4
fps step: 143286.5 fps total: 103754.0
fps step: 151575.3 fps total: 105431.8
fps step: 179505.1 fps total: 122967.0
fps step: 188857.1 fps total: 128608.0
fps step: 187509.9 fps total: 126070.4
fps step: 135172.6 fps total: 96724.4
fps step: 161348.9 fps total: 108874.4
fps step: 147484.4 fps total: 104882.0
fps step: 145530.4 fps total: 106529.4
fps step: 186830.4 fps total: 125099.7
fps step: 184796.7 fps total: 126822.3
fps step: 172332.9 fps total: 119465.2
fps step: 188879.2 fps total: 129130.7
fps step: 190460.8 fps total: 129725.8
fps step: 184832.3 fps total: 126991.6
fps step: 188261.7 fps total: 127027.1
fps step: 179145.2 fps total: 123212.5
fps step: 188160.8 fps total: 128647.4
fps step: 179682.7 fps total: 122322.7
fps step: 189218.5 fps total: 129098.5
fps step: 178441.0 fps total: 123921.1
fps step: 188516.8 fps total: 128434.9
fps step: 188733.3 fps total: 128737.6
fps step: 184003.3 fps total: 123999.2
fps step: 182430.8 fps total: 125912.9
fps step: 178872.1 fps total: 123330.3
=> saving checkpoint 'runs/HumanoidAMP_08-21-55-26/nn/HumanoidAMP_08-21-55-27_6250.pth'
fps step: 173594.9 fps total: 121769.8
fps step: 189473.1 fps total: 126074.5
fps step: 188872.3 fps total: 128214.3
fps step: 170040.1 fps total: 118588.4
fps step: 137487.8 fps total: 100464.3
fps step: 158151.1 fps total: 109681.4
fps step: 138226.4 fps total: 98948.1
fps step: 165555.6 fps total: 111524.6
fps step: 167527.4 fps total: 116687.4
fps step: 130184.9 fps total: 96995.9
fps step: 147554.5 fps total: 107772.7
fps step: 187706.3 fps total: 127137.2
fps step: 189626.0 fps total: 127673.1
fps step: 163739.5 fps total: 113596.3
fps step: 153600.2 fps total: 109491.7
fps step: 178375.4 fps total: 121792.0
fps step: 189290.4 fps total: 129455.7
fps step: 174964.1 fps total: 122245.7
fps step: 162223.3 fps total: 113967.6
fps step: 188004.4 fps total: 128535.9
fps step: 188848.5 fps total: 129083.6
fps step: 189964.5 fps total: 129439.3
fps step: 190711.0 fps total: 128643.4
fps step: 153927.9 fps total: 108680.2
fps step: 154497.1 fps total: 110506.7
fps step: 168137.0 fps total: 117299.8
fps step: 167325.0 fps total: 116104.2
fps step: 178526.6 fps total: 122369.4
fps step: 157223.6 fps total: 112424.3
fps step: 174704.7 fps total: 119849.7
fps step: 148447.4 fps total: 106184.3
fps step: 143403.4 fps total: 104636.8
fps step: 146554.1 fps total: 106762.9
fps step: 155107.7 fps total: 110772.7
fps step: 175100.1 fps total: 121089.9
fps step: 177743.9 fps total: 121234.5
fps step: 141337.5 fps total: 104346.5
fps step: 164342.2 fps total: 116339.6
fps step: 165699.8 fps total: 114870.2
fps step: 188222.6 fps total: 128023.9
fps step: 186137.4 fps total: 125194.1
fps step: 169293.8 fps total: 116528.1
fps step: 174167.7 fps total: 120951.8
fps step: 179799.2 fps total: 121172.8
fps step: 185561.1 fps total: 124847.7
fps step: 182461.2 fps total: 120836.8
fps step: 190343.2 fps total: 127243.4
fps step: 185973.9 fps total: 126338.0
fps step: 189750.9 fps total: 129342.5
fps step: 187671.6 fps total: 128273.3
=> saving checkpoint 'runs/HumanoidAMP_08-21-55-26/nn/HumanoidAMP_08-21-55-27_6300.pth'
fps step: 186044.5 fps total: 127514.5
fps step: 185942.7 fps total: 127866.2
fps step: 187387.5 fps total: 128316.4
fps step: 182255.0 fps total: 123252.3
fps step: 144169.7 fps total: 104567.2
fps step: 173894.1 fps total: 121033.3
fps step: 171296.5 fps total: 119791.0
fps step: 187365.9 fps total: 127860.5
fps step: 185367.2 fps total: 126335.9
fps step: 163663.0 fps total: 116201.0
fps step: 188977.1 fps total: 126885.7
fps step: 187703.1 fps total: 127227.6
fps step: 162484.6 fps total: 115016.1
fps step: 180524.7 fps total: 123039.9
fps step: 163500.9 fps total: 115946.2
fps step: 156269.1 fps total: 109374.8
fps step: 180920.7 fps total: 124047.5
fps step: 167732.4 fps total: 117610.6
fps step: 140754.1 fps total: 99989.2
fps step: 158209.9 fps total: 112084.7
fps step: 179850.5 fps total: 119541.6
fps step: 157978.5 fps total: 109512.3
fps step: 151042.8 fps total: 108484.0
fps step: 183986.3 fps total: 125282.9
fps step: 184192.3 fps total: 125146.7
fps step: 186061.0 fps total: 125050.7
fps step: 171542.2 fps total: 118106.5
fps step: 187668.4 fps total: 124774.4
fps step: 168654.8 fps total: 118069.2
fps step: 172936.9 fps total: 118527.9
fps step: 178332.6 fps total: 122878.7
fps step: 185223.5 fps total: 126090.4
fps step: 180758.1 fps total: 120802.8
fps step: 182897.8 fps total: 119886.4
fps step: 174680.7 fps total: 119931.6
fps step: 183441.4 fps total: 123040.3
fps step: 169755.7 fps total: 115013.6
fps step: 180778.5 fps total: 122386.5
fps step: 163025.0 fps total: 114157.0
fps step: 177569.5 fps total: 123409.0
fps step: 169024.0 fps total: 117998.2
fps step: 171909.6 fps total: 119325.9
fps step: 178870.0 fps total: 122799.4
fps step: 157797.8 fps total: 113243.0
fps step: 164703.0 fps total: 114582.7
fps step: 171275.8 fps total: 118296.4
fps step: 180248.3 fps total: 124958.0
fps step: 183690.0 fps total: 126538.8
fps step: 189207.2 fps total: 129014.8
fps step: 186964.8 fps total: 127059.3
=> saving checkpoint 'runs/HumanoidAMP_08-21-55-26/nn/HumanoidAMP_08-21-55-27_6350.pth'
fps step: 185545.2 fps total: 126855.8
fps step: 184186.3 fps total: 126380.8
fps step: 183558.1 fps total: 124855.6
fps step: 187423.6 fps total: 127497.3
fps step: 154970.5 fps total: 107934.7
fps step: 146424.3 fps total: 104412.4
fps step: 172373.0 fps total: 119340.7
fps step: 171377.0 fps total: 119283.6
fps step: 166850.9 fps total: 116480.1
fps step: 179121.3 fps total: 121282.9
fps step: 184101.0 fps total: 126303.4
fps step: 154386.1 fps total: 110587.8
fps step: 158602.3 fps total: 113399.0
fps step: 162493.6 fps total: 113839.4
fps step: 187994.2 fps total: 128094.0
fps step: 188651.1 fps total: 127905.7
fps step: 172976.6 fps total: 120773.4
fps step: 176533.2 fps total: 122719.6
fps step: 175196.6 fps total: 118274.8
fps step: 181891.3 fps total: 122616.6
fps step: 176537.1 fps total: 120922.0
fps step: 180717.8 fps total: 122633.0
fps step: 175523.1 fps total: 118915.4
fps step: 181488.2 fps total: 122346.6
fps step: 172338.3 fps total: 118060.1
fps step: 186601.9 fps total: 125582.0
fps step: 185021.0 fps total: 124129.2
fps step: 181582.1 fps total: 123481.4
fps step: 185012.8 fps total: 124735.6
fps step: 177347.0 fps total: 120294.3
fps step: 175959.6 fps total: 119582.0
fps step: 176302.7 fps total: 118852.6
fps step: 172326.3 fps total: 118486.5
fps step: 157887.2 fps total: 109827.6
fps step: 161868.4 fps total: 113116.1
fps step: 171951.1 fps total: 118903.8
fps step: 163539.0 fps total: 115068.3
fps step: 180837.3 fps total: 124075.7
fps step: 176387.6 fps total: 122110.1
fps step: 181170.6 fps total: 122298.6
fps step: 169198.4 fps total: 114943.1
fps step: 145545.6 fps total: 104027.4
fps step: 148450.7 fps total: 105070.1
fps step: 158465.9 fps total: 109746.6
fps step: 148009.3 fps total: 106805.1
fps step: 175992.8 fps total: 122411.4
fps step: 168623.5 fps total: 116362.3
fps step: 160492.3 fps total: 113580.5
fps step: 188027.3 fps total: 128258.0
fps step: 188477.4 fps total: 128559.8
=> saving checkpoint 'runs/HumanoidAMP_08-21-55-26/nn/HumanoidAMP_08-21-55-27_6400.pth'
fps step: 177391.1 fps total: 121318.6
fps step: 163408.8 fps total: 114187.4
fps step: 179948.8 fps total: 124074.9
fps step: 186920.7 fps total: 127447.3
fps step: 190332.3 fps total: 128686.1
fps step: 159969.5 fps total: 112750.3
fps step: 168177.4 fps total: 118916.0
fps step: 189652.3 fps total: 129201.5
fps step: 188863.8 fps total: 129106.1
fps step: 189255.1 fps total: 125764.0
fps step: 188765.5 fps total: 125459.5
fps step: 186953.7 fps total: 127308.2
fps step: 189407.7 fps total: 129240.4
fps step: 189256.2 fps total: 128693.5
fps step: 154752.7 fps total: 107769.9
fps step: 157191.2 fps total: 112714.0
fps step: 174729.2 fps total: 119240.0
fps step: 165578.7 fps total: 114676.3
fps step: 158901.9 fps total: 110726.2
fps step: 139943.6 fps total: 102179.1
fps step: 176209.4 fps total: 122743.2
fps step: 169283.7 fps total: 117985.4
fps step: 190741.9 fps total: 127669.4
fps step: 189728.5 fps total: 126836.2
fps step: 188344.9 fps total: 128281.5
fps step: 189077.2 fps total: 129085.4
fps step: 179094.0 fps total: 124117.4
fps step: 191321.5 fps total: 126787.4
fps step: 172238.0 fps total: 117711.1
fps step: 163716.2 fps total: 115759.3
fps step: 180275.1 fps total: 124756.8
fps step: 182644.8 fps total: 125423.4
fps step: 189697.1 fps total: 127224.0
fps step: 190349.8 fps total: 129554.5
fps step: 188908.7 fps total: 128917.3
fps step: 188769.8 fps total: 128539.3
fps step: 188956.1 fps total: 128987.4
fps step: 190633.0 fps total: 129708.3
fps step: 184908.5 fps total: 126800.2
fps step: 186634.5 fps total: 127613.7
fps step: 187581.8 fps total: 128427.8
fps step: 185336.9 fps total: 124405.5
fps step: 176179.8 fps total: 119223.9
fps step: 180724.1 fps total: 120614.2
fps step: 167265.1 fps total: 116406.4
fps step: 180613.3 fps total: 124595.3
fps step: 189493.3 fps total: 127457.9
fps step: 178271.2 fps total: 121301.2
fps step: 190317.8 fps total: 128606.6
fps step: 164660.2 fps total: 115749.3
=> saving checkpoint 'runs/HumanoidAMP_08-21-55-26/nn/HumanoidAMP_08-21-55-27_6450.pth'
fps step: 188508.7 fps total: 128329.1
fps step: 162725.6 fps total: 112146.7
fps step: 140905.4 fps total: 101372.8
fps step: 137364.2 fps total: 100668.6
fps step: 156054.2 fps total: 111543.9
fps step: 188112.3 fps total: 127732.4
fps step: 140776.7 fps total: 101809.5
fps step: 179894.6 fps total: 124373.2
fps step: 187414.2 fps total: 128251.4
fps step: 170965.6 fps total: 119127.4
fps step: 188427.5 fps total: 127755.5
fps step: 190481.6 fps total: 129907.6
fps step: 184663.3 fps total: 126758.8
fps step: 187277.1 fps total: 128113.9
fps step: 188511.3 fps total: 127128.2
fps step: 162055.2 fps total: 114731.7
fps step: 174537.5 fps total: 122335.1
fps step: 167391.8 fps total: 117838.9
fps step: 182788.3 fps total: 125460.8
fps step: 187674.8 fps total: 128626.0
fps step: 190991.0 fps total: 130052.3
fps step: 188580.2 fps total: 128561.0
fps step: 189970.7 fps total: 126562.5
fps step: 176002.3 fps total: 119432.9
fps step: 179989.8 fps total: 120900.9
fps step: 176499.0 fps total: 119610.5
fps step: 182540.3 fps total: 124620.5
fps step: 189518.8 fps total: 127792.4
fps step: 188466.7 fps total: 127355.6
fps step: 190443.9 fps total: 125933.0
fps step: 180789.6 fps total: 123078.8
fps step: 190415.9 fps total: 129472.4
fps step: 181233.7 fps total: 121137.3
fps step: 186545.3 fps total: 127742.4
fps step: 187205.3 fps total: 127954.8
fps step: 191043.2 fps total: 130025.8
fps step: 187383.9 fps total: 128135.5
fps step: 187710.3 fps total: 127810.8
fps step: 151818.8 fps total: 109240.1
fps step: 133979.5 fps total: 99821.5
fps step: 145059.7 fps total: 103009.7
fps step: 162388.4 fps total: 112949.3
fps step: 177040.3 fps total: 122157.3
fps step: 177309.1 fps total: 120993.3
fps step: 175628.6 fps total: 121483.3
fps step: 177106.2 fps total: 121091.9
fps step: 161894.8 fps total: 114021.2
fps step: 187689.7 fps total: 128615.7
fps step: 184764.7 fps total: 127158.0
fps step: 188052.2 fps total: 128294.1
=> saving checkpoint 'runs/HumanoidAMP_08-21-55-26/nn/HumanoidAMP_08-21-55-27_6500.pth'
fps step: 187772.2 fps total: 128282.2
fps step: 186286.2 fps total: 127893.5
fps step: 184479.8 fps total: 126960.9
fps step: 189743.2 fps total: 128868.4
fps step: 157891.4 fps total: 113015.1
fps step: 147234.4 fps total: 105648.4
fps step: 186156.5 fps total: 125305.2
fps step: 150162.9 fps total: 109203.7
fps step: 154693.2 fps total: 110312.5
fps step: 159056.7 fps total: 111547.7
fps step: 171420.1 fps total: 120007.0
fps step: 172515.8 fps total: 116706.3
fps step: 181816.1 fps total: 120563.2
fps step: 180187.5 fps total: 121651.8
fps step: 184851.9 fps total: 125210.2
fps step: 185553.9 fps total: 126856.4
fps step: 167284.0 fps total: 117877.8
fps step: 154909.1 fps total: 110082.7
fps step: 160507.6 fps total: 113445.7
fps step: 158953.6 fps total: 112956.5
fps step: 184710.4 fps total: 126761.2
fps step: 179065.5 fps total: 123061.9
fps step: 171062.1 fps total: 118243.2
fps step: 173716.1 fps total: 120310.5
fps step: 187883.6 fps total: 127276.3
fps step: 188094.4 fps total: 126400.4
fps step: 191360.4 fps total: 130144.4
fps step: 183159.6 fps total: 124458.4
fps step: 151690.7 fps total: 107727.6
fps step: 189124.9 fps total: 129265.5
fps step: 191404.4 fps total: 130300.1
fps step: 163194.6 fps total: 108336.6
fps step: 154562.2 fps total: 107411.3
fps step: 146953.8 fps total: 105352.8
fps step: 151971.8 fps total: 109411.9
fps step: 189211.7 fps total: 128863.8
fps step: 184505.3 fps total: 126612.0
fps step: 187914.6 fps total: 128679.1
fps step: 168091.5 fps total: 116817.4
fps step: 167122.8 fps total: 116136.5
fps step: 184257.6 fps total: 125219.1
fps step: 187193.6 fps total: 127162.3
fps step: 181924.3 fps total: 123461.9
fps step: 178151.5 fps total: 122195.4
fps step: 185646.7 fps total: 126104.3
fps step: 189730.1 fps total: 129432.4
fps step: 188028.2 fps total: 128574.7
fps step: 181917.2 fps total: 123184.5
fps step: 178285.4 fps total: 123696.4
fps step: 189616.7 fps total: 126164.1
=> saving checkpoint 'runs/HumanoidAMP_08-21-55-26/nn/HumanoidAMP_08-21-55-27_6550.pth'
fps step: 155226.4 fps total: 110024.1
fps step: 173475.7 fps total: 121079.8
fps step: 190852.4 fps total: 129642.5
fps step: 187757.7 fps total: 126914.6
fps step: 174507.6 fps total: 121812.9
fps step: 178876.5 fps total: 121973.3
fps step: 177587.3 fps total: 123000.8
fps step: 166178.4 fps total: 115157.7
fps step: 179095.5 fps total: 121481.6
fps step: 188445.2 fps total: 128316.8
fps step: 186171.5 fps total: 123602.6
fps step: 173835.1 fps total: 120587.2
fps step: 188114.4 fps total: 127584.3
fps step: 179957.8 fps total: 124041.4
fps step: 184703.7 fps total: 126578.1
fps step: 176639.8 fps total: 122631.7
fps step: 174954.8 fps total: 119575.6
fps step: 177419.8 fps total: 117336.3
fps step: 187747.7 fps total: 128579.4
fps step: 185279.4 fps total: 125786.1
fps step: 183184.3 fps total: 126058.6
fps step: 184175.8 fps total: 126664.8
fps step: 184473.0 fps total: 126805.0
fps step: 185450.6 fps total: 126456.8
fps step: 182615.9 fps total: 124758.2
fps step: 178535.0 fps total: 123210.8
fps step: 186357.7 fps total: 122917.2
fps step: 184838.5 fps total: 125257.1
fps step: 181353.8 fps total: 123842.3
fps step: 188895.2 fps total: 126949.6
fps step: 172759.0 fps total: 118503.5
fps step: 164295.6 fps total: 114978.7
fps step: 174838.1 fps total: 121239.9
fps step: 165011.8 fps total: 115767.5
fps step: 169138.6 fps total: 117370.9
fps step: 143687.2 fps total: 104534.5
fps step: 179336.8 fps total: 124350.0
fps step: 156182.8 fps total: 111702.7
fps step: 142396.0 fps total: 104226.5
fps step: 146254.3 fps total: 107362.6
fps step: 184874.5 fps total: 126645.0
fps step: 146784.3 fps total: 105154.8
fps step: 145172.8 fps total: 103847.5
fps step: 146128.3 fps total: 105734.5
fps step: 155407.4 fps total: 111649.2
fps step: 157191.4 fps total: 111871.5
fps step: 189115.7 fps total: 129204.9
fps step: 183097.3 fps total: 125841.6
fps step: 188846.1 fps total: 128321.6
fps step: 182176.5 fps total: 125585.4
=> saving checkpoint 'runs/HumanoidAMP_08-21-55-26/nn/HumanoidAMP_08-21-55-27_6600.pth'
fps step: 168226.1 fps total: 118867.3
fps step: 189073.1 fps total: 129017.3
fps step: 174222.9 fps total: 117551.1
fps step: 174939.0 fps total: 117878.9
fps step: 177139.3 fps total: 119817.3
fps step: 183062.3 fps total: 121119.4
fps step: 167916.3 fps total: 112520.1
fps step: 161727.2 fps total: 113956.9
fps step: 180492.6 fps total: 120807.8
fps step: 179067.7 fps total: 119978.6
fps step: 183119.0 fps total: 119583.2
fps step: 178151.8 fps total: 121960.7
fps step: 177647.4 fps total: 121995.0
fps step: 167165.4 fps total: 115789.3
fps step: 187763.0 fps total: 127416.2
fps step: 186140.0 fps total: 126611.0
fps step: 188336.5 fps total: 127323.5
fps step: 188606.1 fps total: 127172.6
fps step: 189186.9 fps total: 128694.1
fps step: 164557.4 fps total: 115419.7
fps step: 167163.2 fps total: 116020.2
fps step: 186772.1 fps total: 127847.8
fps step: 182614.9 fps total: 123695.9
fps step: 180537.6 fps total: 122768.7
fps step: 183190.9 fps total: 124370.5
fps step: 186032.1 fps total: 127760.0
fps step: 169213.6 fps total: 118410.3
fps step: 184488.9 fps total: 126029.8
fps step: 172311.4 fps total: 119567.5
fps step: 188272.2 fps total: 127672.5
fps step: 186858.7 fps total: 127895.2
fps step: 187685.3 fps total: 128312.1
fps step: 168406.8 fps total: 118973.4
fps step: 176991.2 fps total: 123128.0
fps step: 157356.0 fps total: 113162.0
fps step: 184876.6 fps total: 126850.6
fps step: 181890.5 fps total: 125346.2
fps step: 172202.0 fps total: 120299.9
fps step: 168349.6 fps total: 119269.2
fps step: 171210.1 fps total: 119939.7
fps step: 178774.8 fps total: 123291.4
fps step: 180330.2 fps total: 123650.1
fps step: 172346.9 fps total: 121189.5
fps step: 176791.6 fps total: 122707.2
fps step: 176775.7 fps total: 123062.8
fps step: 186760.3 fps total: 128163.3
fps step: 189349.4 fps total: 126839.4
fps step: 183748.8 fps total: 124716.8
fps step: 167873.5 fps total: 113875.1
fps step: 171329.4 fps total: 116095.9
=> saving checkpoint 'runs/HumanoidAMP_08-21-55-26/nn/HumanoidAMP_08-21-55-27_6650.pth'
fps step: 156973.7 fps total: 111550.8
fps step: 153206.7 fps total: 109318.3
fps step: 134370.2 fps total: 99160.7
fps step: 154445.1 fps total: 110986.1
fps step: 152615.3 fps total: 108984.1
fps step: 185937.0 fps total: 126896.0
fps step: 188646.3 fps total: 125338.7
fps step: 143502.5 fps total: 103044.0
fps step: 160756.2 fps total: 112560.1
fps step: 184388.8 fps total: 125983.5
fps step: 185563.7 fps total: 124590.0
fps step: 185721.8 fps total: 126910.7
fps step: 182697.8 fps total: 123762.0
fps step: 162361.5 fps total: 113603.3
fps step: 163204.4 fps total: 114637.7
fps step: 170224.5 fps total: 117703.9
fps step: 156223.9 fps total: 109200.6
fps step: 170129.8 fps total: 112085.3
fps step: 157147.0 fps total: 110196.5
fps step: 185795.4 fps total: 126341.4
fps step: 145177.2 fps total: 104011.2
fps step: 162816.6 fps total: 114954.9
fps step: 153172.0 fps total: 109421.0
fps step: 186173.4 fps total: 127265.8
fps step: 186578.9 fps total: 127731.8
fps step: 186935.3 fps total: 127428.7
fps step: 166689.0 fps total: 115738.9
fps step: 183224.3 fps total: 126058.3
fps step: 185892.5 fps total: 126931.7
fps step: 186013.2 fps total: 127567.8
fps step: 185551.3 fps total: 125102.6
fps step: 186973.6 fps total: 128336.1
fps step: 181970.7 fps total: 125953.1
fps step: 182081.4 fps total: 125183.8
fps step: 179869.2 fps total: 123820.8
fps step: 185506.3 fps total: 126248.8
fps step: 188661.5 fps total: 129035.0
fps step: 170525.0 fps total: 118717.2
fps step: 159006.8 fps total: 111243.1
fps step: 181737.5 fps total: 125660.8
fps step: 173908.9 fps total: 122159.6
fps step: 172879.9 fps total: 120130.5
fps step: 155194.0 fps total: 110512.3
fps step: 147355.5 fps total: 105508.0
fps step: 154334.3 fps total: 111165.9
fps step: 160268.5 fps total: 112444.2
fps step: 164784.4 fps total: 115802.3
fps step: 185984.7 fps total: 127851.9
fps step: 185872.0 fps total: 127770.5
fps step: 187014.2 fps total: 127568.3
=> saving checkpoint 'runs/HumanoidAMP_08-21-55-26/nn/HumanoidAMP_08-21-55-27_6700.pth'
fps step: 151045.8 fps total: 109289.0
fps step: 185972.2 fps total: 127793.3
fps step: 188863.4 fps total: 126797.1
fps step: 187627.7 fps total: 126616.5
fps step: 144326.0 fps total: 101104.3
fps step: 148551.9 fps total: 104235.9
fps step: 178552.7 fps total: 119851.9
fps step: 173623.4 fps total: 120108.2
fps step: 184629.0 fps total: 126569.6
fps step: 177620.8 fps total: 123142.8
fps step: 187257.6 fps total: 128148.1
fps step: 188691.8 fps total: 128208.6
fps step: 185914.2 fps total: 126426.0
fps step: 166912.1 fps total: 114655.3
fps step: 169531.8 fps total: 118505.1
fps step: 180790.9 fps total: 123436.6
fps step: 172478.5 fps total: 119152.2
fps step: 177294.1 fps total: 121507.7
fps step: 183715.9 fps total: 125762.8
fps step: 174814.2 fps total: 118773.8
fps step: 173727.9 fps total: 119609.1
fps step: 186550.5 fps total: 127894.1
fps step: 186750.3 fps total: 127502.3
fps step: 186773.2 fps total: 127846.4
fps step: 177144.8 fps total: 123065.1
fps step: 184701.2 fps total: 126077.5
fps step: 187424.0 fps total: 128184.2
fps step: 182676.4 fps total: 125650.3
fps step: 182744.9 fps total: 126219.4
fps step: 187585.3 fps total: 128105.4
fps step: 183105.6 fps total: 122554.5
fps step: 161214.2 fps total: 114285.5
fps step: 171971.4 fps total: 120993.8
fps step: 172741.9 fps total: 120820.3
fps step: 178275.0 fps total: 122548.1
fps step: 172002.9 fps total: 117065.6
fps step: 181852.6 fps total: 121914.0
fps step: 158356.0 fps total: 112782.9
fps step: 185381.0 fps total: 123500.4
fps step: 156827.1 fps total: 111393.3
fps step: 146392.6 fps total: 104843.3
fps step: 146888.2 fps total: 106521.1
fps step: 185214.5 fps total: 126861.7
fps step: 181043.3 fps total: 125253.2
fps step: 185372.6 fps total: 127237.6
fps step: 188218.8 fps total: 127961.2
fps step: 168477.2 fps total: 116478.3
fps step: 186956.3 fps total: 126134.5
fps step: 136789.5 fps total: 99536.9
fps step: 183359.6 fps total: 126053.5
=> saving checkpoint 'runs/HumanoidAMP_08-21-55-26/nn/HumanoidAMP_08-21-55-27_6750.pth'
fps step: 184997.0 fps total: 125725.8
fps step: 155078.2 fps total: 109301.6
fps step: 185021.7 fps total: 123544.2
fps step: 179782.3 fps total: 124226.8
fps step: 167954.5 fps total: 116223.6
fps step: 170005.6 fps total: 119391.8
fps step: 156179.4 fps total: 110920.9
fps step: 171847.5 fps total: 119470.8
fps step: 165971.3 fps total: 116936.6
fps step: 186849.7 fps total: 127341.7
fps step: 189632.3 fps total: 126588.5
fps step: 188214.5 fps total: 128768.5
fps step: 185989.6 fps total: 127396.3
fps step: 188328.0 fps total: 128309.1
fps step: 189189.6 fps total: 129173.8
fps step: 186727.4 fps total: 127924.1
fps step: 189157.3 fps total: 128346.1
fps step: 190410.7 fps total: 129206.3
fps step: 172468.1 fps total: 118141.7
fps step: 173962.3 fps total: 120261.3
fps step: 172008.1 fps total: 117524.8
fps step: 143464.3 fps total: 104726.4
fps step: 149163.5 fps total: 108599.6
fps step: 183326.9 fps total: 126447.9
fps step: 190426.6 fps total: 129639.0
fps step: 184831.1 fps total: 125846.9
fps step: 188920.4 fps total: 128711.3
fps step: 185874.9 fps total: 127578.8
fps step: 187688.3 fps total: 125619.8
fps step: 190419.1 fps total: 128889.1
fps step: 190538.1 fps total: 129863.1
fps step: 185478.4 fps total: 127094.9
fps step: 187506.5 fps total: 127282.5
fps step: 164923.8 fps total: 115845.5
fps step: 144811.9 fps total: 102877.1
fps step: 171597.2 fps total: 119514.0
fps step: 144569.8 fps total: 105369.2
fps step: 160875.3 fps total: 114645.9
fps step: 174476.4 fps total: 121089.9
fps step: 189102.1 fps total: 125685.1
fps step: 164061.5 fps total: 114035.9
fps step: 180361.7 fps total: 121309.1
fps step: 154935.2 fps total: 110062.9
fps step: 162836.5 fps total: 116105.1
fps step: 165755.1 fps total: 112109.5
fps step: 170282.0 fps total: 116344.1
fps step: 181811.4 fps total: 124974.8
fps step: 165953.5 fps total: 115938.3
fps step: 184901.6 fps total: 125591.8
fps step: 187121.5 fps total: 128106.1
=> saving checkpoint 'runs/HumanoidAMP_08-21-55-26/nn/HumanoidAMP_08-21-55-27_6800.pth'
fps step: 188137.4 fps total: 127584.2
fps step: 188821.3 fps total: 127514.9
fps step: 189201.8 fps total: 127268.3
fps step: 188888.0 fps total: 126409.0
fps step: 188674.3 fps total: 128833.6
fps step: 186833.0 fps total: 125690.2
fps step: 179877.0 fps total: 122231.7
fps step: 147350.2 fps total: 104931.4
fps step: 163768.8 fps total: 113493.1
fps step: 151890.4 fps total: 107777.5
fps step: 148801.0 fps total: 107262.6
fps step: 171984.0 fps total: 118897.0
fps step: 183487.7 fps total: 126062.7
fps step: 153316.8 fps total: 105828.7
fps step: 161991.9 fps total: 113494.3
fps step: 184655.8 fps total: 126242.8
fps step: 185779.2 fps total: 123704.9
fps step: 154141.2 fps total: 109607.1
fps step: 135501.6 fps total: 100884.4
fps step: 153479.0 fps total: 110676.8
fps step: 163600.7 fps total: 116720.0
fps step: 158571.4 fps total: 112955.6
fps step: 152883.1 fps total: 108858.3
fps step: 162141.1 fps total: 110265.2
fps step: 143040.2 fps total: 102885.1
fps step: 137565.7 fps total: 99842.3
fps step: 148324.6 fps total: 105589.6
fps step: 148572.9 fps total: 107244.9
fps step: 188081.1 fps total: 126600.1
fps step: 175923.9 fps total: 121123.2
fps step: 159720.0 fps total: 113710.8
fps step: 146352.9 fps total: 105327.2
fps step: 144845.0 fps total: 103373.4
fps step: 167689.6 fps total: 118114.2
fps step: 161153.1 fps total: 114784.5
fps step: 169016.7 fps total: 116974.4
fps step: 165812.2 fps total: 116624.4
fps step: 184598.4 fps total: 124499.7
fps step: 188483.0 fps total: 128445.4
fps step: 185692.8 fps total: 127360.4
fps step: 184895.5 fps total: 126942.2
fps step: 174742.9 fps total: 120844.4
fps step: 163296.5 fps total: 114332.9
fps step: 190787.0 fps total: 126680.7
fps step: 188716.7 fps total: 128691.9
fps step: 168537.5 fps total: 118839.7
fps step: 174022.0 fps total: 120417.3
fps step: 188302.5 fps total: 128331.7
fps step: 169105.2 fps total: 116555.7
fps step: 160865.4 fps total: 114498.6
=> saving checkpoint 'runs/HumanoidAMP_08-21-55-26/nn/HumanoidAMP_08-21-55-27_6850.pth'
fps step: 182034.7 fps total: 123289.2
fps step: 168502.4 fps total: 116268.4
fps step: 185925.4 fps total: 124357.9
fps step: 178882.0 fps total: 123627.6
fps step: 179371.5 fps total: 123453.9
fps step: 188354.2 fps total: 127215.5
fps step: 189865.3 fps total: 129436.8
fps step: 188234.8 fps total: 127983.2
fps step: 189200.8 fps total: 129087.2
fps step: 189331.0 fps total: 128997.6
fps step: 189983.8 fps total: 129399.7
fps step: 185296.5 fps total: 126016.3
fps step: 179607.0 fps total: 121366.8
fps step: 179252.8 fps total: 120323.7
fps step: 176080.6 fps total: 120454.5
fps step: 187851.7 fps total: 128583.5
fps step: 186916.9 fps total: 126017.5
fps step: 184706.8 fps total: 124470.2
fps step: 167473.3 fps total: 116476.5
fps step: 183084.1 fps total: 123828.2
fps step: 186181.3 fps total: 125651.5
fps step: 187611.4 fps total: 128289.5
fps step: 182428.8 fps total: 125440.0
fps step: 191189.8 fps total: 129995.6
fps step: 186453.8 fps total: 127718.9
fps step: 188327.0 fps total: 128719.9
fps step: 177019.8 fps total: 122866.7
fps step: 174814.0 fps total: 119627.3
fps step: 185612.8 fps total: 127083.4
fps step: 181749.8 fps total: 124857.7
fps step: 185952.0 fps total: 126697.6
fps step: 181601.3 fps total: 125279.2
fps step: 186000.5 fps total: 127674.4
fps step: 187741.6 fps total: 127416.5
fps step: 189129.5 fps total: 128506.0
fps step: 190241.8 fps total: 129191.9
fps step: 187507.2 fps total: 127110.4
fps step: 173315.9 fps total: 121102.7
fps step: 165034.6 fps total: 117125.0
fps step: 184112.5 fps total: 122195.9
fps step: 178563.6 fps total: 122128.8
fps step: 159085.1 fps total: 111597.9
fps step: 180420.9 fps total: 122266.2
fps step: 155866.9 fps total: 111132.1
fps step: 186062.1 fps total: 127132.2
fps step: 189470.1 fps total: 127047.7
fps step: 188301.7 fps total: 127572.7
fps step: 189926.3 fps total: 128221.1
fps step: 161534.1 fps total: 114644.2
fps step: 169295.6 fps total: 116115.8
=> saving checkpoint 'runs/HumanoidAMP_08-21-55-26/nn/HumanoidAMP_08-21-55-27_6900.pth'
fps step: 174381.8 fps total: 116596.0
fps step: 167979.0 fps total: 117389.8
fps step: 173714.9 fps total: 120852.7
fps step: 178652.4 fps total: 122637.4
fps step: 172921.9 fps total: 120439.0
fps step: 179767.3 fps total: 124408.4
fps step: 165195.0 fps total: 115618.5
fps step: 160195.1 fps total: 114320.0
fps step: 159011.4 fps total: 111751.9
fps step: 168508.0 fps total: 117986.6
fps step: 170710.7 fps total: 116833.0
fps step: 185460.7 fps total: 125546.4
fps step: 184037.4 fps total: 124046.9
fps step: 158796.1 fps total: 112441.1
fps step: 171565.7 fps total: 118966.1
fps step: 171792.7 fps total: 118809.8
fps step: 169137.3 fps total: 117078.5
fps step: 182407.0 fps total: 125286.8
fps step: 176976.7 fps total: 120409.3
fps step: 175475.3 fps total: 121333.3
fps step: 169417.9 fps total: 118768.9
fps step: 147035.0 fps total: 105452.1
fps step: 139986.5 fps total: 104269.2
fps step: 163499.1 fps total: 116360.6
fps step: 187264.1 fps total: 128124.3
fps step: 186373.3 fps total: 127692.4
fps step: 188948.9 fps total: 129189.4
fps step: 186964.8 fps total: 123073.8
fps step: 172844.8 fps total: 119349.0
fps step: 153237.1 fps total: 109561.3
fps step: 144336.5 fps total: 105439.8
fps step: 180565.6 fps total: 123993.7
fps step: 179389.7 fps total: 122848.3
fps step: 183925.2 fps total: 125655.0
fps step: 186742.0 fps total: 128099.3
fps step: 154764.3 fps total: 111073.9
fps step: 158629.7 fps total: 113478.1
fps step: 187169.8 fps total: 128334.0
fps step: 181710.7 fps total: 124757.8
fps step: 184975.2 fps total: 126050.5
fps step: 185408.9 fps total: 126690.2
fps step: 188919.8 fps total: 128120.9
fps step: 169884.2 fps total: 118902.4
fps step: 156861.0 fps total: 111123.2
fps step: 186432.0 fps total: 123293.7
fps step: 186994.8 fps total: 126499.9
fps step: 188854.5 fps total: 128121.0
fps step: 189223.5 fps total: 127655.0
fps step: 173795.5 fps total: 119719.0
fps step: 165033.6 fps total: 116373.6
=> saving checkpoint 'runs/HumanoidAMP_08-21-55-26/nn/HumanoidAMP_08-21-55-27_6950.pth'
fps step: 145143.9 fps total: 104816.7
fps step: 166076.9 fps total: 115731.1
fps step: 154971.5 fps total: 110796.5
fps step: 155325.4 fps total: 111928.0
fps step: 145633.9 fps total: 104631.1
fps step: 153947.1 fps total: 111331.1
fps step: 155392.5 fps total: 110508.5
fps step: 139041.3 fps total: 103217.2
fps step: 147050.2 fps total: 106450.1
fps step: 147582.4 fps total: 106069.5
fps step: 151702.4 fps total: 106682.1
fps step: 150803.9 fps total: 108859.7
fps step: 177521.3 fps total: 122317.9
fps step: 164618.0 fps total: 115486.6
fps step: 152574.2 fps total: 109586.5
fps step: 157933.1 fps total: 113618.3
fps step: 147644.9 fps total: 108325.9
fps step: 158464.2 fps total: 113330.5
fps step: 160665.9 fps total: 113401.8
fps step: 163040.6 fps total: 113320.4
fps step: 186961.0 fps total: 125807.5
fps step: 188671.7 fps total: 128729.0
fps step: 188750.6 fps total: 128831.2
fps step: 186493.7 fps total: 127777.4
fps step: 187261.5 fps total: 127750.8
fps step: 189386.7 fps total: 128927.0
fps step: 184092.4 fps total: 125276.6
fps step: 188536.4 fps total: 128924.2
fps step: 184821.8 fps total: 127300.1
fps step: 162332.8 fps total: 112209.9
fps step: 186941.9 fps total: 125934.9
fps step: 188170.6 fps total: 125167.6
fps step: 163936.7 fps total: 114222.5
fps step: 187565.7 fps total: 127124.0
fps step: 189721.7 fps total: 129452.5
fps step: 166227.6 fps total: 114390.3
fps step: 160157.2 fps total: 115095.0
fps step: 166013.9 fps total: 117414.6
fps step: 187302.5 fps total: 127495.3
fps step: 187062.4 fps total: 127800.0
fps step: 190021.1 fps total: 128957.8
fps step: 169949.1 fps total: 116047.9
fps step: 188451.7 fps total: 125846.7
fps step: 163032.1 fps total: 116633.6
fps step: 188856.4 fps total: 128720.5
fps step: 186445.1 fps total: 127663.3
fps step: 184999.2 fps total: 126495.5
fps step: 189270.0 fps total: 129109.6
fps step: 190030.8 fps total: 129305.8
fps step: 151543.0 fps total: 106680.6
=> saving checkpoint 'runs/HumanoidAMP_08-21-55-26/nn/HumanoidAMP_08-21-55-27_7000.pth'
fps step: 146731.1 fps total: 105624.6
fps step: 155382.6 fps total: 110023.8
fps step: 153673.0 fps total: 109554.7
fps step: 146349.8 fps total: 105406.5
fps step: 149661.1 fps total: 105402.0
fps step: 132350.8 fps total: 97597.6
fps step: 170319.4 fps total: 120232.0
fps step: 189056.3 fps total: 128996.9
fps step: 189103.3 fps total: 128149.9
fps step: 191296.5 fps total: 130368.1
fps step: 188214.8 fps total: 128637.1
fps step: 179933.6 fps total: 123542.7
fps step: 177090.6 fps total: 121360.7
fps step: 187136.0 fps total: 128317.4
fps step: 187043.3 fps total: 128382.0
fps step: 181701.1 fps total: 125278.4
fps step: 187104.2 fps total: 128359.9
fps step: 184204.4 fps total: 125958.8
fps step: 189138.7 fps total: 128560.7
fps step: 188517.5 fps total: 127694.6
fps step: 189101.1 fps total: 128679.5
fps step: 189247.7 fps total: 128317.1
fps step: 189136.7 fps total: 128737.4
fps step: 186503.1 fps total: 126937.5
fps step: 189768.5 fps total: 127857.3
fps step: 186694.7 fps total: 127618.1
fps step: 188929.9 fps total: 128393.3
fps step: 189207.3 fps total: 128327.0
fps step: 187173.3 fps total: 127394.2
fps step: 165026.4 fps total: 117346.6
fps step: 177957.4 fps total: 123944.8
fps step: 166317.0 fps total: 114633.7
fps step: 190292.5 fps total: 126612.2
fps step: 187637.1 fps total: 127379.2
fps step: 186358.9 fps total: 126060.3
fps step: 178779.1 fps total: 120974.0
fps step: 180411.7 fps total: 120793.3
fps step: 175119.4 fps total: 121266.9
fps step: 177762.2 fps total: 122158.2
fps step: 188315.6 fps total: 128557.1
fps step: 170956.8 fps total: 117545.7
fps step: 168187.3 fps total: 118441.7
fps step: 175700.2 fps total: 120235.3
fps step: 171047.3 fps total: 118648.9
fps step: 174327.3 fps total: 120826.2
fps step: 158847.9 fps total: 113946.8
fps step: 178463.4 fps total: 124135.0
fps step: 175147.2 fps total: 122316.0
fps step: 186123.5 fps total: 127753.4
fps step: 187962.7 fps total: 128176.6
=> saving checkpoint 'runs/HumanoidAMP_08-21-55-26/nn/HumanoidAMP_08-21-55-27_7050.pth'
fps step: 187115.9 fps total: 128105.1
fps step: 190412.7 fps total: 129594.7
fps step: 184448.3 fps total: 126697.0
fps step: 188179.2 fps total: 128569.9
fps step: 165040.5 fps total: 116087.5
fps step: 186644.0 fps total: 126969.5
fps step: 185841.3 fps total: 125163.4
fps step: 188842.8 fps total: 128600.2
fps step: 187850.0 fps total: 126994.8
fps step: 189367.0 fps total: 127240.7
fps step: 182538.6 fps total: 124973.9
fps step: 187362.9 fps total: 124909.2
fps step: 189978.4 fps total: 127336.3
fps step: 186443.0 fps total: 127239.7
fps step: 188286.0 fps total: 126860.7
fps step: 136899.6 fps total: 98522.4
fps step: 153609.8 fps total: 109890.6
fps step: 146513.3 fps total: 105173.7
fps step: 147812.3 fps total: 106085.2
fps step: 161489.9 fps total: 115234.0
fps step: 157199.9 fps total: 111569.3
fps step: 168559.6 fps total: 117041.4
fps step: 186547.2 fps total: 126570.4
fps step: 152966.7 fps total: 110970.2
fps step: 151529.2 fps total: 109746.4
fps step: 162139.0 fps total: 113415.3
fps step: 184385.8 fps total: 126145.1
fps step: 187742.4 fps total: 126657.8
fps step: 186233.5 fps total: 125829.0
fps step: 189888.1 fps total: 125791.9
fps step: 178869.4 fps total: 122449.2
fps step: 138414.5 fps total: 102043.7
fps step: 157440.6 fps total: 111845.2
fps step: 172446.6 fps total: 120113.6
fps step: 169138.3 fps total: 116959.4
fps step: 169998.4 fps total: 119854.7
fps step: 152578.8 fps total: 106836.1
fps step: 154550.6 fps total: 108457.7
fps step: 172639.4 fps total: 117978.3
fps step: 165160.4 fps total: 115238.7
fps step: 179164.9 fps total: 120545.9
fps step: 171922.4 fps total: 120013.4
fps step: 158438.9 fps total: 110204.9
fps step: 140487.3 fps total: 102848.9
fps step: 167483.6 fps total: 115000.1
fps step: 161693.0 fps total: 113845.6
fps step: 183296.1 fps total: 125648.6
fps step: 189517.9 fps total: 124489.3
fps step: 169656.7 fps total: 118033.1
fps step: 168696.5 fps total: 118069.1
=> saving checkpoint 'runs/HumanoidAMP_08-21-55-26/nn/HumanoidAMP_08-21-55-27_7100.pth'
fps step: 181777.8 fps total: 125217.7
fps step: 184503.0 fps total: 124086.7
fps step: 149892.4 fps total: 108270.4
fps step: 189707.0 fps total: 129094.5
fps step: 188973.0 fps total: 127057.4
fps step: 189890.2 fps total: 129040.4
fps step: 188219.3 fps total: 128517.0
fps step: 148477.0 fps total: 105752.2
fps step: 179657.2 fps total: 123837.8
fps step: 178533.5 fps total: 119404.3
fps step: 176667.3 fps total: 119670.9
fps step: 163790.9 fps total: 113238.1
fps step: 182779.3 fps total: 125242.9
fps step: 174740.2 fps total: 121204.9
fps step: 180410.7 fps total: 123647.2
fps step: 189965.2 fps total: 128545.3
fps step: 171072.5 fps total: 119635.4
fps step: 178128.9 fps total: 122128.3
fps step: 170355.6 fps total: 118870.0
fps step: 175469.9 fps total: 121202.2
fps step: 176428.8 fps total: 120556.6
fps step: 154408.3 fps total: 109907.8
fps step: 129508.5 fps total: 95653.1
fps step: 167140.8 fps total: 115385.8
fps step: 177740.6 fps total: 120761.4
fps step: 187339.4 fps total: 126087.6
fps step: 167418.5 fps total: 118069.7
fps step: 155267.5 fps total: 107825.5
fps step: 160581.8 fps total: 110816.9
fps step: 171776.6 fps total: 116785.8
fps step: 182622.7 fps total: 124295.0
fps step: 172374.0 fps total: 118026.3
fps step: 150288.1 fps total: 103805.2
fps step: 179603.0 fps total: 119943.7
fps step: 165097.7 fps total: 113920.9
fps step: 151772.8 fps total: 108382.8
fps step: 156529.0 fps total: 110416.0
fps step: 155711.0 fps total: 109181.4
fps step: 169997.0 fps total: 115648.6
fps step: 153281.7 fps total: 107738.6
fps step: 167601.6 fps total: 115912.4
fps step: 167508.0 fps total: 113207.7
fps step: 172818.9 fps total: 120043.0
fps step: 177820.7 fps total: 118368.7
fps step: 143375.0 fps total: 103157.6
fps step: 144389.2 fps total: 105967.5
fps step: 189127.1 fps total: 129342.4
fps step: 186920.2 fps total: 127963.5
fps step: 185764.3 fps total: 127528.3
fps step: 187871.6 fps total: 128510.9
=> saving checkpoint 'runs/HumanoidAMP_08-21-55-26/nn/HumanoidAMP_08-21-55-27_7150.pth'
fps step: 189359.0 fps total: 129447.8
fps step: 182540.3 fps total: 125798.7
fps step: 183533.8 fps total: 120880.9
fps step: 150902.1 fps total: 107830.5
fps step: 176475.1 fps total: 120335.4
fps step: 184068.3 fps total: 123860.2
fps step: 157871.0 fps total: 112127.5
fps step: 178445.6 fps total: 121643.6
fps step: 156660.9 fps total: 109705.5
fps step: 151587.6 fps total: 108240.0
fps step: 167868.4 fps total: 114696.2
fps step: 152368.6 fps total: 107602.9
fps step: 172675.2 fps total: 119235.8
fps step: 185928.3 fps total: 127029.5
fps step: 186840.9 fps total: 126692.5
fps step: 185609.9 fps total: 126120.5
fps step: 181208.2 fps total: 124846.3
fps step: 177876.2 fps total: 123021.3
fps step: 184188.8 fps total: 125949.1
fps step: 189979.2 fps total: 129550.9
fps step: 190335.5 fps total: 129444.2
fps step: 190246.9 fps total: 129455.1
fps step: 191223.5 fps total: 130283.8
fps step: 192470.4 fps total: 130757.9
fps step: 190240.5 fps total: 129596.2
fps step: 183102.8 fps total: 125722.3
fps step: 188595.7 fps total: 128955.2
fps step: 188998.0 fps total: 129136.9
fps step: 190202.4 fps total: 129804.4
fps step: 186336.7 fps total: 127163.6
fps step: 188622.8 fps total: 128907.2
fps step: 170749.0 fps total: 119374.4
fps step: 188902.8 fps total: 128665.3
fps step: 189723.9 fps total: 128031.1
fps step: 189469.8 fps total: 128044.7
fps step: 190557.5 fps total: 129711.2
fps step: 189823.4 fps total: 129433.7
fps step: 190129.0 fps total: 129563.2
fps step: 189740.2 fps total: 129549.9
fps step: 184286.8 fps total: 125365.2
fps step: 187172.5 fps total: 127206.1
fps step: 184718.9 fps total: 126346.7
fps step: 190731.9 fps total: 129845.5
fps step: 187118.9 fps total: 127387.2
fps step: 189285.6 fps total: 126976.9
fps step: 190214.2 fps total: 129146.8
fps step: 191137.1 fps total: 129587.3
fps step: 190040.8 fps total: 128008.3
fps step: 189035.0 fps total: 129152.6
fps step: 189979.2 fps total: 129343.7
=> saving checkpoint 'runs/HumanoidAMP_08-21-55-26/nn/HumanoidAMP_08-21-55-27_7200.pth'
fps step: 189959.8 fps total: 128339.6
fps step: 185596.3 fps total: 127086.8
fps step: 189091.3 fps total: 128925.5
fps step: 186530.9 fps total: 127376.3
fps step: 183711.3 fps total: 126627.5
fps step: 181373.6 fps total: 122607.9
fps step: 187327.6 fps total: 127898.9
fps step: 183878.8 fps total: 126196.7
fps step: 189760.9 fps total: 129430.9
fps step: 186521.2 fps total: 127237.4
fps step: 185390.7 fps total: 126670.3
fps step: 190532.7 fps total: 129728.5
fps step: 190102.5 fps total: 129677.1
fps step: 186112.1 fps total: 127722.3
fps step: 190741.2 fps total: 129415.1
fps step: 191474.9 fps total: 129981.6
fps step: 191586.2 fps total: 128900.3
fps step: 191865.3 fps total: 130519.0
fps step: 191644.2 fps total: 130355.0
fps step: 190621.1 fps total: 129525.4
fps step: 189874.9 fps total: 129572.1
fps step: 191160.6 fps total: 130107.0
fps step: 186053.2 fps total: 127619.3
fps step: 147695.9 fps total: 104016.6
fps step: 189603.9 fps total: 129211.9
fps step: 179923.1 fps total: 119508.8
fps step: 188199.5 fps total: 128768.6
fps step: 189583.7 fps total: 128624.7
fps step: 172574.3 fps total: 120563.1
fps step: 187143.9 fps total: 128150.8
fps step: 190856.6 fps total: 129899.2
fps step: 187844.6 fps total: 128008.9
fps step: 191933.3 fps total: 128826.9
fps step: 190437.8 fps total: 129849.1
fps step: 190737.8 fps total: 129941.2
fps step: 185270.1 fps total: 123358.4
fps step: 153731.5 fps total: 110520.3
fps step: 191228.9 fps total: 130259.4
fps step: 188814.3 fps total: 129126.4
fps step: 185282.4 fps total: 127244.3
fps step: 181970.5 fps total: 125685.2
fps step: 188877.7 fps total: 129036.7
fps step: 190235.6 fps total: 129729.0
fps step: 189824.8 fps total: 128936.7
fps step: 185403.1 fps total: 127469.3
fps step: 189565.6 fps total: 129399.4
fps step: 191894.1 fps total: 130353.3
fps step: 188936.0 fps total: 128935.3
fps step: 190624.5 fps total: 128867.9
fps step: 190148.4 fps total: 129658.7
=> saving checkpoint 'runs/HumanoidAMP_08-21-55-26/nn/HumanoidAMP_08-21-55-27_7250.pth'
fps step: 190286.6 fps total: 129223.8
fps step: 156987.4 fps total: 112362.3
fps step: 157102.2 fps total: 112618.5
fps step: 187275.2 fps total: 128429.6
fps step: 189600.7 fps total: 129451.2
fps step: 188114.7 fps total: 127978.2
fps step: 188600.1 fps total: 129111.5
fps step: 188455.2 fps total: 128990.6
fps step: 189915.7 fps total: 129537.2
fps step: 190829.3 fps total: 129882.5
fps step: 189931.3 fps total: 129571.4
fps step: 189454.0 fps total: 129134.9
fps step: 178837.3 fps total: 123210.9
fps step: 190078.9 fps total: 129026.4
fps step: 185913.9 fps total: 125158.1
fps step: 182244.2 fps total: 122324.2
fps step: 183528.6 fps total: 124748.4
fps step: 189914.9 fps total: 129164.9
fps step: 180586.1 fps total: 123751.9
fps step: 186303.5 fps total: 125340.9
fps step: 173759.0 fps total: 119862.7
fps step: 165175.8 fps total: 114259.8
fps step: 187454.7 fps total: 128189.9
fps step: 188352.8 fps total: 128583.3
fps step: 187461.2 fps total: 128353.5
fps step: 191001.0 fps total: 129908.1
fps step: 188385.8 fps total: 128413.8
fps step: 187646.5 fps total: 126728.3
fps step: 192198.0 fps total: 128890.7
fps step: 146993.5 fps total: 107391.1
fps step: 188410.0 fps total: 127728.0
fps step: 187624.5 fps total: 128178.3
fps step: 187124.5 fps total: 126460.8
fps step: 179811.0 fps total: 121703.4
fps step: 169474.4 fps total: 118599.6
fps step: 168278.6 fps total: 116509.4
fps step: 186168.5 fps total: 127300.1
fps step: 188662.3 fps total: 127749.5
fps step: 186349.9 fps total: 126421.1
fps step: 188586.3 fps total: 127960.4
fps step: 187162.6 fps total: 127748.6
fps step: 185816.1 fps total: 127083.8
fps step: 189143.0 fps total: 129208.7
fps step: 186478.9 fps total: 126653.1
fps step: 170329.3 fps total: 120140.3
fps step: 172255.4 fps total: 121021.4
fps step: 159719.1 fps total: 113660.3
fps step: 156029.3 fps total: 111594.7
fps step: 189731.7 fps total: 129548.5
fps step: 190506.2 fps total: 129571.0
=> saving checkpoint 'runs/HumanoidAMP_08-21-55-26/nn/HumanoidAMP_08-21-55-27_7300.pth'
fps step: 184876.0 fps total: 127142.4
fps step: 188928.0 fps total: 128960.7
fps step: 179705.7 fps total: 124169.5
fps step: 175941.0 fps total: 121561.0
fps step: 187141.1 fps total: 126869.0
fps step: 145693.3 fps total: 107193.4
fps step: 142354.7 fps total: 104885.4
fps step: 190220.7 fps total: 128489.7
fps step: 189284.4 fps total: 128214.4
fps step: 181005.8 fps total: 124248.9
fps step: 180480.7 fps total: 121794.5
fps step: 167161.1 fps total: 114646.1
fps step: 162229.3 fps total: 111144.1
fps step: 167725.7 fps total: 112216.2
fps step: 182227.0 fps total: 124943.9
fps step: 187810.6 fps total: 127955.1
fps step: 165898.5 fps total: 114334.3
fps step: 147040.3 fps total: 104256.6
fps step: 163650.7 fps total: 115488.8
fps step: 181595.5 fps total: 123145.7
fps step: 177879.3 fps total: 122825.6
fps step: 183544.8 fps total: 123220.1
fps step: 178957.6 fps total: 118891.8
fps step: 182064.6 fps total: 123243.2
fps step: 184177.6 fps total: 123476.5
fps step: 181734.3 fps total: 124467.7
fps step: 180465.9 fps total: 121878.6
fps step: 178315.9 fps total: 123811.1
fps step: 169953.4 fps total: 116600.4
fps step: 190797.3 fps total: 129200.6
fps step: 187400.4 fps total: 127762.6
fps step: 170990.5 fps total: 116141.5
fps step: 176877.2 fps total: 122474.0
fps step: 182586.6 fps total: 125759.9
fps step: 176186.8 fps total: 120715.9
fps step: 184136.8 fps total: 124946.5
fps step: 184022.9 fps total: 123193.8
fps step: 182784.4 fps total: 123424.7
fps step: 189839.6 fps total: 126322.5
fps step: 187354.5 fps total: 125088.1
fps step: 186681.8 fps total: 126419.5
fps step: 185814.3 fps total: 126686.5
fps step: 189105.6 fps total: 127288.6
fps step: 188980.7 fps total: 125440.6
fps step: 185515.7 fps total: 123343.2
fps step: 184554.5 fps total: 124794.2
fps step: 177141.7 fps total: 122820.3
fps step: 188292.8 fps total: 125166.4
fps step: 183584.3 fps total: 123729.6
fps step: 187343.3 fps total: 121292.0
=> saving checkpoint 'runs/HumanoidAMP_08-21-55-26/nn/HumanoidAMP_08-21-55-27_7350.pth'
fps step: 181086.9 fps total: 121488.6
fps step: 183231.5 fps total: 123465.1
fps step: 189840.2 fps total: 127947.4
fps step: 181772.2 fps total: 124487.2
fps step: 183692.3 fps total: 120993.9
fps step: 179884.9 fps total: 122515.7
fps step: 171398.7 fps total: 116477.6
fps step: 189720.7 fps total: 126661.0
fps step: 182258.0 fps total: 125215.5
fps step: 187486.5 fps total: 125812.5
fps step: 184225.8 fps total: 124203.2
fps step: 179925.4 fps total: 121407.2
fps step: 182622.5 fps total: 125602.2
fps step: 182019.5 fps total: 122720.6
fps step: 170941.0 fps total: 118010.8
fps step: 183465.2 fps total: 122713.9
fps step: 182485.9 fps total: 122905.1
fps step: 186464.2 fps total: 123534.1
fps step: 189764.3 fps total: 125879.8
fps step: 182950.3 fps total: 125326.6
fps step: 182684.3 fps total: 125158.2
fps step: 171411.6 fps total: 117430.9
fps step: 184766.3 fps total: 126316.8
fps step: 183500.3 fps total: 123071.0
fps step: 163649.4 fps total: 114977.3
fps step: 172570.8 fps total: 120541.3
fps step: 169550.0 fps total: 117914.9
fps step: 189798.5 fps total: 125995.4
fps step: 187582.3 fps total: 126212.1
fps step: 185481.9 fps total: 124650.4
fps step: 188009.1 fps total: 128714.6
fps step: 190081.7 fps total: 127867.7
fps step: 191345.7 fps total: 129980.8
fps step: 189765.8 fps total: 128960.6
fps step: 187441.1 fps total: 128006.8
fps step: 184245.3 fps total: 126436.3
fps step: 190181.9 fps total: 129562.8
fps step: 189434.4 fps total: 128606.3
fps step: 186084.1 fps total: 127242.4
fps step: 166926.7 fps total: 116071.3
fps step: 154946.0 fps total: 111716.6
fps step: 187507.4 fps total: 125501.7
fps step: 191574.0 fps total: 126342.3
fps step: 186869.9 fps total: 127919.6
fps step: 190931.9 fps total: 130119.2
fps step: 190679.8 fps total: 129689.4
fps step: 176690.5 fps total: 123414.9
fps step: 192075.0 fps total: 130553.9
fps step: 191722.1 fps total: 130545.8
fps step: 192145.2 fps total: 130369.0
=> saving checkpoint 'runs/HumanoidAMP_08-21-55-26/nn/HumanoidAMP_08-21-55-27_7400.pth'
fps step: 191274.5 fps total: 130148.4
fps step: 190930.0 fps total: 129907.5
fps step: 191146.8 fps total: 130157.8
fps step: 191067.1 fps total: 129979.5
fps step: 189766.4 fps total: 129486.6
fps step: 192118.9 fps total: 130707.5
fps step: 178595.0 fps total: 120736.8
fps step: 177342.2 fps total: 119501.3
fps step: 185897.8 fps total: 123220.1
fps step: 163491.4 fps total: 116516.8
fps step: 189279.6 fps total: 129138.9
fps step: 191339.9 fps total: 130084.7
fps step: 173922.5 fps total: 120335.5
fps step: 169283.5 fps total: 119779.4
fps step: 176558.7 fps total: 122426.1
fps step: 174313.4 fps total: 121686.4
fps step: 184707.1 fps total: 125869.5
fps step: 189037.5 fps total: 128465.6
fps step: 184474.0 fps total: 124112.0
fps step: 183866.8 fps total: 126745.9
fps step: 183205.3 fps total: 124944.5
fps step: 179917.9 fps total: 121704.7
fps step: 186440.3 fps total: 123395.5
fps step: 185200.5 fps total: 125787.3
fps step: 159975.8 fps total: 109637.1
fps step: 171129.4 fps total: 114216.8
fps step: 181316.3 fps total: 121256.1
fps step: 185503.8 fps total: 121661.1
fps step: 181965.2 fps total: 120339.8
fps step: 159583.4 fps total: 110850.9
fps step: 186108.3 fps total: 125737.2
fps step: 166973.5 fps total: 117267.9
fps step: 191030.8 fps total: 128964.7
fps step: 165051.7 fps total: 113948.4
fps step: 185612.9 fps total: 121890.8
fps step: 174800.9 fps total: 120953.5
fps step: 177301.9 fps total: 123319.9
fps step: 189786.5 fps total: 129588.8
fps step: 186295.1 fps total: 127559.1
fps step: 187889.6 fps total: 128571.5
fps step: 187700.6 fps total: 126969.7
fps step: 189711.5 fps total: 127799.1
fps step: 188205.2 fps total: 128596.1
fps step: 180188.6 fps total: 124653.7
fps step: 190028.3 fps total: 128932.4
fps step: 186495.1 fps total: 127662.7
fps step: 189530.3 fps total: 129431.5
fps step: 189642.4 fps total: 129343.7
fps step: 188711.9 fps total: 128401.7
fps step: 189775.9 fps total: 129583.0
=> saving checkpoint 'runs/HumanoidAMP_08-21-55-26/nn/HumanoidAMP_08-21-55-27_7450.pth'
fps step: 188992.9 fps total: 128823.8
fps step: 188946.9 fps total: 128739.8
fps step: 188400.4 fps total: 128869.2
fps step: 190023.5 fps total: 129773.7
fps step: 190065.9 fps total: 129770.7
fps step: 190875.0 fps total: 129971.6
fps step: 191295.5 fps total: 129020.7
fps step: 187812.1 fps total: 128175.3
fps step: 189026.8 fps total: 129219.1
fps step: 187582.6 fps total: 128238.6
fps step: 191109.6 fps total: 130092.4
fps step: 182977.7 fps total: 126341.1
fps step: 188517.2 fps total: 127319.8
fps step: 185735.2 fps total: 127353.6
fps step: 189474.3 fps total: 129110.2
fps step: 191690.5 fps total: 126933.5
fps step: 188481.7 fps total: 127776.0
fps step: 189491.6 fps total: 129253.0
fps step: 171866.5 fps total: 120622.5
fps step: 191413.3 fps total: 127649.0
fps step: 183675.9 fps total: 123287.4
fps step: 173162.8 fps total: 120844.8
fps step: 186471.2 fps total: 126504.2
fps step: 182817.6 fps total: 126059.9
fps step: 163639.0 fps total: 113425.2
fps step: 157344.7 fps total: 108662.4
fps step: 175985.4 fps total: 120708.7
fps step: 163309.8 fps total: 116484.4
fps step: 190354.0 fps total: 129939.7
fps step: 187593.0 fps total: 127267.1
fps step: 175111.9 fps total: 122231.7
fps step: 167944.0 fps total: 118799.7
fps step: 182677.4 fps total: 124771.9
fps step: 178109.9 fps total: 122509.6
fps step: 190098.3 fps total: 129555.4
fps step: 185642.1 fps total: 127251.2
fps step: 189942.3 fps total: 128288.3
fps step: 183869.9 fps total: 123354.1
fps step: 152942.3 fps total: 107979.8
fps step: 161294.3 fps total: 114426.8
fps step: 159331.1 fps total: 112258.8
fps step: 162530.5 fps total: 113978.7
fps step: 182618.7 fps total: 122735.2
fps step: 172812.6 fps total: 117167.6
fps step: 154507.5 fps total: 108387.0
fps step: 171539.2 fps total: 113990.2
fps step: 182557.2 fps total: 122387.9
fps step: 173087.3 fps total: 119196.8
fps step: 188441.4 fps total: 126786.9
fps step: 186147.8 fps total: 127263.7
=> saving checkpoint 'runs/HumanoidAMP_08-21-55-26/nn/HumanoidAMP_08-21-55-27_7500.pth'
fps step: 188772.0 fps total: 128625.9
fps step: 188052.2 fps total: 128745.3
fps step: 190198.1 fps total: 129511.7
fps step: 186689.5 fps total: 124449.0
fps step: 187922.1 fps total: 127067.5
fps step: 189933.9 fps total: 128909.6
fps step: 189992.6 fps total: 127060.0
fps step: 183952.2 fps total: 121358.7
fps step: 165303.5 fps total: 116259.9
fps step: 192135.9 fps total: 130516.5
fps step: 188441.1 fps total: 128589.1
fps step: 156566.7 fps total: 112751.9
fps step: 190118.1 fps total: 128011.5
fps step: 189319.6 fps total: 128727.3
fps step: 180290.8 fps total: 123037.6
fps step: 187676.0 fps total: 127936.0
fps step: 188055.8 fps total: 128544.9
fps step: 186021.4 fps total: 127507.5
fps step: 181980.0 fps total: 125291.7
fps step: 185721.5 fps total: 125934.7
fps step: 186598.8 fps total: 126952.2
fps step: 188467.3 fps total: 128724.7
fps step: 190139.3 fps total: 129662.3
fps step: 190277.2 fps total: 129602.0
fps step: 178389.9 fps total: 123562.2
fps step: 186070.0 fps total: 127253.2
fps step: 164516.9 fps total: 112661.9
fps step: 149605.2 fps total: 108423.5
fps step: 189265.9 fps total: 128513.7
fps step: 179363.5 fps total: 122802.8
fps step: 160174.4 fps total: 109654.0
fps step: 173005.2 fps total: 118119.5
fps step: 174443.3 fps total: 118330.1
fps step: 171930.6 fps total: 118713.0
fps step: 172563.3 fps total: 115108.0
fps step: 179936.7 fps total: 123052.8
fps step: 188404.6 fps total: 127269.0
fps step: 189850.5 fps total: 129203.4
fps step: 185128.4 fps total: 126530.4
fps step: 176670.0 fps total: 122477.7
fps step: 187279.8 fps total: 125319.2
fps step: 182984.8 fps total: 125451.7
fps step: 189700.0 fps total: 125748.8
fps step: 187414.4 fps total: 124970.2
fps step: 186178.4 fps total: 125708.1
fps step: 190426.6 fps total: 128927.8
fps step: 187422.3 fps total: 127085.5
fps step: 185995.0 fps total: 126540.5
fps step: 186131.1 fps total: 127724.8
fps step: 182597.1 fps total: 125083.1
=> saving checkpoint 'runs/HumanoidAMP_08-21-55-26/nn/HumanoidAMP_08-21-55-27_7550.pth'
fps step: 180597.4 fps total: 124951.7
fps step: 185883.9 fps total: 125947.8
fps step: 179694.8 fps total: 123347.9
fps step: 176374.3 fps total: 120831.4
fps step: 175731.3 fps total: 122302.3
fps step: 171583.6 fps total: 120590.3
fps step: 176307.6 fps total: 122419.7
fps step: 168761.8 fps total: 117623.9
fps step: 167572.5 fps total: 117323.9
fps step: 159619.9 fps total: 114069.2
fps step: 178151.6 fps total: 123345.6
fps step: 186372.7 fps total: 127581.2
fps step: 181935.0 fps total: 124519.9
fps step: 173354.8 fps total: 120697.9
fps step: 178360.5 fps total: 122863.4
fps step: 187339.3 fps total: 128368.4
fps step: 184689.2 fps total: 125970.8
fps step: 186915.2 fps total: 126774.7
fps step: 165856.8 fps total: 115487.7
fps step: 183670.5 fps total: 125249.4
fps step: 187768.8 fps total: 126330.2
fps step: 177934.8 fps total: 123034.5
fps step: 175422.5 fps total: 117930.5
fps step: 179165.8 fps total: 123958.1
fps step: 177240.3 fps total: 123325.3
fps step: 162097.0 fps total: 115616.3
fps step: 165664.3 fps total: 116747.4
fps step: 146594.6 fps total: 106554.9
fps step: 154087.8 fps total: 110923.9
fps step: 188855.8 fps total: 128644.0
fps step: 186563.6 fps total: 127964.6
fps step: 187810.3 fps total: 128281.6
fps step: 185310.9 fps total: 127428.9
fps step: 169741.3 fps total: 115653.3
fps step: 161723.4 fps total: 113271.0
fps step: 169225.0 fps total: 118513.1
fps step: 162254.4 fps total: 115520.4
fps step: 178808.8 fps total: 123380.8
fps step: 187201.4 fps total: 128251.1
fps step: 184321.5 fps total: 126586.2
fps step: 183680.3 fps total: 122727.0
fps step: 149646.8 fps total: 108014.3
fps step: 174187.7 fps total: 120275.3
fps step: 175776.3 fps total: 122901.0
fps step: 158632.5 fps total: 113360.8
fps step: 189755.9 fps total: 129371.5
fps step: 183884.7 fps total: 126287.6
fps step: 182214.2 fps total: 125639.7
fps step: 173358.3 fps total: 119105.2
fps step: 178220.5 fps total: 122752.0
=> saving checkpoint 'runs/HumanoidAMP_08-21-55-26/nn/HumanoidAMP_08-21-55-27_7600.pth'
fps step: 189246.5 fps total: 127656.3
fps step: 187349.6 fps total: 127569.7
fps step: 188502.2 fps total: 128581.3
fps step: 175061.2 fps total: 120652.5
fps step: 171351.3 fps total: 118498.4
fps step: 183930.6 fps total: 126198.6
fps step: 187422.2 fps total: 125019.6
fps step: 187747.7 fps total: 127204.4
fps step: 190351.7 fps total: 129714.8
fps step: 186971.7 fps total: 126786.2
fps step: 190026.1 fps total: 129504.6
fps step: 185715.1 fps total: 127270.4
fps step: 188911.2 fps total: 128920.3
fps step: 185273.1 fps total: 126131.7
fps step: 186671.4 fps total: 125896.9
fps step: 188175.6 fps total: 127534.4
fps step: 186611.1 fps total: 126083.8
fps step: 172392.5 fps total: 118969.2
fps step: 168723.2 fps total: 119073.7
fps step: 188983.7 fps total: 129027.9
fps step: 178970.0 fps total: 123608.6
fps step: 176646.4 fps total: 122738.0
fps step: 175123.2 fps total: 120125.4
fps step: 172140.7 fps total: 120508.7
fps step: 190884.8 fps total: 128560.7
fps step: 190217.3 fps total: 129027.2
fps step: 161534.4 fps total: 113983.1
fps step: 157530.4 fps total: 111412.9
fps step: 169912.7 fps total: 119529.5
fps step: 190590.8 fps total: 129909.5
fps step: 185580.0 fps total: 127658.0
fps step: 186452.8 fps total: 126878.2
fps step: 187333.7 fps total: 127165.1
fps step: 187541.0 fps total: 128430.6
fps step: 189125.4 fps total: 128590.2
fps step: 172065.9 fps total: 119900.4
fps step: 182616.7 fps total: 124791.2
fps step: 179838.2 fps total: 123760.8
fps step: 190325.6 fps total: 127948.0
fps step: 172088.0 fps total: 120855.6
fps step: 172988.6 fps total: 119544.2
fps step: 184909.6 fps total: 127231.1
fps step: 184398.7 fps total: 126761.2
fps step: 184836.4 fps total: 126263.9
fps step: 152665.9 fps total: 109981.5
fps step: 186744.3 fps total: 127454.3
fps step: 166209.3 fps total: 117113.1
fps step: 186712.6 fps total: 126899.6
fps step: 183751.5 fps total: 124270.6
fps step: 160292.3 fps total: 113231.1
=> saving checkpoint 'runs/HumanoidAMP_08-21-55-26/nn/HumanoidAMP_08-21-55-27_7650.pth'
fps step: 159280.6 fps total: 110373.4
fps step: 160584.8 fps total: 112084.0
fps step: 147842.6 fps total: 106414.3
fps step: 155862.8 fps total: 111282.7
fps step: 169699.1 fps total: 116918.7
fps step: 144040.2 fps total: 103667.9
fps step: 189129.3 fps total: 128145.8
fps step: 189829.4 fps total: 127946.1
fps step: 164428.1 fps total: 114310.2
fps step: 174577.1 fps total: 119607.5
fps step: 187988.0 fps total: 125532.5
fps step: 188487.4 fps total: 128675.7
fps step: 188017.4 fps total: 128318.0
fps step: 157664.4 fps total: 112110.9
fps step: 145345.1 fps total: 104956.3
fps step: 157071.8 fps total: 112060.9
fps step: 171080.2 fps total: 118630.9
fps step: 181809.2 fps total: 123880.4
fps step: 166083.0 fps total: 117223.5
fps step: 179221.7 fps total: 123029.9
fps step: 190125.6 fps total: 129715.7
fps step: 189562.6 fps total: 128845.8
fps step: 187312.4 fps total: 125593.4
fps step: 186540.4 fps total: 127665.3
fps step: 159254.8 fps total: 114116.4
fps step: 179194.6 fps total: 123835.4
fps step: 159350.6 fps total: 111555.2
fps step: 140883.3 fps total: 102626.4
fps step: 148103.1 fps total: 108200.9
fps step: 161216.5 fps total: 115615.1
fps step: 186885.9 fps total: 126487.8
fps step: 188148.8 fps total: 128863.4
fps step: 190422.9 fps total: 129411.8
fps step: 184085.8 fps total: 123672.7
fps step: 190448.9 fps total: 129579.3
fps step: 189774.5 fps total: 129438.5
fps step: 189085.7 fps total: 128710.5
fps step: 189763.7 fps total: 129157.6
fps step: 187909.1 fps total: 127983.3
fps step: 184860.8 fps total: 126866.7
fps step: 180327.6 fps total: 122554.0
fps step: 154729.4 fps total: 109918.5
fps step: 153669.2 fps total: 110638.0
fps step: 155196.4 fps total: 112182.2
fps step: 188250.0 fps total: 128533.4
fps step: 185636.0 fps total: 127285.9
fps step: 139789.9 fps total: 101519.9
fps step: 140932.5 fps total: 103998.9
fps step: 178384.5 fps total: 122082.5
fps step: 178382.0 fps total: 122663.4
=> saving checkpoint 'runs/HumanoidAMP_08-21-55-26/nn/HumanoidAMP_08-21-55-27_7700.pth'
fps step: 177765.4 fps total: 122806.7
fps step: 185711.3 fps total: 126398.8
fps step: 176143.2 fps total: 123005.0
fps step: 175801.5 fps total: 121626.4
fps step: 163877.1 fps total: 114070.4
fps step: 180754.4 fps total: 124058.6
fps step: 187527.4 fps total: 127878.6
fps step: 189510.1 fps total: 128534.5
fps step: 161562.3 fps total: 114306.9
fps step: 157179.3 fps total: 111642.5
fps step: 189725.1 fps total: 129403.3
fps step: 186467.8 fps total: 126277.9
fps step: 186597.3 fps total: 124784.2
fps step: 190057.9 fps total: 127384.6
fps step: 152650.1 fps total: 109804.4
fps step: 162299.4 fps total: 112206.4
fps step: 141545.5 fps total: 104130.6
fps step: 162579.0 fps total: 112995.8
fps step: 172949.0 fps total: 119387.3
fps step: 189864.7 fps total: 127664.7
fps step: 163738.0 fps total: 116634.5
fps step: 168613.8 fps total: 118859.3
fps step: 189382.8 fps total: 129037.5
fps step: 190747.2 fps total: 129362.0
fps step: 188325.2 fps total: 128517.2
fps step: 190287.1 fps total: 129513.3
fps step: 188581.1 fps total: 127750.2
fps step: 190067.5 fps total: 126189.0
fps step: 138371.0 fps total: 101497.9
fps step: 189033.7 fps total: 129002.9
fps step: 186537.6 fps total: 127585.2
fps step: 184564.7 fps total: 126283.2
fps step: 190191.4 fps total: 129736.4
fps step: 191186.0 fps total: 130211.3
fps step: 181246.1 fps total: 124413.4
fps step: 178013.8 fps total: 123247.9
fps step: 181399.5 fps total: 125231.6
fps step: 189048.7 fps total: 128653.4
fps step: 189652.8 fps total: 129509.4
fps step: 182867.2 fps total: 125658.1
fps step: 188236.6 fps total: 128845.5
fps step: 179426.0 fps total: 122457.7
fps step: 174132.7 fps total: 119941.3
fps step: 155331.3 fps total: 109232.1
fps step: 143988.0 fps total: 103422.4
fps step: 157155.2 fps total: 111669.3
fps step: 158820.8 fps total: 113068.1
fps step: 151095.6 fps total: 109349.0
fps step: 156162.4 fps total: 112314.6
fps step: 187735.9 fps total: 128345.4
=> saving checkpoint 'runs/HumanoidAMP_08-21-55-26/nn/HumanoidAMP_08-21-55-27_7750.pth'
fps step: 188280.8 fps total: 128929.5
fps step: 186445.5 fps total: 127478.7
fps step: 185961.1 fps total: 126807.3
fps step: 191000.6 fps total: 129785.0
fps step: 189552.3 fps total: 129173.2
fps step: 185454.1 fps total: 126298.7
fps step: 182674.0 fps total: 124906.7
fps step: 177545.0 fps total: 123348.5
fps step: 176955.7 fps total: 122107.2
fps step: 183040.0 fps total: 125682.1
fps step: 163181.0 fps total: 113382.6
fps step: 170845.4 fps total: 116972.5
fps step: 177959.9 fps total: 123830.1
fps step: 186485.1 fps total: 125746.1
fps step: 168197.0 fps total: 118094.5
fps step: 156551.5 fps total: 113250.5
fps step: 188063.2 fps total: 128135.6
fps step: 175079.7 fps total: 120697.4
fps step: 180633.4 fps total: 124646.5
fps step: 184429.7 fps total: 127186.9
fps step: 180721.0 fps total: 123433.3
fps step: 162909.2 fps total: 115882.1
fps step: 188421.3 fps total: 128964.3
fps step: 183681.1 fps total: 126749.6
fps step: 180109.6 fps total: 124718.8
fps step: 169101.6 fps total: 118856.6
fps step: 158145.9 fps total: 110882.8
fps step: 160572.6 fps total: 114184.1
fps step: 187032.9 fps total: 126276.0
fps step: 189076.6 fps total: 128451.3
fps step: 180897.6 fps total: 122572.9
fps step: 185269.5 fps total: 126552.1
fps step: 188985.5 fps total: 128778.4
fps step: 189001.0 fps total: 128854.4
fps step: 188993.6 fps total: 128632.5
fps step: 190011.9 fps total: 128863.1
fps step: 188141.7 fps total: 125267.7
fps step: 184523.8 fps total: 123230.9
fps step: 187160.3 fps total: 125403.5
fps step: 183643.6 fps total: 126155.9
fps step: 180289.2 fps total: 124619.8
fps step: 182692.8 fps total: 125314.4
fps step: 178103.3 fps total: 122600.1
fps step: 171932.0 fps total: 117764.6
fps step: 164590.4 fps total: 116074.5
fps step: 181609.9 fps total: 123566.5
fps step: 189396.9 fps total: 129428.4
fps step: 188300.8 fps total: 128767.3
fps step: 175856.5 fps total: 122286.3
fps step: 171312.8 fps total: 119831.0
=> saving checkpoint 'runs/HumanoidAMP_08-21-55-26/nn/HumanoidAMP_08-21-55-27_7800.pth'
fps step: 187474.1 fps total: 128549.1
fps step: 183023.5 fps total: 126427.5
fps step: 168980.8 fps total: 118862.9
fps step: 188407.3 fps total: 128852.5
fps step: 170862.3 fps total: 119836.6
fps step: 177687.1 fps total: 123164.0
fps step: 184427.6 fps total: 125558.5
fps step: 177170.8 fps total: 122768.6
fps step: 141965.3 fps total: 103724.3
fps step: 150013.9 fps total: 108574.4
fps step: 186932.0 fps total: 125705.0
fps step: 181698.9 fps total: 125106.5
fps step: 182662.7 fps total: 122956.1
fps step: 187746.7 fps total: 125826.5
fps step: 162220.4 fps total: 114850.4
fps step: 184812.6 fps total: 124072.6
fps step: 178257.8 fps total: 120098.9
fps step: 176315.1 fps total: 120331.6
fps step: 179466.3 fps total: 122978.4
fps step: 165070.8 fps total: 114970.8
fps step: 166901.1 fps total: 118533.3
fps step: 179807.1 fps total: 124865.3
fps step: 177331.5 fps total: 120757.6
fps step: 183361.3 fps total: 125168.3
fps step: 188308.8 fps total: 127438.9
fps step: 167087.5 fps total: 117810.0
fps step: 163342.6 fps total: 115421.9
fps step: 139072.6 fps total: 102822.6
fps step: 153642.6 fps total: 110502.5
fps step: 152182.0 fps total: 110394.0
fps step: 164665.8 fps total: 115642.8
fps step: 181166.4 fps total: 121323.4
fps step: 173549.8 fps total: 119667.1
fps step: 181562.8 fps total: 124832.0
fps step: 183377.5 fps total: 122472.6
fps step: 185091.3 fps total: 124710.6
fps step: 184151.5 fps total: 125419.2
fps step: 182165.7 fps total: 124617.3
fps step: 170507.2 fps total: 118329.7
fps step: 184939.6 fps total: 126952.7
fps step: 187730.6 fps total: 127430.6
fps step: 188928.0 fps total: 129027.6
fps step: 179989.3 fps total: 123159.7
fps step: 187749.5 fps total: 128432.0
fps step: 188677.2 fps total: 128944.8
fps step: 186249.6 fps total: 126170.0
fps step: 136066.5 fps total: 100090.7
fps step: 154489.4 fps total: 110284.4
fps step: 160456.1 fps total: 113792.0
fps step: 171466.8 fps total: 119299.9
=> saving checkpoint 'runs/HumanoidAMP_08-21-55-26/nn/HumanoidAMP_08-21-55-27_7850.pth'
fps step: 186379.1 fps total: 127730.8
fps step: 188377.0 fps total: 125075.6
fps step: 190313.3 fps total: 127447.9
fps step: 187765.8 fps total: 125720.0
fps step: 187417.0 fps total: 126551.9
fps step: 189703.1 fps total: 127202.3
fps step: 184877.9 fps total: 124910.6
fps step: 189616.3 fps total: 129139.9
fps step: 177314.0 fps total: 122357.1
fps step: 168286.8 fps total: 116342.9
fps step: 178646.9 fps total: 122403.1
fps step: 166152.7 fps total: 116760.4
fps step: 174311.7 fps total: 120693.6
fps step: 171044.2 fps total: 120299.4
fps step: 188994.6 fps total: 129163.9
fps step: 182314.7 fps total: 125091.9
fps step: 165086.6 fps total: 115691.5
fps step: 188321.8 fps total: 127668.1
fps step: 175046.9 fps total: 121268.1
fps step: 175749.5 fps total: 122642.3
fps step: 187019.8 fps total: 127270.5
fps step: 189797.9 fps total: 128968.6
fps step: 190101.9 fps total: 128459.6
fps step: 188644.5 fps total: 128702.0
fps step: 176515.5 fps total: 120607.7
fps step: 147774.8 fps total: 107133.8
fps step: 157047.2 fps total: 111756.0
fps step: 144763.3 fps total: 105154.6
fps step: 186153.6 fps total: 127863.4
fps step: 188592.0 fps total: 128764.7
fps step: 177450.0 fps total: 123642.8
fps step: 188472.5 fps total: 128307.1
fps step: 172326.2 fps total: 118527.6
fps step: 143737.9 fps total: 105924.4
fps step: 176699.0 fps total: 122888.5
fps step: 163177.5 fps total: 116312.4
fps step: 158717.3 fps total: 113488.3
fps step: 176980.9 fps total: 122770.0
fps step: 188171.9 fps total: 127477.0
fps step: 188076.2 fps total: 128719.7
fps step: 173075.8 fps total: 121081.8
fps step: 176649.3 fps total: 121004.8
fps step: 151635.9 fps total: 109310.1
fps step: 188640.9 fps total: 128701.5
fps step: 188499.6 fps total: 127333.2
fps step: 189120.0 fps total: 126897.6
fps step: 185586.4 fps total: 127166.0
fps step: 189499.4 fps total: 128561.3
fps step: 176424.3 fps total: 121495.8
fps step: 187721.3 fps total: 128051.1
=> saving checkpoint 'runs/HumanoidAMP_08-21-55-26/nn/HumanoidAMP_08-21-55-27_7900.pth'
fps step: 185176.2 fps total: 125358.5
fps step: 180911.7 fps total: 124366.8
fps step: 187983.1 fps total: 128135.7
fps step: 183858.1 fps total: 125563.8
fps step: 187074.5 fps total: 126713.8
fps step: 145903.8 fps total: 106344.5
fps step: 155126.4 fps total: 112137.5
fps step: 147996.8 fps total: 106319.7
fps step: 189858.9 fps total: 126572.0
fps step: 158892.8 fps total: 112436.9
fps step: 166574.1 fps total: 115436.2
fps step: 188610.4 fps total: 128605.7
fps step: 186970.7 fps total: 128130.9
fps step: 187380.8 fps total: 128425.5
fps step: 189787.5 fps total: 129448.1
fps step: 189051.3 fps total: 125857.0
fps step: 188596.8 fps total: 126274.3
fps step: 191186.4 fps total: 128409.9
fps step: 155771.7 fps total: 111966.9
fps step: 140587.5 fps total: 102066.5
fps step: 186831.6 fps total: 124505.6
fps step: 187222.7 fps total: 127809.2
fps step: 187351.9 fps total: 127895.8
fps step: 190019.9 fps total: 128927.8
fps step: 187379.7 fps total: 127357.1
fps step: 188863.4 fps total: 128854.8
fps step: 174609.5 fps total: 118966.6
fps step: 140249.6 fps total: 101696.8
fps step: 142515.5 fps total: 101219.2
fps step: 146098.7 fps total: 106825.7
fps step: 145614.9 fps total: 105970.8
fps step: 186769.6 fps total: 127483.6
fps step: 187415.4 fps total: 128206.4
fps step: 190509.1 fps total: 129415.5
fps step: 186580.8 fps total: 125304.3
fps step: 136755.7 fps total: 100161.4
fps step: 159324.6 fps total: 110377.8
fps step: 190161.1 fps total: 129390.9
fps step: 182889.3 fps total: 124872.5
fps step: 186997.5 fps total: 127489.3
fps step: 180963.6 fps total: 124942.8
fps step: 190009.6 fps total: 128675.2
fps step: 188907.8 fps total: 127425.3
fps step: 184496.4 fps total: 125583.8
fps step: 184552.5 fps total: 125664.6
fps step: 176446.7 fps total: 122349.1
fps step: 185517.6 fps total: 127250.6
fps step: 180400.2 fps total: 123273.8
fps step: 188834.8 fps total: 128186.6
fps step: 177701.4 fps total: 123153.1
=> saving checkpoint 'runs/HumanoidAMP_08-21-55-26/nn/HumanoidAMP_08-21-55-27_7950.pth'
fps step: 162375.2 fps total: 110827.2
fps step: 135407.0 fps total: 100772.5
fps step: 168088.8 fps total: 116488.4
fps step: 144177.3 fps total: 106268.7
fps step: 151121.7 fps total: 110032.6
fps step: 156280.1 fps total: 112602.8
fps step: 189946.7 fps total: 129515.1
fps step: 190419.1 fps total: 129787.7
fps step: 190904.4 fps total: 130039.1
fps step: 190367.8 fps total: 129387.1
fps step: 177844.5 fps total: 123742.7
fps step: 190451.9 fps total: 129417.7
fps step: 189538.7 fps total: 126711.5
fps step: 165179.1 fps total: 112882.0
fps step: 160394.4 fps total: 111670.3
fps step: 161039.4 fps total: 112261.6
fps step: 159464.0 fps total: 113074.6
fps step: 153100.2 fps total: 107937.6
fps step: 157252.0 fps total: 108215.7
fps step: 158260.8 fps total: 110071.9
fps step: 149906.6 fps total: 106623.8
fps step: 174062.5 fps total: 118422.7
fps step: 178314.4 fps total: 123383.7
fps step: 191550.7 fps total: 130222.1
fps step: 185318.0 fps total: 127562.8
fps step: 189797.8 fps total: 128956.3
fps step: 190085.5 fps total: 129645.6
fps step: 188535.3 fps total: 128646.0
fps step: 183177.7 fps total: 125839.1
fps step: 188468.8 fps total: 122923.0
fps step: 184917.1 fps total: 124719.3
fps step: 188194.0 fps total: 127367.1
fps step: 190932.4 fps total: 129797.6
fps step: 187293.4 fps total: 124659.1
fps step: 188923.3 fps total: 127757.7
fps step: 185409.7 fps total: 124777.3
fps step: 185928.3 fps total: 126852.7
fps step: 183919.3 fps total: 122874.0
fps step: 188226.4 fps total: 128665.9
fps step: 187315.3 fps total: 127853.1
fps step: 164898.1 fps total: 116768.9
fps step: 166292.1 fps total: 117427.4
fps step: 163984.5 fps total: 114230.6
fps step: 188774.6 fps total: 128376.5
fps step: 188083.2 fps total: 128683.9
fps step: 156044.4 fps total: 111237.4
fps step: 164104.3 fps total: 116749.1
fps step: 145340.6 fps total: 106108.2
fps step: 166983.4 fps total: 116798.7
fps step: 178302.4 fps total: 123265.6
=> saving checkpoint 'runs/HumanoidAMP_08-21-55-26/nn/HumanoidAMP_08-21-55-27_8000.pth'
fps step: 168557.7 fps total: 117511.4
fps step: 190472.1 fps total: 129009.2
fps step: 173474.8 fps total: 121507.9
fps step: 157973.8 fps total: 112738.4
fps step: 182184.2 fps total: 123685.1
fps step: 178223.8 fps total: 123658.3
fps step: 189568.2 fps total: 128663.7
fps step: 184439.7 fps total: 126704.7
fps step: 178113.5 fps total: 123804.9
fps step: 158311.2 fps total: 113596.7
fps step: 182622.0 fps total: 126207.1
fps step: 176640.5 fps total: 122519.0
fps step: 184293.8 fps total: 126813.4
fps step: 172247.7 fps total: 118741.3
fps step: 172773.9 fps total: 119393.5
fps step: 169987.1 fps total: 119140.0
fps step: 160966.8 fps total: 113262.5
fps step: 188627.7 fps total: 128126.3
fps step: 157683.1 fps total: 109320.8
fps step: 156081.2 fps total: 111242.3
fps step: 178386.9 fps total: 122549.6
fps step: 175804.1 fps total: 121922.0
fps step: 179475.7 fps total: 124165.0
fps step: 187862.8 fps total: 128008.0
fps step: 185829.8 fps total: 127696.2
fps step: 185962.5 fps total: 127803.1
fps step: 190082.2 fps total: 129754.6
fps step: 188905.0 fps total: 128749.6
fps step: 184094.0 fps total: 126862.6
fps step: 191159.7 fps total: 130259.7
fps step: 190800.0 fps total: 129820.6
fps step: 190936.8 fps total: 129962.1
fps step: 190041.2 fps total: 127899.1
fps step: 191594.2 fps total: 130535.0
fps step: 190383.3 fps total: 129669.6
fps step: 185045.8 fps total: 126598.4
fps step: 173893.6 fps total: 119959.8
fps step: 162329.0 fps total: 114858.3
fps step: 187367.4 fps total: 128161.7
fps step: 187482.3 fps total: 128057.2
fps step: 188110.5 fps total: 127556.2
fps step: 181030.7 fps total: 124304.2
fps step: 184416.1 fps total: 127094.3
fps step: 181501.4 fps total: 125245.1
fps step: 185473.3 fps total: 127310.3
fps step: 188443.9 fps total: 128521.1
fps step: 183453.6 fps total: 126664.8
fps step: 173199.7 fps total: 121607.4
fps step: 189466.2 fps total: 127647.3
fps step: 187171.2 fps total: 128066.5
=> saving checkpoint 'runs/HumanoidAMP_08-21-55-26/nn/HumanoidAMP_08-21-55-27_8050.pth'
fps step: 182000.9 fps total: 124672.8
fps step: 188805.6 fps total: 126169.6
fps step: 190297.5 fps total: 129873.9
fps step: 191439.3 fps total: 130292.5
fps step: 187843.6 fps total: 128282.7
fps step: 188776.2 fps total: 128943.6
fps step: 190503.1 fps total: 129799.9
fps step: 190754.0 fps total: 129779.0
fps step: 192109.9 fps total: 130687.5
fps step: 176963.6 fps total: 121131.7
fps step: 154002.1 fps total: 111453.3
fps step: 166610.8 fps total: 113777.5
fps step: 144995.0 fps total: 103027.7
fps step: 140308.1 fps total: 102695.7
fps step: 165553.5 fps total: 113137.1
fps step: 155948.6 fps total: 108859.4
fps step: 138638.9 fps total: 102113.4
fps step: 170798.9 fps total: 118534.0
fps step: 170708.4 fps total: 119374.8
fps step: 156834.1 fps total: 110540.3
fps step: 150465.7 fps total: 107537.8
fps step: 170759.8 fps total: 115407.0
fps step: 179201.2 fps total: 122780.3
fps step: 158668.4 fps total: 112494.8
fps step: 161074.4 fps total: 114083.2
fps step: 143735.3 fps total: 104555.7
fps step: 187477.9 fps total: 128151.7
fps step: 189792.6 fps total: 129063.8
fps step: 189188.5 fps total: 128861.9
fps step: 188237.5 fps total: 127024.6
fps step: 189823.9 fps total: 126731.9
fps step: 189508.8 fps total: 129074.4
fps step: 190060.9 fps total: 127926.4
fps step: 189556.6 fps total: 129044.5
fps step: 186401.8 fps total: 124302.5
fps step: 155584.7 fps total: 109681.7
fps step: 168063.8 fps total: 115208.7
fps step: 172420.7 fps total: 119139.8
fps step: 166036.9 fps total: 115265.4
fps step: 182517.9 fps total: 125582.8
fps step: 189166.7 fps total: 129112.3
fps step: 190325.8 fps total: 129621.4
fps step: 186119.4 fps total: 126133.7
fps step: 170108.7 fps total: 115063.8
fps step: 174838.1 fps total: 120712.8
fps step: 160162.3 fps total: 114149.7
fps step: 171502.0 fps total: 119682.6
fps step: 170372.6 fps total: 119233.8
fps step: 169074.0 fps total: 119105.1
fps step: 189734.7 fps total: 129037.1
=> saving checkpoint 'runs/HumanoidAMP_08-21-55-26/nn/HumanoidAMP_08-21-55-27_8100.pth'
fps step: 186978.8 fps total: 126375.6
fps step: 175449.9 fps total: 121097.2
fps step: 185364.7 fps total: 127135.1
fps step: 164757.5 fps total: 115382.3
fps step: 140948.9 fps total: 102165.0
fps step: 186165.4 fps total: 124357.5
fps step: 168127.7 fps total: 118482.5
fps step: 185125.8 fps total: 126299.8
fps step: 185190.6 fps total: 124643.0
fps step: 190231.7 fps total: 129523.1
fps step: 189391.2 fps total: 129090.7
fps step: 187555.2 fps total: 128326.0
fps step: 190599.4 fps total: 128337.2
fps step: 189528.8 fps total: 129491.4
fps step: 188771.9 fps total: 128800.0
fps step: 188422.8 fps total: 128544.7
fps step: 189431.4 fps total: 129144.5
fps step: 189522.2 fps total: 128384.7
fps step: 152983.4 fps total: 108658.2
fps step: 149535.2 fps total: 106293.6
fps step: 169773.3 fps total: 116303.9
fps step: 146425.4 fps total: 103746.0
fps step: 160081.2 fps total: 113379.5
fps step: 159217.2 fps total: 111869.6
fps step: 144058.2 fps total: 105343.5
fps step: 156843.1 fps total: 112450.6
fps step: 190194.3 fps total: 129314.3
fps step: 189434.3 fps total: 128685.3
fps step: 187432.3 fps total: 126525.7
fps step: 187310.8 fps total: 127402.1
fps step: 188394.6 fps total: 125212.0
fps step: 189684.8 fps total: 125758.7
fps step: 185513.0 fps total: 126440.0
fps step: 167129.4 fps total: 112098.7
fps step: 161663.0 fps total: 113060.0
fps step: 181876.5 fps total: 119083.5
fps step: 151135.7 fps total: 105085.4
fps step: 168212.1 fps total: 115237.7
fps step: 187530.6 fps total: 125346.3
fps step: 166626.3 fps total: 117575.4
fps step: 187994.3 fps total: 128100.3
fps step: 189779.6 fps total: 128222.2
fps step: 186038.3 fps total: 127224.1
fps step: 177612.2 fps total: 121437.2
fps step: 173294.0 fps total: 116875.3
fps step: 142343.0 fps total: 103407.3
fps step: 153354.5 fps total: 109515.7
fps step: 144608.7 fps total: 104092.3
fps step: 188628.6 fps total: 128890.5
fps step: 188374.1 fps total: 128898.1
=> saving checkpoint 'runs/HumanoidAMP_08-21-55-26/nn/HumanoidAMP_08-21-55-27_8150.pth'
fps step: 188362.7 fps total: 126004.8
fps step: 165034.8 fps total: 113886.3
fps step: 187217.8 fps total: 128120.4
fps step: 183479.2 fps total: 126058.5
fps step: 187712.2 fps total: 128510.3
fps step: 189188.7 fps total: 129171.8
fps step: 187817.0 fps total: 127901.2
fps step: 187122.0 fps total: 128366.8
fps step: 170991.3 fps total: 118881.9
fps step: 159729.9 fps total: 110510.5
fps step: 153325.3 fps total: 107085.3
fps step: 186873.8 fps total: 127017.1
fps step: 186412.1 fps total: 126616.1
fps step: 188842.3 fps total: 128657.4
fps step: 190200.5 fps total: 129516.6
fps step: 188569.1 fps total: 128572.5
fps step: 186732.4 fps total: 126757.1
fps step: 186910.1 fps total: 125539.6
fps step: 189946.0 fps total: 128826.0
fps step: 186291.8 fps total: 126584.2
fps step: 188237.7 fps total: 128123.9
fps step: 188338.6 fps total: 128126.3
fps step: 189417.7 fps total: 127707.2
fps step: 189000.3 fps total: 129068.4
fps step: 184034.6 fps total: 126481.3
fps step: 187574.9 fps total: 128385.6
fps step: 190725.3 fps total: 128385.7
fps step: 187980.7 fps total: 128628.1
fps step: 187641.0 fps total: 128046.8
fps step: 186988.8 fps total: 128081.0
fps step: 191327.9 fps total: 130257.1
fps step: 189261.1 fps total: 129287.5
fps step: 188686.0 fps total: 128800.0
fps step: 185877.0 fps total: 127606.5
fps step: 189909.3 fps total: 129486.4
fps step: 181940.4 fps total: 123675.7
fps step: 183566.3 fps total: 125178.9
fps step: 177267.7 fps total: 121966.9
fps step: 172611.2 fps total: 119590.4
fps step: 169643.2 fps total: 117927.2
fps step: 154924.2 fps total: 108333.1
fps step: 144931.9 fps total: 103829.4
fps step: 170251.5 fps total: 116542.8
fps step: 176767.7 fps total: 117776.3
fps step: 177484.9 fps total: 121742.9
fps step: 184371.7 fps total: 124826.7
fps step: 170155.5 fps total: 117082.4
fps step: 181429.3 fps total: 122825.1
fps step: 178247.3 fps total: 121398.1
fps step: 184637.7 fps total: 124638.1
=> saving checkpoint 'runs/HumanoidAMP_08-21-55-26/nn/HumanoidAMP_08-21-55-27_8200.pth'
fps step: 182751.6 fps total: 121107.0
fps step: 178677.3 fps total: 124228.1
fps step: 173983.4 fps total: 120097.6
fps step: 141938.4 fps total: 104544.8
fps step: 187460.4 fps total: 127258.3
fps step: 164798.8 fps total: 117504.4
fps step: 142278.7 fps total: 104175.9
fps step: 149612.0 fps total: 108579.4
fps step: 174844.0 fps total: 120949.3
fps step: 190218.6 fps total: 126048.1
fps step: 188821.4 fps total: 128069.9
fps step: 190064.0 fps total: 129535.3
fps step: 189057.3 fps total: 129101.8
fps step: 158388.3 fps total: 112870.0
fps step: 188911.2 fps total: 125630.4
fps step: 189853.0 fps total: 126752.1
fps step: 157878.5 fps total: 111804.8
fps step: 156852.2 fps total: 112386.2
fps step: 142613.2 fps total: 103843.7
fps step: 155789.3 fps total: 111604.3
fps step: 184648.9 fps total: 125169.6
fps step: 147175.0 fps total: 105408.4
fps step: 160998.0 fps total: 114235.1
fps step: 180082.4 fps total: 123590.1
fps step: 151331.7 fps total: 108135.2
fps step: 165805.7 fps total: 115732.6
fps step: 180633.7 fps total: 122900.1
fps step: 187460.9 fps total: 128238.4
fps step: 186882.1 fps total: 127880.0
fps step: 188355.5 fps total: 128723.4
fps step: 181085.0 fps total: 124297.8
fps step: 181606.5 fps total: 124042.3
fps step: 164022.0 fps total: 113827.7
fps step: 151357.2 fps total: 106172.8
fps step: 171351.6 fps total: 120493.2
fps step: 186288.7 fps total: 124801.3
fps step: 186398.5 fps total: 124371.2
fps step: 187565.7 fps total: 126442.4
fps step: 162337.6 fps total: 113960.0
fps step: 167342.1 fps total: 118566.2
fps step: 190272.2 fps total: 128626.6
fps step: 169542.9 fps total: 118916.4
fps step: 146884.1 fps total: 106242.0
fps step: 161191.7 fps total: 112229.0
fps step: 164173.5 fps total: 114508.8
fps step: 173460.3 fps total: 119758.0
fps step: 155044.1 fps total: 109630.3
fps step: 172513.3 fps total: 119600.6
fps step: 173046.9 fps total: 120102.3
fps step: 154165.1 fps total: 111681.9
=> saving checkpoint 'runs/HumanoidAMP_08-21-55-26/nn/HumanoidAMP_08-21-55-27_8250.pth'
fps step: 156265.7 fps total: 111479.2
fps step: 183122.2 fps total: 125604.4
fps step: 189301.0 fps total: 128693.7
fps step: 188750.0 fps total: 128172.0
fps step: 189345.3 fps total: 128995.1
fps step: 155100.0 fps total: 111331.6
fps step: 153317.7 fps total: 109866.5
fps step: 187052.3 fps total: 128114.3
fps step: 189437.6 fps total: 129372.1
fps step: 190772.4 fps total: 129782.6
fps step: 188314.8 fps total: 128168.0
fps step: 189039.3 fps total: 128601.8
fps step: 179072.6 fps total: 122840.6
fps step: 188793.3 fps total: 128650.3
fps step: 184051.1 fps total: 126305.4
fps step: 187600.1 fps total: 128534.5
fps step: 189979.4 fps total: 129435.6
fps step: 190133.1 fps total: 129339.3
fps step: 186665.7 fps total: 127991.8
fps step: 189354.6 fps total: 129283.0
fps step: 186137.7 fps total: 127431.5
fps step: 186957.1 fps total: 128049.1
fps step: 184768.6 fps total: 126022.0
fps step: 190010.7 fps total: 129628.4
fps step: 188382.3 fps total: 128772.8
fps step: 189758.1 fps total: 129271.1
fps step: 188730.7 fps total: 129014.8
fps step: 187294.2 fps total: 127772.9
fps step: 185524.6 fps total: 127202.3
fps step: 188800.1 fps total: 125968.5
fps step: 181716.9 fps total: 122628.2
fps step: 185662.6 fps total: 126521.0
fps step: 188650.1 fps total: 128262.8
fps step: 148552.4 fps total: 107660.8
fps step: 153737.9 fps total: 110023.6
fps step: 167431.7 fps total: 116944.1
fps step: 159736.7 fps total: 111521.1
fps step: 177447.6 fps total: 122677.2
fps step: 181334.4 fps total: 123985.7
fps step: 179202.1 fps total: 122161.8
fps step: 174469.6 fps total: 119638.0
fps step: 184209.0 fps total: 125799.1
fps step: 183585.0 fps total: 125896.9
fps step: 186327.3 fps total: 125964.3
fps step: 186342.9 fps total: 127059.5
fps step: 187173.6 fps total: 127067.7
fps step: 164019.7 fps total: 115454.0
fps step: 190430.1 fps total: 128109.8
fps step: 172379.5 fps total: 119361.8
fps step: 181164.1 fps total: 124711.7
=> saving checkpoint 'runs/HumanoidAMP_08-21-55-26/nn/HumanoidAMP_08-21-55-27_8300.pth'
fps step: 157935.3 fps total: 110623.0
fps step: 186235.6 fps total: 126435.9
fps step: 181697.8 fps total: 125725.3
fps step: 189283.7 fps total: 129048.2
fps step: 188549.2 fps total: 128039.6
fps step: 191414.0 fps total: 127801.1
fps step: 188141.5 fps total: 128924.1
fps step: 191098.6 fps total: 129861.4
fps step: 189231.7 fps total: 129335.5
fps step: 186622.8 fps total: 128077.7
fps step: 190228.8 fps total: 129563.6
fps step: 188524.5 fps total: 128219.5
fps step: 150045.8 fps total: 109371.2
fps step: 187151.8 fps total: 127839.3
fps step: 189169.1 fps total: 129336.7
fps step: 188052.8 fps total: 128517.6
fps step: 175462.2 fps total: 122721.7
fps step: 186059.2 fps total: 127277.9
fps step: 182908.1 fps total: 125083.3
fps step: 174266.3 fps total: 120973.7
fps step: 168075.5 fps total: 117137.0
fps step: 178666.8 fps total: 123004.7
fps step: 183048.8 fps total: 123831.0
fps step: 185210.4 fps total: 127306.9
fps step: 177351.6 fps total: 120224.6
fps step: 186790.6 fps total: 127929.9
fps step: 186621.1 fps total: 126074.9
fps step: 190112.5 fps total: 128297.0
fps step: 189744.2 fps total: 126037.1
fps step: 190760.0 fps total: 128987.6
fps step: 187350.4 fps total: 127104.1
fps step: 184848.5 fps total: 126067.4
fps step: 183754.6 fps total: 124184.5
fps step: 180158.5 fps total: 123872.6
fps step: 157560.6 fps total: 110744.9
fps step: 170813.6 fps total: 118946.6
fps step: 155752.0 fps total: 110848.9
fps step: 188860.5 fps total: 127510.7
fps step: 168958.8 fps total: 115846.5
fps step: 186899.3 fps total: 125302.2
fps step: 186216.9 fps total: 126278.2
fps step: 186955.4 fps total: 127448.9
fps step: 187622.7 fps total: 127619.1
fps step: 154589.8 fps total: 110533.7
fps step: 187324.6 fps total: 127902.1
fps step: 185779.0 fps total: 127085.0
fps step: 180664.0 fps total: 124719.4
fps step: 190220.5 fps total: 129101.9
fps step: 183948.2 fps total: 126386.1
fps step: 187093.8 fps total: 127631.0
=> saving checkpoint 'runs/HumanoidAMP_08-21-55-26/nn/HumanoidAMP_08-21-55-27_8350.pth'
fps step: 181326.9 fps total: 125502.4
fps step: 185865.2 fps total: 127247.8
fps step: 187742.7 fps total: 127387.8
fps step: 162876.6 fps total: 114882.1
fps step: 159818.6 fps total: 112853.5
fps step: 143462.1 fps total: 104114.6
fps step: 184603.0 fps total: 126304.5
fps step: 187049.2 fps total: 128106.8
fps step: 176146.0 fps total: 123018.9
fps step: 183122.7 fps total: 125271.2
fps step: 171859.6 fps total: 118745.2
fps step: 179826.5 fps total: 122456.6
fps step: 188554.2 fps total: 125340.6
fps step: 187327.6 fps total: 127170.6
fps step: 158880.1 fps total: 111668.1
fps step: 161504.0 fps total: 114228.8
fps step: 163209.7 fps total: 116439.6
fps step: 168999.0 fps total: 115983.8
fps step: 187160.3 fps total: 124050.0
fps step: 169312.8 fps total: 117190.2
fps step: 172384.8 fps total: 118114.6
fps step: 181527.2 fps total: 124745.8
fps step: 190121.0 fps total: 129086.6
fps step: 188311.1 fps total: 126162.3
fps step: 188486.2 fps total: 128469.1
fps step: 137549.0 fps total: 102080.6
fps step: 153056.8 fps total: 110933.2
fps step: 147814.9 fps total: 107999.6
fps step: 187308.3 fps total: 126596.5
fps step: 188318.3 fps total: 128448.9
fps step: 184738.7 fps total: 127075.1
fps step: 182260.6 fps total: 121690.1
fps step: 150475.2 fps total: 108142.8
fps step: 143877.7 fps total: 104586.1
fps step: 150983.7 fps total: 108394.7
fps step: 152910.9 fps total: 110307.8
fps step: 152729.1 fps total: 110883.4
fps step: 176917.0 fps total: 121889.5
fps step: 182505.7 fps total: 124869.0
fps step: 185417.1 fps total: 126107.2
fps step: 157217.9 fps total: 110013.2
fps step: 153397.1 fps total: 110561.5
fps step: 185455.3 fps total: 124329.7
fps step: 190345.9 fps total: 128162.2
fps step: 135652.5 fps total: 97833.6
fps step: 183593.1 fps total: 123980.3
fps step: 188813.0 fps total: 125517.5
fps step: 152852.4 fps total: 109996.7
fps step: 170751.3 fps total: 119691.7
fps step: 174812.9 fps total: 120106.1
=> saving checkpoint 'runs/HumanoidAMP_08-21-55-26/nn/HumanoidAMP_08-21-55-27_8400.pth'
fps step: 166058.9 fps total: 116083.2
fps step: 180179.0 fps total: 122344.2
fps step: 143291.5 fps total: 104473.9
fps step: 189744.2 fps total: 128995.1
fps step: 159769.9 fps total: 113198.9
fps step: 171172.2 fps total: 114580.4
fps step: 166334.3 fps total: 116220.9
fps step: 162195.8 fps total: 114914.2
fps step: 172982.9 fps total: 120883.5
fps step: 140412.8 fps total: 103166.2
fps step: 139546.6 fps total: 101961.8
fps step: 176129.3 fps total: 122213.3
fps step: 182138.1 fps total: 124720.9
fps step: 173467.2 fps total: 121598.1
fps step: 174463.2 fps total: 122081.0
fps step: 153642.0 fps total: 109913.7
fps step: 166464.6 fps total: 117341.1
fps step: 185668.3 fps total: 127651.7
fps step: 160815.1 fps total: 115134.3
fps step: 168682.8 fps total: 118868.2
fps step: 162551.4 fps total: 114240.3
fps step: 153017.3 fps total: 110203.7
fps step: 173338.5 fps total: 121204.3
fps step: 187392.2 fps total: 126894.5
fps step: 169461.6 fps total: 119297.9
fps step: 187367.8 fps total: 127851.1
fps step: 187228.8 fps total: 127344.4
fps step: 188834.8 fps total: 127803.0
fps step: 187211.8 fps total: 127248.5
fps step: 186676.3 fps total: 127234.4
fps step: 186432.7 fps total: 125262.6
fps step: 189281.0 fps total: 126198.7
fps step: 144143.8 fps total: 103993.5
fps step: 161814.3 fps total: 112866.7
fps step: 151976.9 fps total: 104718.2
fps step: 165678.5 fps total: 115300.9
fps step: 141470.1 fps total: 103951.3
fps step: 148572.7 fps total: 107739.1
fps step: 166634.5 fps total: 115581.8
fps step: 180517.8 fps total: 121477.9
fps step: 172972.1 fps total: 120615.7
fps step: 189258.0 fps total: 128095.7
fps step: 168376.0 fps total: 116872.9
fps step: 187815.0 fps total: 125747.2
fps step: 186865.2 fps total: 127358.3
fps step: 186223.8 fps total: 123606.9
fps step: 188479.3 fps total: 125533.3
fps step: 188783.0 fps total: 126724.6
fps step: 190379.2 fps total: 128763.0
fps step: 189370.2 fps total: 127012.2
=> saving checkpoint 'runs/HumanoidAMP_08-21-55-26/nn/HumanoidAMP_08-21-55-27_8450.pth'
fps step: 184559.4 fps total: 125953.2
fps step: 166459.9 fps total: 116107.9
fps step: 147569.0 fps total: 106741.2
fps step: 163373.3 fps total: 112511.5
fps step: 172877.4 fps total: 120713.0
fps step: 179406.3 fps total: 123319.8
fps step: 183999.6 fps total: 125621.0
fps step: 171618.4 fps total: 119513.2
fps step: 151552.4 fps total: 109176.7
fps step: 178983.9 fps total: 122383.4
fps step: 188628.2 fps total: 128899.8
fps step: 184265.5 fps total: 126519.4
fps step: 185952.1 fps total: 127328.8
fps step: 187101.0 fps total: 127695.2
fps step: 188708.1 fps total: 127896.8
fps step: 188719.3 fps total: 128559.7
fps step: 183180.4 fps total: 126324.6
fps step: 180434.2 fps total: 122114.7
fps step: 184337.2 fps total: 126891.3
fps step: 186382.7 fps total: 127861.5
fps step: 162792.1 fps total: 115241.1
fps step: 177831.7 fps total: 122520.2
fps step: 175438.3 fps total: 120626.0
fps step: 146377.6 fps total: 106600.4
fps step: 169645.4 fps total: 117742.2
fps step: 188325.0 fps total: 128477.5
fps step: 186873.9 fps total: 128017.8
fps step: 188891.6 fps total: 129027.2
fps step: 174562.3 fps total: 120996.8
fps step: 188434.8 fps total: 128245.3
fps step: 158895.3 fps total: 109024.6
fps step: 159851.3 fps total: 113569.1
fps step: 179024.9 fps total: 124067.9
fps step: 187163.4 fps total: 127109.9
fps step: 173166.5 fps total: 120858.6
fps step: 186327.0 fps total: 127477.2
fps step: 170793.9 fps total: 117326.8
fps step: 181033.2 fps total: 124583.4
fps step: 179797.5 fps total: 124221.5
fps step: 179301.3 fps total: 123015.5
fps step: 153918.7 fps total: 109567.4
fps step: 190066.6 fps total: 129329.9
fps step: 175387.9 fps total: 121667.9
fps step: 181166.8 fps total: 123096.5
fps step: 150795.3 fps total: 108243.6
fps step: 140745.7 fps total: 103379.0
fps step: 149316.3 fps total: 106435.2
fps step: 132539.6 fps total: 99715.6
fps step: 161280.7 fps total: 113442.0
fps step: 164814.0 fps total: 114747.2
=> saving checkpoint 'runs/HumanoidAMP_08-21-55-26/nn/HumanoidAMP_08-21-55-27_8500.pth'
fps step: 165577.4 fps total: 115786.1
fps step: 186664.4 fps total: 127474.5
fps step: 182768.2 fps total: 125817.9
fps step: 187381.8 fps total: 127525.7
fps step: 151644.5 fps total: 108727.5
fps step: 154897.4 fps total: 111112.1
fps step: 150435.1 fps total: 109129.2
fps step: 161744.6 fps total: 115611.4
fps step: 176906.8 fps total: 122431.8
fps step: 185741.7 fps total: 126952.9
fps step: 190080.0 fps total: 129089.3
fps step: 187257.1 fps total: 124476.9
fps step: 188832.4 fps total: 127902.4
fps step: 176671.5 fps total: 121209.2
fps step: 150545.9 fps total: 108862.2
fps step: 180032.6 fps total: 123671.4
fps step: 156105.9 fps total: 112518.6
fps step: 186155.6 fps total: 124162.1
fps step: 181222.6 fps total: 122291.8
fps step: 168736.6 fps total: 113646.0
fps step: 173932.1 fps total: 120156.9
fps step: 186502.8 fps total: 127836.9
fps step: 186897.9 fps total: 127926.5
fps step: 189262.4 fps total: 128856.1
fps step: 186969.4 fps total: 128103.3
fps step: 190543.7 fps total: 129534.5
fps step: 182929.9 fps total: 125918.1
fps step: 189950.7 fps total: 129171.5
fps step: 165613.3 fps total: 115541.4
fps step: 145597.6 fps total: 104758.4
fps step: 181018.3 fps total: 124048.0
fps step: 143064.3 fps total: 104045.7
fps step: 142387.3 fps total: 101208.2
fps step: 146910.5 fps total: 105078.0
fps step: 184389.5 fps total: 126394.3
fps step: 189005.5 fps total: 128522.8
fps step: 189788.2 fps total: 128205.3
fps step: 181583.3 fps total: 123181.4
fps step: 177525.1 fps total: 122141.5
fps step: 170591.8 fps total: 118248.3
fps step: 146653.7 fps total: 107381.8
fps step: 190299.5 fps total: 129696.2
fps step: 187196.4 fps total: 127914.1
fps step: 186698.4 fps total: 127899.6
fps step: 184309.1 fps total: 125945.9
fps step: 185975.6 fps total: 127505.5
fps step: 187989.0 fps total: 128726.4
fps step: 187804.8 fps total: 128170.4
fps step: 186186.4 fps total: 127387.1
fps step: 188381.7 fps total: 128913.2
=> saving checkpoint 'runs/HumanoidAMP_08-21-55-26/nn/HumanoidAMP_08-21-55-27_8550.pth'
fps step: 188095.8 fps total: 128609.9
fps step: 190072.4 fps total: 129127.9
fps step: 164107.8 fps total: 115081.7
fps step: 188518.0 fps total: 128862.3
fps step: 188907.1 fps total: 128744.1
fps step: 188994.0 fps total: 128850.9
fps step: 187023.1 fps total: 128075.2
fps step: 154356.4 fps total: 110996.1
fps step: 179726.4 fps total: 123687.5
fps step: 173540.2 fps total: 119233.7
fps step: 184736.2 fps total: 124755.4
fps step: 175018.5 fps total: 122425.5
fps step: 156901.7 fps total: 111020.4
fps step: 170387.7 fps total: 118069.6
fps step: 157483.5 fps total: 108716.0
fps step: 150994.1 fps total: 107414.0
fps step: 188234.2 fps total: 127173.2
fps step: 190825.7 fps total: 127175.8
fps step: 187254.4 fps total: 128129.9
fps step: 188921.6 fps total: 129187.2
fps step: 187675.4 fps total: 128630.0
fps step: 165954.3 fps total: 114357.7
fps step: 184086.5 fps total: 126603.4
fps step: 188449.2 fps total: 128613.3
fps step: 188556.4 fps total: 128810.6
fps step: 162294.8 fps total: 115427.5
fps step: 190075.0 fps total: 128217.5
fps step: 187913.2 fps total: 128554.5
fps step: 189866.1 fps total: 129682.3
fps step: 167612.0 fps total: 116719.2
fps step: 167501.4 fps total: 117543.0
fps step: 168187.9 fps total: 118205.7
fps step: 164449.7 fps total: 116791.6
fps step: 166038.5 fps total: 116558.4
fps step: 181667.0 fps total: 125277.8
fps step: 183451.3 fps total: 126749.2
fps step: 184420.5 fps total: 126516.9
fps step: 174130.5 fps total: 121278.8
fps step: 182733.0 fps total: 124557.0
fps step: 187596.5 fps total: 128341.9
fps step: 154023.8 fps total: 109273.5
fps step: 187219.6 fps total: 127116.2
fps step: 185881.7 fps total: 124457.9
fps step: 173767.5 fps total: 120821.6
fps step: 186315.1 fps total: 127732.4
fps step: 189514.8 fps total: 129264.9
fps step: 187534.5 fps total: 128128.4
fps step: 175387.0 fps total: 121483.0
fps step: 178789.5 fps total: 123163.3
fps step: 169254.2 fps total: 118531.9
=> saving checkpoint 'runs/HumanoidAMP_08-21-55-26/nn/HumanoidAMP_08-21-55-27_8600.pth'
fps step: 168837.3 fps total: 119131.1
fps step: 181446.4 fps total: 122359.6
fps step: 149386.4 fps total: 107876.1
fps step: 186786.7 fps total: 127245.9
fps step: 189866.0 fps total: 129081.7
fps step: 187751.1 fps total: 128060.9
fps step: 188431.9 fps total: 128575.8
fps step: 187237.0 fps total: 127569.5
fps step: 168395.9 fps total: 117455.1
fps step: 183389.4 fps total: 122801.1
fps step: 168316.0 fps total: 118033.1
fps step: 150051.0 fps total: 106510.0
fps step: 172883.1 fps total: 120773.0
fps step: 186225.1 fps total: 127474.5
fps step: 174834.1 fps total: 118719.8
fps step: 143057.7 fps total: 103785.1
fps step: 183004.4 fps total: 125674.7
fps step: 185127.2 fps total: 126969.8
fps step: 186528.0 fps total: 127623.2
fps step: 139048.1 fps total: 102909.6
fps step: 186173.6 fps total: 127959.7
fps step: 188569.5 fps total: 129063.9
fps step: 183301.7 fps total: 124214.3
fps step: 187495.3 fps total: 128264.0
fps step: 184674.2 fps total: 125537.0
fps step: 186679.4 fps total: 127991.5
fps step: 186467.5 fps total: 127815.6
fps step: 188363.5 fps total: 128635.5
fps step: 186933.9 fps total: 128280.2
fps step: 186997.6 fps total: 126131.7
fps step: 181568.8 fps total: 124797.0
fps step: 188785.0 fps total: 128793.6
fps step: 185970.5 fps total: 127748.2
fps step: 186650.5 fps total: 127534.0
fps step: 187497.8 fps total: 127022.7
fps step: 186262.2 fps total: 127255.0
fps step: 189024.6 fps total: 129225.6
fps step: 184897.7 fps total: 122941.8
fps step: 179890.7 fps total: 122021.3
fps step: 157452.3 fps total: 112857.3
fps step: 182707.3 fps total: 125110.0
fps step: 164885.4 fps total: 114555.1
fps step: 161350.4 fps total: 115046.6
fps step: 170699.3 fps total: 118518.4
fps step: 184810.4 fps total: 125049.9
fps step: 158671.5 fps total: 112746.4
fps step: 168766.8 fps total: 119466.7
fps step: 145969.9 fps total: 107339.8
fps step: 170328.3 fps total: 114368.9
fps step: 169745.4 fps total: 117111.9
=> saving checkpoint 'runs/HumanoidAMP_08-21-55-26/nn/HumanoidAMP_08-21-55-27_8650.pth'
fps step: 175913.9 fps total: 120311.5
fps step: 173184.8 fps total: 118625.2
fps step: 189591.6 fps total: 126839.9
fps step: 187421.8 fps total: 125106.1
fps step: 187680.4 fps total: 126570.1
fps step: 160818.4 fps total: 112877.8
fps step: 129907.4 fps total: 96796.9
fps step: 158403.2 fps total: 111742.3
fps step: 130769.4 fps total: 97740.0
fps step: 140734.1 fps total: 103575.9
fps step: 169415.5 fps total: 117846.4
fps step: 188183.3 fps total: 126321.2
fps step: 174229.0 fps total: 121659.7
fps step: 175517.5 fps total: 121801.3
fps step: 186194.3 fps total: 127909.4
fps step: 187666.4 fps total: 126709.3
fps step: 185718.2 fps total: 125532.5
fps step: 159329.4 fps total: 113436.5
fps step: 165071.9 fps total: 113798.9
fps step: 169685.2 fps total: 119595.6
fps step: 183222.3 fps total: 124356.6
fps step: 182180.5 fps total: 125832.8
fps step: 174496.5 fps total: 121208.7
fps step: 162895.3 fps total: 115027.0
fps step: 162372.4 fps total: 111059.5
fps step: 171297.3 fps total: 118570.0
fps step: 162135.1 fps total: 115379.4
fps step: 171456.3 fps total: 115012.9
fps step: 144145.1 fps total: 103956.1
fps step: 140053.3 fps total: 100958.5
fps step: 153826.8 fps total: 108774.0
fps step: 145306.6 fps total: 103218.5
fps step: 171795.1 fps total: 120513.5
fps step: 174182.9 fps total: 120303.5
fps step: 173437.5 fps total: 119787.3
fps step: 181147.1 fps total: 123042.3
fps step: 180147.8 fps total: 123030.8
fps step: 174332.9 fps total: 120379.3
fps step: 178084.9 fps total: 122029.6
fps step: 184393.0 fps total: 126196.1
fps step: 172081.3 fps total: 118647.1
fps step: 180950.1 fps total: 122532.5
fps step: 173166.2 fps total: 117787.6
fps step: 178255.9 fps total: 121861.5
fps step: 177698.6 fps total: 121838.3
fps step: 186724.9 fps total: 123678.5
fps step: 172680.2 fps total: 117338.2
fps step: 174335.6 fps total: 121493.2
fps step: 182321.1 fps total: 124608.8
fps step: 185592.8 fps total: 124682.8
=> saving checkpoint 'runs/HumanoidAMP_08-21-55-26/nn/HumanoidAMP_08-21-55-27_8700.pth'
fps step: 186525.7 fps total: 125629.9
fps step: 182942.2 fps total: 123831.0
fps step: 183537.4 fps total: 125042.4
fps step: 185303.4 fps total: 123360.5
fps step: 187164.3 fps total: 124742.8
fps step: 165788.2 fps total: 117332.1
fps step: 173836.9 fps total: 119381.2
fps step: 172142.0 fps total: 119966.3
fps step: 182981.1 fps total: 125903.1
fps step: 184020.7 fps total: 126384.1
fps step: 174614.5 fps total: 122142.8
fps step: 185071.9 fps total: 126521.8
fps step: 189524.8 fps total: 129039.2
fps step: 188806.6 fps total: 128375.3
fps step: 179053.3 fps total: 124374.5
fps step: 170552.3 fps total: 119523.6
fps step: 183139.6 fps total: 126057.2
fps step: 186857.5 fps total: 128354.5
fps step: 168672.2 fps total: 118591.1
fps step: 189432.0 fps total: 128804.0
fps step: 174308.4 fps total: 120805.4
fps step: 166283.4 fps total: 117216.3
fps step: 184520.0 fps total: 126705.6
fps step: 151074.5 fps total: 109141.3
fps step: 185548.2 fps total: 126355.5
fps step: 182668.6 fps total: 125793.8
fps step: 185308.9 fps total: 126236.9
fps step: 189011.1 fps total: 127697.5
fps step: 165744.1 fps total: 115420.4
fps step: 147077.0 fps total: 105119.3
fps step: 169626.2 fps total: 117120.9
fps step: 180016.4 fps total: 121064.1
fps step: 187414.8 fps total: 126520.4
fps step: 168565.3 fps total: 116584.8
fps step: 182573.6 fps total: 124888.1
fps step: 176748.0 fps total: 120729.8
fps step: 176830.1 fps total: 121438.3
fps step: 184985.9 fps total: 126353.3
fps step: 185767.0 fps total: 127034.7
fps step: 189674.3 fps total: 126255.3
fps step: 156930.0 fps total: 111075.1
fps step: 151501.1 fps total: 108944.1
fps step: 187275.2 fps total: 128428.3
fps step: 189916.4 fps total: 129514.4
fps step: 184212.1 fps total: 126758.2
fps step: 185684.7 fps total: 127393.6
fps step: 188558.1 fps total: 129022.7
fps step: 190824.1 fps total: 129850.7
fps step: 178601.7 fps total: 123718.3
fps step: 176560.8 fps total: 120976.2
=> saving checkpoint 'runs/HumanoidAMP_08-21-55-26/nn/HumanoidAMP_08-21-55-27_8750.pth'
fps step: 175365.3 fps total: 121495.6
fps step: 186253.2 fps total: 127058.2
fps step: 188415.9 fps total: 127837.9
fps step: 189056.0 fps total: 128759.7
fps step: 152844.4 fps total: 108890.1
fps step: 157551.0 fps total: 111723.3
fps step: 183982.1 fps total: 124331.4
fps step: 186761.9 fps total: 128061.4
fps step: 190797.5 fps total: 130046.8
fps step: 188096.7 fps total: 128514.9
fps step: 189223.2 fps total: 129022.0
fps step: 176341.6 fps total: 119338.5
fps step: 182047.4 fps total: 125334.3
fps step: 173529.7 fps total: 119689.0
fps step: 160501.0 fps total: 113425.6
fps step: 177094.8 fps total: 122693.2
fps step: 177718.7 fps total: 122999.7
fps step: 178580.6 fps total: 120659.4
fps step: 179932.7 fps total: 123882.7
fps step: 180700.8 fps total: 125351.5
fps step: 171805.8 fps total: 120870.5
fps step: 186187.4 fps total: 127201.0
fps step: 183346.3 fps total: 126261.1
fps step: 168827.2 fps total: 119110.1
fps step: 167446.2 fps total: 117797.7
fps step: 161551.4 fps total: 113020.1
fps step: 182608.1 fps total: 123840.9
fps step: 173293.1 fps total: 120655.0
fps step: 148822.2 fps total: 107566.0
fps step: 142453.5 fps total: 103987.4
fps step: 138795.8 fps total: 102170.2
fps step: 147391.9 fps total: 106985.9
fps step: 138867.4 fps total: 101110.0
fps step: 158159.7 fps total: 112442.0
fps step: 158417.9 fps total: 111582.9
fps step: 185956.1 fps total: 124941.2
fps step: 184755.6 fps total: 125613.9
fps step: 189565.9 fps total: 128601.2
fps step: 188602.5 fps total: 128565.2
fps step: 190034.4 fps total: 129422.9
fps step: 186531.4 fps total: 127914.0
fps step: 189843.8 fps total: 129205.8
fps step: 190136.4 fps total: 127869.5
fps step: 189004.7 fps total: 129137.1
fps step: 187226.1 fps total: 125949.1
fps step: 159956.9 fps total: 112602.9
fps step: 144623.8 fps total: 104536.5
fps step: 167124.5 fps total: 115958.6
fps step: 152207.2 fps total: 109318.1
fps step: 142733.7 fps total: 102958.6
=> saving checkpoint 'runs/HumanoidAMP_08-21-55-26/nn/HumanoidAMP_08-21-55-27_8800.pth'
fps step: 153033.4 fps total: 109066.8
fps step: 191555.1 fps total: 130176.1
fps step: 188564.7 fps total: 127576.4
fps step: 190027.2 fps total: 129366.7
fps step: 186626.0 fps total: 126098.6
fps step: 159965.9 fps total: 113577.3
fps step: 185401.1 fps total: 126971.7
fps step: 188956.9 fps total: 128716.8
fps step: 189851.6 fps total: 128978.3
fps step: 159153.9 fps total: 113429.6
fps step: 164197.5 fps total: 113905.6
fps step: 188033.8 fps total: 128006.8
fps step: 189617.8 fps total: 129077.1
fps step: 151576.2 fps total: 105570.0
fps step: 143450.9 fps total: 103203.4
fps step: 166688.3 fps total: 115393.4
fps step: 156966.4 fps total: 108241.9
fps step: 159411.1 fps total: 111046.8
fps step: 165284.9 fps total: 114121.1
fps step: 153275.9 fps total: 109046.8
fps step: 159066.5 fps total: 111630.4
fps step: 159728.5 fps total: 113322.1
fps step: 184422.7 fps total: 125925.3
fps step: 170344.4 fps total: 118641.8
fps step: 174775.9 fps total: 120226.9
fps step: 167277.5 fps total: 114394.4
fps step: 183104.0 fps total: 123843.1
fps step: 186839.1 fps total: 124123.4
fps step: 187120.8 fps total: 127052.7
fps step: 186425.8 fps total: 127566.0
fps step: 189531.9 fps total: 128916.4
fps step: 187625.4 fps total: 127552.4
fps step: 186955.4 fps total: 126312.1
fps step: 180734.7 fps total: 121325.3
fps step: 187048.8 fps total: 122140.0
fps step: 174087.7 fps total: 120107.7
fps step: 181492.9 fps total: 121549.1
fps step: 166520.4 fps total: 114482.8
fps step: 163831.8 fps total: 113464.6
fps step: 156201.9 fps total: 110254.8
fps step: 152187.3 fps total: 109525.1
fps step: 176655.2 fps total: 119895.8
fps step: 165357.6 fps total: 116676.0
fps step: 188543.2 fps total: 124482.9
fps step: 187696.5 fps total: 127805.9
fps step: 187251.3 fps total: 127890.0
fps step: 189701.1 fps total: 128581.4
fps step: 189276.0 fps total: 128158.9
fps step: 189052.8 fps total: 125547.3
fps step: 186667.5 fps total: 128012.7
=> saving checkpoint 'runs/HumanoidAMP_08-21-55-26/nn/HumanoidAMP_08-21-55-27_8850.pth'
fps step: 184228.1 fps total: 126594.8
fps step: 182547.2 fps total: 123090.5
fps step: 187679.2 fps total: 128624.0
fps step: 182123.0 fps total: 125588.4
fps step: 187153.7 fps total: 127937.7
fps step: 185683.1 fps total: 127405.3
fps step: 190626.3 fps total: 129865.8
fps step: 182891.8 fps total: 123079.0
fps step: 187221.7 fps total: 128271.3
fps step: 186128.5 fps total: 126275.2
fps step: 182887.7 fps total: 120397.8
fps step: 185759.3 fps total: 123621.5
fps step: 181725.9 fps total: 122533.0
fps step: 174201.8 fps total: 119383.5
fps step: 180923.6 fps total: 121883.4
fps step: 152851.3 fps total: 108162.7
fps step: 171744.1 fps total: 120738.9
fps step: 174865.2 fps total: 120935.4
fps step: 168857.8 fps total: 117273.2
fps step: 175369.2 fps total: 122629.3
fps step: 172978.2 fps total: 121583.7
fps step: 187979.4 fps total: 127945.5
fps step: 186986.9 fps total: 126038.4
fps step: 189051.7 fps total: 127590.0
fps step: 189180.7 fps total: 127444.4
fps step: 188370.3 fps total: 127233.2
fps step: 188294.6 fps total: 128716.9
fps step: 179997.6 fps total: 123902.3
fps step: 175063.0 fps total: 121371.8
fps step: 167068.1 fps total: 116924.3
fps step: 177185.0 fps total: 121806.8
fps step: 185647.3 fps total: 126592.0
fps step: 168112.1 fps total: 118600.0
fps step: 186093.8 fps total: 127263.0
fps step: 190052.3 fps total: 129615.6
fps step: 187416.5 fps total: 128344.9
fps step: 188723.8 fps total: 125811.5
fps step: 166985.2 fps total: 115882.1
fps step: 187877.9 fps total: 124065.8
fps step: 166005.6 fps total: 117313.1
fps step: 186688.0 fps total: 123966.9
fps step: 179795.8 fps total: 122903.1
fps step: 152930.8 fps total: 111188.0
fps step: 167838.6 fps total: 114696.5
fps step: 149909.8 fps total: 106506.8
fps step: 151943.0 fps total: 108669.7
fps step: 186740.6 fps total: 125855.6
fps step: 189759.3 fps total: 128889.2
fps step: 190810.8 fps total: 130028.3
fps step: 190657.3 fps total: 129266.6
=> saving checkpoint 'runs/HumanoidAMP_08-21-55-26/nn/HumanoidAMP_08-21-55-27_8900.pth'
fps step: 190916.3 fps total: 129986.7
fps step: 189821.3 fps total: 128791.1
fps step: 149372.1 fps total: 108881.1
fps step: 187082.6 fps total: 127997.6
fps step: 177295.1 fps total: 121850.8
fps step: 155282.8 fps total: 111007.1
fps step: 172372.0 fps total: 120742.9
fps step: 177229.7 fps total: 122587.2
fps step: 149724.2 fps total: 107857.7
fps step: 147659.1 fps total: 107690.7
fps step: 153223.2 fps total: 108771.4
fps step: 162512.5 fps total: 116119.7
fps step: 185401.9 fps total: 123047.4
fps step: 188021.0 fps total: 128566.2
fps step: 188857.0 fps total: 128998.6
fps step: 187420.9 fps total: 128265.2
fps step: 186129.0 fps total: 127369.0
fps step: 188079.0 fps total: 128224.9
fps step: 189426.7 fps total: 129339.3
fps step: 190981.7 fps total: 129447.5
fps step: 187307.4 fps total: 126454.8
fps step: 182348.0 fps total: 123073.1
fps step: 175168.6 fps total: 121693.7
fps step: 168452.9 fps total: 117321.9
fps step: 184446.9 fps total: 125127.0
fps step: 162726.5 fps total: 111888.9
fps step: 181864.1 fps total: 124602.8
fps step: 179359.9 fps total: 123121.0
fps step: 177889.9 fps total: 121171.8
fps step: 169216.2 fps total: 118222.6
fps step: 191242.7 fps total: 128743.3
fps step: 185848.5 fps total: 125886.7
fps step: 189295.5 fps total: 126906.6
fps step: 189471.3 fps total: 129205.1
fps step: 189715.7 fps total: 128114.0
fps step: 186123.8 fps total: 127655.8
fps step: 183089.1 fps total: 126272.5
fps step: 163139.8 fps total: 115274.8
fps step: 171359.8 fps total: 118908.2
fps step: 173212.6 fps total: 121269.3
fps step: 186837.2 fps total: 125916.3
fps step: 187895.2 fps total: 128326.6
fps step: 188859.6 fps total: 128575.2
fps step: 185819.0 fps total: 127025.9
fps step: 174751.4 fps total: 117664.8
fps step: 181164.0 fps total: 124121.3
fps step: 171204.7 fps total: 118799.0
fps step: 180589.2 fps total: 123708.9
fps step: 166297.9 fps total: 115327.8
fps step: 184263.9 fps total: 120625.2
=> saving checkpoint 'runs/HumanoidAMP_08-21-55-26/nn/HumanoidAMP_08-21-55-27_8950.pth'
fps step: 174976.1 fps total: 120043.5
fps step: 180690.9 fps total: 120974.1
fps step: 175986.3 fps total: 121006.5
fps step: 171233.9 fps total: 118334.3
fps step: 186021.4 fps total: 126984.5
fps step: 180663.3 fps total: 124534.9
fps step: 180537.7 fps total: 123406.4
fps step: 183011.3 fps total: 123596.5
fps step: 176340.1 fps total: 117294.5
fps step: 166185.0 fps total: 114916.1
fps step: 178746.0 fps total: 116498.6
fps step: 181592.4 fps total: 121834.7
fps step: 149179.2 fps total: 105955.4
fps step: 153488.3 fps total: 107058.7
fps step: 157259.3 fps total: 109713.5
fps step: 165372.1 fps total: 111038.0
fps step: 152353.6 fps total: 108858.4
fps step: 149227.9 fps total: 106453.9
fps step: 146246.3 fps total: 105314.1
fps step: 171789.8 fps total: 118397.2
fps step: 158709.3 fps total: 113540.7
fps step: 190387.3 fps total: 129691.0
fps step: 188334.8 fps total: 128845.1
fps step: 190580.0 fps total: 129977.4
fps step: 191520.1 fps total: 130309.0
fps step: 188852.4 fps total: 128914.4
fps step: 189358.4 fps total: 128287.1
fps step: 190966.6 fps total: 130228.6
fps step: 189049.3 fps total: 128985.7
fps step: 190410.2 fps total: 128380.6
fps step: 171126.6 fps total: 119528.8
fps step: 190278.4 fps total: 126618.4
fps step: 183305.8 fps total: 125742.3
fps step: 189971.6 fps total: 128861.0
fps step: 188337.2 fps total: 128528.7
fps step: 189206.6 fps total: 129020.1
fps step: 187435.9 fps total: 128138.9
fps step: 189941.2 fps total: 128421.5
fps step: 187547.1 fps total: 127642.6
fps step: 190596.0 fps total: 130032.3
fps step: 188729.2 fps total: 129071.0
fps step: 188490.9 fps total: 128742.0
fps step: 189477.9 fps total: 128265.0
fps step: 188830.4 fps total: 126629.4
fps step: 170389.8 fps total: 118173.3
fps step: 179419.9 fps total: 121768.0
fps step: 179537.3 fps total: 121366.8
fps step: 187877.9 fps total: 127625.3
fps step: 189775.0 fps total: 129634.4
fps step: 188992.8 fps total: 128986.8
=> saving checkpoint 'runs/HumanoidAMP_08-21-55-26/nn/HumanoidAMP_08-21-55-27_9000.pth'
fps step: 190366.6 fps total: 129571.0
fps step: 173050.2 fps total: 121176.8
fps step: 168859.7 fps total: 118598.4
fps step: 172628.4 fps total: 118908.6
fps step: 152668.3 fps total: 110752.7
fps step: 161184.2 fps total: 114868.0
fps step: 180806.6 fps total: 123834.3
fps step: 167396.3 fps total: 118062.6
fps step: 188710.2 fps total: 126751.5
fps step: 190297.2 fps total: 129939.9
fps step: 189638.5 fps total: 127670.2
fps step: 189126.5 fps total: 126439.4
fps step: 189454.8 fps total: 128479.0
fps step: 191107.3 fps total: 128485.6
fps step: 132869.3 fps total: 97516.5
fps step: 161119.4 fps total: 112321.6
fps step: 149911.9 fps total: 108421.0
fps step: 150313.5 fps total: 107660.3
fps step: 146457.4 fps total: 104897.1
fps step: 176214.3 fps total: 121833.6
fps step: 174307.3 fps total: 119199.7
fps step: 180349.5 fps total: 120022.2
fps step: 151998.2 fps total: 109238.6
fps step: 159924.6 fps total: 112362.8
fps step: 178320.9 fps total: 120050.9
fps step: 148361.2 fps total: 106735.6
fps step: 171194.4 fps total: 115344.0
fps step: 143202.3 fps total: 103257.5
fps step: 149026.3 fps total: 106585.1
fps step: 158130.7 fps total: 112639.0
fps step: 190488.6 fps total: 127907.7
fps step: 189596.1 fps total: 127560.4
fps step: 168131.7 fps total: 116872.5
fps step: 187643.0 fps total: 128615.7
fps step: 190074.2 fps total: 129522.4
fps step: 189566.1 fps total: 129257.2
fps step: 187897.5 fps total: 128774.2
fps step: 184879.6 fps total: 127120.4
fps step: 189700.4 fps total: 129507.6
fps step: 188284.1 fps total: 128727.9
fps step: 189564.2 fps total: 128533.0
fps step: 184982.9 fps total: 127003.7
fps step: 189864.0 fps total: 129610.2
fps step: 188899.4 fps total: 129032.7
fps step: 190447.7 fps total: 129857.6
fps step: 188906.8 fps total: 129036.7
fps step: 187681.7 fps total: 128208.0
fps step: 188209.2 fps total: 128524.3
fps step: 185042.3 fps total: 127332.2
fps step: 187336.6 fps total: 127971.3
=> saving checkpoint 'runs/HumanoidAMP_08-21-55-26/nn/HumanoidAMP_08-21-55-27_9050.pth'
fps step: 188566.6 fps total: 128968.1
fps step: 188942.4 fps total: 129076.4
fps step: 188576.8 fps total: 128439.3
fps step: 174388.7 fps total: 119989.8
fps step: 165347.1 fps total: 115754.3
fps step: 187948.4 fps total: 127626.7
fps step: 189722.7 fps total: 128148.0
fps step: 180340.9 fps total: 123576.5
fps step: 171062.4 fps total: 119446.6
fps step: 167065.0 fps total: 116534.5
fps step: 190072.4 fps total: 129909.9
fps step: 177916.2 fps total: 123808.2
fps step: 159033.1 fps total: 110240.3
fps step: 171908.3 fps total: 116864.6
fps step: 187971.4 fps total: 126898.3
fps step: 186870.9 fps total: 126655.7
fps step: 163359.9 fps total: 114728.1
fps step: 175059.4 fps total: 121394.4
fps step: 173941.7 fps total: 122039.2
fps step: 179414.9 fps total: 124439.3
fps step: 178763.9 fps total: 122727.7
fps step: 174939.4 fps total: 121834.1
fps step: 180846.4 fps total: 124219.4
fps step: 172715.1 fps total: 119516.6
fps step: 168839.4 fps total: 115718.1
fps step: 136369.9 fps total: 100915.4
fps step: 166164.6 fps total: 114916.6
fps step: 181818.4 fps total: 125938.4
fps step: 165160.2 fps total: 115900.6
fps step: 157469.9 fps total: 112426.7
fps step: 142057.5 fps total: 104566.3
fps step: 151940.6 fps total: 108982.0
fps step: 189186.3 fps total: 129215.2
fps step: 189095.5 fps total: 129012.5
fps step: 185159.7 fps total: 125277.1
fps step: 170031.7 fps total: 120086.4
fps step: 189160.9 fps total: 129475.4
fps step: 147769.3 fps total: 106894.0
fps step: 181539.7 fps total: 120983.9
fps step: 180256.1 fps total: 123712.0
fps step: 178959.7 fps total: 123660.0
fps step: 173319.5 fps total: 121530.5
fps step: 187647.3 fps total: 127969.0
fps step: 171451.2 fps total: 118277.7
fps step: 162113.5 fps total: 114462.7
fps step: 185138.4 fps total: 125978.3
fps step: 183724.5 fps total: 124671.0
fps step: 190536.8 fps total: 128787.9
fps step: 185387.4 fps total: 126011.1
fps step: 187300.5 fps total: 124844.1
=> saving checkpoint 'runs/HumanoidAMP_08-21-55-26/nn/HumanoidAMP_08-21-55-27_9100.pth'
fps step: 170861.2 fps total: 117784.4
fps step: 187147.0 fps total: 127695.7
fps step: 187637.4 fps total: 128426.3
fps step: 189677.3 fps total: 128521.7
fps step: 156038.8 fps total: 111419.4
fps step: 154833.8 fps total: 108339.3
fps step: 168583.4 fps total: 117773.6
fps step: 172968.0 fps total: 117832.5
fps step: 183606.7 fps total: 125805.1
fps step: 177460.3 fps total: 122918.9
fps step: 188410.2 fps total: 128926.8
fps step: 172759.8 fps total: 119547.4
fps step: 185398.1 fps total: 127519.1
fps step: 174316.5 fps total: 121659.6
fps step: 187040.5 fps total: 126487.5
fps step: 180727.9 fps total: 122735.4
fps step: 182243.3 fps total: 123364.8
fps step: 188537.9 fps total: 126425.6
fps step: 183461.6 fps total: 124634.9
fps step: 174245.6 fps total: 119775.7
fps step: 177269.2 fps total: 120120.9
fps step: 176765.8 fps total: 121080.4
fps step: 166981.8 fps total: 114294.8
fps step: 168921.8 fps total: 114246.9
fps step: 164583.6 fps total: 115107.8
fps step: 179421.9 fps total: 124197.7
fps step: 189452.2 fps total: 128943.9
fps step: 181337.3 fps total: 122082.8
fps step: 186621.2 fps total: 124849.0
fps step: 189255.4 fps total: 127236.0
fps step: 190005.0 fps total: 129679.8
fps step: 190621.0 fps total: 129664.7
fps step: 191003.5 fps total: 130078.9
fps step: 142461.9 fps total: 102105.2
fps step: 151066.3 fps total: 107890.0
fps step: 139241.2 fps total: 102531.0
fps step: 162525.5 fps total: 114666.2
fps step: 190069.7 fps total: 129485.1
fps step: 186140.1 fps total: 125918.4
fps step: 188649.1 fps total: 127071.9
fps step: 187376.7 fps total: 125986.1
fps step: 187683.9 fps total: 128116.1
fps step: 154900.7 fps total: 105160.0
fps step: 132810.6 fps total: 98007.1
fps step: 143610.1 fps total: 105028.0
fps step: 183264.3 fps total: 125905.5
fps step: 189955.5 fps total: 127437.9
fps step: 189066.4 fps total: 126793.4
fps step: 187609.7 fps total: 128104.6
fps step: 152690.5 fps total: 107459.6
=> saving checkpoint 'runs/HumanoidAMP_08-21-55-26/nn/HumanoidAMP_08-21-55-27_9150.pth'
fps step: 144060.4 fps total: 105243.5
fps step: 186874.3 fps total: 127829.3
fps step: 190025.6 fps total: 128538.0
fps step: 188265.2 fps total: 128541.7
fps step: 187306.2 fps total: 127955.6
fps step: 188777.1 fps total: 128649.4
fps step: 188881.0 fps total: 128973.6
fps step: 187128.0 fps total: 128247.7
fps step: 189767.2 fps total: 129423.9
fps step: 189472.1 fps total: 128671.9
fps step: 189654.3 fps total: 126118.2
fps step: 178519.0 fps total: 123616.9
fps step: 191088.2 fps total: 129691.9
fps step: 188902.0 fps total: 125663.9
fps step: 187061.3 fps total: 127496.3
fps step: 187275.7 fps total: 126721.4
fps step: 187418.8 fps total: 128368.8
fps step: 189966.0 fps total: 129166.9
fps step: 187175.4 fps total: 127201.9
fps step: 189724.1 fps total: 129342.3
fps step: 185926.6 fps total: 124112.4
fps step: 188260.0 fps total: 125761.9
fps step: 189453.9 fps total: 128012.0
fps step: 189913.7 fps total: 126931.7
fps step: 189544.6 fps total: 129177.5
fps step: 180846.9 fps total: 124038.9
fps step: 189294.2 fps total: 129245.8
fps step: 189868.3 fps total: 129581.4
fps step: 189755.9 fps total: 129430.6
fps step: 190460.8 fps total: 128351.1
fps step: 185469.4 fps total: 127474.3
fps step: 191074.8 fps total: 129837.7
fps step: 188650.7 fps total: 128844.4
fps step: 191140.2 fps total: 128843.4
fps step: 189943.1 fps total: 127541.2
fps step: 147640.3 fps total: 105632.6
fps step: 152473.8 fps total: 106847.8
fps step: 159709.8 fps total: 110686.6
fps step: 159630.2 fps total: 112644.3
fps step: 165303.6 fps total: 116270.0
fps step: 159485.6 fps total: 107517.4
fps step: 155530.8 fps total: 109107.8
fps step: 153231.2 fps total: 108692.0
fps step: 158754.7 fps total: 108863.8
fps step: 139526.4 fps total: 100941.3
fps step: 135430.7 fps total: 98622.3
fps step: 185488.4 fps total: 123609.0
fps step: 177870.5 fps total: 119784.3
fps step: 183262.1 fps total: 124311.6
fps step: 168149.5 fps total: 115436.9
=> saving checkpoint 'runs/HumanoidAMP_08-21-55-26/nn/HumanoidAMP_08-21-55-27_9200.pth'
fps step: 189778.3 fps total: 123411.7
fps step: 185790.2 fps total: 125149.7
fps step: 185065.8 fps total: 119706.0
fps step: 182192.8 fps total: 117206.2
fps step: 172742.0 fps total: 118102.9
fps step: 185860.4 fps total: 124217.7
fps step: 171469.6 fps total: 116126.1
fps step: 181263.7 fps total: 123895.8
fps step: 187615.9 fps total: 128557.6
fps step: 191054.2 fps total: 130108.4
fps step: 189988.7 fps total: 129265.3
fps step: 190840.7 fps total: 129795.3
fps step: 188675.2 fps total: 128015.7
fps step: 189881.7 fps total: 129172.7
fps step: 188707.1 fps total: 127604.5
fps step: 187350.2 fps total: 127807.7
fps step: 190615.0 fps total: 128799.8
fps step: 191881.8 fps total: 130598.3
fps step: 189188.0 fps total: 129186.1
fps step: 189279.1 fps total: 128511.4
fps step: 189261.1 fps total: 129146.9
fps step: 191478.4 fps total: 129845.5
fps step: 157056.1 fps total: 112799.7
fps step: 156661.7 fps total: 112702.2
fps step: 188148.3 fps total: 128365.9
fps step: 184539.8 fps total: 126911.9
fps step: 164933.5 fps total: 111893.6
fps step: 185653.3 fps total: 127169.7
fps step: 190541.3 fps total: 129928.4
fps step: 186074.3 fps total: 124198.2
fps step: 168780.6 fps total: 116762.4
fps step: 175377.0 fps total: 120923.5
fps step: 188387.0 fps total: 127220.5
fps step: 190106.9 fps total: 129578.0
fps step: 190878.0 fps total: 129871.2
fps step: 186741.9 fps total: 127914.1
fps step: 164203.2 fps total: 114608.1
fps step: 169821.9 fps total: 114723.3
fps step: 186075.6 fps total: 125406.4
fps step: 180746.2 fps total: 121560.6
fps step: 159675.6 fps total: 111331.5
fps step: 185616.4 fps total: 125920.7
fps step: 182281.7 fps total: 122706.9
fps step: 190120.6 fps total: 129257.8
fps step: 186610.2 fps total: 126120.5
fps step: 188124.9 fps total: 127584.0
fps step: 187481.9 fps total: 126329.4
fps step: 187663.9 fps total: 127140.3
fps step: 190112.1 fps total: 126434.6
fps step: 187217.7 fps total: 128312.0
=> saving checkpoint 'runs/HumanoidAMP_08-21-55-26/nn/HumanoidAMP_08-21-55-27_9250.pth'
fps step: 188151.5 fps total: 128267.9
fps step: 186434.4 fps total: 125309.3
fps step: 178532.4 fps total: 122749.4
fps step: 162368.4 fps total: 113698.7
fps step: 150180.5 fps total: 109212.8
fps step: 171527.7 fps total: 118444.2
fps step: 168547.9 fps total: 119197.8
fps step: 186819.4 fps total: 125833.2
fps step: 188039.8 fps total: 124981.3
fps step: 186805.2 fps total: 126114.4
fps step: 189182.6 fps total: 127905.0
fps step: 188997.5 fps total: 127612.8
fps step: 187474.6 fps total: 127663.1
fps step: 189905.9 fps total: 129218.0
fps step: 173584.1 fps total: 120519.9
fps step: 190521.9 fps total: 129833.7
fps step: 189310.9 fps total: 128619.2
fps step: 152243.5 fps total: 108789.3
fps step: 154460.0 fps total: 110811.4
fps step: 169815.4 fps total: 119554.0
fps step: 148691.5 fps total: 108676.8
fps step: 169885.6 fps total: 119606.6
fps step: 153177.9 fps total: 107977.6
fps step: 188102.6 fps total: 125396.0
fps step: 190453.5 fps total: 127964.8
fps step: 182518.6 fps total: 125156.7
fps step: 190715.3 fps total: 129577.2
fps step: 189627.1 fps total: 129244.4
fps step: 191285.9 fps total: 129963.9
fps step: 187399.8 fps total: 128276.2
fps step: 190666.7 fps total: 128871.0
fps step: 189294.6 fps total: 129002.3
fps step: 187092.6 fps total: 128232.3
fps step: 184585.1 fps total: 126656.4
fps step: 189687.9 fps total: 129490.1
fps step: 190554.6 fps total: 129884.2
fps step: 189904.2 fps total: 128040.2
fps step: 189567.6 fps total: 129257.4
fps step: 186456.6 fps total: 126245.2
fps step: 189902.3 fps total: 129564.9
fps step: 190454.4 fps total: 129787.6
fps step: 188208.1 fps total: 128501.1
fps step: 191521.3 fps total: 130226.1
fps step: 188143.7 fps total: 128697.9
fps step: 192087.4 fps total: 130208.1
fps step: 174184.9 fps total: 120815.2
fps step: 176806.2 fps total: 117946.2
fps step: 180151.9 fps total: 122655.3
fps step: 161718.8 fps total: 115328.4
fps step: 172222.1 fps total: 119401.9
=> saving checkpoint 'runs/HumanoidAMP_08-21-55-26/nn/HumanoidAMP_08-21-55-27_9300.pth'
fps step: 187800.1 fps total: 127618.3
fps step: 189937.9 fps total: 128986.4
fps step: 184572.2 fps total: 125152.9
fps step: 169652.8 fps total: 117283.5
fps step: 182923.3 fps total: 125569.3
fps step: 187168.8 fps total: 127843.8
fps step: 189178.9 fps total: 128914.1
fps step: 188478.1 fps total: 127557.6
fps step: 176172.8 fps total: 119488.7
fps step: 171522.5 fps total: 115421.8
fps step: 169510.8 fps total: 115122.6
fps step: 166034.8 fps total: 113455.7
fps step: 161473.2 fps total: 111392.0
fps step: 165657.0 fps total: 114913.2
fps step: 165757.8 fps total: 113553.6
fps step: 151296.7 fps total: 107178.8
fps step: 142559.5 fps total: 104310.7
fps step: 151779.6 fps total: 106012.4
fps step: 158329.4 fps total: 111735.3
fps step: 187665.2 fps total: 128082.3
fps step: 186449.7 fps total: 127452.5
fps step: 182822.5 fps total: 126299.9
fps step: 190207.2 fps total: 129637.2
fps step: 189840.0 fps total: 129391.9
fps step: 176060.9 fps total: 123064.8
fps step: 159238.6 fps total: 111290.5
fps step: 146366.8 fps total: 105453.3
fps step: 151408.3 fps total: 109303.5
fps step: 141169.2 fps total: 103486.0
fps step: 147440.0 fps total: 107161.0
fps step: 169023.7 fps total: 119331.8
fps step: 157383.8 fps total: 112889.7
fps step: 190816.4 fps total: 129924.3
fps step: 189468.5 fps total: 129268.0
fps step: 190206.7 fps total: 129459.3
fps step: 187183.2 fps total: 127689.4
fps step: 187975.6 fps total: 128075.0
fps step: 189893.0 fps total: 127566.6
fps step: 188723.7 fps total: 128481.7
fps step: 188946.5 fps total: 127536.5
fps step: 150192.6 fps total: 107025.2
fps step: 150084.3 fps total: 103640.6
fps step: 152901.6 fps total: 107230.8
fps step: 146755.0 fps total: 104524.7
fps step: 151242.6 fps total: 106845.2
fps step: 156853.0 fps total: 107717.0
fps step: 181792.1 fps total: 124807.9
fps step: 189395.6 fps total: 129143.2
fps step: 189536.1 fps total: 128237.9
fps step: 189450.0 fps total: 128956.6
=> saving checkpoint 'runs/HumanoidAMP_08-21-55-26/nn/HumanoidAMP_08-21-55-27_9350.pth'
fps step: 185483.7 fps total: 127533.8
fps step: 188908.9 fps total: 129046.0
fps step: 184555.4 fps total: 127044.4
fps step: 191512.5 fps total: 130423.5
fps step: 189295.8 fps total: 129437.1
fps step: 189484.5 fps total: 129284.1
fps step: 189263.7 fps total: 129267.0
fps step: 185278.5 fps total: 127219.3
fps step: 183644.8 fps total: 126715.0
fps step: 190747.7 fps total: 129693.6
fps step: 189357.1 fps total: 128272.8
fps step: 189425.6 fps total: 129405.8
fps step: 190512.6 fps total: 129794.0
fps step: 172950.8 fps total: 121031.2
fps step: 166865.7 fps total: 112307.0
fps step: 186618.4 fps total: 125107.4
fps step: 180994.5 fps total: 123166.8
fps step: 185102.7 fps total: 125545.6
fps step: 187364.6 fps total: 123005.8
fps step: 180636.0 fps total: 123256.6
fps step: 175471.9 fps total: 119746.1
fps step: 180482.3 fps total: 120708.6
fps step: 188382.0 fps total: 126613.9
fps step: 165265.7 fps total: 109731.9
fps step: 159363.4 fps total: 112160.0
fps step: 186173.5 fps total: 124254.7
fps step: 189225.8 fps total: 124754.0
fps step: 182147.2 fps total: 122590.3
fps step: 188961.6 fps total: 125669.3
fps step: 190087.1 fps total: 129434.2
fps step: 191310.0 fps total: 130232.5
fps step: 189386.5 fps total: 129495.7
fps step: 189593.9 fps total: 129057.0
fps step: 174420.2 fps total: 120417.8
fps step: 158363.1 fps total: 112401.1
fps step: 172863.6 fps total: 120140.3
fps step: 168424.0 fps total: 117920.3
fps step: 189797.8 fps total: 129000.5
fps step: 189433.1 fps total: 129461.8
fps step: 188720.0 fps total: 128732.8
fps step: 188030.3 fps total: 128654.3
fps step: 189770.8 fps total: 128680.1
fps step: 145835.5 fps total: 102915.4
fps step: 182654.9 fps total: 124735.4
fps step: 145383.8 fps total: 104016.6
fps step: 169535.2 fps total: 119428.4
fps step: 176001.7 fps total: 120844.5
fps step: 179408.6 fps total: 123929.2
fps step: 170375.0 fps total: 119941.6
fps step: 181901.0 fps total: 124907.6
=> saving checkpoint 'runs/HumanoidAMP_08-21-55-26/nn/HumanoidAMP_08-21-55-27_9400.pth'
fps step: 180868.9 fps total: 124246.0
fps step: 156895.5 fps total: 112559.6
fps step: 166812.3 fps total: 117428.9
fps step: 169975.7 fps total: 117866.7
fps step: 172385.1 fps total: 119344.9
fps step: 187286.5 fps total: 126887.1
fps step: 190680.1 fps total: 127386.0
fps step: 191420.4 fps total: 128573.7
fps step: 180090.6 fps total: 122015.8
fps step: 188942.2 fps total: 126951.5
fps step: 185267.3 fps total: 127007.0
fps step: 191137.2 fps total: 129610.2
fps step: 190107.3 fps total: 129471.8
fps step: 189679.5 fps total: 126939.8
fps step: 182128.9 fps total: 123254.6
fps step: 180454.3 fps total: 121810.8
fps step: 160655.1 fps total: 113442.7
fps step: 181366.3 fps total: 123074.1
fps step: 170673.1 fps total: 117594.2
fps step: 166411.1 fps total: 110065.1
fps step: 153247.0 fps total: 109240.7
fps step: 187683.4 fps total: 128346.4
fps step: 189072.2 fps total: 128256.1
fps step: 170762.4 fps total: 117999.2
fps step: 191960.8 fps total: 128617.0
fps step: 188149.1 fps total: 128162.2
fps step: 188483.2 fps total: 128433.5
fps step: 191093.1 fps total: 129924.1
fps step: 190868.1 fps total: 130051.0
fps step: 186180.7 fps total: 127373.3
fps step: 189887.1 fps total: 129265.6
fps step: 190506.3 fps total: 129459.2
fps step: 185960.9 fps total: 127189.3
fps step: 187775.1 fps total: 128673.4
fps step: 190789.7 fps total: 129921.7
fps step: 190180.9 fps total: 128613.4
fps step: 190466.0 fps total: 129852.0
fps step: 178190.6 fps total: 123300.7
fps step: 174968.1 fps total: 121368.7
fps step: 156433.1 fps total: 112199.8
fps step: 162521.9 fps total: 114531.3
fps step: 167689.3 fps total: 115841.4
fps step: 159985.8 fps total: 114331.4
fps step: 170631.5 fps total: 116215.4
fps step: 167164.9 fps total: 114708.5
fps step: 169399.5 fps total: 118863.9
fps step: 189689.1 fps total: 129314.3
fps step: 187929.8 fps total: 126245.1
fps step: 176254.4 fps total: 121039.8
fps step: 180641.4 fps total: 123925.8
=> saving checkpoint 'runs/HumanoidAMP_08-21-55-26/nn/HumanoidAMP_08-21-55-27_9450.pth'
fps step: 188341.9 fps total: 128445.2
fps step: 163774.0 fps total: 113657.1
fps step: 165243.2 fps total: 115410.4
fps step: 174376.6 fps total: 119680.7
fps step: 173646.6 fps total: 119589.7
fps step: 185720.8 fps total: 127590.9
fps step: 176616.6 fps total: 119308.4
fps step: 171064.5 fps total: 120148.9
fps step: 168929.5 fps total: 118594.0
fps step: 187921.0 fps total: 124333.9
fps step: 187836.7 fps total: 125732.6
fps step: 190079.7 fps total: 129140.0
fps step: 187117.2 fps total: 126829.2
fps step: 172983.8 fps total: 119641.5
fps step: 187111.8 fps total: 126558.3
fps step: 179168.5 fps total: 123898.9
fps step: 189046.7 fps total: 129232.9
fps step: 178750.6 fps total: 123561.5
fps step: 185442.9 fps total: 126443.7
fps step: 190368.8 fps total: 129733.1
fps step: 185721.9 fps total: 125921.4
fps step: 186946.4 fps total: 126691.2
fps step: 174177.7 fps total: 119117.8
fps step: 182728.8 fps total: 125912.3
fps step: 186102.3 fps total: 127991.0
fps step: 178868.7 fps total: 123154.0
fps step: 169806.2 fps total: 119608.1
fps step: 189751.0 fps total: 128701.5
fps step: 184762.4 fps total: 126725.0
fps step: 186450.8 fps total: 127376.6
fps step: 190851.3 fps total: 130110.2
fps step: 185390.4 fps total: 127117.0
fps step: 186526.1 fps total: 128210.1
fps step: 187109.4 fps total: 128007.9
fps step: 186667.6 fps total: 128023.9
fps step: 188591.9 fps total: 128650.3
fps step: 191109.9 fps total: 130358.3
fps step: 183010.6 fps total: 125800.9
fps step: 188387.6 fps total: 127889.4
fps step: 190656.1 fps total: 129904.0
fps step: 186392.3 fps total: 127430.3
fps step: 185349.4 fps total: 126908.0
fps step: 181894.8 fps total: 125753.1
fps step: 189428.6 fps total: 129447.6
fps step: 190159.0 fps total: 129687.0
fps step: 188216.6 fps total: 127884.8
fps step: 143664.4 fps total: 105828.8
fps step: 167719.7 fps total: 118041.9
fps step: 187834.9 fps total: 127568.2
fps step: 190023.2 fps total: 128630.7
=> saving checkpoint 'runs/HumanoidAMP_08-21-55-26/nn/HumanoidAMP_08-21-55-27_9500.pth'
fps step: 158752.3 fps total: 112782.9
fps step: 133165.8 fps total: 100101.2
fps step: 136974.3 fps total: 100748.7
fps step: 186140.3 fps total: 124883.0
fps step: 182568.6 fps total: 125125.9
fps step: 157223.6 fps total: 111533.2
fps step: 159313.5 fps total: 113880.5
fps step: 164541.9 fps total: 111421.7
fps step: 185454.3 fps total: 125600.9
fps step: 158124.1 fps total: 112055.6
fps step: 178254.1 fps total: 122879.5
fps step: 177882.4 fps total: 121997.3
fps step: 177768.6 fps total: 123058.1
fps step: 186968.4 fps total: 127325.7
fps step: 175768.2 fps total: 121268.4
fps step: 162157.9 fps total: 115086.5
fps step: 180975.3 fps total: 124606.1
fps step: 189197.9 fps total: 127638.4
fps step: 182308.1 fps total: 121967.3
fps step: 170078.0 fps total: 116121.8
fps step: 181464.6 fps total: 120807.2
fps step: 170901.9 fps total: 120181.1
fps step: 189960.6 fps total: 129727.9
fps step: 187130.7 fps total: 127598.1
fps step: 185995.9 fps total: 126554.2
fps step: 190263.3 fps total: 127352.0
fps step: 190319.1 fps total: 129736.8
fps step: 188037.2 fps total: 128096.9
fps step: 185806.5 fps total: 127248.2
fps step: 161005.2 fps total: 114266.7
fps step: 189083.4 fps total: 129349.9
fps step: 190235.1 fps total: 129629.6
fps step: 187626.9 fps total: 128236.8
fps step: 180873.5 fps total: 124185.7
fps step: 191386.8 fps total: 130158.6
fps step: 187123.9 fps total: 127770.5
fps step: 189778.0 fps total: 127181.5
fps step: 187812.1 fps total: 128172.3
fps step: 181542.2 fps total: 125485.7
fps step: 188717.1 fps total: 127164.4
fps step: 187440.5 fps total: 126360.2
fps step: 184640.7 fps total: 125894.8
fps step: 188819.9 fps total: 129179.4
fps step: 189825.7 fps total: 129420.1
fps step: 188535.1 fps total: 125756.6
fps step: 176976.9 fps total: 120519.8
fps step: 157877.9 fps total: 113210.1
fps step: 189174.0 fps total: 128631.2
fps step: 182331.0 fps total: 123521.4
fps step: 171113.9 fps total: 118971.7
=> saving checkpoint 'runs/HumanoidAMP_08-21-55-26/nn/HumanoidAMP_08-21-55-27_9550.pth'
fps step: 184594.7 fps total: 124336.0
fps step: 189445.2 fps total: 128084.4
fps step: 189313.5 fps total: 127160.2
fps step: 187298.8 fps total: 128230.1
fps step: 186032.8 fps total: 124806.5
fps step: 189937.0 fps total: 125586.7
fps step: 186030.6 fps total: 125277.4
fps step: 185703.6 fps total: 125392.8
fps step: 184458.8 fps total: 126251.4
fps step: 172396.5 fps total: 118994.5
fps step: 181536.2 fps total: 122256.2
fps step: 177984.0 fps total: 121497.2
fps step: 183980.1 fps total: 125106.7
fps step: 168216.9 fps total: 116096.3
fps step: 152923.4 fps total: 107932.1
fps step: 180066.8 fps total: 123699.1
fps step: 161620.3 fps total: 112691.5
fps step: 174529.2 fps total: 121124.4
fps step: 158610.7 fps total: 110935.1
fps step: 182329.7 fps total: 124087.0
fps step: 168506.4 fps total: 117842.3
fps step: 163314.6 fps total: 113884.7
fps step: 160701.0 fps total: 114766.3
fps step: 190179.8 fps total: 129851.8
fps step: 158804.4 fps total: 113336.9
fps step: 138779.8 fps total: 100345.9
fps step: 159823.1 fps total: 114661.7
fps step: 179623.8 fps total: 120578.6
fps step: 184424.5 fps total: 126952.6
fps step: 186407.7 fps total: 127709.8
fps step: 171523.5 fps total: 120780.9
fps step: 166953.6 fps total: 118473.7
fps step: 183856.0 fps total: 123692.8
fps step: 175400.2 fps total: 120681.0
fps step: 172357.6 fps total: 118865.8
fps step: 187648.2 fps total: 127148.3
fps step: 186688.4 fps total: 124437.3
fps step: 178312.9 fps total: 121714.9
fps step: 183270.1 fps total: 124208.3
fps step: 188406.0 fps total: 128913.0
fps step: 180183.4 fps total: 124979.4
fps step: 165486.9 fps total: 116867.8
fps step: 188210.8 fps total: 128792.2
fps step: 176873.0 fps total: 121931.0
fps step: 189081.7 fps total: 127442.6
fps step: 189582.1 fps total: 127465.7
fps step: 177814.4 fps total: 121513.6
fps step: 182040.9 fps total: 125044.1
fps step: 186939.0 fps total: 127486.8
fps step: 182287.2 fps total: 123605.4
=> saving checkpoint 'runs/HumanoidAMP_08-21-55-26/nn/HumanoidAMP_08-21-55-27_9600.pth'
fps step: 183023.9 fps total: 125123.4
fps step: 184633.9 fps total: 127026.6
fps step: 188790.5 fps total: 127212.6
fps step: 153226.6 fps total: 108018.1
fps step: 174641.8 fps total: 122263.1
fps step: 162265.8 fps total: 114369.9
fps step: 161851.2 fps total: 114917.6
fps step: 165851.1 fps total: 116262.1
fps step: 178999.7 fps total: 122972.6
fps step: 163916.5 fps total: 116711.8
fps step: 187175.1 fps total: 126190.8
fps step: 174033.3 fps total: 117093.7
fps step: 147848.4 fps total: 106471.3
fps step: 169755.6 fps total: 118157.9
fps step: 189198.4 fps total: 128635.6
fps step: 185890.0 fps total: 126355.4
fps step: 163080.3 fps total: 112738.2
fps step: 188932.2 fps total: 129123.5
fps step: 146726.1 fps total: 106279.8
fps step: 161505.1 fps total: 109695.4
fps step: 149403.4 fps total: 109075.9
fps step: 180963.0 fps total: 122052.4
fps step: 174126.8 fps total: 121364.2
fps step: 183554.8 fps total: 123521.2
fps step: 176344.0 fps total: 120942.9
fps step: 188158.5 fps total: 126388.5
fps step: 188106.5 fps total: 126451.5
fps step: 168676.9 fps total: 117584.7
fps step: 181919.7 fps total: 125123.3
fps step: 180848.9 fps total: 122305.9
fps step: 151394.7 fps total: 107666.1
fps step: 164586.5 fps total: 115361.0
fps step: 161709.2 fps total: 114468.9
fps step: 186496.4 fps total: 127120.7
fps step: 185732.7 fps total: 126894.2
fps step: 185506.6 fps total: 127076.3
fps step: 187775.6 fps total: 128554.1
fps step: 188284.0 fps total: 128822.2
fps step: 190169.8 fps total: 126553.6
fps step: 187845.4 fps total: 126841.5
fps step: 187176.5 fps total: 126867.5
fps step: 189493.1 fps total: 128752.9
fps step: 160524.1 fps total: 114072.8
fps step: 139014.3 fps total: 102852.2
fps step: 189010.2 fps total: 129066.6
fps step: 185051.3 fps total: 126589.4
fps step: 189487.1 fps total: 129438.6
fps step: 188545.3 fps total: 128679.9
fps step: 189937.0 fps total: 128500.5
fps step: 188735.7 fps total: 128858.0
=> saving checkpoint 'runs/HumanoidAMP_08-21-55-26/nn/HumanoidAMP_08-21-55-27_9650.pth'
fps step: 186278.3 fps total: 127957.6
fps step: 189020.2 fps total: 128749.9
fps step: 186172.2 fps total: 127398.1
fps step: 187861.7 fps total: 128662.3
fps step: 189735.5 fps total: 129202.2
fps step: 182520.4 fps total: 125487.3
fps step: 189917.5 fps total: 129464.3
fps step: 187756.5 fps total: 128648.3
fps step: 159366.4 fps total: 109428.4
fps step: 143713.7 fps total: 105385.1
fps step: 185567.9 fps total: 127161.7
fps step: 175201.1 fps total: 122517.4
fps step: 169542.1 fps total: 119709.2
fps step: 170136.8 fps total: 117017.6
fps step: 142727.5 fps total: 102974.2
fps step: 147916.9 fps total: 107942.9
fps step: 150369.1 fps total: 109441.1
fps step: 161643.9 fps total: 114700.2
fps step: 183218.1 fps total: 125918.1
fps step: 188916.1 fps total: 129110.6
fps step: 188018.2 fps total: 128046.0
fps step: 187552.1 fps total: 125896.8
fps step: 188055.0 fps total: 126929.9
fps step: 185858.5 fps total: 127691.3
fps step: 186545.5 fps total: 127544.9
fps step: 177979.7 fps total: 121440.8
fps step: 183660.3 fps total: 125164.5
fps step: 187158.8 fps total: 126232.4
fps step: 184843.2 fps total: 126890.0
fps step: 171063.8 fps total: 118838.1
fps step: 184533.3 fps total: 122983.8
fps step: 173041.7 fps total: 119186.2
fps step: 181416.7 fps total: 121032.5
fps step: 181816.3 fps total: 123882.4
fps step: 171846.9 fps total: 113822.8
fps step: 184277.8 fps total: 121595.2
fps step: 183743.4 fps total: 117336.7
fps step: 174026.8 fps total: 119117.9
fps step: 179292.0 fps total: 119154.2
fps step: 167263.7 fps total: 114070.7
fps step: 161186.0 fps total: 112857.0
fps step: 165367.3 fps total: 114877.9
fps step: 176398.3 fps total: 122917.5
fps step: 174271.8 fps total: 120106.1
fps step: 174812.9 fps total: 122369.4
fps step: 157987.8 fps total: 113132.1
fps step: 158892.9 fps total: 113206.7
fps step: 171809.5 fps total: 119904.1
fps step: 179932.8 fps total: 121954.9
fps step: 187650.8 fps total: 128087.4
=> saving checkpoint 'runs/HumanoidAMP_08-21-55-26/nn/HumanoidAMP_08-21-55-27_9700.pth'
fps step: 167421.8 fps total: 114177.2
fps step: 148707.1 fps total: 105431.6
fps step: 157549.3 fps total: 109873.9
fps step: 168373.0 fps total: 114604.7
fps step: 170736.2 fps total: 117038.5
fps step: 153700.0 fps total: 108078.1
fps step: 155027.6 fps total: 109394.7
fps step: 161465.9 fps total: 113843.2
fps step: 184922.9 fps total: 121610.3
fps step: 184004.3 fps total: 123376.9
fps step: 188718.4 fps total: 129025.6
fps step: 175087.2 fps total: 119683.7
fps step: 174690.9 fps total: 119616.3
fps step: 171528.0 fps total: 118727.7
fps step: 167219.2 fps total: 117220.6
fps step: 150411.6 fps total: 105025.3
fps step: 161846.6 fps total: 111664.5
fps step: 187553.5 fps total: 126143.0
fps step: 186925.7 fps total: 126395.8
fps step: 187882.2 fps total: 127003.5
fps step: 186103.5 fps total: 124397.8
fps step: 186397.8 fps total: 126530.0
fps step: 186967.2 fps total: 127684.8
fps step: 190652.7 fps total: 129495.6
fps step: 187459.8 fps total: 127916.8
fps step: 186654.5 fps total: 128009.3
fps step: 190003.8 fps total: 129585.4
fps step: 188828.9 fps total: 128867.6
fps step: 189236.6 fps total: 128138.1
fps step: 187641.6 fps total: 128459.5
fps step: 185344.2 fps total: 126997.8
fps step: 182371.1 fps total: 125587.0
fps step: 179295.8 fps total: 124664.3
fps step: 185281.9 fps total: 124482.4
fps step: 150505.0 fps total: 108981.4
fps step: 178493.3 fps total: 123833.9
fps step: 180719.8 fps total: 124225.0
fps step: 167059.2 fps total: 118061.7
fps step: 166838.1 fps total: 115333.2
fps step: 185894.1 fps total: 126026.2
fps step: 189658.1 fps total: 128562.6
fps step: 171032.7 fps total: 119496.0
fps step: 184564.3 fps total: 125909.6
fps step: 184164.3 fps total: 126432.3
fps step: 187127.6 fps total: 122902.9
fps step: 155042.8 fps total: 111337.4
fps step: 152155.2 fps total: 109126.4
fps step: 182097.2 fps total: 124902.1
fps step: 185879.0 fps total: 127521.7
fps step: 171620.2 fps total: 117939.8
=> saving checkpoint 'runs/HumanoidAMP_08-21-55-26/nn/HumanoidAMP_08-21-55-27_9750.pth'
fps step: 147246.3 fps total: 103072.9
fps step: 183218.1 fps total: 125153.3
fps step: 168694.3 fps total: 118412.5
fps step: 177662.3 fps total: 123511.8
fps step: 184187.1 fps total: 125549.1
fps step: 166160.5 fps total: 117897.6
fps step: 159551.5 fps total: 114087.3
fps step: 170969.9 fps total: 119139.5
fps step: 188015.5 fps total: 128100.9
fps step: 183975.7 fps total: 126003.6
fps step: 181000.9 fps total: 123334.2
fps step: 187764.7 fps total: 128072.9
fps step: 189832.8 fps total: 128940.7
fps step: 189956.9 fps total: 129412.8
fps step: 189010.6 fps total: 129091.0
fps step: 189884.3 fps total: 129556.9
fps step: 188227.8 fps total: 128747.3
fps step: 188100.4 fps total: 128525.1
fps step: 158703.9 fps total: 110166.0
fps step: 150867.6 fps total: 108305.6
fps step: 182156.6 fps total: 124709.6
fps step: 189927.5 fps total: 129121.7
fps step: 188392.4 fps total: 128191.2
fps step: 189805.2 fps total: 128331.3
fps step: 185015.4 fps total: 124977.5
fps step: 189299.3 fps total: 127036.7
fps step: 162163.7 fps total: 114045.3
fps step: 149679.4 fps total: 107173.3
fps step: 158852.1 fps total: 112860.6
fps step: 163221.8 fps total: 112680.0
fps step: 156989.2 fps total: 109550.4
fps step: 185621.3 fps total: 124134.1
fps step: 180954.3 fps total: 117992.8
fps step: 170516.0 fps total: 116785.6
fps step: 157370.5 fps total: 108088.8
fps step: 153043.2 fps total: 108794.5
fps step: 141512.3 fps total: 102406.1
fps step: 188813.9 fps total: 127909.7
fps step: 187725.3 fps total: 126842.9
fps step: 189612.3 fps total: 128308.1
fps step: 159204.5 fps total: 112047.8
fps step: 165290.0 fps total: 115111.3
fps step: 169910.9 fps total: 116541.6
fps step: 176773.8 fps total: 122555.4
fps step: 151490.2 fps total: 109011.8
fps step: 185783.4 fps total: 127175.9
fps step: 187512.3 fps total: 128355.4
fps step: 187041.4 fps total: 127964.6
fps step: 188143.8 fps total: 128140.0
fps step: 186110.1 fps total: 122682.1
=> saving checkpoint 'runs/HumanoidAMP_08-21-55-26/nn/HumanoidAMP_08-21-55-27_9800.pth'
fps step: 148203.3 fps total: 106866.9
fps step: 159049.6 fps total: 111521.2
fps step: 144767.7 fps total: 103401.5
fps step: 140095.3 fps total: 101276.2
fps step: 142022.8 fps total: 101913.0
fps step: 150236.1 fps total: 104711.8
fps step: 142605.5 fps total: 102464.5
fps step: 147199.8 fps total: 105406.7
fps step: 147619.1 fps total: 105750.5
fps step: 184619.4 fps total: 126386.6
fps step: 186121.9 fps total: 127691.1
fps step: 188913.8 fps total: 128828.1
fps step: 186050.6 fps total: 126642.3
fps step: 187463.9 fps total: 128365.9
fps step: 188327.9 fps total: 128879.9
fps step: 187666.6 fps total: 128346.1
fps step: 187811.9 fps total: 128389.8
fps step: 187489.3 fps total: 128579.7
fps step: 187943.9 fps total: 128661.3
fps step: 185372.4 fps total: 126677.5
fps step: 186265.0 fps total: 127591.0
fps step: 184923.5 fps total: 127120.6
fps step: 188952.2 fps total: 128937.9
fps step: 187635.7 fps total: 127972.5
fps step: 189001.4 fps total: 124430.9
fps step: 187576.6 fps total: 127812.1
fps step: 186477.4 fps total: 126948.0
fps step: 171565.5 fps total: 119018.1
fps step: 165915.1 fps total: 116196.1
fps step: 172016.3 fps total: 120325.6
fps step: 178330.6 fps total: 123919.7
fps step: 163935.6 fps total: 115868.2
fps step: 167971.7 fps total: 118100.2
fps step: 184253.0 fps total: 124282.7
fps step: 165674.5 fps total: 117123.0
fps step: 189460.7 fps total: 126616.8
fps step: 183108.9 fps total: 123648.7
fps step: 183095.5 fps total: 126003.8
fps step: 188854.2 fps total: 128364.1
fps step: 186666.1 fps total: 127202.0
fps step: 186919.4 fps total: 123604.3
fps step: 172207.9 fps total: 118322.4
fps step: 176158.4 fps total: 122967.7
fps step: 189188.9 fps total: 129206.5
fps step: 185009.2 fps total: 125594.6
fps step: 170399.6 fps total: 118004.3
fps step: 173048.0 fps total: 121233.5
fps step: 184427.7 fps total: 124902.4
fps step: 186625.9 fps total: 128176.0
fps step: 183651.6 fps total: 126420.5
=> saving checkpoint 'runs/HumanoidAMP_08-21-55-26/nn/HumanoidAMP_08-21-55-27_9850.pth'
fps step: 187962.1 fps total: 122144.8
fps step: 158971.6 fps total: 109548.9
fps step: 158529.9 fps total: 112771.4
fps step: 167402.6 fps total: 113252.8
fps step: 140409.2 fps total: 102499.3
fps step: 151615.2 fps total: 106078.7
fps step: 185212.0 fps total: 124482.8
fps step: 187853.3 fps total: 128226.4
fps step: 186515.7 fps total: 127628.6
fps step: 188891.0 fps total: 128917.2
fps step: 185381.1 fps total: 126938.5
fps step: 183788.8 fps total: 126336.6
fps step: 188457.8 fps total: 128668.1
fps step: 186030.2 fps total: 124458.4
fps step: 182905.4 fps total: 122280.7
fps step: 179378.9 fps total: 121347.3
fps step: 162639.5 fps total: 114490.1
fps step: 179557.5 fps total: 120559.3
fps step: 167316.1 fps total: 115523.3
fps step: 184639.3 fps total: 123504.7
fps step: 184196.4 fps total: 125764.2
fps step: 186475.9 fps total: 127592.5
fps step: 188176.5 fps total: 127457.0
fps step: 180487.1 fps total: 119945.7
fps step: 168214.8 fps total: 116393.6
fps step: 175254.2 fps total: 119950.5
fps step: 187627.0 fps total: 124998.3
fps step: 164622.3 fps total: 115095.5
fps step: 167810.9 fps total: 118726.9
fps step: 138691.4 fps total: 102733.0
fps step: 148427.6 fps total: 107439.4
fps step: 156961.6 fps total: 113338.2
fps step: 172436.6 fps total: 120451.4
fps step: 184140.6 fps total: 126507.3
fps step: 183475.9 fps total: 126660.3
fps step: 174671.5 fps total: 122340.9
fps step: 172815.6 fps total: 118403.7
fps step: 160511.1 fps total: 113863.4
fps step: 179699.3 fps total: 121680.7
fps step: 154646.6 fps total: 110561.1
fps step: 185484.3 fps total: 126372.1
fps step: 173059.2 fps total: 117666.1
fps step: 184168.4 fps total: 124033.8
fps step: 178119.5 fps total: 123367.6
fps step: 184700.7 fps total: 124942.7
fps step: 186703.6 fps total: 127448.6
fps step: 159468.9 fps total: 112986.2
fps step: 157820.8 fps total: 112657.9
fps step: 144227.0 fps total: 104594.6
fps step: 160445.8 fps total: 113209.0
=> saving checkpoint 'runs/HumanoidAMP_08-21-55-26/nn/HumanoidAMP_08-21-55-27_9900.pth'
fps step: 184484.5 fps total: 126673.8
fps step: 184126.7 fps total: 125335.4
fps step: 173999.6 fps total: 118528.7
fps step: 158286.1 fps total: 112602.5
fps step: 150565.0 fps total: 106803.5
fps step: 151035.6 fps total: 109798.8
fps step: 147989.9 fps total: 106539.8
fps step: 187860.1 fps total: 128404.5
fps step: 189053.2 fps total: 128722.5
fps step: 184631.9 fps total: 126711.4
fps step: 186271.9 fps total: 127959.1
fps step: 189329.8 fps total: 128583.4
fps step: 189027.6 fps total: 129072.5
fps step: 183813.3 fps total: 125821.0
fps step: 173247.5 fps total: 121210.7
fps step: 163429.4 fps total: 116417.8
fps step: 156659.5 fps total: 110504.7
fps step: 148230.2 fps total: 107141.7
fps step: 168837.6 fps total: 117867.2
fps step: 181127.7 fps total: 124881.7
fps step: 166495.8 fps total: 112506.4
fps step: 139202.3 fps total: 102567.2
fps step: 165523.7 fps total: 114642.6
fps step: 190804.5 fps total: 129188.0
fps step: 187408.7 fps total: 127861.8
fps step: 190371.8 fps total: 129205.5
fps step: 188899.5 fps total: 127757.1
fps step: 188037.7 fps total: 126518.7
fps step: 177575.1 fps total: 120966.8
fps step: 185920.5 fps total: 125154.8
fps step: 178951.5 fps total: 123183.9
fps step: 180558.2 fps total: 123528.1
fps step: 188668.4 fps total: 129027.8
fps step: 186609.3 fps total: 128135.2
fps step: 187601.5 fps total: 128562.8
fps step: 189346.5 fps total: 129136.7
fps step: 191452.1 fps total: 128911.7
fps step: 190675.8 fps total: 129702.6
fps step: 190674.3 fps total: 129895.7
fps step: 177957.9 fps total: 117195.6
fps step: 187077.5 fps total: 125205.3
fps step: 186727.9 fps total: 126302.1
fps step: 185811.7 fps total: 123688.2
fps step: 160037.0 fps total: 114129.5
fps step: 162177.1 fps total: 116008.1
fps step: 187012.3 fps total: 127897.7
fps step: 187003.5 fps total: 126393.4
fps step: 188329.7 fps total: 128610.7
fps step: 189542.3 fps total: 127153.3
fps step: 168631.4 fps total: 118772.2
=> saving checkpoint 'runs/HumanoidAMP_08-21-55-26/nn/HumanoidAMP_08-21-55-27_9950.pth'
fps step: 188756.5 fps total: 128456.2
fps step: 189231.9 fps total: 128257.5
fps step: 185391.5 fps total: 125629.4
fps step: 189374.2 fps total: 129245.0
fps step: 186026.5 fps total: 125979.4
fps step: 186335.0 fps total: 124447.3
fps step: 188546.7 fps total: 126835.1
fps step: 189338.9 fps total: 128330.6
fps step: 184472.8 fps total: 125657.3
fps step: 187422.7 fps total: 124845.6
fps step: 189547.7 fps total: 127805.7
fps step: 148848.7 fps total: 106763.5
fps step: 183760.2 fps total: 123923.4
fps step: 168090.9 fps total: 116324.9
fps step: 187489.6 fps total: 128136.5
fps step: 187487.5 fps total: 128342.1
fps step: 188698.8 fps total: 128923.1
fps step: 186647.8 fps total: 127615.5
fps step: 183229.0 fps total: 123796.5
fps step: 185597.8 fps total: 127260.5
fps step: 186572.9 fps total: 127525.7
fps step: 178352.5 fps total: 121005.2
fps step: 169144.2 fps total: 115124.7
fps step: 182113.5 fps total: 123989.3
fps step: 179460.5 fps total: 122921.9
fps step: 170799.1 fps total: 114189.7
fps step: 153528.9 fps total: 107923.5
fps step: 175933.1 fps total: 120712.4
fps step: 182678.2 fps total: 124693.8
fps step: 175201.4 fps total: 121352.4
fps step: 146346.3 fps total: 106975.9
fps step: 141903.2 fps total: 102926.8
fps step: 133573.5 fps total: 98444.2
fps step: 152907.4 fps total: 110679.0
fps step: 165484.7 fps total: 114091.8
fps step: 157480.9 fps total: 112059.3
fps step: 138948.6 fps total: 102389.6
fps step: 161620.5 fps total: 113330.0
fps step: 163370.2 fps total: 115304.4
fps step: 188904.6 fps total: 127896.8
fps step: 183583.7 fps total: 126673.4
fps step: 187386.2 fps total: 128212.2
fps step: 190173.6 fps total: 129738.5
fps step: 189911.9 fps total: 129377.8
fps step: 185965.0 fps total: 127585.0
fps step: 187194.9 fps total: 127805.3
fps step: 186724.6 fps total: 127869.0
fps step: 188336.0 fps total: 128897.6
fps step: 186383.0 fps total: 127847.0
fps step: 189604.7 fps total: 129231.9
=> saving checkpoint 'runs/HumanoidAMP_08-21-55-26/nn/HumanoidAMP_08-21-55-27_10000.pth'
fps step: 187157.2 fps total: 125836.5
=> saving checkpoint 'runs/HumanoidAMP_08-21-55-26/nn/HumanoidAMP_08-21-55-27.pth'
MAX EPOCHS NUM!

╔══════════════════════════════════════════════════════════╗
║          ✅ Stage 0 训练完成!                            ║
╠══════════════════════════════════════════════════════════╣
║  结束时间: 2026-03-08 23:26:43
║  Checkpoints: /home/user/Workspace/ProKnee/ProKnee-HoraStyle/IsaacGymEnvs/isaacgymenvs/runs/
╚══════════════════════════════════════════════════════════╝
